[2026-02-12T00:10:48.110+0000] {processor.py:161} INFO - Started process (PID=8190) to work on /opt/airflow/dags/etl_dag.py
[2026-02-12T00:10:48.111+0000] {processor.py:830} INFO - Processing file /opt/airflow/dags/etl_dag.py for tasks to queue
[2026-02-12T00:10:48.112+0000] {logging_mixin.py:188} INFO - [2026-02-12T00:10:48.112+0000] {dagbag.py:538} INFO - Filling up the DagBag from /opt/airflow/dags/etl_dag.py
[2026-02-12T00:10:48.159+0000] {logging_mixin.py:188} INFO - Warning: Your Kaggle API key is readable by other users on this system! To fix this, you can run 'chmod 600 /home/airflow/.kaggle/kaggle.json'
[2026-02-12T00:10:48.228+0000] {logging_mixin.py:188} WARNING - /home/airflow/.local/lib/python3.8/site-packages/airflow/models/baseoperator.py:437 AirflowProviderDeprecationWarning: `exists_ok` parameter is deprecated, please use `if_exists`
[2026-02-12T00:10:48.239+0000] {processor.py:840} INFO - DAG(s) 'ecommerce_etl_v2' retrieved from /opt/airflow/dags/etl_dag.py
[2026-02-12T00:10:48.265+0000] {logging_mixin.py:188} INFO - [2026-02-12T00:10:48.264+0000] {dag.py:3036} INFO - Sync 1 DAGs
[2026-02-12T00:10:48.280+0000] {logging_mixin.py:188} INFO - [2026-02-12T00:10:48.280+0000] {dag.py:3823} INFO - Setting next_dagrun for ecommerce_etl_v2 to 2026-02-11 13:00:00+00:00, run_after=2026-02-12 13:00:00+00:00
[2026-02-12T00:10:48.292+0000] {processor.py:183} INFO - Processing /opt/airflow/dags/etl_dag.py took 0.184 seconds
[2026-02-12T01:28:51.838+0000] {processor.py:161} INFO - Started process (PID=8221) to work on /opt/airflow/dags/etl_dag.py
[2026-02-12T01:28:51.842+0000] {processor.py:830} INFO - Processing file /opt/airflow/dags/etl_dag.py for tasks to queue
[2026-02-12T01:28:51.845+0000] {logging_mixin.py:188} INFO - [2026-02-12T01:28:51.844+0000] {dagbag.py:538} INFO - Filling up the DagBag from /opt/airflow/dags/etl_dag.py
[2026-02-12T01:28:51.940+0000] {logging_mixin.py:188} INFO - Warning: Your Kaggle API key is readable by other users on this system! To fix this, you can run 'chmod 600 /home/airflow/.kaggle/kaggle.json'
[2026-02-12T01:28:52.020+0000] {logging_mixin.py:188} WARNING - /home/airflow/.local/lib/python3.8/site-packages/airflow/models/baseoperator.py:437 AirflowProviderDeprecationWarning: `exists_ok` parameter is deprecated, please use `if_exists`
[2026-02-12T01:28:52.061+0000] {processor.py:840} INFO - DAG(s) 'ecommerce_etl_v2' retrieved from /opt/airflow/dags/etl_dag.py
[2026-02-12T01:28:52.090+0000] {logging_mixin.py:188} INFO - [2026-02-12T01:28:52.090+0000] {dag.py:3036} INFO - Sync 1 DAGs
[2026-02-12T01:28:52.107+0000] {logging_mixin.py:188} INFO - [2026-02-12T01:28:52.107+0000] {dag.py:3823} INFO - Setting next_dagrun for ecommerce_etl_v2 to 2026-02-11 13:00:00+00:00, run_after=2026-02-12 13:00:00+00:00
[2026-02-12T01:28:52.121+0000] {processor.py:183} INFO - Processing /opt/airflow/dags/etl_dag.py took 0.290 seconds
[2026-02-12T03:03:56.453+0000] {processor.py:161} INFO - Started process (PID=8252) to work on /opt/airflow/dags/etl_dag.py
[2026-02-12T03:03:56.455+0000] {processor.py:830} INFO - Processing file /opt/airflow/dags/etl_dag.py for tasks to queue
[2026-02-12T03:03:56.455+0000] {logging_mixin.py:188} INFO - [2026-02-12T03:03:56.455+0000] {dagbag.py:538} INFO - Filling up the DagBag from /opt/airflow/dags/etl_dag.py
[2026-02-12T03:03:56.507+0000] {logging_mixin.py:188} INFO - Warning: Your Kaggle API key is readable by other users on this system! To fix this, you can run 'chmod 600 /home/airflow/.kaggle/kaggle.json'
[2026-02-12T03:03:56.586+0000] {logging_mixin.py:188} WARNING - /home/airflow/.local/lib/python3.8/site-packages/airflow/models/baseoperator.py:437 AirflowProviderDeprecationWarning: `exists_ok` parameter is deprecated, please use `if_exists`
[2026-02-12T03:03:56.599+0000] {processor.py:840} INFO - DAG(s) 'ecommerce_etl_v2' retrieved from /opt/airflow/dags/etl_dag.py
[2026-02-12T03:03:56.624+0000] {logging_mixin.py:188} INFO - [2026-02-12T03:03:56.623+0000] {dag.py:3036} INFO - Sync 1 DAGs
[2026-02-12T03:03:56.642+0000] {logging_mixin.py:188} INFO - [2026-02-12T03:03:56.641+0000] {dag.py:3823} INFO - Setting next_dagrun for ecommerce_etl_v2 to 2026-02-11 13:00:00+00:00, run_after=2026-02-12 13:00:00+00:00
[2026-02-12T03:03:56.654+0000] {processor.py:183} INFO - Processing /opt/airflow/dags/etl_dag.py took 0.204 seconds
[2026-02-12T04:13:42.154+0000] {processor.py:161} INFO - Started process (PID=8283) to work on /opt/airflow/dags/etl_dag.py
[2026-02-12T04:13:42.155+0000] {processor.py:830} INFO - Processing file /opt/airflow/dags/etl_dag.py for tasks to queue
[2026-02-12T04:13:42.156+0000] {logging_mixin.py:188} INFO - [2026-02-12T04:13:42.156+0000] {dagbag.py:538} INFO - Filling up the DagBag from /opt/airflow/dags/etl_dag.py
[2026-02-12T04:13:42.202+0000] {logging_mixin.py:188} INFO - Warning: Your Kaggle API key is readable by other users on this system! To fix this, you can run 'chmod 600 /home/airflow/.kaggle/kaggle.json'
[2026-02-12T04:13:42.262+0000] {logging_mixin.py:188} WARNING - /home/airflow/.local/lib/python3.8/site-packages/airflow/models/baseoperator.py:437 AirflowProviderDeprecationWarning: `exists_ok` parameter is deprecated, please use `if_exists`
[2026-02-12T04:13:42.272+0000] {processor.py:840} INFO - DAG(s) 'ecommerce_etl_v2' retrieved from /opt/airflow/dags/etl_dag.py
[2026-02-12T04:13:42.291+0000] {logging_mixin.py:188} INFO - [2026-02-12T04:13:42.291+0000] {dag.py:3036} INFO - Sync 1 DAGs
[2026-02-12T04:13:42.302+0000] {logging_mixin.py:188} INFO - [2026-02-12T04:13:42.302+0000] {dag.py:3823} INFO - Setting next_dagrun for ecommerce_etl_v2 to 2026-02-11 13:00:00+00:00, run_after=2026-02-12 13:00:00+00:00
[2026-02-12T04:13:42.310+0000] {processor.py:183} INFO - Processing /opt/airflow/dags/etl_dag.py took 0.160 seconds
[2026-02-12T05:14:43.612+0000] {processor.py:161} INFO - Started process (PID=8314) to work on /opt/airflow/dags/etl_dag.py
[2026-02-12T05:14:43.613+0000] {processor.py:830} INFO - Processing file /opt/airflow/dags/etl_dag.py for tasks to queue
[2026-02-12T05:14:43.613+0000] {logging_mixin.py:188} INFO - [2026-02-12T05:14:43.613+0000] {dagbag.py:538} INFO - Filling up the DagBag from /opt/airflow/dags/etl_dag.py
[2026-02-12T05:14:43.652+0000] {logging_mixin.py:188} INFO - Warning: Your Kaggle API key is readable by other users on this system! To fix this, you can run 'chmod 600 /home/airflow/.kaggle/kaggle.json'
[2026-02-12T05:14:43.715+0000] {logging_mixin.py:188} WARNING - /home/airflow/.local/lib/python3.8/site-packages/airflow/models/baseoperator.py:437 AirflowProviderDeprecationWarning: `exists_ok` parameter is deprecated, please use `if_exists`
[2026-02-12T05:14:43.725+0000] {processor.py:840} INFO - DAG(s) 'ecommerce_etl_v2' retrieved from /opt/airflow/dags/etl_dag.py
[2026-02-12T05:14:43.744+0000] {logging_mixin.py:188} INFO - [2026-02-12T05:14:43.743+0000] {dag.py:3036} INFO - Sync 1 DAGs
[2026-02-12T05:14:43.754+0000] {logging_mixin.py:188} INFO - [2026-02-12T05:14:43.754+0000] {dag.py:3823} INFO - Setting next_dagrun for ecommerce_etl_v2 to 2026-02-11 13:00:00+00:00, run_after=2026-02-12 13:00:00+00:00
[2026-02-12T05:14:43.763+0000] {processor.py:183} INFO - Processing /opt/airflow/dags/etl_dag.py took 0.153 seconds
[2026-02-12T06:33:35.785+0000] {processor.py:161} INFO - Started process (PID=8345) to work on /opt/airflow/dags/etl_dag.py
[2026-02-12T06:33:35.789+0000] {processor.py:830} INFO - Processing file /opt/airflow/dags/etl_dag.py for tasks to queue
[2026-02-12T06:33:35.791+0000] {logging_mixin.py:188} INFO - [2026-02-12T06:33:35.790+0000] {dagbag.py:538} INFO - Filling up the DagBag from /opt/airflow/dags/etl_dag.py
[2026-02-12T06:33:35.845+0000] {logging_mixin.py:188} INFO - Warning: Your Kaggle API key is readable by other users on this system! To fix this, you can run 'chmod 600 /home/airflow/.kaggle/kaggle.json'
[2026-02-12T06:33:35.914+0000] {logging_mixin.py:188} WARNING - /home/airflow/.local/lib/python3.8/site-packages/airflow/models/baseoperator.py:437 AirflowProviderDeprecationWarning: `exists_ok` parameter is deprecated, please use `if_exists`
[2026-02-12T06:33:35.925+0000] {processor.py:840} INFO - DAG(s) 'ecommerce_etl_v2' retrieved from /opt/airflow/dags/etl_dag.py
[2026-02-12T06:33:35.949+0000] {logging_mixin.py:188} INFO - [2026-02-12T06:33:35.949+0000] {dag.py:3036} INFO - Sync 1 DAGs
[2026-02-12T06:33:35.965+0000] {logging_mixin.py:188} INFO - [2026-02-12T06:33:35.964+0000] {dag.py:3823} INFO - Setting next_dagrun for ecommerce_etl_v2 to 2026-02-11 13:00:00+00:00, run_after=2026-02-12 13:00:00+00:00
[2026-02-12T06:33:35.977+0000] {processor.py:183} INFO - Processing /opt/airflow/dags/etl_dag.py took 0.196 seconds
[2026-02-12T07:32:09.451+0000] {processor.py:161} INFO - Started process (PID=8377) to work on /opt/airflow/dags/etl_dag.py
[2026-02-12T07:32:09.452+0000] {processor.py:830} INFO - Processing file /opt/airflow/dags/etl_dag.py for tasks to queue
[2026-02-12T07:32:09.453+0000] {logging_mixin.py:188} INFO - [2026-02-12T07:32:09.453+0000] {dagbag.py:538} INFO - Filling up the DagBag from /opt/airflow/dags/etl_dag.py
[2026-02-12T07:32:09.496+0000] {logging_mixin.py:188} INFO - Warning: Your Kaggle API key is readable by other users on this system! To fix this, you can run 'chmod 600 /home/airflow/.kaggle/kaggle.json'
[2026-02-12T07:32:09.564+0000] {logging_mixin.py:188} WARNING - /home/airflow/.local/lib/python3.8/site-packages/airflow/models/baseoperator.py:437 AirflowProviderDeprecationWarning: `exists_ok` parameter is deprecated, please use `if_exists`
[2026-02-12T07:32:09.576+0000] {processor.py:840} INFO - DAG(s) 'ecommerce_etl_v2' retrieved from /opt/airflow/dags/etl_dag.py
[2026-02-12T07:32:09.598+0000] {logging_mixin.py:188} INFO - [2026-02-12T07:32:09.598+0000] {dag.py:3036} INFO - Sync 1 DAGs
[2026-02-12T07:32:09.612+0000] {logging_mixin.py:188} INFO - [2026-02-12T07:32:09.612+0000] {dag.py:3823} INFO - Setting next_dagrun for ecommerce_etl_v2 to 2026-02-11 13:00:00+00:00, run_after=2026-02-12 13:00:00+00:00
[2026-02-12T07:32:09.625+0000] {processor.py:183} INFO - Processing /opt/airflow/dags/etl_dag.py took 0.176 seconds
[2026-02-12T07:55:46.350+0000] {processor.py:161} INFO - Started process (PID=8409) to work on /opt/airflow/dags/etl_dag.py
[2026-02-12T07:55:46.351+0000] {processor.py:830} INFO - Processing file /opt/airflow/dags/etl_dag.py for tasks to queue
[2026-02-12T07:55:46.352+0000] {logging_mixin.py:188} INFO - [2026-02-12T07:55:46.351+0000] {dagbag.py:538} INFO - Filling up the DagBag from /opt/airflow/dags/etl_dag.py
[2026-02-12T07:55:46.396+0000] {logging_mixin.py:188} INFO - Warning: Your Kaggle API key is readable by other users on this system! To fix this, you can run 'chmod 600 /home/airflow/.kaggle/kaggle.json'
[2026-02-12T07:55:46.455+0000] {logging_mixin.py:188} WARNING - /home/airflow/.local/lib/python3.8/site-packages/airflow/models/baseoperator.py:437 AirflowProviderDeprecationWarning: `exists_ok` parameter is deprecated, please use `if_exists`
[2026-02-12T07:55:46.464+0000] {processor.py:840} INFO - DAG(s) 'ecommerce_etl_v2' retrieved from /opt/airflow/dags/etl_dag.py
[2026-02-12T07:55:46.484+0000] {logging_mixin.py:188} INFO - [2026-02-12T07:55:46.484+0000] {dag.py:3036} INFO - Sync 1 DAGs
[2026-02-12T07:55:46.498+0000] {logging_mixin.py:188} INFO - [2026-02-12T07:55:46.498+0000] {dag.py:3823} INFO - Setting next_dagrun for ecommerce_etl_v2 to 2026-02-11 13:00:00+00:00, run_after=2026-02-12 13:00:00+00:00
[2026-02-12T07:55:46.510+0000] {processor.py:183} INFO - Processing /opt/airflow/dags/etl_dag.py took 0.164 seconds
[2026-02-12T09:08:40.401+0000] {processor.py:161} INFO - Started process (PID=8440) to work on /opt/airflow/dags/etl_dag.py
[2026-02-12T09:08:40.401+0000] {processor.py:830} INFO - Processing file /opt/airflow/dags/etl_dag.py for tasks to queue
[2026-02-12T09:08:40.402+0000] {logging_mixin.py:188} INFO - [2026-02-12T09:08:40.402+0000] {dagbag.py:538} INFO - Filling up the DagBag from /opt/airflow/dags/etl_dag.py
[2026-02-12T09:08:40.443+0000] {logging_mixin.py:188} INFO - Warning: Your Kaggle API key is readable by other users on this system! To fix this, you can run 'chmod 600 /home/airflow/.kaggle/kaggle.json'
[2026-02-12T09:08:40.800+0000] {logging_mixin.py:188} WARNING - /home/airflow/.local/lib/python3.8/site-packages/airflow/models/baseoperator.py:437 AirflowProviderDeprecationWarning: `exists_ok` parameter is deprecated, please use `if_exists`
[2026-02-12T09:08:40.823+0000] {processor.py:840} INFO - DAG(s) 'ecommerce_etl_v2' retrieved from /opt/airflow/dags/etl_dag.py
[2026-02-12T09:08:40.857+0000] {logging_mixin.py:188} INFO - [2026-02-12T09:08:40.856+0000] {dag.py:3036} INFO - Sync 1 DAGs
[2026-02-12T09:08:40.870+0000] {logging_mixin.py:188} INFO - [2026-02-12T09:08:40.870+0000] {dag.py:3823} INFO - Setting next_dagrun for ecommerce_etl_v2 to 2026-02-11 13:00:00+00:00, run_after=2026-02-12 13:00:00+00:00
[2026-02-12T09:08:40.887+0000] {processor.py:183} INFO - Processing /opt/airflow/dags/etl_dag.py took 0.489 seconds
[2026-02-12T10:09:03.625+0000] {processor.py:161} INFO - Started process (PID=8471) to work on /opt/airflow/dags/etl_dag.py
[2026-02-12T10:09:03.626+0000] {processor.py:830} INFO - Processing file /opt/airflow/dags/etl_dag.py for tasks to queue
[2026-02-12T10:09:03.626+0000] {logging_mixin.py:188} INFO - [2026-02-12T10:09:03.626+0000] {dagbag.py:538} INFO - Filling up the DagBag from /opt/airflow/dags/etl_dag.py
[2026-02-12T10:09:03.672+0000] {logging_mixin.py:188} INFO - Warning: Your Kaggle API key is readable by other users on this system! To fix this, you can run 'chmod 600 /home/airflow/.kaggle/kaggle.json'
[2026-02-12T10:09:03.739+0000] {logging_mixin.py:188} WARNING - /home/airflow/.local/lib/python3.8/site-packages/airflow/models/baseoperator.py:437 AirflowProviderDeprecationWarning: `exists_ok` parameter is deprecated, please use `if_exists`
[2026-02-12T10:09:03.753+0000] {processor.py:840} INFO - DAG(s) 'ecommerce_etl_v2' retrieved from /opt/airflow/dags/etl_dag.py
[2026-02-12T10:09:03.778+0000] {logging_mixin.py:188} INFO - [2026-02-12T10:09:03.778+0000] {dag.py:3036} INFO - Sync 1 DAGs
[2026-02-12T10:09:03.794+0000] {logging_mixin.py:188} INFO - [2026-02-12T10:09:03.794+0000] {dag.py:3823} INFO - Setting next_dagrun for ecommerce_etl_v2 to 2026-02-11 13:00:00+00:00, run_after=2026-02-12 13:00:00+00:00
[2026-02-12T10:09:03.807+0000] {processor.py:183} INFO - Processing /opt/airflow/dags/etl_dag.py took 0.185 seconds
[2026-02-12T11:10:10.481+0000] {processor.py:161} INFO - Started process (PID=8502) to work on /opt/airflow/dags/etl_dag.py
[2026-02-12T11:10:10.482+0000] {processor.py:830} INFO - Processing file /opt/airflow/dags/etl_dag.py for tasks to queue
[2026-02-12T11:10:10.482+0000] {logging_mixin.py:188} INFO - [2026-02-12T11:10:10.482+0000] {dagbag.py:538} INFO - Filling up the DagBag from /opt/airflow/dags/etl_dag.py
[2026-02-12T11:10:10.521+0000] {logging_mixin.py:188} INFO - Warning: Your Kaggle API key is readable by other users on this system! To fix this, you can run 'chmod 600 /home/airflow/.kaggle/kaggle.json'
[2026-02-12T11:10:10.581+0000] {logging_mixin.py:188} WARNING - /home/airflow/.local/lib/python3.8/site-packages/airflow/models/baseoperator.py:437 AirflowProviderDeprecationWarning: `exists_ok` parameter is deprecated, please use `if_exists`
[2026-02-12T11:10:10.590+0000] {processor.py:840} INFO - DAG(s) 'ecommerce_etl_v2' retrieved from /opt/airflow/dags/etl_dag.py
[2026-02-12T11:10:10.608+0000] {logging_mixin.py:188} INFO - [2026-02-12T11:10:10.608+0000] {dag.py:3036} INFO - Sync 1 DAGs
[2026-02-12T11:10:10.619+0000] {logging_mixin.py:188} INFO - [2026-02-12T11:10:10.619+0000] {dag.py:3823} INFO - Setting next_dagrun for ecommerce_etl_v2 to 2026-02-11 13:00:00+00:00, run_after=2026-02-12 13:00:00+00:00
[2026-02-12T11:10:10.628+0000] {processor.py:183} INFO - Processing /opt/airflow/dags/etl_dag.py took 0.149 seconds
[2026-02-12T12:21:45.678+0000] {processor.py:161} INFO - Started process (PID=8535) to work on /opt/airflow/dags/etl_dag.py
[2026-02-12T12:21:45.679+0000] {processor.py:830} INFO - Processing file /opt/airflow/dags/etl_dag.py for tasks to queue
[2026-02-12T12:21:45.680+0000] {logging_mixin.py:188} INFO - [2026-02-12T12:21:45.680+0000] {dagbag.py:538} INFO - Filling up the DagBag from /opt/airflow/dags/etl_dag.py
[2026-02-12T12:21:45.726+0000] {logging_mixin.py:188} INFO - Warning: Your Kaggle API key is readable by other users on this system! To fix this, you can run 'chmod 600 /home/airflow/.kaggle/kaggle.json'
[2026-02-12T12:21:45.793+0000] {logging_mixin.py:188} WARNING - /home/airflow/.local/lib/python3.8/site-packages/airflow/models/baseoperator.py:437 AirflowProviderDeprecationWarning: `exists_ok` parameter is deprecated, please use `if_exists`
[2026-02-12T12:21:45.806+0000] {processor.py:840} INFO - DAG(s) 'ecommerce_etl_v2' retrieved from /opt/airflow/dags/etl_dag.py
[2026-02-12T12:21:45.831+0000] {logging_mixin.py:188} INFO - [2026-02-12T12:21:45.831+0000] {dag.py:3036} INFO - Sync 1 DAGs
[2026-02-12T12:21:45.846+0000] {logging_mixin.py:188} INFO - [2026-02-12T12:21:45.846+0000] {dag.py:3823} INFO - Setting next_dagrun for ecommerce_etl_v2 to 2026-02-11 13:00:00+00:00, run_after=2026-02-12 13:00:00+00:00
[2026-02-12T12:21:45.860+0000] {processor.py:183} INFO - Processing /opt/airflow/dags/etl_dag.py took 0.185 seconds
[2026-02-12T13:39:12.706+0000] {processor.py:161} INFO - Started process (PID=8566) to work on /opt/airflow/dags/etl_dag.py
[2026-02-12T13:39:12.706+0000] {processor.py:830} INFO - Processing file /opt/airflow/dags/etl_dag.py for tasks to queue
[2026-02-12T13:39:12.707+0000] {logging_mixin.py:188} INFO - [2026-02-12T13:39:12.707+0000] {dagbag.py:538} INFO - Filling up the DagBag from /opt/airflow/dags/etl_dag.py
[2026-02-12T13:39:12.745+0000] {logging_mixin.py:188} INFO - Warning: Your Kaggle API key is readable by other users on this system! To fix this, you can run 'chmod 600 /home/airflow/.kaggle/kaggle.json'
[2026-02-12T13:39:12.805+0000] {logging_mixin.py:188} WARNING - /home/airflow/.local/lib/python3.8/site-packages/airflow/models/baseoperator.py:437 AirflowProviderDeprecationWarning: `exists_ok` parameter is deprecated, please use `if_exists`
[2026-02-12T13:39:12.814+0000] {processor.py:840} INFO - DAG(s) 'ecommerce_etl_v2' retrieved from /opt/airflow/dags/etl_dag.py
[2026-02-12T13:39:12.833+0000] {logging_mixin.py:188} INFO - [2026-02-12T13:39:12.833+0000] {dag.py:3036} INFO - Sync 1 DAGs
[2026-02-12T13:39:12.844+0000] {logging_mixin.py:188} INFO - [2026-02-12T13:39:12.844+0000] {dag.py:3823} INFO - Setting next_dagrun for ecommerce_etl_v2 to 2026-02-11 13:00:00+00:00, run_after=2026-02-12 13:00:00+00:00
[2026-02-12T13:39:12.853+0000] {processor.py:183} INFO - Processing /opt/airflow/dags/etl_dag.py took 0.150 seconds
[2026-02-12T14:39:10.859+0000] {processor.py:161} INFO - Started process (PID=8798) to work on /opt/airflow/dags/etl_dag.py
[2026-02-12T14:39:10.860+0000] {processor.py:830} INFO - Processing file /opt/airflow/dags/etl_dag.py for tasks to queue
[2026-02-12T14:39:10.860+0000] {logging_mixin.py:188} INFO - [2026-02-12T14:39:10.860+0000] {dagbag.py:538} INFO - Filling up the DagBag from /opt/airflow/dags/etl_dag.py
[2026-02-12T14:39:10.906+0000] {logging_mixin.py:188} INFO - Warning: Your Kaggle API key is readable by other users on this system! To fix this, you can run 'chmod 600 /home/airflow/.kaggle/kaggle.json'
[2026-02-12T14:39:10.972+0000] {logging_mixin.py:188} WARNING - /home/airflow/.local/lib/python3.8/site-packages/airflow/models/baseoperator.py:437 AirflowProviderDeprecationWarning: `exists_ok` parameter is deprecated, please use `if_exists`
[2026-02-12T14:39:10.985+0000] {processor.py:840} INFO - DAG(s) 'ecommerce_etl_v2' retrieved from /opt/airflow/dags/etl_dag.py
[2026-02-12T14:39:11.010+0000] {logging_mixin.py:188} INFO - [2026-02-12T14:39:11.009+0000] {dag.py:3036} INFO - Sync 1 DAGs
[2026-02-12T14:39:11.037+0000] {processor.py:183} INFO - Processing /opt/airflow/dags/etl_dag.py took 0.181 seconds
[2026-02-12T15:03:38.287+0000] {processor.py:161} INFO - Started process (PID=8885) to work on /opt/airflow/dags/etl_dag.py
[2026-02-12T15:03:38.288+0000] {processor.py:830} INFO - Processing file /opt/airflow/dags/etl_dag.py for tasks to queue
[2026-02-12T15:03:38.289+0000] {logging_mixin.py:188} INFO - [2026-02-12T15:03:38.289+0000] {dagbag.py:538} INFO - Filling up the DagBag from /opt/airflow/dags/etl_dag.py
[2026-02-12T15:03:38.336+0000] {logging_mixin.py:188} INFO - Warning: Your Kaggle API key is readable by other users on this system! To fix this, you can run 'chmod 600 /home/airflow/.kaggle/kaggle.json'
[2026-02-12T15:03:38.398+0000] {logging_mixin.py:188} WARNING - /home/airflow/.local/lib/python3.8/site-packages/airflow/models/baseoperator.py:437 AirflowProviderDeprecationWarning: `exists_ok` parameter is deprecated, please use `if_exists`
[2026-02-12T15:03:38.408+0000] {processor.py:840} INFO - DAG(s) 'ecommerce_etl_v2' retrieved from /opt/airflow/dags/etl_dag.py
[2026-02-12T15:03:38.428+0000] {logging_mixin.py:188} INFO - [2026-02-12T15:03:38.428+0000] {dag.py:3036} INFO - Sync 1 DAGs
[2026-02-12T15:03:38.449+0000] {processor.py:183} INFO - Processing /opt/airflow/dags/etl_dag.py took 0.166 seconds
[2026-02-12T15:04:08.542+0000] {processor.py:161} INFO - Started process (PID=8972) to work on /opt/airflow/dags/etl_dag.py
[2026-02-12T15:04:08.544+0000] {processor.py:830} INFO - Processing file /opt/airflow/dags/etl_dag.py for tasks to queue
[2026-02-12T15:04:08.545+0000] {logging_mixin.py:188} INFO - [2026-02-12T15:04:08.544+0000] {dagbag.py:538} INFO - Filling up the DagBag from /opt/airflow/dags/etl_dag.py
[2026-02-12T15:04:08.592+0000] {logging_mixin.py:188} INFO - Warning: Your Kaggle API key is readable by other users on this system! To fix this, you can run 'chmod 600 /home/airflow/.kaggle/kaggle.json'
[2026-02-12T15:04:08.659+0000] {logging_mixin.py:188} WARNING - /home/airflow/.local/lib/python3.8/site-packages/airflow/models/baseoperator.py:437 AirflowProviderDeprecationWarning: `exists_ok` parameter is deprecated, please use `if_exists`
[2026-02-12T15:04:08.669+0000] {processor.py:840} INFO - DAG(s) 'ecommerce_etl_v2' retrieved from /opt/airflow/dags/etl_dag.py
[2026-02-12T15:04:08.692+0000] {logging_mixin.py:188} INFO - [2026-02-12T15:04:08.692+0000] {dag.py:3036} INFO - Sync 1 DAGs
[2026-02-12T15:04:08.714+0000] {processor.py:183} INFO - Processing /opt/airflow/dags/etl_dag.py took 0.176 seconds
[2026-02-12T15:04:38.943+0000] {processor.py:161} INFO - Started process (PID=9003) to work on /opt/airflow/dags/etl_dag.py
[2026-02-12T15:04:38.944+0000] {processor.py:830} INFO - Processing file /opt/airflow/dags/etl_dag.py for tasks to queue
[2026-02-12T15:04:38.945+0000] {logging_mixin.py:188} INFO - [2026-02-12T15:04:38.945+0000] {dagbag.py:538} INFO - Filling up the DagBag from /opt/airflow/dags/etl_dag.py
[2026-02-12T15:04:38.990+0000] {logging_mixin.py:188} INFO - Warning: Your Kaggle API key is readable by other users on this system! To fix this, you can run 'chmod 600 /home/airflow/.kaggle/kaggle.json'
[2026-02-12T15:04:39.055+0000] {logging_mixin.py:188} WARNING - /home/airflow/.local/lib/python3.8/site-packages/airflow/models/baseoperator.py:437 AirflowProviderDeprecationWarning: `exists_ok` parameter is deprecated, please use `if_exists`
[2026-02-12T15:04:39.065+0000] {processor.py:840} INFO - DAG(s) 'ecommerce_etl_v2' retrieved from /opt/airflow/dags/etl_dag.py
[2026-02-12T15:04:39.084+0000] {logging_mixin.py:188} INFO - [2026-02-12T15:04:39.084+0000] {dag.py:3036} INFO - Sync 1 DAGs
[2026-02-12T15:04:39.103+0000] {processor.py:183} INFO - Processing /opt/airflow/dags/etl_dag.py took 0.162 seconds
[2026-02-12T15:05:09.167+0000] {processor.py:161} INFO - Started process (PID=9034) to work on /opt/airflow/dags/etl_dag.py
[2026-02-12T15:05:09.168+0000] {processor.py:830} INFO - Processing file /opt/airflow/dags/etl_dag.py for tasks to queue
[2026-02-12T15:05:09.169+0000] {logging_mixin.py:188} INFO - [2026-02-12T15:05:09.168+0000] {dagbag.py:538} INFO - Filling up the DagBag from /opt/airflow/dags/etl_dag.py
[2026-02-12T15:05:09.204+0000] {logging_mixin.py:188} INFO - Warning: Your Kaggle API key is readable by other users on this system! To fix this, you can run 'chmod 600 /home/airflow/.kaggle/kaggle.json'
[2026-02-12T15:05:09.265+0000] {logging_mixin.py:188} WARNING - /home/airflow/.local/lib/python3.8/site-packages/airflow/models/baseoperator.py:437 AirflowProviderDeprecationWarning: `exists_ok` parameter is deprecated, please use `if_exists`
[2026-02-12T15:05:09.275+0000] {processor.py:840} INFO - DAG(s) 'ecommerce_etl_v2' retrieved from /opt/airflow/dags/etl_dag.py
[2026-02-12T15:05:09.293+0000] {logging_mixin.py:188} INFO - [2026-02-12T15:05:09.293+0000] {dag.py:3036} INFO - Sync 1 DAGs
[2026-02-12T15:05:09.312+0000] {processor.py:183} INFO - Processing /opt/airflow/dags/etl_dag.py took 0.146 seconds
[2026-02-12T15:05:39.565+0000] {processor.py:161} INFO - Started process (PID=9065) to work on /opt/airflow/dags/etl_dag.py
[2026-02-12T15:05:39.566+0000] {processor.py:830} INFO - Processing file /opt/airflow/dags/etl_dag.py for tasks to queue
[2026-02-12T15:05:39.567+0000] {logging_mixin.py:188} INFO - [2026-02-12T15:05:39.567+0000] {dagbag.py:538} INFO - Filling up the DagBag from /opt/airflow/dags/etl_dag.py
[2026-02-12T15:05:39.610+0000] {logging_mixin.py:188} INFO - Warning: Your Kaggle API key is readable by other users on this system! To fix this, you can run 'chmod 600 /home/airflow/.kaggle/kaggle.json'
[2026-02-12T15:05:39.670+0000] {logging_mixin.py:188} WARNING - /home/airflow/.local/lib/python3.8/site-packages/airflow/models/baseoperator.py:437 AirflowProviderDeprecationWarning: `exists_ok` parameter is deprecated, please use `if_exists`
[2026-02-12T15:05:39.678+0000] {processor.py:840} INFO - DAG(s) 'ecommerce_etl_v2' retrieved from /opt/airflow/dags/etl_dag.py
[2026-02-12T15:05:39.696+0000] {logging_mixin.py:188} INFO - [2026-02-12T15:05:39.696+0000] {dag.py:3036} INFO - Sync 1 DAGs
[2026-02-12T15:05:39.714+0000] {processor.py:183} INFO - Processing /opt/airflow/dags/etl_dag.py took 0.152 seconds
[2026-02-12T15:06:09.915+0000] {processor.py:161} INFO - Started process (PID=9096) to work on /opt/airflow/dags/etl_dag.py
[2026-02-12T15:06:09.916+0000] {processor.py:830} INFO - Processing file /opt/airflow/dags/etl_dag.py for tasks to queue
[2026-02-12T15:06:09.917+0000] {logging_mixin.py:188} INFO - [2026-02-12T15:06:09.916+0000] {dagbag.py:538} INFO - Filling up the DagBag from /opt/airflow/dags/etl_dag.py
[2026-02-12T15:06:09.958+0000] {logging_mixin.py:188} INFO - Warning: Your Kaggle API key is readable by other users on this system! To fix this, you can run 'chmod 600 /home/airflow/.kaggle/kaggle.json'
[2026-02-12T15:06:10.018+0000] {logging_mixin.py:188} WARNING - /home/airflow/.local/lib/python3.8/site-packages/airflow/models/baseoperator.py:437 AirflowProviderDeprecationWarning: `exists_ok` parameter is deprecated, please use `if_exists`
[2026-02-12T15:06:10.028+0000] {processor.py:840} INFO - DAG(s) 'ecommerce_etl_v2' retrieved from /opt/airflow/dags/etl_dag.py
[2026-02-12T15:06:10.047+0000] {logging_mixin.py:188} INFO - [2026-02-12T15:06:10.047+0000] {dag.py:3036} INFO - Sync 1 DAGs
[2026-02-12T15:06:10.066+0000] {processor.py:183} INFO - Processing /opt/airflow/dags/etl_dag.py took 0.155 seconds
[2026-02-12T15:06:40.200+0000] {processor.py:161} INFO - Started process (PID=9127) to work on /opt/airflow/dags/etl_dag.py
[2026-02-12T15:06:40.201+0000] {processor.py:830} INFO - Processing file /opt/airflow/dags/etl_dag.py for tasks to queue
[2026-02-12T15:06:40.202+0000] {logging_mixin.py:188} INFO - [2026-02-12T15:06:40.202+0000] {dagbag.py:538} INFO - Filling up the DagBag from /opt/airflow/dags/etl_dag.py
[2026-02-12T15:06:40.247+0000] {logging_mixin.py:188} INFO - Warning: Your Kaggle API key is readable by other users on this system! To fix this, you can run 'chmod 600 /home/airflow/.kaggle/kaggle.json'
[2026-02-12T15:06:40.308+0000] {logging_mixin.py:188} WARNING - /home/airflow/.local/lib/python3.8/site-packages/airflow/models/baseoperator.py:437 AirflowProviderDeprecationWarning: `exists_ok` parameter is deprecated, please use `if_exists`
[2026-02-12T15:06:40.317+0000] {processor.py:840} INFO - DAG(s) 'ecommerce_etl_v2' retrieved from /opt/airflow/dags/etl_dag.py
[2026-02-12T15:06:40.336+0000] {logging_mixin.py:188} INFO - [2026-02-12T15:06:40.336+0000] {dag.py:3036} INFO - Sync 1 DAGs
[2026-02-12T15:06:40.354+0000] {processor.py:183} INFO - Processing /opt/airflow/dags/etl_dag.py took 0.158 seconds
[2026-02-12T15:07:10.527+0000] {processor.py:161} INFO - Started process (PID=9158) to work on /opt/airflow/dags/etl_dag.py
[2026-02-12T15:07:10.528+0000] {processor.py:830} INFO - Processing file /opt/airflow/dags/etl_dag.py for tasks to queue
[2026-02-12T15:07:10.529+0000] {logging_mixin.py:188} INFO - [2026-02-12T15:07:10.529+0000] {dagbag.py:538} INFO - Filling up the DagBag from /opt/airflow/dags/etl_dag.py
[2026-02-12T15:07:10.570+0000] {logging_mixin.py:188} INFO - Warning: Your Kaggle API key is readable by other users on this system! To fix this, you can run 'chmod 600 /home/airflow/.kaggle/kaggle.json'
[2026-02-12T15:07:10.630+0000] {logging_mixin.py:188} WARNING - /home/airflow/.local/lib/python3.8/site-packages/airflow/models/baseoperator.py:437 AirflowProviderDeprecationWarning: `exists_ok` parameter is deprecated, please use `if_exists`
[2026-02-12T15:07:10.639+0000] {processor.py:840} INFO - DAG(s) 'ecommerce_etl_v2' retrieved from /opt/airflow/dags/etl_dag.py
[2026-02-12T15:07:10.658+0000] {logging_mixin.py:188} INFO - [2026-02-12T15:07:10.658+0000] {dag.py:3036} INFO - Sync 1 DAGs
[2026-02-12T15:07:10.674+0000] {processor.py:183} INFO - Processing /opt/airflow/dags/etl_dag.py took 0.151 seconds
[2026-02-12T15:07:40.832+0000] {processor.py:161} INFO - Started process (PID=9189) to work on /opt/airflow/dags/etl_dag.py
[2026-02-12T15:07:40.833+0000] {processor.py:830} INFO - Processing file /opt/airflow/dags/etl_dag.py for tasks to queue
[2026-02-12T15:07:40.834+0000] {logging_mixin.py:188} INFO - [2026-02-12T15:07:40.833+0000] {dagbag.py:538} INFO - Filling up the DagBag from /opt/airflow/dags/etl_dag.py
[2026-02-12T15:07:40.872+0000] {logging_mixin.py:188} INFO - Warning: Your Kaggle API key is readable by other users on this system! To fix this, you can run 'chmod 600 /home/airflow/.kaggle/kaggle.json'
[2026-02-12T15:07:40.932+0000] {logging_mixin.py:188} WARNING - /home/airflow/.local/lib/python3.8/site-packages/airflow/models/baseoperator.py:437 AirflowProviderDeprecationWarning: `exists_ok` parameter is deprecated, please use `if_exists`
[2026-02-12T15:07:40.941+0000] {processor.py:840} INFO - DAG(s) 'ecommerce_etl_v2' retrieved from /opt/airflow/dags/etl_dag.py
[2026-02-12T15:07:40.959+0000] {logging_mixin.py:188} INFO - [2026-02-12T15:07:40.959+0000] {dag.py:3036} INFO - Sync 1 DAGs
[2026-02-12T15:07:40.978+0000] {processor.py:183} INFO - Processing /opt/airflow/dags/etl_dag.py took 0.148 seconds
[2026-02-12T15:08:11.112+0000] {processor.py:161} INFO - Started process (PID=9597) to work on /opt/airflow/dags/etl_dag.py
[2026-02-12T15:08:11.113+0000] {processor.py:830} INFO - Processing file /opt/airflow/dags/etl_dag.py for tasks to queue
[2026-02-12T15:08:11.115+0000] {logging_mixin.py:188} INFO - [2026-02-12T15:08:11.114+0000] {dagbag.py:538} INFO - Filling up the DagBag from /opt/airflow/dags/etl_dag.py
[2026-02-12T15:08:11.163+0000] {logging_mixin.py:188} INFO - Warning: Your Kaggle API key is readable by other users on this system! To fix this, you can run 'chmod 600 /home/airflow/.kaggle/kaggle.json'
[2026-02-12T15:08:11.222+0000] {logging_mixin.py:188} WARNING - /home/airflow/.local/lib/python3.8/site-packages/airflow/models/baseoperator.py:437 AirflowProviderDeprecationWarning: `exists_ok` parameter is deprecated, please use `if_exists`
[2026-02-12T15:08:11.231+0000] {processor.py:840} INFO - DAG(s) 'ecommerce_etl_v2' retrieved from /opt/airflow/dags/etl_dag.py
[2026-02-12T15:08:11.249+0000] {logging_mixin.py:188} INFO - [2026-02-12T15:08:11.249+0000] {dag.py:3036} INFO - Sync 1 DAGs
[2026-02-12T15:08:11.267+0000] {processor.py:183} INFO - Processing /opt/airflow/dags/etl_dag.py took 0.160 seconds
[2026-02-12T15:08:41.517+0000] {processor.py:161} INFO - Started process (PID=9686) to work on /opt/airflow/dags/etl_dag.py
[2026-02-12T15:08:41.518+0000] {processor.py:830} INFO - Processing file /opt/airflow/dags/etl_dag.py for tasks to queue
[2026-02-12T15:08:41.519+0000] {logging_mixin.py:188} INFO - [2026-02-12T15:08:41.519+0000] {dagbag.py:538} INFO - Filling up the DagBag from /opt/airflow/dags/etl_dag.py
[2026-02-12T15:08:41.563+0000] {logging_mixin.py:188} INFO - Warning: Your Kaggle API key is readable by other users on this system! To fix this, you can run 'chmod 600 /home/airflow/.kaggle/kaggle.json'
[2026-02-12T15:08:41.623+0000] {logging_mixin.py:188} WARNING - /home/airflow/.local/lib/python3.8/site-packages/airflow/models/baseoperator.py:437 AirflowProviderDeprecationWarning: `exists_ok` parameter is deprecated, please use `if_exists`
[2026-02-12T15:08:41.632+0000] {processor.py:840} INFO - DAG(s) 'ecommerce_etl_v2' retrieved from /opt/airflow/dags/etl_dag.py
[2026-02-12T15:08:41.651+0000] {logging_mixin.py:188} INFO - [2026-02-12T15:08:41.650+0000] {dag.py:3036} INFO - Sync 1 DAGs
[2026-02-12T15:08:41.668+0000] {processor.py:183} INFO - Processing /opt/airflow/dags/etl_dag.py took 0.155 seconds
[2026-02-12T15:09:11.868+0000] {processor.py:161} INFO - Started process (PID=9717) to work on /opt/airflow/dags/etl_dag.py
[2026-02-12T15:09:11.869+0000] {processor.py:830} INFO - Processing file /opt/airflow/dags/etl_dag.py for tasks to queue
[2026-02-12T15:09:11.871+0000] {logging_mixin.py:188} INFO - [2026-02-12T15:09:11.870+0000] {dagbag.py:538} INFO - Filling up the DagBag from /opt/airflow/dags/etl_dag.py
[2026-02-12T15:09:11.913+0000] {logging_mixin.py:188} INFO - Warning: Your Kaggle API key is readable by other users on this system! To fix this, you can run 'chmod 600 /home/airflow/.kaggle/kaggle.json'
[2026-02-12T15:09:11.973+0000] {logging_mixin.py:188} WARNING - /home/airflow/.local/lib/python3.8/site-packages/airflow/models/baseoperator.py:437 AirflowProviderDeprecationWarning: `exists_ok` parameter is deprecated, please use `if_exists`
[2026-02-12T15:09:11.981+0000] {processor.py:840} INFO - DAG(s) 'ecommerce_etl_v2' retrieved from /opt/airflow/dags/etl_dag.py
[2026-02-12T15:09:12.000+0000] {logging_mixin.py:188} INFO - [2026-02-12T15:09:12.000+0000] {dag.py:3036} INFO - Sync 1 DAGs
[2026-02-12T15:09:12.017+0000] {processor.py:183} INFO - Processing /opt/airflow/dags/etl_dag.py took 0.153 seconds
[2026-02-12T15:09:42.192+0000] {processor.py:161} INFO - Started process (PID=9748) to work on /opt/airflow/dags/etl_dag.py
[2026-02-12T15:09:42.193+0000] {processor.py:830} INFO - Processing file /opt/airflow/dags/etl_dag.py for tasks to queue
[2026-02-12T15:09:42.194+0000] {logging_mixin.py:188} INFO - [2026-02-12T15:09:42.194+0000] {dagbag.py:538} INFO - Filling up the DagBag from /opt/airflow/dags/etl_dag.py
[2026-02-12T15:09:42.239+0000] {logging_mixin.py:188} INFO - Warning: Your Kaggle API key is readable by other users on this system! To fix this, you can run 'chmod 600 /home/airflow/.kaggle/kaggle.json'
[2026-02-12T15:09:42.299+0000] {logging_mixin.py:188} WARNING - /home/airflow/.local/lib/python3.8/site-packages/airflow/models/baseoperator.py:437 AirflowProviderDeprecationWarning: `exists_ok` parameter is deprecated, please use `if_exists`
[2026-02-12T15:09:42.307+0000] {processor.py:840} INFO - DAG(s) 'ecommerce_etl_v2' retrieved from /opt/airflow/dags/etl_dag.py
[2026-02-12T15:09:42.326+0000] {logging_mixin.py:188} INFO - [2026-02-12T15:09:42.326+0000] {dag.py:3036} INFO - Sync 1 DAGs
[2026-02-12T15:09:42.344+0000] {processor.py:183} INFO - Processing /opt/airflow/dags/etl_dag.py took 0.156 seconds
[2026-02-12T15:10:12.466+0000] {processor.py:161} INFO - Started process (PID=10156) to work on /opt/airflow/dags/etl_dag.py
[2026-02-12T15:10:12.468+0000] {processor.py:830} INFO - Processing file /opt/airflow/dags/etl_dag.py for tasks to queue
[2026-02-12T15:10:12.469+0000] {logging_mixin.py:188} INFO - [2026-02-12T15:10:12.469+0000] {dagbag.py:538} INFO - Filling up the DagBag from /opt/airflow/dags/etl_dag.py
[2026-02-12T15:10:12.522+0000] {logging_mixin.py:188} INFO - Warning: Your Kaggle API key is readable by other users on this system! To fix this, you can run 'chmod 600 /home/airflow/.kaggle/kaggle.json'
[2026-02-12T15:10:12.585+0000] {logging_mixin.py:188} WARNING - /home/airflow/.local/lib/python3.8/site-packages/airflow/models/baseoperator.py:437 AirflowProviderDeprecationWarning: `exists_ok` parameter is deprecated, please use `if_exists`
[2026-02-12T15:10:12.594+0000] {processor.py:840} INFO - DAG(s) 'ecommerce_etl_v2' retrieved from /opt/airflow/dags/etl_dag.py
[2026-02-12T15:10:12.614+0000] {logging_mixin.py:188} INFO - [2026-02-12T15:10:12.614+0000] {dag.py:3036} INFO - Sync 1 DAGs
[2026-02-12T15:10:12.633+0000] {processor.py:183} INFO - Processing /opt/airflow/dags/etl_dag.py took 0.171 seconds
[2026-02-12T15:10:42.800+0000] {processor.py:161} INFO - Started process (PID=10361) to work on /opt/airflow/dags/etl_dag.py
[2026-02-12T15:10:42.802+0000] {processor.py:830} INFO - Processing file /opt/airflow/dags/etl_dag.py for tasks to queue
[2026-02-12T15:10:42.802+0000] {logging_mixin.py:188} INFO - [2026-02-12T15:10:42.802+0000] {dagbag.py:538} INFO - Filling up the DagBag from /opt/airflow/dags/etl_dag.py
[2026-02-12T15:10:42.840+0000] {logging_mixin.py:188} INFO - Warning: Your Kaggle API key is readable by other users on this system! To fix this, you can run 'chmod 600 /home/airflow/.kaggle/kaggle.json'
[2026-02-12T15:10:42.899+0000] {logging_mixin.py:188} WARNING - /home/airflow/.local/lib/python3.8/site-packages/airflow/models/baseoperator.py:437 AirflowProviderDeprecationWarning: `exists_ok` parameter is deprecated, please use `if_exists`
[2026-02-12T15:10:42.908+0000] {processor.py:840} INFO - DAG(s) 'ecommerce_etl_v2' retrieved from /opt/airflow/dags/etl_dag.py
[2026-02-12T15:10:42.926+0000] {logging_mixin.py:188} INFO - [2026-02-12T15:10:42.926+0000] {dag.py:3036} INFO - Sync 1 DAGs
[2026-02-12T15:10:42.944+0000] {processor.py:183} INFO - Processing /opt/airflow/dags/etl_dag.py took 0.148 seconds
[2026-02-12T15:11:13.123+0000] {processor.py:161} INFO - Started process (PID=10537) to work on /opt/airflow/dags/etl_dag.py
[2026-02-12T15:11:13.124+0000] {processor.py:830} INFO - Processing file /opt/airflow/dags/etl_dag.py for tasks to queue
[2026-02-12T15:11:13.126+0000] {logging_mixin.py:188} INFO - [2026-02-12T15:11:13.125+0000] {dagbag.py:538} INFO - Filling up the DagBag from /opt/airflow/dags/etl_dag.py
[2026-02-12T15:11:13.170+0000] {logging_mixin.py:188} INFO - Warning: Your Kaggle API key is readable by other users on this system! To fix this, you can run 'chmod 600 /home/airflow/.kaggle/kaggle.json'
[2026-02-12T15:11:13.229+0000] {logging_mixin.py:188} WARNING - /home/airflow/.local/lib/python3.8/site-packages/airflow/models/baseoperator.py:437 AirflowProviderDeprecationWarning: `exists_ok` parameter is deprecated, please use `if_exists`
[2026-02-12T15:11:13.238+0000] {processor.py:840} INFO - DAG(s) 'ecommerce_etl_v2' retrieved from /opt/airflow/dags/etl_dag.py
[2026-02-12T15:11:13.255+0000] {logging_mixin.py:188} INFO - [2026-02-12T15:11:13.255+0000] {dag.py:3036} INFO - Sync 1 DAGs
[2026-02-12T15:11:13.273+0000] {processor.py:183} INFO - Processing /opt/airflow/dags/etl_dag.py took 0.154 seconds
[2026-02-12T15:11:43.431+0000] {processor.py:161} INFO - Started process (PID=10597) to work on /opt/airflow/dags/etl_dag.py
[2026-02-12T15:11:43.431+0000] {processor.py:830} INFO - Processing file /opt/airflow/dags/etl_dag.py for tasks to queue
[2026-02-12T15:11:43.432+0000] {logging_mixin.py:188} INFO - [2026-02-12T15:11:43.432+0000] {dagbag.py:538} INFO - Filling up the DagBag from /opt/airflow/dags/etl_dag.py
[2026-02-12T15:11:43.475+0000] {logging_mixin.py:188} INFO - Warning: Your Kaggle API key is readable by other users on this system! To fix this, you can run 'chmod 600 /home/airflow/.kaggle/kaggle.json'
[2026-02-12T15:11:43.534+0000] {logging_mixin.py:188} WARNING - /home/airflow/.local/lib/python3.8/site-packages/airflow/models/baseoperator.py:437 AirflowProviderDeprecationWarning: `exists_ok` parameter is deprecated, please use `if_exists`
[2026-02-12T15:11:43.543+0000] {processor.py:840} INFO - DAG(s) 'ecommerce_etl_v2' retrieved from /opt/airflow/dags/etl_dag.py
[2026-02-12T15:11:43.561+0000] {logging_mixin.py:188} INFO - [2026-02-12T15:11:43.561+0000] {dag.py:3036} INFO - Sync 1 DAGs
[2026-02-12T15:11:43.571+0000] {logging_mixin.py:188} INFO - [2026-02-12T15:11:43.571+0000] {dag.py:3823} INFO - Setting next_dagrun for ecommerce_etl_v2 to 2026-02-12 13:00:00+00:00, run_after=2026-02-13 13:00:00+00:00
[2026-02-12T15:11:43.581+0000] {processor.py:183} INFO - Processing /opt/airflow/dags/etl_dag.py took 0.153 seconds
[2026-02-12T15:12:13.830+0000] {processor.py:161} INFO - Started process (PID=10628) to work on /opt/airflow/dags/etl_dag.py
[2026-02-12T15:12:13.832+0000] {processor.py:830} INFO - Processing file /opt/airflow/dags/etl_dag.py for tasks to queue
[2026-02-12T15:12:13.833+0000] {logging_mixin.py:188} INFO - [2026-02-12T15:12:13.832+0000] {dagbag.py:538} INFO - Filling up the DagBag from /opt/airflow/dags/etl_dag.py
[2026-02-12T15:12:13.876+0000] {logging_mixin.py:188} INFO - Warning: Your Kaggle API key is readable by other users on this system! To fix this, you can run 'chmod 600 /home/airflow/.kaggle/kaggle.json'
[2026-02-12T15:12:13.935+0000] {logging_mixin.py:188} WARNING - /home/airflow/.local/lib/python3.8/site-packages/airflow/models/baseoperator.py:437 AirflowProviderDeprecationWarning: `exists_ok` parameter is deprecated, please use `if_exists`
[2026-02-12T15:12:13.944+0000] {processor.py:840} INFO - DAG(s) 'ecommerce_etl_v2' retrieved from /opt/airflow/dags/etl_dag.py
[2026-02-12T15:12:13.962+0000] {logging_mixin.py:188} INFO - [2026-02-12T15:12:13.962+0000] {dag.py:3036} INFO - Sync 1 DAGs
[2026-02-12T15:12:13.973+0000] {logging_mixin.py:188} INFO - [2026-02-12T15:12:13.973+0000] {dag.py:3823} INFO - Setting next_dagrun for ecommerce_etl_v2 to 2026-02-12 13:00:00+00:00, run_after=2026-02-13 13:00:00+00:00
[2026-02-12T15:12:13.981+0000] {processor.py:183} INFO - Processing /opt/airflow/dags/etl_dag.py took 0.155 seconds
[2026-02-12T15:12:44.192+0000] {processor.py:161} INFO - Started process (PID=10659) to work on /opt/airflow/dags/etl_dag.py
[2026-02-12T15:12:44.193+0000] {processor.py:830} INFO - Processing file /opt/airflow/dags/etl_dag.py for tasks to queue
[2026-02-12T15:12:44.194+0000] {logging_mixin.py:188} INFO - [2026-02-12T15:12:44.194+0000] {dagbag.py:538} INFO - Filling up the DagBag from /opt/airflow/dags/etl_dag.py
[2026-02-12T15:12:44.239+0000] {logging_mixin.py:188} INFO - Warning: Your Kaggle API key is readable by other users on this system! To fix this, you can run 'chmod 600 /home/airflow/.kaggle/kaggle.json'
[2026-02-12T15:12:44.299+0000] {logging_mixin.py:188} WARNING - /home/airflow/.local/lib/python3.8/site-packages/airflow/models/baseoperator.py:437 AirflowProviderDeprecationWarning: `exists_ok` parameter is deprecated, please use `if_exists`
[2026-02-12T15:12:44.308+0000] {processor.py:840} INFO - DAG(s) 'ecommerce_etl_v2' retrieved from /opt/airflow/dags/etl_dag.py
[2026-02-12T15:12:44.326+0000] {logging_mixin.py:188} INFO - [2026-02-12T15:12:44.326+0000] {dag.py:3036} INFO - Sync 1 DAGs
[2026-02-12T15:12:44.336+0000] {logging_mixin.py:188} INFO - [2026-02-12T15:12:44.336+0000] {dag.py:3823} INFO - Setting next_dagrun for ecommerce_etl_v2 to 2026-02-12 13:00:00+00:00, run_after=2026-02-13 13:00:00+00:00
[2026-02-12T15:12:44.345+0000] {processor.py:183} INFO - Processing /opt/airflow/dags/etl_dag.py took 0.157 seconds
[2026-02-12T15:13:14.541+0000] {processor.py:161} INFO - Started process (PID=10690) to work on /opt/airflow/dags/etl_dag.py
[2026-02-12T15:13:14.543+0000] {processor.py:830} INFO - Processing file /opt/airflow/dags/etl_dag.py for tasks to queue
[2026-02-12T15:13:14.544+0000] {logging_mixin.py:188} INFO - [2026-02-12T15:13:14.543+0000] {dagbag.py:538} INFO - Filling up the DagBag from /opt/airflow/dags/etl_dag.py
[2026-02-12T15:13:14.590+0000] {logging_mixin.py:188} INFO - Warning: Your Kaggle API key is readable by other users on this system! To fix this, you can run 'chmod 600 /home/airflow/.kaggle/kaggle.json'
[2026-02-12T15:13:14.650+0000] {logging_mixin.py:188} WARNING - /home/airflow/.local/lib/python3.8/site-packages/airflow/models/baseoperator.py:437 AirflowProviderDeprecationWarning: `exists_ok` parameter is deprecated, please use `if_exists`
[2026-02-12T15:13:14.659+0000] {processor.py:840} INFO - DAG(s) 'ecommerce_etl_v2' retrieved from /opt/airflow/dags/etl_dag.py
[2026-02-12T15:13:14.680+0000] {logging_mixin.py:188} INFO - [2026-02-12T15:13:14.679+0000] {dag.py:3036} INFO - Sync 1 DAGs
[2026-02-12T15:13:14.690+0000] {logging_mixin.py:188} INFO - [2026-02-12T15:13:14.690+0000] {dag.py:3823} INFO - Setting next_dagrun for ecommerce_etl_v2 to 2026-02-12 13:00:00+00:00, run_after=2026-02-13 13:00:00+00:00
[2026-02-12T15:13:14.699+0000] {processor.py:183} INFO - Processing /opt/airflow/dags/etl_dag.py took 0.163 seconds
[2026-02-12T15:13:44.931+0000] {processor.py:161} INFO - Started process (PID=10721) to work on /opt/airflow/dags/etl_dag.py
[2026-02-12T15:13:44.932+0000] {processor.py:830} INFO - Processing file /opt/airflow/dags/etl_dag.py for tasks to queue
[2026-02-12T15:13:44.934+0000] {logging_mixin.py:188} INFO - [2026-02-12T15:13:44.933+0000] {dagbag.py:538} INFO - Filling up the DagBag from /opt/airflow/dags/etl_dag.py
[2026-02-12T15:13:44.978+0000] {logging_mixin.py:188} INFO - Warning: Your Kaggle API key is readable by other users on this system! To fix this, you can run 'chmod 600 /home/airflow/.kaggle/kaggle.json'
[2026-02-12T15:13:45.039+0000] {logging_mixin.py:188} WARNING - /home/airflow/.local/lib/python3.8/site-packages/airflow/models/baseoperator.py:437 AirflowProviderDeprecationWarning: `exists_ok` parameter is deprecated, please use `if_exists`
[2026-02-12T15:13:45.047+0000] {processor.py:840} INFO - DAG(s) 'ecommerce_etl_v2' retrieved from /opt/airflow/dags/etl_dag.py
[2026-02-12T15:13:45.065+0000] {logging_mixin.py:188} INFO - [2026-02-12T15:13:45.065+0000] {dag.py:3036} INFO - Sync 1 DAGs
[2026-02-12T15:13:45.076+0000] {logging_mixin.py:188} INFO - [2026-02-12T15:13:45.076+0000] {dag.py:3823} INFO - Setting next_dagrun for ecommerce_etl_v2 to 2026-02-12 13:00:00+00:00, run_after=2026-02-13 13:00:00+00:00
[2026-02-12T15:13:45.085+0000] {processor.py:183} INFO - Processing /opt/airflow/dags/etl_dag.py took 0.159 seconds
[2026-02-12T15:14:15.299+0000] {processor.py:161} INFO - Started process (PID=10752) to work on /opt/airflow/dags/etl_dag.py
[2026-02-12T15:14:15.299+0000] {processor.py:830} INFO - Processing file /opt/airflow/dags/etl_dag.py for tasks to queue
[2026-02-12T15:14:15.300+0000] {logging_mixin.py:188} INFO - [2026-02-12T15:14:15.300+0000] {dagbag.py:538} INFO - Filling up the DagBag from /opt/airflow/dags/etl_dag.py
[2026-02-12T15:14:15.345+0000] {logging_mixin.py:188} INFO - Warning: Your Kaggle API key is readable by other users on this system! To fix this, you can run 'chmod 600 /home/airflow/.kaggle/kaggle.json'
[2026-02-12T15:14:15.408+0000] {logging_mixin.py:188} WARNING - /home/airflow/.local/lib/python3.8/site-packages/airflow/models/baseoperator.py:437 AirflowProviderDeprecationWarning: `exists_ok` parameter is deprecated, please use `if_exists`
[2026-02-12T15:14:15.417+0000] {processor.py:840} INFO - DAG(s) 'ecommerce_etl_v2' retrieved from /opt/airflow/dags/etl_dag.py
[2026-02-12T15:14:15.437+0000] {logging_mixin.py:188} INFO - [2026-02-12T15:14:15.437+0000] {dag.py:3036} INFO - Sync 1 DAGs
[2026-02-12T15:14:15.448+0000] {logging_mixin.py:188} INFO - [2026-02-12T15:14:15.448+0000] {dag.py:3823} INFO - Setting next_dagrun for ecommerce_etl_v2 to 2026-02-12 13:00:00+00:00, run_after=2026-02-13 13:00:00+00:00
[2026-02-12T15:14:15.458+0000] {processor.py:183} INFO - Processing /opt/airflow/dags/etl_dag.py took 0.162 seconds
[2026-02-12T15:14:45.693+0000] {processor.py:161} INFO - Started process (PID=10783) to work on /opt/airflow/dags/etl_dag.py
[2026-02-12T15:14:45.695+0000] {processor.py:830} INFO - Processing file /opt/airflow/dags/etl_dag.py for tasks to queue
[2026-02-12T15:14:45.695+0000] {logging_mixin.py:188} INFO - [2026-02-12T15:14:45.695+0000] {dagbag.py:538} INFO - Filling up the DagBag from /opt/airflow/dags/etl_dag.py
[2026-02-12T15:14:45.740+0000] {logging_mixin.py:188} INFO - Warning: Your Kaggle API key is readable by other users on this system! To fix this, you can run 'chmod 600 /home/airflow/.kaggle/kaggle.json'
[2026-02-12T15:14:45.800+0000] {logging_mixin.py:188} WARNING - /home/airflow/.local/lib/python3.8/site-packages/airflow/models/baseoperator.py:437 AirflowProviderDeprecationWarning: `exists_ok` parameter is deprecated, please use `if_exists`
[2026-02-12T15:14:45.809+0000] {processor.py:840} INFO - DAG(s) 'ecommerce_etl_v2' retrieved from /opt/airflow/dags/etl_dag.py
[2026-02-12T15:14:45.827+0000] {logging_mixin.py:188} INFO - [2026-02-12T15:14:45.827+0000] {dag.py:3036} INFO - Sync 1 DAGs
[2026-02-12T15:14:45.837+0000] {logging_mixin.py:188} INFO - [2026-02-12T15:14:45.837+0000] {dag.py:3823} INFO - Setting next_dagrun for ecommerce_etl_v2 to 2026-02-12 13:00:00+00:00, run_after=2026-02-13 13:00:00+00:00
[2026-02-12T15:14:45.846+0000] {processor.py:183} INFO - Processing /opt/airflow/dags/etl_dag.py took 0.156 seconds
[2026-02-12T15:15:16.021+0000] {processor.py:161} INFO - Started process (PID=10814) to work on /opt/airflow/dags/etl_dag.py
[2026-02-12T15:15:16.022+0000] {processor.py:830} INFO - Processing file /opt/airflow/dags/etl_dag.py for tasks to queue
[2026-02-12T15:15:16.023+0000] {logging_mixin.py:188} INFO - [2026-02-12T15:15:16.023+0000] {dagbag.py:538} INFO - Filling up the DagBag from /opt/airflow/dags/etl_dag.py
[2026-02-12T15:15:16.064+0000] {logging_mixin.py:188} INFO - Warning: Your Kaggle API key is readable by other users on this system! To fix this, you can run 'chmod 600 /home/airflow/.kaggle/kaggle.json'
[2026-02-12T15:15:16.129+0000] {logging_mixin.py:188} WARNING - /home/airflow/.local/lib/python3.8/site-packages/airflow/models/baseoperator.py:437 AirflowProviderDeprecationWarning: `exists_ok` parameter is deprecated, please use `if_exists`
[2026-02-12T15:15:16.139+0000] {processor.py:840} INFO - DAG(s) 'ecommerce_etl_v2' retrieved from /opt/airflow/dags/etl_dag.py
[2026-02-12T15:15:16.158+0000] {logging_mixin.py:188} INFO - [2026-02-12T15:15:16.157+0000] {dag.py:3036} INFO - Sync 1 DAGs
[2026-02-12T15:15:16.168+0000] {logging_mixin.py:188} INFO - [2026-02-12T15:15:16.168+0000] {dag.py:3823} INFO - Setting next_dagrun for ecommerce_etl_v2 to 2026-02-12 13:00:00+00:00, run_after=2026-02-13 13:00:00+00:00
[2026-02-12T15:15:16.176+0000] {processor.py:183} INFO - Processing /opt/airflow/dags/etl_dag.py took 0.158 seconds
[2026-02-12T15:15:46.364+0000] {processor.py:161} INFO - Started process (PID=10845) to work on /opt/airflow/dags/etl_dag.py
[2026-02-12T15:15:46.365+0000] {processor.py:830} INFO - Processing file /opt/airflow/dags/etl_dag.py for tasks to queue
[2026-02-12T15:15:46.365+0000] {logging_mixin.py:188} INFO - [2026-02-12T15:15:46.365+0000] {dagbag.py:538} INFO - Filling up the DagBag from /opt/airflow/dags/etl_dag.py
[2026-02-12T15:15:46.414+0000] {logging_mixin.py:188} INFO - Warning: Your Kaggle API key is readable by other users on this system! To fix this, you can run 'chmod 600 /home/airflow/.kaggle/kaggle.json'
[2026-02-12T15:15:46.479+0000] {logging_mixin.py:188} WARNING - /home/airflow/.local/lib/python3.8/site-packages/airflow/models/baseoperator.py:437 AirflowProviderDeprecationWarning: `exists_ok` parameter is deprecated, please use `if_exists`
[2026-02-12T15:15:46.488+0000] {processor.py:840} INFO - DAG(s) 'ecommerce_etl_v2' retrieved from /opt/airflow/dags/etl_dag.py
[2026-02-12T15:15:46.510+0000] {logging_mixin.py:188} INFO - [2026-02-12T15:15:46.510+0000] {dag.py:3036} INFO - Sync 1 DAGs
[2026-02-12T15:15:46.523+0000] {logging_mixin.py:188} INFO - [2026-02-12T15:15:46.522+0000] {dag.py:3823} INFO - Setting next_dagrun for ecommerce_etl_v2 to 2026-02-12 13:00:00+00:00, run_after=2026-02-13 13:00:00+00:00
[2026-02-12T15:15:46.533+0000] {processor.py:183} INFO - Processing /opt/airflow/dags/etl_dag.py took 0.172 seconds
[2026-02-12T15:16:16.756+0000] {processor.py:161} INFO - Started process (PID=10876) to work on /opt/airflow/dags/etl_dag.py
[2026-02-12T15:16:16.757+0000] {processor.py:830} INFO - Processing file /opt/airflow/dags/etl_dag.py for tasks to queue
[2026-02-12T15:16:16.757+0000] {logging_mixin.py:188} INFO - [2026-02-12T15:16:16.757+0000] {dagbag.py:538} INFO - Filling up the DagBag from /opt/airflow/dags/etl_dag.py
[2026-02-12T15:16:16.802+0000] {logging_mixin.py:188} INFO - Warning: Your Kaggle API key is readable by other users on this system! To fix this, you can run 'chmod 600 /home/airflow/.kaggle/kaggle.json'
[2026-02-12T15:16:16.865+0000] {logging_mixin.py:188} WARNING - /home/airflow/.local/lib/python3.8/site-packages/airflow/models/baseoperator.py:437 AirflowProviderDeprecationWarning: `exists_ok` parameter is deprecated, please use `if_exists`
[2026-02-12T15:16:16.876+0000] {processor.py:840} INFO - DAG(s) 'ecommerce_etl_v2' retrieved from /opt/airflow/dags/etl_dag.py
[2026-02-12T15:16:16.895+0000] {logging_mixin.py:188} INFO - [2026-02-12T15:16:16.895+0000] {dag.py:3036} INFO - Sync 1 DAGs
[2026-02-12T15:16:16.905+0000] {logging_mixin.py:188} INFO - [2026-02-12T15:16:16.905+0000] {dag.py:3823} INFO - Setting next_dagrun for ecommerce_etl_v2 to 2026-02-12 13:00:00+00:00, run_after=2026-02-13 13:00:00+00:00
[2026-02-12T15:16:16.913+0000] {processor.py:183} INFO - Processing /opt/airflow/dags/etl_dag.py took 0.161 seconds
[2026-02-12T15:16:47.143+0000] {processor.py:161} INFO - Started process (PID=10907) to work on /opt/airflow/dags/etl_dag.py
[2026-02-12T15:16:47.147+0000] {processor.py:830} INFO - Processing file /opt/airflow/dags/etl_dag.py for tasks to queue
[2026-02-12T15:16:47.148+0000] {logging_mixin.py:188} INFO - [2026-02-12T15:16:47.147+0000] {dagbag.py:538} INFO - Filling up the DagBag from /opt/airflow/dags/etl_dag.py
[2026-02-12T15:16:47.194+0000] {logging_mixin.py:188} INFO - Warning: Your Kaggle API key is readable by other users on this system! To fix this, you can run 'chmod 600 /home/airflow/.kaggle/kaggle.json'
[2026-02-12T15:16:47.255+0000] {logging_mixin.py:188} WARNING - /home/airflow/.local/lib/python3.8/site-packages/airflow/models/baseoperator.py:437 AirflowProviderDeprecationWarning: `exists_ok` parameter is deprecated, please use `if_exists`
[2026-02-12T15:16:47.263+0000] {processor.py:840} INFO - DAG(s) 'ecommerce_etl_v2' retrieved from /opt/airflow/dags/etl_dag.py
[2026-02-12T15:16:47.282+0000] {logging_mixin.py:188} INFO - [2026-02-12T15:16:47.282+0000] {dag.py:3036} INFO - Sync 1 DAGs
[2026-02-12T15:16:47.293+0000] {logging_mixin.py:188} INFO - [2026-02-12T15:16:47.293+0000] {dag.py:3823} INFO - Setting next_dagrun for ecommerce_etl_v2 to 2026-02-12 13:00:00+00:00, run_after=2026-02-13 13:00:00+00:00
[2026-02-12T15:16:47.302+0000] {processor.py:183} INFO - Processing /opt/airflow/dags/etl_dag.py took 0.163 seconds
[2026-02-12T15:17:17.465+0000] {processor.py:161} INFO - Started process (PID=10938) to work on /opt/airflow/dags/etl_dag.py
[2026-02-12T15:17:17.466+0000] {processor.py:830} INFO - Processing file /opt/airflow/dags/etl_dag.py for tasks to queue
[2026-02-12T15:17:17.468+0000] {logging_mixin.py:188} INFO - [2026-02-12T15:17:17.467+0000] {dagbag.py:538} INFO - Filling up the DagBag from /opt/airflow/dags/etl_dag.py
[2026-02-12T15:17:17.515+0000] {logging_mixin.py:188} INFO - Warning: Your Kaggle API key is readable by other users on this system! To fix this, you can run 'chmod 600 /home/airflow/.kaggle/kaggle.json'
[2026-02-12T15:17:17.575+0000] {logging_mixin.py:188} WARNING - /home/airflow/.local/lib/python3.8/site-packages/airflow/models/baseoperator.py:437 AirflowProviderDeprecationWarning: `exists_ok` parameter is deprecated, please use `if_exists`
[2026-02-12T15:17:17.584+0000] {processor.py:840} INFO - DAG(s) 'ecommerce_etl_v2' retrieved from /opt/airflow/dags/etl_dag.py
[2026-02-12T15:17:17.604+0000] {logging_mixin.py:188} INFO - [2026-02-12T15:17:17.604+0000] {dag.py:3036} INFO - Sync 1 DAGs
[2026-02-12T15:17:17.615+0000] {logging_mixin.py:188} INFO - [2026-02-12T15:17:17.615+0000] {dag.py:3823} INFO - Setting next_dagrun for ecommerce_etl_v2 to 2026-02-12 13:00:00+00:00, run_after=2026-02-13 13:00:00+00:00
[2026-02-12T15:17:17.624+0000] {processor.py:183} INFO - Processing /opt/airflow/dags/etl_dag.py took 0.164 seconds
[2026-02-12T15:17:47.879+0000] {processor.py:161} INFO - Started process (PID=10969) to work on /opt/airflow/dags/etl_dag.py
[2026-02-12T15:17:47.880+0000] {processor.py:830} INFO - Processing file /opt/airflow/dags/etl_dag.py for tasks to queue
[2026-02-12T15:17:47.880+0000] {logging_mixin.py:188} INFO - [2026-02-12T15:17:47.880+0000] {dagbag.py:538} INFO - Filling up the DagBag from /opt/airflow/dags/etl_dag.py
[2026-02-12T15:17:47.926+0000] {logging_mixin.py:188} INFO - Warning: Your Kaggle API key is readable by other users on this system! To fix this, you can run 'chmod 600 /home/airflow/.kaggle/kaggle.json'
[2026-02-12T15:17:47.989+0000] {logging_mixin.py:188} WARNING - /home/airflow/.local/lib/python3.8/site-packages/airflow/models/baseoperator.py:437 AirflowProviderDeprecationWarning: `exists_ok` parameter is deprecated, please use `if_exists`
[2026-02-12T15:17:47.998+0000] {processor.py:840} INFO - DAG(s) 'ecommerce_etl_v2' retrieved from /opt/airflow/dags/etl_dag.py
[2026-02-12T15:17:48.018+0000] {logging_mixin.py:188} INFO - [2026-02-12T15:17:48.018+0000] {dag.py:3036} INFO - Sync 1 DAGs
[2026-02-12T15:17:48.029+0000] {logging_mixin.py:188} INFO - [2026-02-12T15:17:48.029+0000] {dag.py:3823} INFO - Setting next_dagrun for ecommerce_etl_v2 to 2026-02-12 13:00:00+00:00, run_after=2026-02-13 13:00:00+00:00
[2026-02-12T15:17:48.039+0000] {processor.py:183} INFO - Processing /opt/airflow/dags/etl_dag.py took 0.162 seconds
[2026-02-12T15:18:18.255+0000] {processor.py:161} INFO - Started process (PID=11000) to work on /opt/airflow/dags/etl_dag.py
[2026-02-12T15:18:18.256+0000] {processor.py:830} INFO - Processing file /opt/airflow/dags/etl_dag.py for tasks to queue
[2026-02-12T15:18:18.257+0000] {logging_mixin.py:188} INFO - [2026-02-12T15:18:18.257+0000] {dagbag.py:538} INFO - Filling up the DagBag from /opt/airflow/dags/etl_dag.py
[2026-02-12T15:18:18.304+0000] {logging_mixin.py:188} INFO - Warning: Your Kaggle API key is readable by other users on this system! To fix this, you can run 'chmod 600 /home/airflow/.kaggle/kaggle.json'
[2026-02-12T15:18:18.365+0000] {logging_mixin.py:188} WARNING - /home/airflow/.local/lib/python3.8/site-packages/airflow/models/baseoperator.py:437 AirflowProviderDeprecationWarning: `exists_ok` parameter is deprecated, please use `if_exists`
[2026-02-12T15:18:18.374+0000] {processor.py:840} INFO - DAG(s) 'ecommerce_etl_v2' retrieved from /opt/airflow/dags/etl_dag.py
[2026-02-12T15:18:18.394+0000] {logging_mixin.py:188} INFO - [2026-02-12T15:18:18.393+0000] {dag.py:3036} INFO - Sync 1 DAGs
[2026-02-12T15:18:18.405+0000] {logging_mixin.py:188} INFO - [2026-02-12T15:18:18.405+0000] {dag.py:3823} INFO - Setting next_dagrun for ecommerce_etl_v2 to 2026-02-12 13:00:00+00:00, run_after=2026-02-13 13:00:00+00:00
[2026-02-12T15:18:18.414+0000] {processor.py:183} INFO - Processing /opt/airflow/dags/etl_dag.py took 0.164 seconds
[2026-02-12T15:18:48.661+0000] {processor.py:161} INFO - Started process (PID=11031) to work on /opt/airflow/dags/etl_dag.py
[2026-02-12T15:18:48.662+0000] {processor.py:830} INFO - Processing file /opt/airflow/dags/etl_dag.py for tasks to queue
[2026-02-12T15:18:48.663+0000] {logging_mixin.py:188} INFO - [2026-02-12T15:18:48.663+0000] {dagbag.py:538} INFO - Filling up the DagBag from /opt/airflow/dags/etl_dag.py
[2026-02-12T15:18:48.715+0000] {logging_mixin.py:188} INFO - Warning: Your Kaggle API key is readable by other users on this system! To fix this, you can run 'chmod 600 /home/airflow/.kaggle/kaggle.json'
[2026-02-12T15:18:48.777+0000] {logging_mixin.py:188} WARNING - /home/airflow/.local/lib/python3.8/site-packages/airflow/models/baseoperator.py:437 AirflowProviderDeprecationWarning: `exists_ok` parameter is deprecated, please use `if_exists`
[2026-02-12T15:18:48.787+0000] {processor.py:840} INFO - DAG(s) 'ecommerce_etl_v2' retrieved from /opt/airflow/dags/etl_dag.py
[2026-02-12T15:18:48.807+0000] {logging_mixin.py:188} INFO - [2026-02-12T15:18:48.807+0000] {dag.py:3036} INFO - Sync 1 DAGs
[2026-02-12T15:18:48.818+0000] {logging_mixin.py:188} INFO - [2026-02-12T15:18:48.818+0000] {dag.py:3823} INFO - Setting next_dagrun for ecommerce_etl_v2 to 2026-02-12 13:00:00+00:00, run_after=2026-02-13 13:00:00+00:00
[2026-02-12T15:18:48.828+0000] {processor.py:183} INFO - Processing /opt/airflow/dags/etl_dag.py took 0.172 seconds
[2026-02-12T15:19:18.987+0000] {processor.py:161} INFO - Started process (PID=11062) to work on /opt/airflow/dags/etl_dag.py
[2026-02-12T15:19:18.989+0000] {processor.py:830} INFO - Processing file /opt/airflow/dags/etl_dag.py for tasks to queue
[2026-02-12T15:19:18.990+0000] {logging_mixin.py:188} INFO - [2026-02-12T15:19:18.989+0000] {dagbag.py:538} INFO - Filling up the DagBag from /opt/airflow/dags/etl_dag.py
[2026-02-12T15:19:19.041+0000] {logging_mixin.py:188} INFO - Warning: Your Kaggle API key is readable by other users on this system! To fix this, you can run 'chmod 600 /home/airflow/.kaggle/kaggle.json'
[2026-02-12T15:19:19.106+0000] {logging_mixin.py:188} WARNING - /home/airflow/.local/lib/python3.8/site-packages/airflow/models/baseoperator.py:437 AirflowProviderDeprecationWarning: `exists_ok` parameter is deprecated, please use `if_exists`
[2026-02-12T15:19:19.115+0000] {processor.py:840} INFO - DAG(s) 'ecommerce_etl_v2' retrieved from /opt/airflow/dags/etl_dag.py
[2026-02-12T15:19:19.135+0000] {logging_mixin.py:188} INFO - [2026-02-12T15:19:19.135+0000] {dag.py:3036} INFO - Sync 1 DAGs
[2026-02-12T15:19:19.147+0000] {logging_mixin.py:188} INFO - [2026-02-12T15:19:19.146+0000] {dag.py:3823} INFO - Setting next_dagrun for ecommerce_etl_v2 to 2026-02-12 13:00:00+00:00, run_after=2026-02-13 13:00:00+00:00
[2026-02-12T15:19:19.156+0000] {processor.py:183} INFO - Processing /opt/airflow/dags/etl_dag.py took 0.173 seconds
[2026-02-12T15:19:49.444+0000] {processor.py:161} INFO - Started process (PID=11093) to work on /opt/airflow/dags/etl_dag.py
[2026-02-12T15:19:49.445+0000] {processor.py:830} INFO - Processing file /opt/airflow/dags/etl_dag.py for tasks to queue
[2026-02-12T15:19:49.445+0000] {logging_mixin.py:188} INFO - [2026-02-12T15:19:49.445+0000] {dagbag.py:538} INFO - Filling up the DagBag from /opt/airflow/dags/etl_dag.py
[2026-02-12T15:19:49.482+0000] {logging_mixin.py:188} INFO - Warning: Your Kaggle API key is readable by other users on this system! To fix this, you can run 'chmod 600 /home/airflow/.kaggle/kaggle.json'
[2026-02-12T15:19:49.542+0000] {logging_mixin.py:188} WARNING - /home/airflow/.local/lib/python3.8/site-packages/airflow/models/baseoperator.py:437 AirflowProviderDeprecationWarning: `exists_ok` parameter is deprecated, please use `if_exists`
[2026-02-12T15:19:49.551+0000] {processor.py:840} INFO - DAG(s) 'ecommerce_etl_v2' retrieved from /opt/airflow/dags/etl_dag.py
[2026-02-12T15:19:49.569+0000] {logging_mixin.py:188} INFO - [2026-02-12T15:19:49.569+0000] {dag.py:3036} INFO - Sync 1 DAGs
[2026-02-12T15:19:49.580+0000] {logging_mixin.py:188} INFO - [2026-02-12T15:19:49.579+0000] {dag.py:3823} INFO - Setting next_dagrun for ecommerce_etl_v2 to 2026-02-12 13:00:00+00:00, run_after=2026-02-13 13:00:00+00:00
[2026-02-12T15:19:49.589+0000] {processor.py:183} INFO - Processing /opt/airflow/dags/etl_dag.py took 0.147 seconds
[2026-02-12T15:20:19.733+0000] {processor.py:161} INFO - Started process (PID=11124) to work on /opt/airflow/dags/etl_dag.py
[2026-02-12T15:20:19.734+0000] {processor.py:830} INFO - Processing file /opt/airflow/dags/etl_dag.py for tasks to queue
[2026-02-12T15:20:19.735+0000] {logging_mixin.py:188} INFO - [2026-02-12T15:20:19.735+0000] {dagbag.py:538} INFO - Filling up the DagBag from /opt/airflow/dags/etl_dag.py
[2026-02-12T15:20:19.777+0000] {logging_mixin.py:188} INFO - Warning: Your Kaggle API key is readable by other users on this system! To fix this, you can run 'chmod 600 /home/airflow/.kaggle/kaggle.json'
[2026-02-12T15:20:19.838+0000] {logging_mixin.py:188} WARNING - /home/airflow/.local/lib/python3.8/site-packages/airflow/models/baseoperator.py:437 AirflowProviderDeprecationWarning: `exists_ok` parameter is deprecated, please use `if_exists`
[2026-02-12T15:20:19.846+0000] {processor.py:840} INFO - DAG(s) 'ecommerce_etl_v2' retrieved from /opt/airflow/dags/etl_dag.py
[2026-02-12T15:20:19.865+0000] {logging_mixin.py:188} INFO - [2026-02-12T15:20:19.865+0000] {dag.py:3036} INFO - Sync 1 DAGs
[2026-02-12T15:20:19.876+0000] {logging_mixin.py:188} INFO - [2026-02-12T15:20:19.876+0000] {dag.py:3823} INFO - Setting next_dagrun for ecommerce_etl_v2 to 2026-02-12 13:00:00+00:00, run_after=2026-02-13 13:00:00+00:00
[2026-02-12T15:20:19.884+0000] {processor.py:183} INFO - Processing /opt/airflow/dags/etl_dag.py took 0.154 seconds
[2026-02-12T15:20:50.209+0000] {processor.py:161} INFO - Started process (PID=11155) to work on /opt/airflow/dags/etl_dag.py
[2026-02-12T15:20:50.210+0000] {processor.py:830} INFO - Processing file /opt/airflow/dags/etl_dag.py for tasks to queue
[2026-02-12T15:20:50.211+0000] {logging_mixin.py:188} INFO - [2026-02-12T15:20:50.211+0000] {dagbag.py:538} INFO - Filling up the DagBag from /opt/airflow/dags/etl_dag.py
[2026-02-12T15:20:50.258+0000] {logging_mixin.py:188} INFO - Warning: Your Kaggle API key is readable by other users on this system! To fix this, you can run 'chmod 600 /home/airflow/.kaggle/kaggle.json'
[2026-02-12T15:20:50.318+0000] {logging_mixin.py:188} WARNING - /home/airflow/.local/lib/python3.8/site-packages/airflow/models/baseoperator.py:437 AirflowProviderDeprecationWarning: `exists_ok` parameter is deprecated, please use `if_exists`
[2026-02-12T15:20:50.327+0000] {processor.py:840} INFO - DAG(s) 'ecommerce_etl_v2' retrieved from /opt/airflow/dags/etl_dag.py
[2026-02-12T15:20:50.345+0000] {logging_mixin.py:188} INFO - [2026-02-12T15:20:50.345+0000] {dag.py:3036} INFO - Sync 1 DAGs
[2026-02-12T15:20:50.356+0000] {logging_mixin.py:188} INFO - [2026-02-12T15:20:50.355+0000] {dag.py:3823} INFO - Setting next_dagrun for ecommerce_etl_v2 to 2026-02-12 13:00:00+00:00, run_after=2026-02-13 13:00:00+00:00
[2026-02-12T15:20:50.365+0000] {processor.py:183} INFO - Processing /opt/airflow/dags/etl_dag.py took 0.159 seconds
[2026-02-12T15:21:20.518+0000] {processor.py:161} INFO - Started process (PID=11186) to work on /opt/airflow/dags/etl_dag.py
[2026-02-12T15:21:20.519+0000] {processor.py:830} INFO - Processing file /opt/airflow/dags/etl_dag.py for tasks to queue
[2026-02-12T15:21:20.520+0000] {logging_mixin.py:188} INFO - [2026-02-12T15:21:20.520+0000] {dagbag.py:538} INFO - Filling up the DagBag from /opt/airflow/dags/etl_dag.py
[2026-02-12T15:21:20.566+0000] {logging_mixin.py:188} INFO - Warning: Your Kaggle API key is readable by other users on this system! To fix this, you can run 'chmod 600 /home/airflow/.kaggle/kaggle.json'
[2026-02-12T15:21:20.625+0000] {logging_mixin.py:188} WARNING - /home/airflow/.local/lib/python3.8/site-packages/airflow/models/baseoperator.py:437 AirflowProviderDeprecationWarning: `exists_ok` parameter is deprecated, please use `if_exists`
[2026-02-12T15:21:20.636+0000] {processor.py:840} INFO - DAG(s) 'ecommerce_etl_v2' retrieved from /opt/airflow/dags/etl_dag.py
[2026-02-12T15:21:20.654+0000] {logging_mixin.py:188} INFO - [2026-02-12T15:21:20.654+0000] {dag.py:3036} INFO - Sync 1 DAGs
[2026-02-12T15:21:20.664+0000] {logging_mixin.py:188} INFO - [2026-02-12T15:21:20.664+0000] {dag.py:3823} INFO - Setting next_dagrun for ecommerce_etl_v2 to 2026-02-12 13:00:00+00:00, run_after=2026-02-13 13:00:00+00:00
[2026-02-12T15:21:20.672+0000] {processor.py:183} INFO - Processing /opt/airflow/dags/etl_dag.py took 0.159 seconds
[2026-02-12T15:21:50.996+0000] {processor.py:161} INFO - Started process (PID=11217) to work on /opt/airflow/dags/etl_dag.py
[2026-02-12T15:21:50.998+0000] {processor.py:830} INFO - Processing file /opt/airflow/dags/etl_dag.py for tasks to queue
[2026-02-12T15:21:50.999+0000] {logging_mixin.py:188} INFO - [2026-02-12T15:21:50.998+0000] {dagbag.py:538} INFO - Filling up the DagBag from /opt/airflow/dags/etl_dag.py
[2026-02-12T15:21:51.043+0000] {logging_mixin.py:188} INFO - Warning: Your Kaggle API key is readable by other users on this system! To fix this, you can run 'chmod 600 /home/airflow/.kaggle/kaggle.json'
[2026-02-12T15:21:51.102+0000] {logging_mixin.py:188} WARNING - /home/airflow/.local/lib/python3.8/site-packages/airflow/models/baseoperator.py:437 AirflowProviderDeprecationWarning: `exists_ok` parameter is deprecated, please use `if_exists`
[2026-02-12T15:21:51.111+0000] {processor.py:840} INFO - DAG(s) 'ecommerce_etl_v2' retrieved from /opt/airflow/dags/etl_dag.py
[2026-02-12T15:21:51.129+0000] {logging_mixin.py:188} INFO - [2026-02-12T15:21:51.129+0000] {dag.py:3036} INFO - Sync 1 DAGs
[2026-02-12T15:21:51.139+0000] {logging_mixin.py:188} INFO - [2026-02-12T15:21:51.139+0000] {dag.py:3823} INFO - Setting next_dagrun for ecommerce_etl_v2 to 2026-02-12 13:00:00+00:00, run_after=2026-02-13 13:00:00+00:00
[2026-02-12T15:21:51.250+0000] {processor.py:183} INFO - Processing /opt/airflow/dags/etl_dag.py took 0.258 seconds
[2026-02-12T15:22:21.340+0000] {processor.py:161} INFO - Started process (PID=11248) to work on /opt/airflow/dags/etl_dag.py
[2026-02-12T15:22:21.341+0000] {processor.py:830} INFO - Processing file /opt/airflow/dags/etl_dag.py for tasks to queue
[2026-02-12T15:22:21.342+0000] {logging_mixin.py:188} INFO - [2026-02-12T15:22:21.342+0000] {dagbag.py:538} INFO - Filling up the DagBag from /opt/airflow/dags/etl_dag.py
[2026-02-12T15:22:21.389+0000] {logging_mixin.py:188} INFO - Warning: Your Kaggle API key is readable by other users on this system! To fix this, you can run 'chmod 600 /home/airflow/.kaggle/kaggle.json'
[2026-02-12T15:22:21.449+0000] {logging_mixin.py:188} WARNING - /home/airflow/.local/lib/python3.8/site-packages/airflow/models/baseoperator.py:437 AirflowProviderDeprecationWarning: `exists_ok` parameter is deprecated, please use `if_exists`
[2026-02-12T15:22:21.458+0000] {processor.py:840} INFO - DAG(s) 'ecommerce_etl_v2' retrieved from /opt/airflow/dags/etl_dag.py
[2026-02-12T15:22:21.479+0000] {logging_mixin.py:188} INFO - [2026-02-12T15:22:21.479+0000] {dag.py:3036} INFO - Sync 1 DAGs
[2026-02-12T15:22:21.491+0000] {logging_mixin.py:188} INFO - [2026-02-12T15:22:21.491+0000] {dag.py:3823} INFO - Setting next_dagrun for ecommerce_etl_v2 to 2026-02-12 13:00:00+00:00, run_after=2026-02-13 13:00:00+00:00
[2026-02-12T15:22:21.500+0000] {processor.py:183} INFO - Processing /opt/airflow/dags/etl_dag.py took 0.164 seconds
[2026-02-12T15:22:51.829+0000] {processor.py:161} INFO - Started process (PID=11279) to work on /opt/airflow/dags/etl_dag.py
[2026-02-12T15:22:51.830+0000] {processor.py:830} INFO - Processing file /opt/airflow/dags/etl_dag.py for tasks to queue
[2026-02-12T15:22:51.830+0000] {logging_mixin.py:188} INFO - [2026-02-12T15:22:51.830+0000] {dagbag.py:538} INFO - Filling up the DagBag from /opt/airflow/dags/etl_dag.py
[2026-02-12T15:22:51.873+0000] {logging_mixin.py:188} INFO - Warning: Your Kaggle API key is readable by other users on this system! To fix this, you can run 'chmod 600 /home/airflow/.kaggle/kaggle.json'
[2026-02-12T15:22:51.933+0000] {logging_mixin.py:188} WARNING - /home/airflow/.local/lib/python3.8/site-packages/airflow/models/baseoperator.py:437 AirflowProviderDeprecationWarning: `exists_ok` parameter is deprecated, please use `if_exists`
[2026-02-12T15:22:51.942+0000] {processor.py:840} INFO - DAG(s) 'ecommerce_etl_v2' retrieved from /opt/airflow/dags/etl_dag.py
[2026-02-12T15:22:51.961+0000] {logging_mixin.py:188} INFO - [2026-02-12T15:22:51.960+0000] {dag.py:3036} INFO - Sync 1 DAGs
[2026-02-12T15:22:51.971+0000] {logging_mixin.py:188} INFO - [2026-02-12T15:22:51.971+0000] {dag.py:3823} INFO - Setting next_dagrun for ecommerce_etl_v2 to 2026-02-12 13:00:00+00:00, run_after=2026-02-13 13:00:00+00:00
[2026-02-12T15:22:52.080+0000] {processor.py:183} INFO - Processing /opt/airflow/dags/etl_dag.py took 0.253 seconds
[2026-02-12T15:23:22.437+0000] {processor.py:161} INFO - Started process (PID=11310) to work on /opt/airflow/dags/etl_dag.py
[2026-02-12T15:23:22.439+0000] {processor.py:830} INFO - Processing file /opt/airflow/dags/etl_dag.py for tasks to queue
[2026-02-12T15:23:22.440+0000] {logging_mixin.py:188} INFO - [2026-02-12T15:23:22.439+0000] {dagbag.py:538} INFO - Filling up the DagBag from /opt/airflow/dags/etl_dag.py
[2026-02-12T15:23:22.487+0000] {logging_mixin.py:188} INFO - Warning: Your Kaggle API key is readable by other users on this system! To fix this, you can run 'chmod 600 /home/airflow/.kaggle/kaggle.json'
[2026-02-12T15:23:22.548+0000] {logging_mixin.py:188} WARNING - /home/airflow/.local/lib/python3.8/site-packages/airflow/models/baseoperator.py:437 AirflowProviderDeprecationWarning: `exists_ok` parameter is deprecated, please use `if_exists`
[2026-02-12T15:23:22.557+0000] {processor.py:840} INFO - DAG(s) 'ecommerce_etl_v2' retrieved from /opt/airflow/dags/etl_dag.py
[2026-02-12T15:23:22.683+0000] {logging_mixin.py:188} INFO - [2026-02-12T15:23:22.683+0000] {dag.py:3036} INFO - Sync 1 DAGs
[2026-02-12T15:23:22.693+0000] {logging_mixin.py:188} INFO - [2026-02-12T15:23:22.693+0000] {dag.py:3823} INFO - Setting next_dagrun for ecommerce_etl_v2 to 2026-02-12 13:00:00+00:00, run_after=2026-02-13 13:00:00+00:00
[2026-02-12T15:23:22.702+0000] {processor.py:183} INFO - Processing /opt/airflow/dags/etl_dag.py took 0.269 seconds
[2026-02-12T15:23:52.763+0000] {processor.py:161} INFO - Started process (PID=11341) to work on /opt/airflow/dags/etl_dag.py
[2026-02-12T15:23:52.764+0000] {processor.py:830} INFO - Processing file /opt/airflow/dags/etl_dag.py for tasks to queue
[2026-02-12T15:23:52.765+0000] {logging_mixin.py:188} INFO - [2026-02-12T15:23:52.764+0000] {dagbag.py:538} INFO - Filling up the DagBag from /opt/airflow/dags/etl_dag.py
[2026-02-12T15:23:52.811+0000] {logging_mixin.py:188} INFO - Warning: Your Kaggle API key is readable by other users on this system! To fix this, you can run 'chmod 600 /home/airflow/.kaggle/kaggle.json'
[2026-02-12T15:23:52.973+0000] {logging_mixin.py:188} WARNING - /home/airflow/.local/lib/python3.8/site-packages/airflow/models/baseoperator.py:437 AirflowProviderDeprecationWarning: `exists_ok` parameter is deprecated, please use `if_exists`
[2026-02-12T15:23:52.982+0000] {processor.py:840} INFO - DAG(s) 'ecommerce_etl_v2' retrieved from /opt/airflow/dags/etl_dag.py
[2026-02-12T15:23:52.999+0000] {logging_mixin.py:188} INFO - [2026-02-12T15:23:52.999+0000] {dag.py:3036} INFO - Sync 1 DAGs
[2026-02-12T15:23:53.009+0000] {logging_mixin.py:188} INFO - [2026-02-12T15:23:53.009+0000] {dag.py:3823} INFO - Setting next_dagrun for ecommerce_etl_v2 to 2026-02-12 13:00:00+00:00, run_after=2026-02-13 13:00:00+00:00
[2026-02-12T15:23:53.018+0000] {processor.py:183} INFO - Processing /opt/airflow/dags/etl_dag.py took 0.260 seconds
[2026-02-12T15:24:23.326+0000] {processor.py:161} INFO - Started process (PID=11372) to work on /opt/airflow/dags/etl_dag.py
[2026-02-12T15:24:23.327+0000] {processor.py:830} INFO - Processing file /opt/airflow/dags/etl_dag.py for tasks to queue
[2026-02-12T15:24:23.328+0000] {logging_mixin.py:188} INFO - [2026-02-12T15:24:23.327+0000] {dagbag.py:538} INFO - Filling up the DagBag from /opt/airflow/dags/etl_dag.py
[2026-02-12T15:24:23.374+0000] {logging_mixin.py:188} INFO - Warning: Your Kaggle API key is readable by other users on this system! To fix this, you can run 'chmod 600 /home/airflow/.kaggle/kaggle.json'
[2026-02-12T15:24:23.532+0000] {logging_mixin.py:188} WARNING - /home/airflow/.local/lib/python3.8/site-packages/airflow/models/baseoperator.py:437 AirflowProviderDeprecationWarning: `exists_ok` parameter is deprecated, please use `if_exists`
[2026-02-12T15:24:23.540+0000] {processor.py:840} INFO - DAG(s) 'ecommerce_etl_v2' retrieved from /opt/airflow/dags/etl_dag.py
[2026-02-12T15:24:23.557+0000] {logging_mixin.py:188} INFO - [2026-02-12T15:24:23.557+0000] {dag.py:3036} INFO - Sync 1 DAGs
[2026-02-12T15:24:23.566+0000] {logging_mixin.py:188} INFO - [2026-02-12T15:24:23.566+0000] {dag.py:3823} INFO - Setting next_dagrun for ecommerce_etl_v2 to 2026-02-12 13:00:00+00:00, run_after=2026-02-13 13:00:00+00:00
[2026-02-12T15:24:23.576+0000] {processor.py:183} INFO - Processing /opt/airflow/dags/etl_dag.py took 0.255 seconds
[2026-02-12T15:24:53.671+0000] {processor.py:161} INFO - Started process (PID=11403) to work on /opt/airflow/dags/etl_dag.py
[2026-02-12T15:24:53.672+0000] {processor.py:830} INFO - Processing file /opt/airflow/dags/etl_dag.py for tasks to queue
[2026-02-12T15:24:53.673+0000] {logging_mixin.py:188} INFO - [2026-02-12T15:24:53.672+0000] {dagbag.py:538} INFO - Filling up the DagBag from /opt/airflow/dags/etl_dag.py
[2026-02-12T15:24:53.720+0000] {logging_mixin.py:188} INFO - Warning: Your Kaggle API key is readable by other users on this system! To fix this, you can run 'chmod 600 /home/airflow/.kaggle/kaggle.json'
[2026-02-12T15:24:53.895+0000] {logging_mixin.py:188} WARNING - /home/airflow/.local/lib/python3.8/site-packages/airflow/models/baseoperator.py:437 AirflowProviderDeprecationWarning: `exists_ok` parameter is deprecated, please use `if_exists`
[2026-02-12T15:24:53.904+0000] {processor.py:840} INFO - DAG(s) 'ecommerce_etl_v2' retrieved from /opt/airflow/dags/etl_dag.py
[2026-02-12T15:24:53.922+0000] {logging_mixin.py:188} INFO - [2026-02-12T15:24:53.922+0000] {dag.py:3036} INFO - Sync 1 DAGs
[2026-02-12T15:24:53.933+0000] {logging_mixin.py:188} INFO - [2026-02-12T15:24:53.933+0000] {dag.py:3823} INFO - Setting next_dagrun for ecommerce_etl_v2 to 2026-02-12 13:00:00+00:00, run_after=2026-02-13 13:00:00+00:00
[2026-02-12T15:24:53.942+0000] {processor.py:183} INFO - Processing /opt/airflow/dags/etl_dag.py took 0.275 seconds
[2026-02-12T15:25:24.115+0000] {processor.py:161} INFO - Started process (PID=11434) to work on /opt/airflow/dags/etl_dag.py
[2026-02-12T15:25:24.117+0000] {processor.py:830} INFO - Processing file /opt/airflow/dags/etl_dag.py for tasks to queue
[2026-02-12T15:25:24.118+0000] {logging_mixin.py:188} INFO - [2026-02-12T15:25:24.117+0000] {dagbag.py:538} INFO - Filling up the DagBag from /opt/airflow/dags/etl_dag.py
[2026-02-12T15:25:24.167+0000] {logging_mixin.py:188} INFO - Warning: Your Kaggle API key is readable by other users on this system! To fix this, you can run 'chmod 600 /home/airflow/.kaggle/kaggle.json'
[2026-02-12T15:25:24.325+0000] {logging_mixin.py:188} WARNING - /home/airflow/.local/lib/python3.8/site-packages/airflow/models/baseoperator.py:437 AirflowProviderDeprecationWarning: `exists_ok` parameter is deprecated, please use `if_exists`
[2026-02-12T15:25:24.333+0000] {processor.py:840} INFO - DAG(s) 'ecommerce_etl_v2' retrieved from /opt/airflow/dags/etl_dag.py
[2026-02-12T15:25:24.350+0000] {logging_mixin.py:188} INFO - [2026-02-12T15:25:24.350+0000] {dag.py:3036} INFO - Sync 1 DAGs
[2026-02-12T15:25:24.359+0000] {logging_mixin.py:188} INFO - [2026-02-12T15:25:24.359+0000] {dag.py:3823} INFO - Setting next_dagrun for ecommerce_etl_v2 to 2026-02-12 13:00:00+00:00, run_after=2026-02-13 13:00:00+00:00
[2026-02-12T15:25:24.367+0000] {processor.py:183} INFO - Processing /opt/airflow/dags/etl_dag.py took 0.255 seconds
[2026-02-12T15:25:54.445+0000] {processor.py:161} INFO - Started process (PID=11465) to work on /opt/airflow/dags/etl_dag.py
[2026-02-12T15:25:54.446+0000] {processor.py:830} INFO - Processing file /opt/airflow/dags/etl_dag.py for tasks to queue
[2026-02-12T15:25:54.447+0000] {logging_mixin.py:188} INFO - [2026-02-12T15:25:54.447+0000] {dagbag.py:538} INFO - Filling up the DagBag from /opt/airflow/dags/etl_dag.py
[2026-02-12T15:25:54.492+0000] {logging_mixin.py:188} INFO - Warning: Your Kaggle API key is readable by other users on this system! To fix this, you can run 'chmod 600 /home/airflow/.kaggle/kaggle.json'
[2026-02-12T15:25:54.670+0000] {logging_mixin.py:188} WARNING - /home/airflow/.local/lib/python3.8/site-packages/airflow/models/baseoperator.py:437 AirflowProviderDeprecationWarning: `exists_ok` parameter is deprecated, please use `if_exists`
[2026-02-12T15:25:54.682+0000] {processor.py:840} INFO - DAG(s) 'ecommerce_etl_v2' retrieved from /opt/airflow/dags/etl_dag.py
[2026-02-12T15:25:54.701+0000] {logging_mixin.py:188} INFO - [2026-02-12T15:25:54.700+0000] {dag.py:3036} INFO - Sync 1 DAGs
[2026-02-12T15:25:54.711+0000] {logging_mixin.py:188} INFO - [2026-02-12T15:25:54.711+0000] {dag.py:3823} INFO - Setting next_dagrun for ecommerce_etl_v2 to 2026-02-12 13:00:00+00:00, run_after=2026-02-13 13:00:00+00:00
[2026-02-12T15:25:54.721+0000] {processor.py:183} INFO - Processing /opt/airflow/dags/etl_dag.py took 0.277 seconds
[2026-02-12T15:26:24.984+0000] {processor.py:161} INFO - Started process (PID=11496) to work on /opt/airflow/dags/etl_dag.py
[2026-02-12T15:26:24.985+0000] {processor.py:830} INFO - Processing file /opt/airflow/dags/etl_dag.py for tasks to queue
[2026-02-12T15:26:24.986+0000] {logging_mixin.py:188} INFO - [2026-02-12T15:26:24.985+0000] {dagbag.py:538} INFO - Filling up the DagBag from /opt/airflow/dags/etl_dag.py
[2026-02-12T15:26:25.033+0000] {logging_mixin.py:188} INFO - Warning: Your Kaggle API key is readable by other users on this system! To fix this, you can run 'chmod 600 /home/airflow/.kaggle/kaggle.json'
[2026-02-12T15:26:25.187+0000] {logging_mixin.py:188} WARNING - /home/airflow/.local/lib/python3.8/site-packages/airflow/models/baseoperator.py:437 AirflowProviderDeprecationWarning: `exists_ok` parameter is deprecated, please use `if_exists`
[2026-02-12T15:26:25.196+0000] {processor.py:840} INFO - DAG(s) 'ecommerce_etl_v2' retrieved from /opt/airflow/dags/etl_dag.py
[2026-02-12T15:26:25.213+0000] {logging_mixin.py:188} INFO - [2026-02-12T15:26:25.213+0000] {dag.py:3036} INFO - Sync 1 DAGs
[2026-02-12T15:26:25.222+0000] {logging_mixin.py:188} INFO - [2026-02-12T15:26:25.222+0000] {dag.py:3823} INFO - Setting next_dagrun for ecommerce_etl_v2 to 2026-02-12 13:00:00+00:00, run_after=2026-02-13 13:00:00+00:00
[2026-02-12T15:26:25.230+0000] {processor.py:183} INFO - Processing /opt/airflow/dags/etl_dag.py took 0.251 seconds
[2026-02-12T15:26:55.335+0000] {processor.py:161} INFO - Started process (PID=11527) to work on /opt/airflow/dags/etl_dag.py
[2026-02-12T15:26:55.336+0000] {processor.py:830} INFO - Processing file /opt/airflow/dags/etl_dag.py for tasks to queue
[2026-02-12T15:26:55.337+0000] {logging_mixin.py:188} INFO - [2026-02-12T15:26:55.337+0000] {dagbag.py:538} INFO - Filling up the DagBag from /opt/airflow/dags/etl_dag.py
[2026-02-12T15:26:55.388+0000] {logging_mixin.py:188} INFO - Warning: Your Kaggle API key is readable by other users on this system! To fix this, you can run 'chmod 600 /home/airflow/.kaggle/kaggle.json'
[2026-02-12T15:26:55.562+0000] {logging_mixin.py:188} WARNING - /home/airflow/.local/lib/python3.8/site-packages/airflow/models/baseoperator.py:437 AirflowProviderDeprecationWarning: `exists_ok` parameter is deprecated, please use `if_exists`
[2026-02-12T15:26:55.571+0000] {processor.py:840} INFO - DAG(s) 'ecommerce_etl_v2' retrieved from /opt/airflow/dags/etl_dag.py
[2026-02-12T15:26:55.590+0000] {logging_mixin.py:188} INFO - [2026-02-12T15:26:55.590+0000] {dag.py:3036} INFO - Sync 1 DAGs
[2026-02-12T15:26:55.601+0000] {logging_mixin.py:188} INFO - [2026-02-12T15:26:55.601+0000] {dag.py:3823} INFO - Setting next_dagrun for ecommerce_etl_v2 to 2026-02-12 13:00:00+00:00, run_after=2026-02-13 13:00:00+00:00
[2026-02-12T15:26:55.610+0000] {processor.py:183} INFO - Processing /opt/airflow/dags/etl_dag.py took 0.281 seconds
[2026-02-12T15:27:25.848+0000] {processor.py:161} INFO - Started process (PID=11558) to work on /opt/airflow/dags/etl_dag.py
[2026-02-12T15:27:25.849+0000] {processor.py:830} INFO - Processing file /opt/airflow/dags/etl_dag.py for tasks to queue
[2026-02-12T15:27:25.849+0000] {logging_mixin.py:188} INFO - [2026-02-12T15:27:25.849+0000] {dagbag.py:538} INFO - Filling up the DagBag from /opt/airflow/dags/etl_dag.py
[2026-02-12T15:27:25.891+0000] {logging_mixin.py:188} INFO - Warning: Your Kaggle API key is readable by other users on this system! To fix this, you can run 'chmod 600 /home/airflow/.kaggle/kaggle.json'
[2026-02-12T15:27:26.049+0000] {logging_mixin.py:188} WARNING - /home/airflow/.local/lib/python3.8/site-packages/airflow/models/baseoperator.py:437 AirflowProviderDeprecationWarning: `exists_ok` parameter is deprecated, please use `if_exists`
[2026-02-12T15:27:26.058+0000] {processor.py:840} INFO - DAG(s) 'ecommerce_etl_v2' retrieved from /opt/airflow/dags/etl_dag.py
[2026-02-12T15:27:26.075+0000] {logging_mixin.py:188} INFO - [2026-02-12T15:27:26.075+0000] {dag.py:3036} INFO - Sync 1 DAGs
[2026-02-12T15:27:26.084+0000] {logging_mixin.py:188} INFO - [2026-02-12T15:27:26.084+0000] {dag.py:3823} INFO - Setting next_dagrun for ecommerce_etl_v2 to 2026-02-12 13:00:00+00:00, run_after=2026-02-13 13:00:00+00:00
[2026-02-12T15:27:26.092+0000] {processor.py:183} INFO - Processing /opt/airflow/dags/etl_dag.py took 0.247 seconds
[2026-02-12T15:27:56.199+0000] {processor.py:161} INFO - Started process (PID=11589) to work on /opt/airflow/dags/etl_dag.py
[2026-02-12T15:27:56.200+0000] {processor.py:830} INFO - Processing file /opt/airflow/dags/etl_dag.py for tasks to queue
[2026-02-12T15:27:56.201+0000] {logging_mixin.py:188} INFO - [2026-02-12T15:27:56.200+0000] {dagbag.py:538} INFO - Filling up the DagBag from /opt/airflow/dags/etl_dag.py
[2026-02-12T15:27:56.247+0000] {logging_mixin.py:188} INFO - Warning: Your Kaggle API key is readable by other users on this system! To fix this, you can run 'chmod 600 /home/airflow/.kaggle/kaggle.json'
[2026-02-12T15:27:56.408+0000] {logging_mixin.py:188} WARNING - /home/airflow/.local/lib/python3.8/site-packages/airflow/models/baseoperator.py:437 AirflowProviderDeprecationWarning: `exists_ok` parameter is deprecated, please use `if_exists`
[2026-02-12T15:27:56.417+0000] {processor.py:840} INFO - DAG(s) 'ecommerce_etl_v2' retrieved from /opt/airflow/dags/etl_dag.py
[2026-02-12T15:27:56.433+0000] {logging_mixin.py:188} INFO - [2026-02-12T15:27:56.433+0000] {dag.py:3036} INFO - Sync 1 DAGs
[2026-02-12T15:27:56.443+0000] {logging_mixin.py:188} INFO - [2026-02-12T15:27:56.443+0000] {dag.py:3823} INFO - Setting next_dagrun for ecommerce_etl_v2 to 2026-02-12 13:00:00+00:00, run_after=2026-02-13 13:00:00+00:00
[2026-02-12T15:27:56.451+0000] {processor.py:183} INFO - Processing /opt/airflow/dags/etl_dag.py took 0.256 seconds
[2026-02-12T15:28:26.705+0000] {processor.py:161} INFO - Started process (PID=11620) to work on /opt/airflow/dags/etl_dag.py
[2026-02-12T15:28:26.706+0000] {processor.py:830} INFO - Processing file /opt/airflow/dags/etl_dag.py for tasks to queue
[2026-02-12T15:28:26.708+0000] {logging_mixin.py:188} INFO - [2026-02-12T15:28:26.707+0000] {dagbag.py:538} INFO - Filling up the DagBag from /opt/airflow/dags/etl_dag.py
[2026-02-12T15:28:26.758+0000] {logging_mixin.py:188} INFO - Warning: Your Kaggle API key is readable by other users on this system! To fix this, you can run 'chmod 600 /home/airflow/.kaggle/kaggle.json'
[2026-02-12T15:28:26.920+0000] {logging_mixin.py:188} WARNING - /home/airflow/.local/lib/python3.8/site-packages/airflow/models/baseoperator.py:437 AirflowProviderDeprecationWarning: `exists_ok` parameter is deprecated, please use `if_exists`
[2026-02-12T15:28:26.929+0000] {processor.py:840} INFO - DAG(s) 'ecommerce_etl_v2' retrieved from /opt/airflow/dags/etl_dag.py
[2026-02-12T15:28:26.947+0000] {logging_mixin.py:188} INFO - [2026-02-12T15:28:26.946+0000] {dag.py:3036} INFO - Sync 1 DAGs
[2026-02-12T15:28:26.956+0000] {logging_mixin.py:188} INFO - [2026-02-12T15:28:26.956+0000] {dag.py:3823} INFO - Setting next_dagrun for ecommerce_etl_v2 to 2026-02-12 13:00:00+00:00, run_after=2026-02-13 13:00:00+00:00
[2026-02-12T15:28:26.963+0000] {processor.py:183} INFO - Processing /opt/airflow/dags/etl_dag.py took 0.262 seconds
[2026-02-12T15:28:57.032+0000] {processor.py:161} INFO - Started process (PID=11651) to work on /opt/airflow/dags/etl_dag.py
[2026-02-12T15:28:57.033+0000] {processor.py:830} INFO - Processing file /opt/airflow/dags/etl_dag.py for tasks to queue
[2026-02-12T15:28:57.034+0000] {logging_mixin.py:188} INFO - [2026-02-12T15:28:57.033+0000] {dagbag.py:538} INFO - Filling up the DagBag from /opt/airflow/dags/etl_dag.py
[2026-02-12T15:28:57.080+0000] {logging_mixin.py:188} INFO - Warning: Your Kaggle API key is readable by other users on this system! To fix this, you can run 'chmod 600 /home/airflow/.kaggle/kaggle.json'
[2026-02-12T15:28:57.233+0000] {logging_mixin.py:188} WARNING - /home/airflow/.local/lib/python3.8/site-packages/airflow/models/baseoperator.py:437 AirflowProviderDeprecationWarning: `exists_ok` parameter is deprecated, please use `if_exists`
[2026-02-12T15:28:57.241+0000] {processor.py:840} INFO - DAG(s) 'ecommerce_etl_v2' retrieved from /opt/airflow/dags/etl_dag.py
[2026-02-12T15:28:57.258+0000] {logging_mixin.py:188} INFO - [2026-02-12T15:28:57.258+0000] {dag.py:3036} INFO - Sync 1 DAGs
[2026-02-12T15:28:57.267+0000] {logging_mixin.py:188} INFO - [2026-02-12T15:28:57.267+0000] {dag.py:3823} INFO - Setting next_dagrun for ecommerce_etl_v2 to 2026-02-12 13:00:00+00:00, run_after=2026-02-13 13:00:00+00:00
[2026-02-12T15:28:57.275+0000] {processor.py:183} INFO - Processing /opt/airflow/dags/etl_dag.py took 0.247 seconds
[2026-02-12T15:29:27.607+0000] {processor.py:161} INFO - Started process (PID=11682) to work on /opt/airflow/dags/etl_dag.py
[2026-02-12T15:29:27.609+0000] {processor.py:830} INFO - Processing file /opt/airflow/dags/etl_dag.py for tasks to queue
[2026-02-12T15:29:27.610+0000] {logging_mixin.py:188} INFO - [2026-02-12T15:29:27.609+0000] {dagbag.py:538} INFO - Filling up the DagBag from /opt/airflow/dags/etl_dag.py
[2026-02-12T15:29:27.655+0000] {logging_mixin.py:188} INFO - Warning: Your Kaggle API key is readable by other users on this system! To fix this, you can run 'chmod 600 /home/airflow/.kaggle/kaggle.json'
[2026-02-12T15:29:27.807+0000] {logging_mixin.py:188} WARNING - /home/airflow/.local/lib/python3.8/site-packages/airflow/models/baseoperator.py:437 AirflowProviderDeprecationWarning: `exists_ok` parameter is deprecated, please use `if_exists`
[2026-02-12T15:29:27.816+0000] {processor.py:840} INFO - DAG(s) 'ecommerce_etl_v2' retrieved from /opt/airflow/dags/etl_dag.py
[2026-02-12T15:29:27.834+0000] {logging_mixin.py:188} INFO - [2026-02-12T15:29:27.833+0000] {dag.py:3036} INFO - Sync 1 DAGs
[2026-02-12T15:29:27.843+0000] {logging_mixin.py:188} INFO - [2026-02-12T15:29:27.843+0000] {dag.py:3823} INFO - Setting next_dagrun for ecommerce_etl_v2 to 2026-02-12 13:00:00+00:00, run_after=2026-02-13 13:00:00+00:00
[2026-02-12T15:29:27.851+0000] {processor.py:183} INFO - Processing /opt/airflow/dags/etl_dag.py took 0.247 seconds
[2026-02-12T15:29:58.145+0000] {processor.py:161} INFO - Started process (PID=11713) to work on /opt/airflow/dags/etl_dag.py
[2026-02-12T15:29:58.146+0000] {processor.py:830} INFO - Processing file /opt/airflow/dags/etl_dag.py for tasks to queue
[2026-02-12T15:29:58.147+0000] {logging_mixin.py:188} INFO - [2026-02-12T15:29:58.146+0000] {dagbag.py:538} INFO - Filling up the DagBag from /opt/airflow/dags/etl_dag.py
[2026-02-12T15:29:58.192+0000] {logging_mixin.py:188} INFO - Warning: Your Kaggle API key is readable by other users on this system! To fix this, you can run 'chmod 600 /home/airflow/.kaggle/kaggle.json'
[2026-02-12T15:29:58.345+0000] {logging_mixin.py:188} WARNING - /home/airflow/.local/lib/python3.8/site-packages/airflow/models/baseoperator.py:437 AirflowProviderDeprecationWarning: `exists_ok` parameter is deprecated, please use `if_exists`
[2026-02-12T15:29:58.353+0000] {processor.py:840} INFO - DAG(s) 'ecommerce_etl_v2' retrieved from /opt/airflow/dags/etl_dag.py
[2026-02-12T15:29:58.370+0000] {logging_mixin.py:188} INFO - [2026-02-12T15:29:58.369+0000] {dag.py:3036} INFO - Sync 1 DAGs
[2026-02-12T15:29:58.378+0000] {logging_mixin.py:188} INFO - [2026-02-12T15:29:58.378+0000] {dag.py:3823} INFO - Setting next_dagrun for ecommerce_etl_v2 to 2026-02-12 13:00:00+00:00, run_after=2026-02-13 13:00:00+00:00
[2026-02-12T15:29:58.387+0000] {processor.py:183} INFO - Processing /opt/airflow/dags/etl_dag.py took 0.247 seconds
[2026-02-12T15:30:28.493+0000] {processor.py:161} INFO - Started process (PID=11744) to work on /opt/airflow/dags/etl_dag.py
[2026-02-12T15:30:28.494+0000] {processor.py:830} INFO - Processing file /opt/airflow/dags/etl_dag.py for tasks to queue
[2026-02-12T15:30:28.495+0000] {logging_mixin.py:188} INFO - [2026-02-12T15:30:28.495+0000] {dagbag.py:538} INFO - Filling up the DagBag from /opt/airflow/dags/etl_dag.py
[2026-02-12T15:30:28.538+0000] {logging_mixin.py:188} INFO - Warning: Your Kaggle API key is readable by other users on this system! To fix this, you can run 'chmod 600 /home/airflow/.kaggle/kaggle.json'
[2026-02-12T15:30:28.696+0000] {logging_mixin.py:188} WARNING - /home/airflow/.local/lib/python3.8/site-packages/airflow/models/baseoperator.py:437 AirflowProviderDeprecationWarning: `exists_ok` parameter is deprecated, please use `if_exists`
[2026-02-12T15:30:28.705+0000] {processor.py:840} INFO - DAG(s) 'ecommerce_etl_v2' retrieved from /opt/airflow/dags/etl_dag.py
[2026-02-12T15:30:28.721+0000] {logging_mixin.py:188} INFO - [2026-02-12T15:30:28.721+0000] {dag.py:3036} INFO - Sync 1 DAGs
[2026-02-12T15:30:28.730+0000] {logging_mixin.py:188} INFO - [2026-02-12T15:30:28.730+0000] {dag.py:3823} INFO - Setting next_dagrun for ecommerce_etl_v2 to 2026-02-12 13:00:00+00:00, run_after=2026-02-13 13:00:00+00:00
[2026-02-12T15:30:28.738+0000] {processor.py:183} INFO - Processing /opt/airflow/dags/etl_dag.py took 0.249 seconds
[2026-02-12T15:30:58.899+0000] {processor.py:161} INFO - Started process (PID=11775) to work on /opt/airflow/dags/etl_dag.py
[2026-02-12T15:30:58.901+0000] {processor.py:830} INFO - Processing file /opt/airflow/dags/etl_dag.py for tasks to queue
[2026-02-12T15:30:58.902+0000] {logging_mixin.py:188} INFO - [2026-02-12T15:30:58.901+0000] {dagbag.py:538} INFO - Filling up the DagBag from /opt/airflow/dags/etl_dag.py
[2026-02-12T15:30:58.948+0000] {logging_mixin.py:188} INFO - Warning: Your Kaggle API key is readable by other users on this system! To fix this, you can run 'chmod 600 /home/airflow/.kaggle/kaggle.json'
[2026-02-12T15:30:59.103+0000] {logging_mixin.py:188} WARNING - /home/airflow/.local/lib/python3.8/site-packages/airflow/models/baseoperator.py:437 AirflowProviderDeprecationWarning: `exists_ok` parameter is deprecated, please use `if_exists`
[2026-02-12T15:30:59.112+0000] {processor.py:840} INFO - DAG(s) 'ecommerce_etl_v2' retrieved from /opt/airflow/dags/etl_dag.py
[2026-02-12T15:30:59.129+0000] {logging_mixin.py:188} INFO - [2026-02-12T15:30:59.129+0000] {dag.py:3036} INFO - Sync 1 DAGs
[2026-02-12T15:30:59.138+0000] {logging_mixin.py:188} INFO - [2026-02-12T15:30:59.138+0000] {dag.py:3823} INFO - Setting next_dagrun for ecommerce_etl_v2 to 2026-02-12 13:00:00+00:00, run_after=2026-02-13 13:00:00+00:00
[2026-02-12T15:30:59.146+0000] {processor.py:183} INFO - Processing /opt/airflow/dags/etl_dag.py took 0.251 seconds
[2026-02-12T15:31:29.196+0000] {processor.py:161} INFO - Started process (PID=11806) to work on /opt/airflow/dags/etl_dag.py
[2026-02-12T15:31:29.197+0000] {processor.py:830} INFO - Processing file /opt/airflow/dags/etl_dag.py for tasks to queue
[2026-02-12T15:31:29.198+0000] {logging_mixin.py:188} INFO - [2026-02-12T15:31:29.197+0000] {dagbag.py:538} INFO - Filling up the DagBag from /opt/airflow/dags/etl_dag.py
[2026-02-12T15:31:29.238+0000] {logging_mixin.py:188} INFO - Warning: Your Kaggle API key is readable by other users on this system! To fix this, you can run 'chmod 600 /home/airflow/.kaggle/kaggle.json'
[2026-02-12T15:31:29.396+0000] {logging_mixin.py:188} WARNING - /home/airflow/.local/lib/python3.8/site-packages/airflow/models/baseoperator.py:437 AirflowProviderDeprecationWarning: `exists_ok` parameter is deprecated, please use `if_exists`
[2026-02-12T15:31:29.407+0000] {processor.py:840} INFO - DAG(s) 'ecommerce_etl_v2' retrieved from /opt/airflow/dags/etl_dag.py
[2026-02-12T15:31:29.423+0000] {logging_mixin.py:188} INFO - [2026-02-12T15:31:29.423+0000] {dag.py:3036} INFO - Sync 1 DAGs
[2026-02-12T15:31:29.433+0000] {logging_mixin.py:188} INFO - [2026-02-12T15:31:29.432+0000] {dag.py:3823} INFO - Setting next_dagrun for ecommerce_etl_v2 to 2026-02-12 13:00:00+00:00, run_after=2026-02-13 13:00:00+00:00
[2026-02-12T15:31:29.440+0000] {processor.py:183} INFO - Processing /opt/airflow/dags/etl_dag.py took 0.248 seconds
[2026-02-12T15:31:59.482+0000] {processor.py:161} INFO - Started process (PID=11837) to work on /opt/airflow/dags/etl_dag.py
[2026-02-12T15:31:59.482+0000] {processor.py:830} INFO - Processing file /opt/airflow/dags/etl_dag.py for tasks to queue
[2026-02-12T15:31:59.483+0000] {logging_mixin.py:188} INFO - [2026-02-12T15:31:59.483+0000] {dagbag.py:538} INFO - Filling up the DagBag from /opt/airflow/dags/etl_dag.py
[2026-02-12T15:31:59.526+0000] {logging_mixin.py:188} INFO - Warning: Your Kaggle API key is readable by other users on this system! To fix this, you can run 'chmod 600 /home/airflow/.kaggle/kaggle.json'
[2026-02-12T15:31:59.694+0000] {logging_mixin.py:188} WARNING - /home/airflow/.local/lib/python3.8/site-packages/airflow/models/baseoperator.py:437 AirflowProviderDeprecationWarning: `exists_ok` parameter is deprecated, please use `if_exists`
[2026-02-12T15:31:59.703+0000] {processor.py:840} INFO - DAG(s) 'ecommerce_etl_v2' retrieved from /opt/airflow/dags/etl_dag.py
[2026-02-12T15:31:59.719+0000] {logging_mixin.py:188} INFO - [2026-02-12T15:31:59.719+0000] {dag.py:3036} INFO - Sync 1 DAGs
[2026-02-12T15:31:59.728+0000] {logging_mixin.py:188} INFO - [2026-02-12T15:31:59.728+0000] {dag.py:3823} INFO - Setting next_dagrun for ecommerce_etl_v2 to 2026-02-12 13:00:00+00:00, run_after=2026-02-13 13:00:00+00:00
[2026-02-12T15:31:59.736+0000] {processor.py:183} INFO - Processing /opt/airflow/dags/etl_dag.py took 0.257 seconds
[2026-02-12T15:32:29.793+0000] {processor.py:161} INFO - Started process (PID=11868) to work on /opt/airflow/dags/etl_dag.py
[2026-02-12T15:32:29.794+0000] {processor.py:830} INFO - Processing file /opt/airflow/dags/etl_dag.py for tasks to queue
[2026-02-12T15:32:29.794+0000] {logging_mixin.py:188} INFO - [2026-02-12T15:32:29.794+0000] {dagbag.py:538} INFO - Filling up the DagBag from /opt/airflow/dags/etl_dag.py
[2026-02-12T15:32:29.829+0000] {logging_mixin.py:188} INFO - Warning: Your Kaggle API key is readable by other users on this system! To fix this, you can run 'chmod 600 /home/airflow/.kaggle/kaggle.json'
[2026-02-12T15:32:29.982+0000] {logging_mixin.py:188} WARNING - /home/airflow/.local/lib/python3.8/site-packages/airflow/models/baseoperator.py:437 AirflowProviderDeprecationWarning: `exists_ok` parameter is deprecated, please use `if_exists`
[2026-02-12T15:32:29.992+0000] {processor.py:840} INFO - DAG(s) 'ecommerce_etl_v2' retrieved from /opt/airflow/dags/etl_dag.py
[2026-02-12T15:32:30.009+0000] {logging_mixin.py:188} INFO - [2026-02-12T15:32:30.008+0000] {dag.py:3036} INFO - Sync 1 DAGs
[2026-02-12T15:32:30.018+0000] {logging_mixin.py:188} INFO - [2026-02-12T15:32:30.018+0000] {dag.py:3823} INFO - Setting next_dagrun for ecommerce_etl_v2 to 2026-02-12 13:00:00+00:00, run_after=2026-02-13 13:00:00+00:00
[2026-02-12T15:32:30.025+0000] {processor.py:183} INFO - Processing /opt/airflow/dags/etl_dag.py took 0.234 seconds
[2026-02-12T15:33:00.359+0000] {processor.py:161} INFO - Started process (PID=11899) to work on /opt/airflow/dags/etl_dag.py
[2026-02-12T15:33:00.360+0000] {processor.py:830} INFO - Processing file /opt/airflow/dags/etl_dag.py for tasks to queue
[2026-02-12T15:33:00.361+0000] {logging_mixin.py:188} INFO - [2026-02-12T15:33:00.361+0000] {dagbag.py:538} INFO - Filling up the DagBag from /opt/airflow/dags/etl_dag.py
[2026-02-12T15:33:00.408+0000] {logging_mixin.py:188} INFO - Warning: Your Kaggle API key is readable by other users on this system! To fix this, you can run 'chmod 600 /home/airflow/.kaggle/kaggle.json'
[2026-02-12T15:33:00.571+0000] {logging_mixin.py:188} WARNING - /home/airflow/.local/lib/python3.8/site-packages/airflow/models/baseoperator.py:437 AirflowProviderDeprecationWarning: `exists_ok` parameter is deprecated, please use `if_exists`
[2026-02-12T15:33:00.580+0000] {processor.py:840} INFO - DAG(s) 'ecommerce_etl_v2' retrieved from /opt/airflow/dags/etl_dag.py
[2026-02-12T15:33:00.597+0000] {logging_mixin.py:188} INFO - [2026-02-12T15:33:00.597+0000] {dag.py:3036} INFO - Sync 1 DAGs
[2026-02-12T15:33:00.607+0000] {logging_mixin.py:188} INFO - [2026-02-12T15:33:00.606+0000] {dag.py:3823} INFO - Setting next_dagrun for ecommerce_etl_v2 to 2026-02-12 13:00:00+00:00, run_after=2026-02-13 13:00:00+00:00
[2026-02-12T15:33:00.615+0000] {processor.py:183} INFO - Processing /opt/airflow/dags/etl_dag.py took 0.259 seconds
[2026-02-12T15:33:30.712+0000] {processor.py:161} INFO - Started process (PID=11930) to work on /opt/airflow/dags/etl_dag.py
[2026-02-12T15:33:30.713+0000] {processor.py:830} INFO - Processing file /opt/airflow/dags/etl_dag.py for tasks to queue
[2026-02-12T15:33:30.714+0000] {logging_mixin.py:188} INFO - [2026-02-12T15:33:30.714+0000] {dagbag.py:538} INFO - Filling up the DagBag from /opt/airflow/dags/etl_dag.py
[2026-02-12T15:33:30.762+0000] {logging_mixin.py:188} INFO - Warning: Your Kaggle API key is readable by other users on this system! To fix this, you can run 'chmod 600 /home/airflow/.kaggle/kaggle.json'
[2026-02-12T15:33:30.924+0000] {logging_mixin.py:188} WARNING - /home/airflow/.local/lib/python3.8/site-packages/airflow/models/baseoperator.py:437 AirflowProviderDeprecationWarning: `exists_ok` parameter is deprecated, please use `if_exists`
[2026-02-12T15:33:30.933+0000] {processor.py:840} INFO - DAG(s) 'ecommerce_etl_v2' retrieved from /opt/airflow/dags/etl_dag.py
[2026-02-12T15:33:30.950+0000] {logging_mixin.py:188} INFO - [2026-02-12T15:33:30.950+0000] {dag.py:3036} INFO - Sync 1 DAGs
[2026-02-12T15:33:30.959+0000] {logging_mixin.py:188} INFO - [2026-02-12T15:33:30.959+0000] {dag.py:3823} INFO - Setting next_dagrun for ecommerce_etl_v2 to 2026-02-12 13:00:00+00:00, run_after=2026-02-13 13:00:00+00:00
[2026-02-12T15:33:30.968+0000] {processor.py:183} INFO - Processing /opt/airflow/dags/etl_dag.py took 0.261 seconds
[2026-02-12T15:34:01.253+0000] {processor.py:161} INFO - Started process (PID=11961) to work on /opt/airflow/dags/etl_dag.py
[2026-02-12T15:34:01.255+0000] {processor.py:830} INFO - Processing file /opt/airflow/dags/etl_dag.py for tasks to queue
[2026-02-12T15:34:01.256+0000] {logging_mixin.py:188} INFO - [2026-02-12T15:34:01.255+0000] {dagbag.py:538} INFO - Filling up the DagBag from /opt/airflow/dags/etl_dag.py
[2026-02-12T15:34:01.301+0000] {logging_mixin.py:188} INFO - Warning: Your Kaggle API key is readable by other users on this system! To fix this, you can run 'chmod 600 /home/airflow/.kaggle/kaggle.json'
[2026-02-12T15:34:01.456+0000] {logging_mixin.py:188} WARNING - /home/airflow/.local/lib/python3.8/site-packages/airflow/models/baseoperator.py:437 AirflowProviderDeprecationWarning: `exists_ok` parameter is deprecated, please use `if_exists`
[2026-02-12T15:34:01.464+0000] {processor.py:840} INFO - DAG(s) 'ecommerce_etl_v2' retrieved from /opt/airflow/dags/etl_dag.py
[2026-02-12T15:34:01.480+0000] {logging_mixin.py:188} INFO - [2026-02-12T15:34:01.480+0000] {dag.py:3036} INFO - Sync 1 DAGs
[2026-02-12T15:34:01.489+0000] {logging_mixin.py:188} INFO - [2026-02-12T15:34:01.489+0000] {dag.py:3823} INFO - Setting next_dagrun for ecommerce_etl_v2 to 2026-02-12 13:00:00+00:00, run_after=2026-02-13 13:00:00+00:00
[2026-02-12T15:34:01.497+0000] {processor.py:183} INFO - Processing /opt/airflow/dags/etl_dag.py took 0.248 seconds
[2026-02-12T15:34:31.607+0000] {processor.py:161} INFO - Started process (PID=11992) to work on /opt/airflow/dags/etl_dag.py
[2026-02-12T15:34:31.608+0000] {processor.py:830} INFO - Processing file /opt/airflow/dags/etl_dag.py for tasks to queue
[2026-02-12T15:34:31.609+0000] {logging_mixin.py:188} INFO - [2026-02-12T15:34:31.609+0000] {dagbag.py:538} INFO - Filling up the DagBag from /opt/airflow/dags/etl_dag.py
[2026-02-12T15:34:31.655+0000] {logging_mixin.py:188} INFO - Warning: Your Kaggle API key is readable by other users on this system! To fix this, you can run 'chmod 600 /home/airflow/.kaggle/kaggle.json'
[2026-02-12T15:34:31.814+0000] {logging_mixin.py:188} WARNING - /home/airflow/.local/lib/python3.8/site-packages/airflow/models/baseoperator.py:437 AirflowProviderDeprecationWarning: `exists_ok` parameter is deprecated, please use `if_exists`
[2026-02-12T15:34:31.825+0000] {processor.py:840} INFO - DAG(s) 'ecommerce_etl_v2' retrieved from /opt/airflow/dags/etl_dag.py
[2026-02-12T15:34:31.843+0000] {logging_mixin.py:188} INFO - [2026-02-12T15:34:31.843+0000] {dag.py:3036} INFO - Sync 1 DAGs
[2026-02-12T15:34:31.853+0000] {logging_mixin.py:188} INFO - [2026-02-12T15:34:31.852+0000] {dag.py:3823} INFO - Setting next_dagrun for ecommerce_etl_v2 to 2026-02-12 13:00:00+00:00, run_after=2026-02-13 13:00:00+00:00
[2026-02-12T15:34:31.861+0000] {processor.py:183} INFO - Processing /opt/airflow/dags/etl_dag.py took 0.258 seconds
[2026-02-12T15:35:02.059+0000] {processor.py:161} INFO - Started process (PID=12023) to work on /opt/airflow/dags/etl_dag.py
[2026-02-12T15:35:02.060+0000] {processor.py:830} INFO - Processing file /opt/airflow/dags/etl_dag.py for tasks to queue
[2026-02-12T15:35:02.061+0000] {logging_mixin.py:188} INFO - [2026-02-12T15:35:02.060+0000] {dagbag.py:538} INFO - Filling up the DagBag from /opt/airflow/dags/etl_dag.py
[2026-02-12T15:35:02.101+0000] {logging_mixin.py:188} INFO - Warning: Your Kaggle API key is readable by other users on this system! To fix this, you can run 'chmod 600 /home/airflow/.kaggle/kaggle.json'
[2026-02-12T15:35:02.255+0000] {logging_mixin.py:188} WARNING - /home/airflow/.local/lib/python3.8/site-packages/airflow/models/baseoperator.py:437 AirflowProviderDeprecationWarning: `exists_ok` parameter is deprecated, please use `if_exists`
[2026-02-12T15:35:02.263+0000] {processor.py:840} INFO - DAG(s) 'ecommerce_etl_v2' retrieved from /opt/airflow/dags/etl_dag.py
[2026-02-12T15:35:02.280+0000] {logging_mixin.py:188} INFO - [2026-02-12T15:35:02.280+0000] {dag.py:3036} INFO - Sync 1 DAGs
[2026-02-12T15:35:02.289+0000] {logging_mixin.py:188} INFO - [2026-02-12T15:35:02.288+0000] {dag.py:3823} INFO - Setting next_dagrun for ecommerce_etl_v2 to 2026-02-12 13:00:00+00:00, run_after=2026-02-13 13:00:00+00:00
[2026-02-12T15:35:02.296+0000] {processor.py:183} INFO - Processing /opt/airflow/dags/etl_dag.py took 0.240 seconds
[2026-02-12T15:35:32.370+0000] {processor.py:161} INFO - Started process (PID=12054) to work on /opt/airflow/dags/etl_dag.py
[2026-02-12T15:35:32.371+0000] {processor.py:830} INFO - Processing file /opt/airflow/dags/etl_dag.py for tasks to queue
[2026-02-12T15:35:32.371+0000] {logging_mixin.py:188} INFO - [2026-02-12T15:35:32.371+0000] {dagbag.py:538} INFO - Filling up the DagBag from /opt/airflow/dags/etl_dag.py
[2026-02-12T15:35:32.414+0000] {logging_mixin.py:188} INFO - Warning: Your Kaggle API key is readable by other users on this system! To fix this, you can run 'chmod 600 /home/airflow/.kaggle/kaggle.json'
[2026-02-12T15:35:32.568+0000] {logging_mixin.py:188} WARNING - /home/airflow/.local/lib/python3.8/site-packages/airflow/models/baseoperator.py:437 AirflowProviderDeprecationWarning: `exists_ok` parameter is deprecated, please use `if_exists`
[2026-02-12T15:35:32.577+0000] {processor.py:840} INFO - DAG(s) 'ecommerce_etl_v2' retrieved from /opt/airflow/dags/etl_dag.py
[2026-02-12T15:35:32.593+0000] {logging_mixin.py:188} INFO - [2026-02-12T15:35:32.593+0000] {dag.py:3036} INFO - Sync 1 DAGs
[2026-02-12T15:35:32.602+0000] {logging_mixin.py:188} INFO - [2026-02-12T15:35:32.602+0000] {dag.py:3823} INFO - Setting next_dagrun for ecommerce_etl_v2 to 2026-02-12 13:00:00+00:00, run_after=2026-02-13 13:00:00+00:00
[2026-02-12T15:35:32.611+0000] {processor.py:183} INFO - Processing /opt/airflow/dags/etl_dag.py took 0.244 seconds
[2026-02-12T15:36:02.887+0000] {processor.py:161} INFO - Started process (PID=12085) to work on /opt/airflow/dags/etl_dag.py
[2026-02-12T15:36:02.888+0000] {processor.py:830} INFO - Processing file /opt/airflow/dags/etl_dag.py for tasks to queue
[2026-02-12T15:36:02.889+0000] {logging_mixin.py:188} INFO - [2026-02-12T15:36:02.889+0000] {dagbag.py:538} INFO - Filling up the DagBag from /opt/airflow/dags/etl_dag.py
[2026-02-12T15:36:02.936+0000] {logging_mixin.py:188} INFO - Warning: Your Kaggle API key is readable by other users on this system! To fix this, you can run 'chmod 600 /home/airflow/.kaggle/kaggle.json'
[2026-02-12T15:36:03.108+0000] {logging_mixin.py:188} WARNING - /home/airflow/.local/lib/python3.8/site-packages/airflow/models/baseoperator.py:437 AirflowProviderDeprecationWarning: `exists_ok` parameter is deprecated, please use `if_exists`
[2026-02-12T15:36:03.118+0000] {processor.py:840} INFO - DAG(s) 'ecommerce_etl_v2' retrieved from /opt/airflow/dags/etl_dag.py
[2026-02-12T15:36:03.136+0000] {logging_mixin.py:188} INFO - [2026-02-12T15:36:03.136+0000] {dag.py:3036} INFO - Sync 1 DAGs
[2026-02-12T15:36:03.147+0000] {logging_mixin.py:188} INFO - [2026-02-12T15:36:03.147+0000] {dag.py:3823} INFO - Setting next_dagrun for ecommerce_etl_v2 to 2026-02-12 13:00:00+00:00, run_after=2026-02-13 13:00:00+00:00
[2026-02-12T15:36:03.156+0000] {processor.py:183} INFO - Processing /opt/airflow/dags/etl_dag.py took 0.273 seconds
[2026-02-12T15:40:45.472+0000] {processor.py:161} INFO - Started process (PID=12116) to work on /opt/airflow/dags/etl_dag.py
[2026-02-12T15:40:45.473+0000] {processor.py:830} INFO - Processing file /opt/airflow/dags/etl_dag.py for tasks to queue
[2026-02-12T15:40:45.474+0000] {logging_mixin.py:188} INFO - [2026-02-12T15:40:45.473+0000] {dagbag.py:538} INFO - Filling up the DagBag from /opt/airflow/dags/etl_dag.py
[2026-02-12T15:40:45.526+0000] {logging_mixin.py:188} INFO - Warning: Your Kaggle API key is readable by other users on this system! To fix this, you can run 'chmod 600 /home/airflow/.kaggle/kaggle.json'
[2026-02-12T15:40:45.805+0000] {logging_mixin.py:188} WARNING - /home/airflow/.local/lib/python3.8/site-packages/airflow/models/baseoperator.py:437 AirflowProviderDeprecationWarning: `exists_ok` parameter is deprecated, please use `if_exists`
[2026-02-12T15:40:45.816+0000] {processor.py:840} INFO - DAG(s) 'ecommerce_etl_v2' retrieved from /opt/airflow/dags/etl_dag.py
[2026-02-12T15:40:45.836+0000] {logging_mixin.py:188} INFO - [2026-02-12T15:40:45.836+0000] {dag.py:3036} INFO - Sync 1 DAGs
[2026-02-12T15:40:45.846+0000] {logging_mixin.py:188} INFO - [2026-02-12T15:40:45.846+0000] {dag.py:3823} INFO - Setting next_dagrun for ecommerce_etl_v2 to 2026-02-12 13:00:00+00:00, run_after=2026-02-13 13:00:00+00:00
[2026-02-12T15:40:45.857+0000] {processor.py:183} INFO - Processing /opt/airflow/dags/etl_dag.py took 0.388 seconds
[2026-02-12T15:41:16.071+0000] {processor.py:161} INFO - Started process (PID=12149) to work on /opt/airflow/dags/etl_dag.py
[2026-02-12T15:41:16.072+0000] {processor.py:830} INFO - Processing file /opt/airflow/dags/etl_dag.py for tasks to queue
[2026-02-12T15:41:16.073+0000] {logging_mixin.py:188} INFO - [2026-02-12T15:41:16.073+0000] {dagbag.py:538} INFO - Filling up the DagBag from /opt/airflow/dags/etl_dag.py
[2026-02-12T15:41:16.121+0000] {logging_mixin.py:188} INFO - Warning: Your Kaggle API key is readable by other users on this system! To fix this, you can run 'chmod 600 /home/airflow/.kaggle/kaggle.json'
[2026-02-12T15:41:16.278+0000] {logging_mixin.py:188} WARNING - /home/airflow/.local/lib/python3.8/site-packages/airflow/models/baseoperator.py:437 AirflowProviderDeprecationWarning: `exists_ok` parameter is deprecated, please use `if_exists`
[2026-02-12T15:41:16.288+0000] {processor.py:840} INFO - DAG(s) 'ecommerce_etl_v2' retrieved from /opt/airflow/dags/etl_dag.py
[2026-02-12T15:41:16.306+0000] {logging_mixin.py:188} INFO - [2026-02-12T15:41:16.306+0000] {dag.py:3036} INFO - Sync 1 DAGs
[2026-02-12T15:41:16.317+0000] {logging_mixin.py:188} INFO - [2026-02-12T15:41:16.317+0000] {dag.py:3823} INFO - Setting next_dagrun for ecommerce_etl_v2 to 2026-02-12 13:00:00+00:00, run_after=2026-02-13 13:00:00+00:00
[2026-02-12T15:41:16.326+0000] {processor.py:183} INFO - Processing /opt/airflow/dags/etl_dag.py took 0.259 seconds
[2026-02-12T15:41:46.401+0000] {processor.py:161} INFO - Started process (PID=12180) to work on /opt/airflow/dags/etl_dag.py
[2026-02-12T15:41:46.403+0000] {processor.py:830} INFO - Processing file /opt/airflow/dags/etl_dag.py for tasks to queue
[2026-02-12T15:41:46.404+0000] {logging_mixin.py:188} INFO - [2026-02-12T15:41:46.404+0000] {dagbag.py:538} INFO - Filling up the DagBag from /opt/airflow/dags/etl_dag.py
[2026-02-12T15:41:46.449+0000] {logging_mixin.py:188} INFO - Warning: Your Kaggle API key is readable by other users on this system! To fix this, you can run 'chmod 600 /home/airflow/.kaggle/kaggle.json'
[2026-02-12T15:41:46.613+0000] {logging_mixin.py:188} WARNING - /home/airflow/.local/lib/python3.8/site-packages/airflow/models/baseoperator.py:437 AirflowProviderDeprecationWarning: `exists_ok` parameter is deprecated, please use `if_exists`
[2026-02-12T15:41:46.621+0000] {processor.py:840} INFO - DAG(s) 'ecommerce_etl_v2' retrieved from /opt/airflow/dags/etl_dag.py
[2026-02-12T15:41:46.637+0000] {logging_mixin.py:188} INFO - [2026-02-12T15:41:46.637+0000] {dag.py:3036} INFO - Sync 1 DAGs
[2026-02-12T15:41:46.646+0000] {logging_mixin.py:188} INFO - [2026-02-12T15:41:46.646+0000] {dag.py:3823} INFO - Setting next_dagrun for ecommerce_etl_v2 to 2026-02-12 13:00:00+00:00, run_after=2026-02-13 13:00:00+00:00
[2026-02-12T15:41:46.654+0000] {processor.py:183} INFO - Processing /opt/airflow/dags/etl_dag.py took 0.257 seconds
[2026-02-12T15:42:16.886+0000] {processor.py:161} INFO - Started process (PID=12211) to work on /opt/airflow/dags/etl_dag.py
[2026-02-12T15:42:16.887+0000] {processor.py:830} INFO - Processing file /opt/airflow/dags/etl_dag.py for tasks to queue
[2026-02-12T15:42:16.888+0000] {logging_mixin.py:188} INFO - [2026-02-12T15:42:16.888+0000] {dagbag.py:538} INFO - Filling up the DagBag from /opt/airflow/dags/etl_dag.py
[2026-02-12T15:42:16.928+0000] {logging_mixin.py:188} INFO - Warning: Your Kaggle API key is readable by other users on this system! To fix this, you can run 'chmod 600 /home/airflow/.kaggle/kaggle.json'
[2026-02-12T15:42:17.083+0000] {logging_mixin.py:188} WARNING - /home/airflow/.local/lib/python3.8/site-packages/airflow/models/baseoperator.py:437 AirflowProviderDeprecationWarning: `exists_ok` parameter is deprecated, please use `if_exists`
[2026-02-12T15:42:17.092+0000] {processor.py:840} INFO - DAG(s) 'ecommerce_etl_v2' retrieved from /opt/airflow/dags/etl_dag.py
[2026-02-12T15:42:17.108+0000] {logging_mixin.py:188} INFO - [2026-02-12T15:42:17.108+0000] {dag.py:3036} INFO - Sync 1 DAGs
[2026-02-12T15:42:17.118+0000] {logging_mixin.py:188} INFO - [2026-02-12T15:42:17.118+0000] {dag.py:3823} INFO - Setting next_dagrun for ecommerce_etl_v2 to 2026-02-12 13:00:00+00:00, run_after=2026-02-13 13:00:00+00:00
[2026-02-12T15:42:17.127+0000] {processor.py:183} INFO - Processing /opt/airflow/dags/etl_dag.py took 0.243 seconds
[2026-02-12T15:42:47.176+0000] {processor.py:161} INFO - Started process (PID=12242) to work on /opt/airflow/dags/etl_dag.py
[2026-02-12T15:42:47.178+0000] {processor.py:830} INFO - Processing file /opt/airflow/dags/etl_dag.py for tasks to queue
[2026-02-12T15:42:47.178+0000] {logging_mixin.py:188} INFO - [2026-02-12T15:42:47.178+0000] {dagbag.py:538} INFO - Filling up the DagBag from /opt/airflow/dags/etl_dag.py
[2026-02-12T15:42:47.330+0000] {logging_mixin.py:188} INFO - Warning: Your Kaggle API key is readable by other users on this system! To fix this, you can run 'chmod 600 /home/airflow/.kaggle/kaggle.json'
[2026-02-12T15:42:47.389+0000] {logging_mixin.py:188} WARNING - /home/airflow/.local/lib/python3.8/site-packages/airflow/models/baseoperator.py:437 AirflowProviderDeprecationWarning: `exists_ok` parameter is deprecated, please use `if_exists`
[2026-02-12T15:42:47.397+0000] {processor.py:840} INFO - DAG(s) 'ecommerce_etl_v2' retrieved from /opt/airflow/dags/etl_dag.py
[2026-02-12T15:42:47.415+0000] {logging_mixin.py:188} INFO - [2026-02-12T15:42:47.415+0000] {dag.py:3036} INFO - Sync 1 DAGs
[2026-02-12T15:42:47.425+0000] {logging_mixin.py:188} INFO - [2026-02-12T15:42:47.425+0000] {dag.py:3823} INFO - Setting next_dagrun for ecommerce_etl_v2 to 2026-02-12 13:00:00+00:00, run_after=2026-02-13 13:00:00+00:00
[2026-02-12T15:42:47.434+0000] {processor.py:183} INFO - Processing /opt/airflow/dags/etl_dag.py took 0.263 seconds
[2026-02-12T15:43:17.696+0000] {processor.py:161} INFO - Started process (PID=12273) to work on /opt/airflow/dags/etl_dag.py
[2026-02-12T15:43:17.697+0000] {processor.py:830} INFO - Processing file /opt/airflow/dags/etl_dag.py for tasks to queue
[2026-02-12T15:43:17.697+0000] {logging_mixin.py:188} INFO - [2026-02-12T15:43:17.697+0000] {dagbag.py:538} INFO - Filling up the DagBag from /opt/airflow/dags/etl_dag.py
[2026-02-12T15:43:17.739+0000] {logging_mixin.py:188} INFO - Warning: Your Kaggle API key is readable by other users on this system! To fix this, you can run 'chmod 600 /home/airflow/.kaggle/kaggle.json'
[2026-02-12T15:43:17.904+0000] {logging_mixin.py:188} WARNING - /home/airflow/.local/lib/python3.8/site-packages/airflow/models/baseoperator.py:437 AirflowProviderDeprecationWarning: `exists_ok` parameter is deprecated, please use `if_exists`
[2026-02-12T15:43:17.913+0000] {processor.py:840} INFO - DAG(s) 'ecommerce_etl_v2' retrieved from /opt/airflow/dags/etl_dag.py
[2026-02-12T15:43:17.930+0000] {logging_mixin.py:188} INFO - [2026-02-12T15:43:17.930+0000] {dag.py:3036} INFO - Sync 1 DAGs
[2026-02-12T15:43:17.941+0000] {logging_mixin.py:188} INFO - [2026-02-12T15:43:17.941+0000] {dag.py:3823} INFO - Setting next_dagrun for ecommerce_etl_v2 to 2026-02-12 13:00:00+00:00, run_after=2026-02-13 13:00:00+00:00
[2026-02-12T15:43:17.951+0000] {processor.py:183} INFO - Processing /opt/airflow/dags/etl_dag.py took 0.256 seconds
[2026-02-12T15:43:47.995+0000] {processor.py:161} INFO - Started process (PID=12304) to work on /opt/airflow/dags/etl_dag.py
[2026-02-12T15:43:47.997+0000] {processor.py:830} INFO - Processing file /opt/airflow/dags/etl_dag.py for tasks to queue
[2026-02-12T15:43:47.998+0000] {logging_mixin.py:188} INFO - [2026-02-12T15:43:47.997+0000] {dagbag.py:538} INFO - Filling up the DagBag from /opt/airflow/dags/etl_dag.py
[2026-02-12T15:43:48.044+0000] {logging_mixin.py:188} INFO - Warning: Your Kaggle API key is readable by other users on this system! To fix this, you can run 'chmod 600 /home/airflow/.kaggle/kaggle.json'
[2026-02-12T15:43:48.199+0000] {logging_mixin.py:188} WARNING - /home/airflow/.local/lib/python3.8/site-packages/airflow/models/baseoperator.py:437 AirflowProviderDeprecationWarning: `exists_ok` parameter is deprecated, please use `if_exists`
[2026-02-12T15:43:48.207+0000] {processor.py:840} INFO - DAG(s) 'ecommerce_etl_v2' retrieved from /opt/airflow/dags/etl_dag.py
[2026-02-12T15:43:48.224+0000] {logging_mixin.py:188} INFO - [2026-02-12T15:43:48.224+0000] {dag.py:3036} INFO - Sync 1 DAGs
[2026-02-12T15:43:48.233+0000] {logging_mixin.py:188} INFO - [2026-02-12T15:43:48.233+0000] {dag.py:3823} INFO - Setting next_dagrun for ecommerce_etl_v2 to 2026-02-12 13:00:00+00:00, run_after=2026-02-13 13:00:00+00:00
[2026-02-12T15:43:48.241+0000] {processor.py:183} INFO - Processing /opt/airflow/dags/etl_dag.py took 0.250 seconds
[2026-02-12T15:44:18.529+0000] {processor.py:161} INFO - Started process (PID=12335) to work on /opt/airflow/dags/etl_dag.py
[2026-02-12T15:44:18.530+0000] {processor.py:830} INFO - Processing file /opt/airflow/dags/etl_dag.py for tasks to queue
[2026-02-12T15:44:18.531+0000] {logging_mixin.py:188} INFO - [2026-02-12T15:44:18.531+0000] {dagbag.py:538} INFO - Filling up the DagBag from /opt/airflow/dags/etl_dag.py
[2026-02-12T15:44:18.670+0000] {logging_mixin.py:188} INFO - Warning: Your Kaggle API key is readable by other users on this system! To fix this, you can run 'chmod 600 /home/airflow/.kaggle/kaggle.json'
[2026-02-12T15:44:18.728+0000] {logging_mixin.py:188} WARNING - /home/airflow/.local/lib/python3.8/site-packages/airflow/models/baseoperator.py:437 AirflowProviderDeprecationWarning: `exists_ok` parameter is deprecated, please use `if_exists`
[2026-02-12T15:44:18.736+0000] {processor.py:840} INFO - DAG(s) 'ecommerce_etl_v2' retrieved from /opt/airflow/dags/etl_dag.py
[2026-02-12T15:44:18.752+0000] {logging_mixin.py:188} INFO - [2026-02-12T15:44:18.752+0000] {dag.py:3036} INFO - Sync 1 DAGs
[2026-02-12T15:44:18.762+0000] {logging_mixin.py:188} INFO - [2026-02-12T15:44:18.762+0000] {dag.py:3823} INFO - Setting next_dagrun for ecommerce_etl_v2 to 2026-02-12 13:00:00+00:00, run_after=2026-02-13 13:00:00+00:00
[2026-02-12T15:44:18.770+0000] {processor.py:183} INFO - Processing /opt/airflow/dags/etl_dag.py took 0.245 seconds
[2026-02-12T15:44:48.871+0000] {processor.py:161} INFO - Started process (PID=12366) to work on /opt/airflow/dags/etl_dag.py
[2026-02-12T15:44:48.872+0000] {processor.py:830} INFO - Processing file /opt/airflow/dags/etl_dag.py for tasks to queue
[2026-02-12T15:44:48.873+0000] {logging_mixin.py:188} INFO - [2026-02-12T15:44:48.873+0000] {dagbag.py:538} INFO - Filling up the DagBag from /opt/airflow/dags/etl_dag.py
[2026-02-12T15:44:48.917+0000] {logging_mixin.py:188} INFO - Warning: Your Kaggle API key is readable by other users on this system! To fix this, you can run 'chmod 600 /home/airflow/.kaggle/kaggle.json'
[2026-02-12T15:44:49.070+0000] {logging_mixin.py:188} WARNING - /home/airflow/.local/lib/python3.8/site-packages/airflow/models/baseoperator.py:437 AirflowProviderDeprecationWarning: `exists_ok` parameter is deprecated, please use `if_exists`
[2026-02-12T15:44:49.079+0000] {processor.py:840} INFO - DAG(s) 'ecommerce_etl_v2' retrieved from /opt/airflow/dags/etl_dag.py
[2026-02-12T15:44:49.095+0000] {logging_mixin.py:188} INFO - [2026-02-12T15:44:49.095+0000] {dag.py:3036} INFO - Sync 1 DAGs
[2026-02-12T15:44:49.104+0000] {logging_mixin.py:188} INFO - [2026-02-12T15:44:49.104+0000] {dag.py:3823} INFO - Setting next_dagrun for ecommerce_etl_v2 to 2026-02-12 13:00:00+00:00, run_after=2026-02-13 13:00:00+00:00
[2026-02-12T15:44:49.112+0000] {processor.py:183} INFO - Processing /opt/airflow/dags/etl_dag.py took 0.245 seconds
[2026-02-12T15:45:19.375+0000] {processor.py:161} INFO - Started process (PID=12397) to work on /opt/airflow/dags/etl_dag.py
[2026-02-12T15:45:19.376+0000] {processor.py:830} INFO - Processing file /opt/airflow/dags/etl_dag.py for tasks to queue
[2026-02-12T15:45:19.377+0000] {logging_mixin.py:188} INFO - [2026-02-12T15:45:19.377+0000] {dagbag.py:538} INFO - Filling up the DagBag from /opt/airflow/dags/etl_dag.py
[2026-02-12T15:45:19.515+0000] {logging_mixin.py:188} INFO - Warning: Your Kaggle API key is readable by other users on this system! To fix this, you can run 'chmod 600 /home/airflow/.kaggle/kaggle.json'
[2026-02-12T15:45:19.574+0000] {logging_mixin.py:188} WARNING - /home/airflow/.local/lib/python3.8/site-packages/airflow/models/baseoperator.py:437 AirflowProviderDeprecationWarning: `exists_ok` parameter is deprecated, please use `if_exists`
[2026-02-12T15:45:19.582+0000] {processor.py:840} INFO - DAG(s) 'ecommerce_etl_v2' retrieved from /opt/airflow/dags/etl_dag.py
[2026-02-12T15:45:19.598+0000] {logging_mixin.py:188} INFO - [2026-02-12T15:45:19.598+0000] {dag.py:3036} INFO - Sync 1 DAGs
[2026-02-12T15:45:19.607+0000] {logging_mixin.py:188} INFO - [2026-02-12T15:45:19.607+0000] {dag.py:3823} INFO - Setting next_dagrun for ecommerce_etl_v2 to 2026-02-12 13:00:00+00:00, run_after=2026-02-13 13:00:00+00:00
[2026-02-12T15:45:19.615+0000] {processor.py:183} INFO - Processing /opt/airflow/dags/etl_dag.py took 0.244 seconds
[2026-02-12T15:45:49.725+0000] {processor.py:161} INFO - Started process (PID=12428) to work on /opt/airflow/dags/etl_dag.py
[2026-02-12T15:45:49.726+0000] {processor.py:830} INFO - Processing file /opt/airflow/dags/etl_dag.py for tasks to queue
[2026-02-12T15:45:49.727+0000] {logging_mixin.py:188} INFO - [2026-02-12T15:45:49.727+0000] {dagbag.py:538} INFO - Filling up the DagBag from /opt/airflow/dags/etl_dag.py
[2026-02-12T15:45:49.773+0000] {logging_mixin.py:188} INFO - Warning: Your Kaggle API key is readable by other users on this system! To fix this, you can run 'chmod 600 /home/airflow/.kaggle/kaggle.json'
[2026-02-12T15:45:49.929+0000] {logging_mixin.py:188} WARNING - /home/airflow/.local/lib/python3.8/site-packages/airflow/models/baseoperator.py:437 AirflowProviderDeprecationWarning: `exists_ok` parameter is deprecated, please use `if_exists`
[2026-02-12T15:45:49.937+0000] {processor.py:840} INFO - DAG(s) 'ecommerce_etl_v2' retrieved from /opt/airflow/dags/etl_dag.py
[2026-02-12T15:45:49.954+0000] {logging_mixin.py:188} INFO - [2026-02-12T15:45:49.954+0000] {dag.py:3036} INFO - Sync 1 DAGs
[2026-02-12T15:45:49.963+0000] {logging_mixin.py:188} INFO - [2026-02-12T15:45:49.963+0000] {dag.py:3823} INFO - Setting next_dagrun for ecommerce_etl_v2 to 2026-02-12 13:00:00+00:00, run_after=2026-02-13 13:00:00+00:00
[2026-02-12T15:45:49.971+0000] {processor.py:183} INFO - Processing /opt/airflow/dags/etl_dag.py took 0.251 seconds
[2026-02-12T15:46:20.113+0000] {processor.py:161} INFO - Started process (PID=12459) to work on /opt/airflow/dags/etl_dag.py
[2026-02-12T15:46:20.114+0000] {processor.py:830} INFO - Processing file /opt/airflow/dags/etl_dag.py for tasks to queue
[2026-02-12T15:46:20.115+0000] {logging_mixin.py:188} INFO - [2026-02-12T15:46:20.115+0000] {dagbag.py:538} INFO - Filling up the DagBag from /opt/airflow/dags/etl_dag.py
[2026-02-12T15:46:20.256+0000] {logging_mixin.py:188} INFO - Warning: Your Kaggle API key is readable by other users on this system! To fix this, you can run 'chmod 600 /home/airflow/.kaggle/kaggle.json'
[2026-02-12T15:46:20.313+0000] {logging_mixin.py:188} WARNING - /home/airflow/.local/lib/python3.8/site-packages/airflow/models/baseoperator.py:437 AirflowProviderDeprecationWarning: `exists_ok` parameter is deprecated, please use `if_exists`
[2026-02-12T15:46:20.322+0000] {processor.py:840} INFO - DAG(s) 'ecommerce_etl_v2' retrieved from /opt/airflow/dags/etl_dag.py
[2026-02-12T15:46:20.338+0000] {logging_mixin.py:188} INFO - [2026-02-12T15:46:20.338+0000] {dag.py:3036} INFO - Sync 1 DAGs
[2026-02-12T15:46:20.347+0000] {logging_mixin.py:188} INFO - [2026-02-12T15:46:20.347+0000] {dag.py:3823} INFO - Setting next_dagrun for ecommerce_etl_v2 to 2026-02-12 13:00:00+00:00, run_after=2026-02-13 13:00:00+00:00
[2026-02-12T15:46:20.355+0000] {processor.py:183} INFO - Processing /opt/airflow/dags/etl_dag.py took 0.247 seconds
[2026-02-12T15:51:37.967+0000] {processor.py:161} INFO - Started process (PID=12491) to work on /opt/airflow/dags/etl_dag.py
[2026-02-12T15:51:37.968+0000] {processor.py:830} INFO - Processing file /opt/airflow/dags/etl_dag.py for tasks to queue
[2026-02-12T15:51:37.969+0000] {logging_mixin.py:188} INFO - [2026-02-12T15:51:37.968+0000] {dagbag.py:538} INFO - Filling up the DagBag from /opt/airflow/dags/etl_dag.py
[2026-02-12T15:51:38.008+0000] {logging_mixin.py:188} INFO - Warning: Your Kaggle API key is readable by other users on this system! To fix this, you can run 'chmod 600 /home/airflow/.kaggle/kaggle.json'
[2026-02-12T15:51:38.183+0000] {logging_mixin.py:188} WARNING - /home/airflow/.local/lib/python3.8/site-packages/airflow/models/baseoperator.py:437 AirflowProviderDeprecationWarning: `exists_ok` parameter is deprecated, please use `if_exists`
[2026-02-12T15:51:38.192+0000] {processor.py:840} INFO - DAG(s) 'ecommerce_etl_v2' retrieved from /opt/airflow/dags/etl_dag.py
[2026-02-12T15:51:38.211+0000] {logging_mixin.py:188} INFO - [2026-02-12T15:51:38.211+0000] {dag.py:3036} INFO - Sync 1 DAGs
[2026-02-12T15:51:38.222+0000] {logging_mixin.py:188} INFO - [2026-02-12T15:51:38.222+0000] {dag.py:3823} INFO - Setting next_dagrun for ecommerce_etl_v2 to 2026-02-12 13:00:00+00:00, run_after=2026-02-13 13:00:00+00:00
[2026-02-12T15:51:38.230+0000] {processor.py:183} INFO - Processing /opt/airflow/dags/etl_dag.py took 0.265 seconds
[2026-02-12T16:21:34.097+0000] {processor.py:161} INFO - Started process (PID=12523) to work on /opt/airflow/dags/etl_dag.py
[2026-02-12T16:21:34.098+0000] {processor.py:830} INFO - Processing file /opt/airflow/dags/etl_dag.py for tasks to queue
[2026-02-12T16:21:34.098+0000] {logging_mixin.py:188} INFO - [2026-02-12T16:21:34.098+0000] {dagbag.py:538} INFO - Filling up the DagBag from /opt/airflow/dags/etl_dag.py
[2026-02-12T16:21:34.321+0000] {logging_mixin.py:188} INFO - Warning: Your Kaggle API key is readable by other users on this system! To fix this, you can run 'chmod 600 /home/airflow/.kaggle/kaggle.json'
[2026-02-12T16:21:34.389+0000] {logging_mixin.py:188} WARNING - /home/airflow/.local/lib/python3.8/site-packages/airflow/models/baseoperator.py:437 AirflowProviderDeprecationWarning: `exists_ok` parameter is deprecated, please use `if_exists`
[2026-02-12T16:21:34.400+0000] {processor.py:840} INFO - DAG(s) 'ecommerce_etl_v2' retrieved from /opt/airflow/dags/etl_dag.py
[2026-02-12T16:21:34.422+0000] {logging_mixin.py:188} INFO - [2026-02-12T16:21:34.422+0000] {dag.py:3036} INFO - Sync 1 DAGs
[2026-02-12T16:21:34.436+0000] {logging_mixin.py:188} INFO - [2026-02-12T16:21:34.436+0000] {dag.py:3823} INFO - Setting next_dagrun for ecommerce_etl_v2 to 2026-02-12 13:00:00+00:00, run_after=2026-02-13 13:00:00+00:00
[2026-02-12T16:21:34.449+0000] {processor.py:183} INFO - Processing /opt/airflow/dags/etl_dag.py took 0.354 seconds
[2026-02-12T16:22:04.748+0000] {processor.py:161} INFO - Started process (PID=12554) to work on /opt/airflow/dags/etl_dag.py
[2026-02-12T16:22:04.749+0000] {processor.py:830} INFO - Processing file /opt/airflow/dags/etl_dag.py for tasks to queue
[2026-02-12T16:22:04.750+0000] {logging_mixin.py:188} INFO - [2026-02-12T16:22:04.750+0000] {dagbag.py:538} INFO - Filling up the DagBag from /opt/airflow/dags/etl_dag.py
[2026-02-12T16:22:04.791+0000] {logging_mixin.py:188} INFO - Warning: Your Kaggle API key is readable by other users on this system! To fix this, you can run 'chmod 600 /home/airflow/.kaggle/kaggle.json'
[2026-02-12T16:22:04.943+0000] {logging_mixin.py:188} WARNING - /home/airflow/.local/lib/python3.8/site-packages/airflow/models/baseoperator.py:437 AirflowProviderDeprecationWarning: `exists_ok` parameter is deprecated, please use `if_exists`
[2026-02-12T16:22:04.954+0000] {processor.py:840} INFO - DAG(s) 'ecommerce_etl_v2' retrieved from /opt/airflow/dags/etl_dag.py
[2026-02-12T16:22:04.971+0000] {logging_mixin.py:188} INFO - [2026-02-12T16:22:04.971+0000] {dag.py:3036} INFO - Sync 1 DAGs
[2026-02-12T16:22:04.980+0000] {logging_mixin.py:188} INFO - [2026-02-12T16:22:04.980+0000] {dag.py:3823} INFO - Setting next_dagrun for ecommerce_etl_v2 to 2026-02-12 13:00:00+00:00, run_after=2026-02-13 13:00:00+00:00
[2026-02-12T16:22:04.988+0000] {processor.py:183} INFO - Processing /opt/airflow/dags/etl_dag.py took 0.244 seconds
[2026-02-12T16:22:35.061+0000] {processor.py:161} INFO - Started process (PID=12585) to work on /opt/airflow/dags/etl_dag.py
[2026-02-12T16:22:35.062+0000] {processor.py:830} INFO - Processing file /opt/airflow/dags/etl_dag.py for tasks to queue
[2026-02-12T16:22:35.063+0000] {logging_mixin.py:188} INFO - [2026-02-12T16:22:35.062+0000] {dagbag.py:538} INFO - Filling up the DagBag from /opt/airflow/dags/etl_dag.py
[2026-02-12T16:22:35.207+0000] {logging_mixin.py:188} INFO - Warning: Your Kaggle API key is readable by other users on this system! To fix this, you can run 'chmod 600 /home/airflow/.kaggle/kaggle.json'
[2026-02-12T16:22:35.266+0000] {logging_mixin.py:188} WARNING - /home/airflow/.local/lib/python3.8/site-packages/airflow/models/baseoperator.py:437 AirflowProviderDeprecationWarning: `exists_ok` parameter is deprecated, please use `if_exists`
[2026-02-12T16:22:35.275+0000] {processor.py:840} INFO - DAG(s) 'ecommerce_etl_v2' retrieved from /opt/airflow/dags/etl_dag.py
[2026-02-12T16:22:35.292+0000] {logging_mixin.py:188} INFO - [2026-02-12T16:22:35.292+0000] {dag.py:3036} INFO - Sync 1 DAGs
[2026-02-12T16:22:35.301+0000] {logging_mixin.py:188} INFO - [2026-02-12T16:22:35.301+0000] {dag.py:3823} INFO - Setting next_dagrun for ecommerce_etl_v2 to 2026-02-12 13:00:00+00:00, run_after=2026-02-13 13:00:00+00:00
[2026-02-12T16:22:35.309+0000] {processor.py:183} INFO - Processing /opt/airflow/dags/etl_dag.py took 0.250 seconds
[2026-02-12T16:23:05.574+0000] {processor.py:161} INFO - Started process (PID=12616) to work on /opt/airflow/dags/etl_dag.py
[2026-02-12T16:23:05.576+0000] {processor.py:830} INFO - Processing file /opt/airflow/dags/etl_dag.py for tasks to queue
[2026-02-12T16:23:05.576+0000] {logging_mixin.py:188} INFO - [2026-02-12T16:23:05.576+0000] {dagbag.py:538} INFO - Filling up the DagBag from /opt/airflow/dags/etl_dag.py
[2026-02-12T16:23:05.716+0000] {logging_mixin.py:188} INFO - Warning: Your Kaggle API key is readable by other users on this system! To fix this, you can run 'chmod 600 /home/airflow/.kaggle/kaggle.json'
[2026-02-12T16:23:05.773+0000] {logging_mixin.py:188} WARNING - /home/airflow/.local/lib/python3.8/site-packages/airflow/models/baseoperator.py:437 AirflowProviderDeprecationWarning: `exists_ok` parameter is deprecated, please use `if_exists`
[2026-02-12T16:23:05.783+0000] {processor.py:840} INFO - DAG(s) 'ecommerce_etl_v2' retrieved from /opt/airflow/dags/etl_dag.py
[2026-02-12T16:23:05.799+0000] {logging_mixin.py:188} INFO - [2026-02-12T16:23:05.799+0000] {dag.py:3036} INFO - Sync 1 DAGs
[2026-02-12T16:23:05.808+0000] {logging_mixin.py:188} INFO - [2026-02-12T16:23:05.808+0000] {dag.py:3823} INFO - Setting next_dagrun for ecommerce_etl_v2 to 2026-02-12 13:00:00+00:00, run_after=2026-02-13 13:00:00+00:00
[2026-02-12T16:23:05.816+0000] {processor.py:183} INFO - Processing /opt/airflow/dags/etl_dag.py took 0.245 seconds
[2026-02-12T16:23:36.023+0000] {processor.py:161} INFO - Started process (PID=12647) to work on /opt/airflow/dags/etl_dag.py
[2026-02-12T16:23:36.024+0000] {processor.py:830} INFO - Processing file /opt/airflow/dags/etl_dag.py for tasks to queue
[2026-02-12T16:23:36.024+0000] {logging_mixin.py:188} INFO - [2026-02-12T16:23:36.024+0000] {dagbag.py:538} INFO - Filling up the DagBag from /opt/airflow/dags/etl_dag.py
[2026-02-12T16:23:36.058+0000] {logging_mixin.py:188} INFO - Warning: Your Kaggle API key is readable by other users on this system! To fix this, you can run 'chmod 600 /home/airflow/.kaggle/kaggle.json'
[2026-02-12T16:23:36.118+0000] {logging_mixin.py:188} WARNING - /home/airflow/.local/lib/python3.8/site-packages/airflow/models/baseoperator.py:437 AirflowProviderDeprecationWarning: `exists_ok` parameter is deprecated, please use `if_exists`
[2026-02-12T16:23:36.126+0000] {processor.py:840} INFO - DAG(s) 'ecommerce_etl_v2' retrieved from /opt/airflow/dags/etl_dag.py
[2026-02-12T16:23:36.144+0000] {logging_mixin.py:188} INFO - [2026-02-12T16:23:36.144+0000] {dag.py:3036} INFO - Sync 1 DAGs
[2026-02-12T16:23:36.154+0000] {logging_mixin.py:188} INFO - [2026-02-12T16:23:36.154+0000] {dag.py:3823} INFO - Setting next_dagrun for ecommerce_etl_v2 to 2026-02-12 13:00:00+00:00, run_after=2026-02-13 13:00:00+00:00
[2026-02-12T16:23:36.162+0000] {processor.py:183} INFO - Processing /opt/airflow/dags/etl_dag.py took 0.141 seconds
[2026-02-12T16:24:06.420+0000] {processor.py:161} INFO - Started process (PID=12678) to work on /opt/airflow/dags/etl_dag.py
[2026-02-12T16:24:06.421+0000] {processor.py:830} INFO - Processing file /opt/airflow/dags/etl_dag.py for tasks to queue
[2026-02-12T16:24:06.422+0000] {logging_mixin.py:188} INFO - [2026-02-12T16:24:06.422+0000] {dagbag.py:538} INFO - Filling up the DagBag from /opt/airflow/dags/etl_dag.py
[2026-02-12T16:24:06.469+0000] {logging_mixin.py:188} INFO - Warning: Your Kaggle API key is readable by other users on this system! To fix this, you can run 'chmod 600 /home/airflow/.kaggle/kaggle.json'
[2026-02-12T16:24:06.529+0000] {logging_mixin.py:188} WARNING - /home/airflow/.local/lib/python3.8/site-packages/airflow/models/baseoperator.py:437 AirflowProviderDeprecationWarning: `exists_ok` parameter is deprecated, please use `if_exists`
[2026-02-12T16:24:06.538+0000] {processor.py:840} INFO - DAG(s) 'ecommerce_etl_v2' retrieved from /opt/airflow/dags/etl_dag.py
[2026-02-12T16:24:06.556+0000] {logging_mixin.py:188} INFO - [2026-02-12T16:24:06.556+0000] {dag.py:3036} INFO - Sync 1 DAGs
[2026-02-12T16:24:06.566+0000] {logging_mixin.py:188} INFO - [2026-02-12T16:24:06.566+0000] {dag.py:3823} INFO - Setting next_dagrun for ecommerce_etl_v2 to 2026-02-12 13:00:00+00:00, run_after=2026-02-13 13:00:00+00:00
[2026-02-12T16:24:06.575+0000] {processor.py:183} INFO - Processing /opt/airflow/dags/etl_dag.py took 0.159 seconds
[2026-02-12T16:24:36.798+0000] {processor.py:161} INFO - Started process (PID=12709) to work on /opt/airflow/dags/etl_dag.py
[2026-02-12T16:24:36.799+0000] {processor.py:830} INFO - Processing file /opt/airflow/dags/etl_dag.py for tasks to queue
[2026-02-12T16:24:36.800+0000] {logging_mixin.py:188} INFO - [2026-02-12T16:24:36.800+0000] {dagbag.py:538} INFO - Filling up the DagBag from /opt/airflow/dags/etl_dag.py
[2026-02-12T16:24:36.846+0000] {logging_mixin.py:188} INFO - Warning: Your Kaggle API key is readable by other users on this system! To fix this, you can run 'chmod 600 /home/airflow/.kaggle/kaggle.json'
[2026-02-12T16:24:36.905+0000] {logging_mixin.py:188} WARNING - /home/airflow/.local/lib/python3.8/site-packages/airflow/models/baseoperator.py:437 AirflowProviderDeprecationWarning: `exists_ok` parameter is deprecated, please use `if_exists`
[2026-02-12T16:24:36.914+0000] {processor.py:840} INFO - DAG(s) 'ecommerce_etl_v2' retrieved from /opt/airflow/dags/etl_dag.py
[2026-02-12T16:24:36.932+0000] {logging_mixin.py:188} INFO - [2026-02-12T16:24:36.932+0000] {dag.py:3036} INFO - Sync 1 DAGs
[2026-02-12T16:24:36.942+0000] {logging_mixin.py:188} INFO - [2026-02-12T16:24:36.942+0000] {dag.py:3823} INFO - Setting next_dagrun for ecommerce_etl_v2 to 2026-02-12 13:00:00+00:00, run_after=2026-02-13 13:00:00+00:00
[2026-02-12T16:24:36.950+0000] {processor.py:183} INFO - Processing /opt/airflow/dags/etl_dag.py took 0.157 seconds
[2026-02-12T16:25:07.199+0000] {processor.py:161} INFO - Started process (PID=12740) to work on /opt/airflow/dags/etl_dag.py
[2026-02-12T16:25:07.200+0000] {processor.py:830} INFO - Processing file /opt/airflow/dags/etl_dag.py for tasks to queue
[2026-02-12T16:25:07.201+0000] {logging_mixin.py:188} INFO - [2026-02-12T16:25:07.201+0000] {dagbag.py:538} INFO - Filling up the DagBag from /opt/airflow/dags/etl_dag.py
[2026-02-12T16:25:07.247+0000] {logging_mixin.py:188} INFO - Warning: Your Kaggle API key is readable by other users on this system! To fix this, you can run 'chmod 600 /home/airflow/.kaggle/kaggle.json'
[2026-02-12T16:25:07.306+0000] {logging_mixin.py:188} WARNING - /home/airflow/.local/lib/python3.8/site-packages/airflow/models/baseoperator.py:437 AirflowProviderDeprecationWarning: `exists_ok` parameter is deprecated, please use `if_exists`
[2026-02-12T16:25:07.315+0000] {processor.py:840} INFO - DAG(s) 'ecommerce_etl_v2' retrieved from /opt/airflow/dags/etl_dag.py
[2026-02-12T16:25:07.335+0000] {logging_mixin.py:188} INFO - [2026-02-12T16:25:07.334+0000] {dag.py:3036} INFO - Sync 1 DAGs
[2026-02-12T16:25:07.345+0000] {logging_mixin.py:188} INFO - [2026-02-12T16:25:07.345+0000] {dag.py:3823} INFO - Setting next_dagrun for ecommerce_etl_v2 to 2026-02-12 13:00:00+00:00, run_after=2026-02-13 13:00:00+00:00
[2026-02-12T16:25:07.353+0000] {processor.py:183} INFO - Processing /opt/airflow/dags/etl_dag.py took 0.158 seconds
[2026-02-12T16:42:32.007+0000] {processor.py:161} INFO - Started process (PID=12771) to work on /opt/airflow/dags/etl_dag.py
[2026-02-12T16:42:32.007+0000] {processor.py:830} INFO - Processing file /opt/airflow/dags/etl_dag.py for tasks to queue
[2026-02-12T16:42:32.008+0000] {logging_mixin.py:188} INFO - [2026-02-12T16:42:32.008+0000] {dagbag.py:538} INFO - Filling up the DagBag from /opt/airflow/dags/etl_dag.py
[2026-02-12T16:42:32.047+0000] {logging_mixin.py:188} INFO - Warning: Your Kaggle API key is readable by other users on this system! To fix this, you can run 'chmod 600 /home/airflow/.kaggle/kaggle.json'
[2026-02-12T16:42:32.107+0000] {logging_mixin.py:188} WARNING - /home/airflow/.local/lib/python3.8/site-packages/airflow/models/baseoperator.py:437 AirflowProviderDeprecationWarning: `exists_ok` parameter is deprecated, please use `if_exists`
[2026-02-12T16:42:32.116+0000] {processor.py:840} INFO - DAG(s) 'ecommerce_etl_v2' retrieved from /opt/airflow/dags/etl_dag.py
[2026-02-12T16:42:32.135+0000] {logging_mixin.py:188} INFO - [2026-02-12T16:42:32.135+0000] {dag.py:3036} INFO - Sync 1 DAGs
[2026-02-12T16:42:32.146+0000] {logging_mixin.py:188} INFO - [2026-02-12T16:42:32.146+0000] {dag.py:3823} INFO - Setting next_dagrun for ecommerce_etl_v2 to 2026-02-12 13:00:00+00:00, run_after=2026-02-13 13:00:00+00:00
[2026-02-12T16:42:32.155+0000] {processor.py:183} INFO - Processing /opt/airflow/dags/etl_dag.py took 0.151 seconds
[2026-02-12T16:59:42.023+0000] {processor.py:161} INFO - Started process (PID=12802) to work on /opt/airflow/dags/etl_dag.py
[2026-02-12T16:59:42.024+0000] {processor.py:830} INFO - Processing file /opt/airflow/dags/etl_dag.py for tasks to queue
[2026-02-12T16:59:42.024+0000] {logging_mixin.py:188} INFO - [2026-02-12T16:59:42.024+0000] {dagbag.py:538} INFO - Filling up the DagBag from /opt/airflow/dags/etl_dag.py
[2026-02-12T16:59:42.061+0000] {logging_mixin.py:188} INFO - Warning: Your Kaggle API key is readable by other users on this system! To fix this, you can run 'chmod 600 /home/airflow/.kaggle/kaggle.json'
[2026-02-12T16:59:42.122+0000] {logging_mixin.py:188} WARNING - /home/airflow/.local/lib/python3.8/site-packages/airflow/models/baseoperator.py:437 AirflowProviderDeprecationWarning: `exists_ok` parameter is deprecated, please use `if_exists`
[2026-02-12T16:59:42.137+0000] {processor.py:840} INFO - DAG(s) 'ecommerce_etl_v2' retrieved from /opt/airflow/dags/etl_dag.py
[2026-02-12T16:59:42.163+0000] {logging_mixin.py:188} INFO - [2026-02-12T16:59:42.163+0000] {dag.py:3036} INFO - Sync 1 DAGs
[2026-02-12T16:59:42.178+0000] {logging_mixin.py:188} INFO - [2026-02-12T16:59:42.178+0000] {dag.py:3823} INFO - Setting next_dagrun for ecommerce_etl_v2 to 2026-02-12 13:00:00+00:00, run_after=2026-02-13 13:00:00+00:00
[2026-02-12T16:59:42.189+0000] {processor.py:183} INFO - Processing /opt/airflow/dags/etl_dag.py took 0.169 seconds
[2026-02-12T17:00:24.414+0000] {processor.py:161} INFO - Started process (PID=12833) to work on /opt/airflow/dags/etl_dag.py
[2026-02-12T17:00:24.414+0000] {processor.py:830} INFO - Processing file /opt/airflow/dags/etl_dag.py for tasks to queue
[2026-02-12T17:00:24.415+0000] {logging_mixin.py:188} INFO - [2026-02-12T17:00:24.415+0000] {dagbag.py:538} INFO - Filling up the DagBag from /opt/airflow/dags/etl_dag.py
[2026-02-12T17:00:24.455+0000] {logging_mixin.py:188} INFO - Warning: Your Kaggle API key is readable by other users on this system! To fix this, you can run 'chmod 600 /home/airflow/.kaggle/kaggle.json'
[2026-02-12T17:00:24.518+0000] {logging_mixin.py:188} WARNING - /home/airflow/.local/lib/python3.8/site-packages/airflow/models/baseoperator.py:437 AirflowProviderDeprecationWarning: `exists_ok` parameter is deprecated, please use `if_exists`
[2026-02-12T17:00:24.529+0000] {processor.py:840} INFO - DAG(s) 'ecommerce_etl_v2' retrieved from /opt/airflow/dags/etl_dag.py
[2026-02-12T17:00:24.551+0000] {logging_mixin.py:188} INFO - [2026-02-12T17:00:24.550+0000] {dag.py:3036} INFO - Sync 1 DAGs
[2026-02-12T17:00:24.562+0000] {logging_mixin.py:188} INFO - [2026-02-12T17:00:24.562+0000] {dag.py:3823} INFO - Setting next_dagrun for ecommerce_etl_v2 to 2026-02-12 13:00:00+00:00, run_after=2026-02-13 13:00:00+00:00
[2026-02-12T17:00:24.573+0000] {processor.py:183} INFO - Processing /opt/airflow/dags/etl_dag.py took 0.161 seconds
[2026-02-12T17:33:31.507+0000] {processor.py:161} INFO - Started process (PID=12866) to work on /opt/airflow/dags/etl_dag.py
[2026-02-12T17:33:31.508+0000] {processor.py:830} INFO - Processing file /opt/airflow/dags/etl_dag.py for tasks to queue
[2026-02-12T17:33:31.509+0000] {logging_mixin.py:188} INFO - [2026-02-12T17:33:31.508+0000] {dagbag.py:538} INFO - Filling up the DagBag from /opt/airflow/dags/etl_dag.py
[2026-02-12T17:33:31.564+0000] {logging_mixin.py:188} INFO - Warning: Your Kaggle API key is readable by other users on this system! To fix this, you can run 'chmod 600 /home/airflow/.kaggle/kaggle.json'
[2026-02-12T17:33:31.630+0000] {logging_mixin.py:188} WARNING - /home/airflow/.local/lib/python3.8/site-packages/airflow/models/baseoperator.py:437 AirflowProviderDeprecationWarning: `exists_ok` parameter is deprecated, please use `if_exists`
[2026-02-12T17:33:31.640+0000] {processor.py:840} INFO - DAG(s) 'ecommerce_etl_v2' retrieved from /opt/airflow/dags/etl_dag.py
[2026-02-12T17:33:31.665+0000] {logging_mixin.py:188} INFO - [2026-02-12T17:33:31.665+0000] {dag.py:3036} INFO - Sync 1 DAGs
[2026-02-12T17:33:31.682+0000] {logging_mixin.py:188} INFO - [2026-02-12T17:33:31.682+0000] {dag.py:3823} INFO - Setting next_dagrun for ecommerce_etl_v2 to 2026-02-12 13:00:00+00:00, run_after=2026-02-13 13:00:00+00:00
[2026-02-12T17:33:31.695+0000] {processor.py:183} INFO - Processing /opt/airflow/dags/etl_dag.py took 0.192 seconds
[2026-02-12T18:04:47.946+0000] {processor.py:161} INFO - Started process (PID=12897) to work on /opt/airflow/dags/etl_dag.py
[2026-02-12T18:04:47.947+0000] {processor.py:830} INFO - Processing file /opt/airflow/dags/etl_dag.py for tasks to queue
[2026-02-12T18:04:47.948+0000] {logging_mixin.py:188} INFO - [2026-02-12T18:04:47.948+0000] {dagbag.py:538} INFO - Filling up the DagBag from /opt/airflow/dags/etl_dag.py
[2026-02-12T18:04:47.989+0000] {logging_mixin.py:188} INFO - Warning: Your Kaggle API key is readable by other users on this system! To fix this, you can run 'chmod 600 /home/airflow/.kaggle/kaggle.json'
[2026-02-12T18:04:48.049+0000] {logging_mixin.py:188} WARNING - /home/airflow/.local/lib/python3.8/site-packages/airflow/models/baseoperator.py:437 AirflowProviderDeprecationWarning: `exists_ok` parameter is deprecated, please use `if_exists`
[2026-02-12T18:04:48.058+0000] {processor.py:840} INFO - DAG(s) 'ecommerce_etl_v2' retrieved from /opt/airflow/dags/etl_dag.py
[2026-02-12T18:04:48.077+0000] {logging_mixin.py:188} INFO - [2026-02-12T18:04:48.077+0000] {dag.py:3036} INFO - Sync 1 DAGs
[2026-02-12T18:04:48.087+0000] {logging_mixin.py:188} INFO - [2026-02-12T18:04:48.087+0000] {dag.py:3823} INFO - Setting next_dagrun for ecommerce_etl_v2 to 2026-02-12 13:00:00+00:00, run_after=2026-02-13 13:00:00+00:00
[2026-02-12T18:04:48.097+0000] {processor.py:183} INFO - Processing /opt/airflow/dags/etl_dag.py took 0.154 seconds
[2026-02-12T18:26:25.674+0000] {processor.py:161} INFO - Started process (PID=12928) to work on /opt/airflow/dags/etl_dag.py
[2026-02-12T18:26:25.675+0000] {processor.py:830} INFO - Processing file /opt/airflow/dags/etl_dag.py for tasks to queue
[2026-02-12T18:26:25.676+0000] {logging_mixin.py:188} INFO - [2026-02-12T18:26:25.676+0000] {dagbag.py:538} INFO - Filling up the DagBag from /opt/airflow/dags/etl_dag.py
[2026-02-12T18:26:25.728+0000] {logging_mixin.py:188} INFO - Warning: Your Kaggle API key is readable by other users on this system! To fix this, you can run 'chmod 600 /home/airflow/.kaggle/kaggle.json'
[2026-02-12T18:26:25.799+0000] {logging_mixin.py:188} WARNING - /home/airflow/.local/lib/python3.8/site-packages/airflow/models/baseoperator.py:437 AirflowProviderDeprecationWarning: `exists_ok` parameter is deprecated, please use `if_exists`
[2026-02-12T18:26:25.812+0000] {processor.py:840} INFO - DAG(s) 'ecommerce_etl_v2' retrieved from /opt/airflow/dags/etl_dag.py
[2026-02-12T18:26:25.842+0000] {logging_mixin.py:188} INFO - [2026-02-12T18:26:25.842+0000] {dag.py:3036} INFO - Sync 1 DAGs
[2026-02-12T18:26:25.858+0000] {logging_mixin.py:188} INFO - [2026-02-12T18:26:25.858+0000] {dag.py:3823} INFO - Setting next_dagrun for ecommerce_etl_v2 to 2026-02-12 13:00:00+00:00, run_after=2026-02-13 13:00:00+00:00
[2026-02-12T18:26:25.870+0000] {processor.py:183} INFO - Processing /opt/airflow/dags/etl_dag.py took 0.200 seconds
[2026-02-12T19:27:31.858+0000] {processor.py:161} INFO - Started process (PID=12959) to work on /opt/airflow/dags/etl_dag.py
[2026-02-12T19:27:31.859+0000] {processor.py:830} INFO - Processing file /opt/airflow/dags/etl_dag.py for tasks to queue
[2026-02-12T19:27:31.859+0000] {logging_mixin.py:188} INFO - [2026-02-12T19:27:31.859+0000] {dagbag.py:538} INFO - Filling up the DagBag from /opt/airflow/dags/etl_dag.py
[2026-02-12T19:27:32.215+0000] {logging_mixin.py:188} INFO - Warning: Your Kaggle API key is readable by other users on this system! To fix this, you can run 'chmod 600 /home/airflow/.kaggle/kaggle.json'
[2026-02-12T19:27:32.280+0000] {logging_mixin.py:188} WARNING - /home/airflow/.local/lib/python3.8/site-packages/airflow/models/baseoperator.py:437 AirflowProviderDeprecationWarning: `exists_ok` parameter is deprecated, please use `if_exists`
[2026-02-12T19:27:32.289+0000] {processor.py:840} INFO - DAG(s) 'ecommerce_etl_v2' retrieved from /opt/airflow/dags/etl_dag.py
[2026-02-12T19:27:32.310+0000] {logging_mixin.py:188} INFO - [2026-02-12T19:27:32.310+0000] {dag.py:3036} INFO - Sync 1 DAGs
[2026-02-12T19:27:32.320+0000] {logging_mixin.py:188} INFO - [2026-02-12T19:27:32.320+0000] {dag.py:3823} INFO - Setting next_dagrun for ecommerce_etl_v2 to 2026-02-12 13:00:00+00:00, run_after=2026-02-13 13:00:00+00:00
[2026-02-12T19:27:32.329+0000] {processor.py:183} INFO - Processing /opt/airflow/dags/etl_dag.py took 0.473 seconds
[2026-02-12T20:00:11.735+0000] {processor.py:161} INFO - Started process (PID=12990) to work on /opt/airflow/dags/etl_dag.py
[2026-02-12T20:00:11.736+0000] {processor.py:830} INFO - Processing file /opt/airflow/dags/etl_dag.py for tasks to queue
[2026-02-12T20:00:11.736+0000] {logging_mixin.py:188} INFO - [2026-02-12T20:00:11.736+0000] {dagbag.py:538} INFO - Filling up the DagBag from /opt/airflow/dags/etl_dag.py
[2026-02-12T20:00:11.772+0000] {logging_mixin.py:188} INFO - Warning: Your Kaggle API key is readable by other users on this system! To fix this, you can run 'chmod 600 /home/airflow/.kaggle/kaggle.json'
[2026-02-12T20:00:11.834+0000] {logging_mixin.py:188} WARNING - /home/airflow/.local/lib/python3.8/site-packages/airflow/models/baseoperator.py:437 AirflowProviderDeprecationWarning: `exists_ok` parameter is deprecated, please use `if_exists`
[2026-02-12T20:00:11.843+0000] {processor.py:840} INFO - DAG(s) 'ecommerce_etl_v2' retrieved from /opt/airflow/dags/etl_dag.py
[2026-02-12T20:00:11.862+0000] {logging_mixin.py:188} INFO - [2026-02-12T20:00:11.862+0000] {dag.py:3036} INFO - Sync 1 DAGs
[2026-02-12T20:00:11.875+0000] {logging_mixin.py:188} INFO - [2026-02-12T20:00:11.875+0000] {dag.py:3823} INFO - Setting next_dagrun for ecommerce_etl_v2 to 2026-02-12 13:00:00+00:00, run_after=2026-02-13 13:00:00+00:00
[2026-02-12T20:00:11.887+0000] {processor.py:183} INFO - Processing /opt/airflow/dags/etl_dag.py took 0.156 seconds
[2026-02-12T20:22:12.200+0000] {processor.py:161} INFO - Started process (PID=13023) to work on /opt/airflow/dags/etl_dag.py
[2026-02-12T20:22:12.201+0000] {processor.py:830} INFO - Processing file /opt/airflow/dags/etl_dag.py for tasks to queue
[2026-02-12T20:22:12.202+0000] {logging_mixin.py:188} INFO - [2026-02-12T20:22:12.202+0000] {dagbag.py:538} INFO - Filling up the DagBag from /opt/airflow/dags/etl_dag.py
[2026-02-12T20:22:12.248+0000] {logging_mixin.py:188} INFO - Warning: Your Kaggle API key is readable by other users on this system! To fix this, you can run 'chmod 600 /home/airflow/.kaggle/kaggle.json'
[2026-02-12T20:22:12.316+0000] {logging_mixin.py:188} WARNING - /home/airflow/.local/lib/python3.8/site-packages/airflow/models/baseoperator.py:437 AirflowProviderDeprecationWarning: `exists_ok` parameter is deprecated, please use `if_exists`
[2026-02-12T20:22:12.328+0000] {processor.py:840} INFO - DAG(s) 'ecommerce_etl_v2' retrieved from /opt/airflow/dags/etl_dag.py
[2026-02-12T20:22:12.351+0000] {logging_mixin.py:188} INFO - [2026-02-12T20:22:12.351+0000] {dag.py:3036} INFO - Sync 1 DAGs
[2026-02-12T20:22:12.365+0000] {logging_mixin.py:188} INFO - [2026-02-12T20:22:12.365+0000] {dag.py:3823} INFO - Setting next_dagrun for ecommerce_etl_v2 to 2026-02-12 13:00:00+00:00, run_after=2026-02-13 13:00:00+00:00
[2026-02-12T20:22:12.379+0000] {processor.py:183} INFO - Processing /opt/airflow/dags/etl_dag.py took 0.181 seconds
[2026-02-12T20:44:54.759+0000] {processor.py:161} INFO - Started process (PID=13054) to work on /opt/airflow/dags/etl_dag.py
[2026-02-12T20:44:54.760+0000] {processor.py:830} INFO - Processing file /opt/airflow/dags/etl_dag.py for tasks to queue
[2026-02-12T20:44:54.761+0000] {logging_mixin.py:188} INFO - [2026-02-12T20:44:54.761+0000] {dagbag.py:538} INFO - Filling up the DagBag from /opt/airflow/dags/etl_dag.py
[2026-02-12T20:44:54.810+0000] {logging_mixin.py:188} INFO - Warning: Your Kaggle API key is readable by other users on this system! To fix this, you can run 'chmod 600 /home/airflow/.kaggle/kaggle.json'
[2026-02-12T20:44:54.880+0000] {logging_mixin.py:188} WARNING - /home/airflow/.local/lib/python3.8/site-packages/airflow/models/baseoperator.py:437 AirflowProviderDeprecationWarning: `exists_ok` parameter is deprecated, please use `if_exists`
[2026-02-12T20:44:54.891+0000] {processor.py:840} INFO - DAG(s) 'ecommerce_etl_v2' retrieved from /opt/airflow/dags/etl_dag.py
[2026-02-12T20:44:54.914+0000] {logging_mixin.py:188} INFO - [2026-02-12T20:44:54.914+0000] {dag.py:3036} INFO - Sync 1 DAGs
[2026-02-12T20:44:54.929+0000] {logging_mixin.py:188} INFO - [2026-02-12T20:44:54.929+0000] {dag.py:3823} INFO - Setting next_dagrun for ecommerce_etl_v2 to 2026-02-12 13:00:00+00:00, run_after=2026-02-13 13:00:00+00:00
[2026-02-12T20:44:54.941+0000] {processor.py:183} INFO - Processing /opt/airflow/dags/etl_dag.py took 0.185 seconds
[2026-02-12T21:11:29.703+0000] {processor.py:161} INFO - Started process (PID=13085) to work on /opt/airflow/dags/etl_dag.py
[2026-02-12T21:11:29.704+0000] {processor.py:830} INFO - Processing file /opt/airflow/dags/etl_dag.py for tasks to queue
[2026-02-12T21:11:29.704+0000] {logging_mixin.py:188} INFO - [2026-02-12T21:11:29.704+0000] {dagbag.py:538} INFO - Filling up the DagBag from /opt/airflow/dags/etl_dag.py
[2026-02-12T21:11:29.748+0000] {logging_mixin.py:188} INFO - Warning: Your Kaggle API key is readable by other users on this system! To fix this, you can run 'chmod 600 /home/airflow/.kaggle/kaggle.json'
[2026-02-12T21:11:29.816+0000] {logging_mixin.py:188} WARNING - /home/airflow/.local/lib/python3.8/site-packages/airflow/models/baseoperator.py:437 AirflowProviderDeprecationWarning: `exists_ok` parameter is deprecated, please use `if_exists`
[2026-02-12T21:11:29.827+0000] {processor.py:840} INFO - DAG(s) 'ecommerce_etl_v2' retrieved from /opt/airflow/dags/etl_dag.py
[2026-02-12T21:11:29.855+0000] {logging_mixin.py:188} INFO - [2026-02-12T21:11:29.854+0000] {dag.py:3036} INFO - Sync 1 DAGs
[2026-02-12T21:11:29.867+0000] {logging_mixin.py:188} INFO - [2026-02-12T21:11:29.866+0000] {dag.py:3823} INFO - Setting next_dagrun for ecommerce_etl_v2 to 2026-02-12 13:00:00+00:00, run_after=2026-02-13 13:00:00+00:00
[2026-02-12T21:11:29.904+0000] {processor.py:183} INFO - Processing /opt/airflow/dags/etl_dag.py took 0.203 seconds
[2026-02-12T21:12:00.048+0000] {processor.py:161} INFO - Started process (PID=13116) to work on /opt/airflow/dags/etl_dag.py
[2026-02-12T21:12:00.049+0000] {processor.py:830} INFO - Processing file /opt/airflow/dags/etl_dag.py for tasks to queue
[2026-02-12T21:12:00.050+0000] {logging_mixin.py:188} INFO - [2026-02-12T21:12:00.050+0000] {dagbag.py:538} INFO - Filling up the DagBag from /opt/airflow/dags/etl_dag.py
[2026-02-12T21:12:00.093+0000] {logging_mixin.py:188} INFO - Warning: Your Kaggle API key is readable by other users on this system! To fix this, you can run 'chmod 600 /home/airflow/.kaggle/kaggle.json'
[2026-02-12T21:12:00.152+0000] {logging_mixin.py:188} WARNING - /home/airflow/.local/lib/python3.8/site-packages/airflow/models/baseoperator.py:437 AirflowProviderDeprecationWarning: `exists_ok` parameter is deprecated, please use `if_exists`
[2026-02-12T21:12:00.161+0000] {processor.py:840} INFO - DAG(s) 'ecommerce_etl_v2' retrieved from /opt/airflow/dags/etl_dag.py
[2026-02-12T21:12:00.179+0000] {logging_mixin.py:188} INFO - [2026-02-12T21:12:00.179+0000] {dag.py:3036} INFO - Sync 1 DAGs
[2026-02-12T21:12:00.189+0000] {logging_mixin.py:188} INFO - [2026-02-12T21:12:00.189+0000] {dag.py:3823} INFO - Setting next_dagrun for ecommerce_etl_v2 to 2026-02-12 13:00:00+00:00, run_after=2026-02-13 13:00:00+00:00
[2026-02-12T21:12:00.198+0000] {processor.py:183} INFO - Processing /opt/airflow/dags/etl_dag.py took 0.154 seconds
[2026-02-12T21:12:30.555+0000] {processor.py:161} INFO - Started process (PID=13147) to work on /opt/airflow/dags/etl_dag.py
[2026-02-12T21:12:30.556+0000] {processor.py:830} INFO - Processing file /opt/airflow/dags/etl_dag.py for tasks to queue
[2026-02-12T21:12:30.557+0000] {logging_mixin.py:188} INFO - [2026-02-12T21:12:30.557+0000] {dagbag.py:538} INFO - Filling up the DagBag from /opt/airflow/dags/etl_dag.py
[2026-02-12T21:12:30.602+0000] {logging_mixin.py:188} INFO - Warning: Your Kaggle API key is readable by other users on this system! To fix this, you can run 'chmod 600 /home/airflow/.kaggle/kaggle.json'
[2026-02-12T21:12:30.663+0000] {logging_mixin.py:188} WARNING - /home/airflow/.local/lib/python3.8/site-packages/airflow/models/baseoperator.py:437 AirflowProviderDeprecationWarning: `exists_ok` parameter is deprecated, please use `if_exists`
[2026-02-12T21:12:30.672+0000] {processor.py:840} INFO - DAG(s) 'ecommerce_etl_v2' retrieved from /opt/airflow/dags/etl_dag.py
[2026-02-12T21:12:30.690+0000] {logging_mixin.py:188} INFO - [2026-02-12T21:12:30.690+0000] {dag.py:3036} INFO - Sync 1 DAGs
[2026-02-12T21:12:30.700+0000] {logging_mixin.py:188} INFO - [2026-02-12T21:12:30.700+0000] {dag.py:3823} INFO - Setting next_dagrun for ecommerce_etl_v2 to 2026-02-12 13:00:00+00:00, run_after=2026-02-13 13:00:00+00:00
[2026-02-12T21:12:30.710+0000] {processor.py:183} INFO - Processing /opt/airflow/dags/etl_dag.py took 0.158 seconds
[2026-02-12T22:19:23.174+0000] {processor.py:161} INFO - Started process (PID=13178) to work on /opt/airflow/dags/etl_dag.py
[2026-02-12T22:19:23.175+0000] {processor.py:830} INFO - Processing file /opt/airflow/dags/etl_dag.py for tasks to queue
[2026-02-12T22:19:23.176+0000] {logging_mixin.py:188} INFO - [2026-02-12T22:19:23.176+0000] {dagbag.py:538} INFO - Filling up the DagBag from /opt/airflow/dags/etl_dag.py
[2026-02-12T22:19:23.218+0000] {logging_mixin.py:188} INFO - Warning: Your Kaggle API key is readable by other users on this system! To fix this, you can run 'chmod 600 /home/airflow/.kaggle/kaggle.json'
[2026-02-12T22:19:23.278+0000] {logging_mixin.py:188} WARNING - /home/airflow/.local/lib/python3.8/site-packages/airflow/models/baseoperator.py:437 AirflowProviderDeprecationWarning: `exists_ok` parameter is deprecated, please use `if_exists`
[2026-02-12T22:19:23.286+0000] {processor.py:840} INFO - DAG(s) 'ecommerce_etl_v2' retrieved from /opt/airflow/dags/etl_dag.py
[2026-02-12T22:19:23.307+0000] {logging_mixin.py:188} INFO - [2026-02-12T22:19:23.306+0000] {dag.py:3036} INFO - Sync 1 DAGs
[2026-02-12T22:19:23.319+0000] {logging_mixin.py:188} INFO - [2026-02-12T22:19:23.319+0000] {dag.py:3823} INFO - Setting next_dagrun for ecommerce_etl_v2 to 2026-02-12 13:00:00+00:00, run_after=2026-02-13 13:00:00+00:00
[2026-02-12T22:19:23.331+0000] {processor.py:183} INFO - Processing /opt/airflow/dags/etl_dag.py took 0.161 seconds
[2026-02-12T22:51:07.112+0000] {processor.py:161} INFO - Started process (PID=13210) to work on /opt/airflow/dags/etl_dag.py
[2026-02-12T22:51:07.112+0000] {processor.py:830} INFO - Processing file /opt/airflow/dags/etl_dag.py for tasks to queue
[2026-02-12T22:51:07.113+0000] {logging_mixin.py:188} INFO - [2026-02-12T22:51:07.112+0000] {dagbag.py:538} INFO - Filling up the DagBag from /opt/airflow/dags/etl_dag.py
[2026-02-12T22:51:07.154+0000] {logging_mixin.py:188} INFO - Warning: Your Kaggle API key is readable by other users on this system! To fix this, you can run 'chmod 600 /home/airflow/.kaggle/kaggle.json'
[2026-02-12T22:51:07.225+0000] {logging_mixin.py:188} WARNING - /home/airflow/.local/lib/python3.8/site-packages/airflow/models/baseoperator.py:437 AirflowProviderDeprecationWarning: `exists_ok` parameter is deprecated, please use `if_exists`
[2026-02-12T22:51:07.237+0000] {processor.py:840} INFO - DAG(s) 'ecommerce_etl_v2' retrieved from /opt/airflow/dags/etl_dag.py
[2026-02-12T22:51:07.263+0000] {logging_mixin.py:188} INFO - [2026-02-12T22:51:07.263+0000] {dag.py:3036} INFO - Sync 1 DAGs
[2026-02-12T22:51:07.279+0000] {logging_mixin.py:188} INFO - [2026-02-12T22:51:07.279+0000] {dag.py:3823} INFO - Setting next_dagrun for ecommerce_etl_v2 to 2026-02-12 13:00:00+00:00, run_after=2026-02-13 13:00:00+00:00
[2026-02-12T22:51:07.292+0000] {processor.py:183} INFO - Processing /opt/airflow/dags/etl_dag.py took 0.183 seconds
