[2026-02-15T00:16:42.555+0000] {processor.py:161} INFO - Started process (PID=25940) to work on /opt/airflow/dags/etl_dag.py
[2026-02-15T00:16:42.556+0000] {processor.py:830} INFO - Processing file /opt/airflow/dags/etl_dag.py for tasks to queue
[2026-02-15T00:16:42.557+0000] {logging_mixin.py:188} INFO - [2026-02-15T00:16:42.557+0000] {dagbag.py:538} INFO - Filling up the DagBag from /opt/airflow/dags/etl_dag.py
[2026-02-15T00:16:42.603+0000] {logging_mixin.py:188} INFO - Warning: Your Kaggle API key is readable by other users on this system! To fix this, you can run 'chmod 600 /home/airflow/.kaggle/kaggle.json'
[2026-02-15T00:16:42.671+0000] {logging_mixin.py:188} WARNING - /home/airflow/.local/lib/python3.8/site-packages/airflow/models/baseoperator.py:437 AirflowProviderDeprecationWarning: `exists_ok` parameter is deprecated, please use `if_exists`
[2026-02-15T00:16:42.683+0000] {processor.py:840} INFO - DAG(s) 'ecommerce_etl_v2' retrieved from /opt/airflow/dags/etl_dag.py
[2026-02-15T00:16:42.707+0000] {logging_mixin.py:188} INFO - [2026-02-15T00:16:42.707+0000] {dag.py:3036} INFO - Sync 1 DAGs
[2026-02-15T00:16:42.722+0000] {logging_mixin.py:188} INFO - [2026-02-15T00:16:42.721+0000] {dag.py:3823} INFO - Setting next_dagrun for ecommerce_etl_v2 to 2026-02-14 13:00:00+00:00, run_after=2026-02-15 13:00:00+00:00
[2026-02-15T00:16:42.736+0000] {processor.py:183} INFO - Processing /opt/airflow/dags/etl_dag.py took 0.183 seconds
[2026-02-15T01:59:46.686+0000] {processor.py:161} INFO - Started process (PID=25972) to work on /opt/airflow/dags/etl_dag.py
[2026-02-15T01:59:46.687+0000] {processor.py:830} INFO - Processing file /opt/airflow/dags/etl_dag.py for tasks to queue
[2026-02-15T01:59:46.687+0000] {logging_mixin.py:188} INFO - [2026-02-15T01:59:46.687+0000] {dagbag.py:538} INFO - Filling up the DagBag from /opt/airflow/dags/etl_dag.py
[2026-02-15T01:59:46.726+0000] {logging_mixin.py:188} INFO - Warning: Your Kaggle API key is readable by other users on this system! To fix this, you can run 'chmod 600 /home/airflow/.kaggle/kaggle.json'
[2026-02-15T01:59:46.787+0000] {logging_mixin.py:188} WARNING - /home/airflow/.local/lib/python3.8/site-packages/airflow/models/baseoperator.py:437 AirflowProviderDeprecationWarning: `exists_ok` parameter is deprecated, please use `if_exists`
[2026-02-15T01:59:46.796+0000] {processor.py:840} INFO - DAG(s) 'ecommerce_etl_v2' retrieved from /opt/airflow/dags/etl_dag.py
[2026-02-15T01:59:46.816+0000] {logging_mixin.py:188} INFO - [2026-02-15T01:59:46.815+0000] {dag.py:3036} INFO - Sync 1 DAGs
[2026-02-15T01:59:46.826+0000] {logging_mixin.py:188} INFO - [2026-02-15T01:59:46.826+0000] {dag.py:3823} INFO - Setting next_dagrun for ecommerce_etl_v2 to 2026-02-14 13:00:00+00:00, run_after=2026-02-15 13:00:00+00:00
[2026-02-15T01:59:46.834+0000] {processor.py:183} INFO - Processing /opt/airflow/dags/etl_dag.py took 0.150 seconds
[2026-02-15T03:20:29.444+0000] {processor.py:161} INFO - Started process (PID=26003) to work on /opt/airflow/dags/etl_dag.py
[2026-02-15T03:20:29.445+0000] {processor.py:830} INFO - Processing file /opt/airflow/dags/etl_dag.py for tasks to queue
[2026-02-15T03:20:29.445+0000] {logging_mixin.py:188} INFO - [2026-02-15T03:20:29.445+0000] {dagbag.py:538} INFO - Filling up the DagBag from /opt/airflow/dags/etl_dag.py
[2026-02-15T03:20:29.491+0000] {logging_mixin.py:188} INFO - Warning: Your Kaggle API key is readable by other users on this system! To fix this, you can run 'chmod 600 /home/airflow/.kaggle/kaggle.json'
[2026-02-15T03:20:29.560+0000] {logging_mixin.py:188} WARNING - /home/airflow/.local/lib/python3.8/site-packages/airflow/models/baseoperator.py:437 AirflowProviderDeprecationWarning: `exists_ok` parameter is deprecated, please use `if_exists`
[2026-02-15T03:20:29.570+0000] {processor.py:840} INFO - DAG(s) 'ecommerce_etl_v2' retrieved from /opt/airflow/dags/etl_dag.py
[2026-02-15T03:20:29.592+0000] {logging_mixin.py:188} INFO - [2026-02-15T03:20:29.592+0000] {dag.py:3036} INFO - Sync 1 DAGs
[2026-02-15T03:20:29.608+0000] {logging_mixin.py:188} INFO - [2026-02-15T03:20:29.608+0000] {dag.py:3823} INFO - Setting next_dagrun for ecommerce_etl_v2 to 2026-02-14 13:00:00+00:00, run_after=2026-02-15 13:00:00+00:00
[2026-02-15T03:20:29.622+0000] {processor.py:183} INFO - Processing /opt/airflow/dags/etl_dag.py took 0.180 seconds
[2026-02-15T04:26:08.609+0000] {processor.py:161} INFO - Started process (PID=26034) to work on /opt/airflow/dags/etl_dag.py
[2026-02-15T04:26:08.610+0000] {processor.py:830} INFO - Processing file /opt/airflow/dags/etl_dag.py for tasks to queue
[2026-02-15T04:26:08.610+0000] {logging_mixin.py:188} INFO - [2026-02-15T04:26:08.610+0000] {dagbag.py:538} INFO - Filling up the DagBag from /opt/airflow/dags/etl_dag.py
[2026-02-15T04:26:08.650+0000] {logging_mixin.py:188} INFO - Warning: Your Kaggle API key is readable by other users on this system! To fix this, you can run 'chmod 600 /home/airflow/.kaggle/kaggle.json'
[2026-02-15T04:26:08.714+0000] {logging_mixin.py:188} WARNING - /home/airflow/.local/lib/python3.8/site-packages/airflow/models/baseoperator.py:437 AirflowProviderDeprecationWarning: `exists_ok` parameter is deprecated, please use `if_exists`
[2026-02-15T04:26:08.723+0000] {processor.py:840} INFO - DAG(s) 'ecommerce_etl_v2' retrieved from /opt/airflow/dags/etl_dag.py
[2026-02-15T04:26:08.743+0000] {logging_mixin.py:188} INFO - [2026-02-15T04:26:08.743+0000] {dag.py:3036} INFO - Sync 1 DAGs
[2026-02-15T04:26:08.754+0000] {logging_mixin.py:188} INFO - [2026-02-15T04:26:08.754+0000] {dag.py:3823} INFO - Setting next_dagrun for ecommerce_etl_v2 to 2026-02-14 13:00:00+00:00, run_after=2026-02-15 13:00:00+00:00
[2026-02-15T04:26:08.763+0000] {processor.py:183} INFO - Processing /opt/airflow/dags/etl_dag.py took 0.156 seconds
[2026-02-15T05:18:25.411+0000] {processor.py:161} INFO - Started process (PID=26065) to work on /opt/airflow/dags/etl_dag.py
[2026-02-15T05:18:25.412+0000] {processor.py:830} INFO - Processing file /opt/airflow/dags/etl_dag.py for tasks to queue
[2026-02-15T05:18:25.413+0000] {logging_mixin.py:188} INFO - [2026-02-15T05:18:25.412+0000] {dagbag.py:538} INFO - Filling up the DagBag from /opt/airflow/dags/etl_dag.py
[2026-02-15T05:18:25.461+0000] {logging_mixin.py:188} INFO - Warning: Your Kaggle API key is readable by other users on this system! To fix this, you can run 'chmod 600 /home/airflow/.kaggle/kaggle.json'
[2026-02-15T05:18:25.528+0000] {logging_mixin.py:188} WARNING - /home/airflow/.local/lib/python3.8/site-packages/airflow/models/baseoperator.py:437 AirflowProviderDeprecationWarning: `exists_ok` parameter is deprecated, please use `if_exists`
[2026-02-15T05:18:25.540+0000] {processor.py:840} INFO - DAG(s) 'ecommerce_etl_v2' retrieved from /opt/airflow/dags/etl_dag.py
[2026-02-15T05:18:25.563+0000] {logging_mixin.py:188} INFO - [2026-02-15T05:18:25.563+0000] {dag.py:3036} INFO - Sync 1 DAGs
[2026-02-15T05:18:25.578+0000] {logging_mixin.py:188} INFO - [2026-02-15T05:18:25.578+0000] {dag.py:3823} INFO - Setting next_dagrun for ecommerce_etl_v2 to 2026-02-14 13:00:00+00:00, run_after=2026-02-15 13:00:00+00:00
[2026-02-15T05:18:25.592+0000] {processor.py:183} INFO - Processing /opt/airflow/dags/etl_dag.py took 0.183 seconds
[2026-02-15T06:20:27.042+0000] {processor.py:161} INFO - Started process (PID=26096) to work on /opt/airflow/dags/etl_dag.py
[2026-02-15T06:20:27.043+0000] {processor.py:830} INFO - Processing file /opt/airflow/dags/etl_dag.py for tasks to queue
[2026-02-15T06:20:27.044+0000] {logging_mixin.py:188} INFO - [2026-02-15T06:20:27.043+0000] {dagbag.py:538} INFO - Filling up the DagBag from /opt/airflow/dags/etl_dag.py
[2026-02-15T06:20:27.085+0000] {logging_mixin.py:188} INFO - Warning: Your Kaggle API key is readable by other users on this system! To fix this, you can run 'chmod 600 /home/airflow/.kaggle/kaggle.json'
[2026-02-15T06:20:27.145+0000] {logging_mixin.py:188} WARNING - /home/airflow/.local/lib/python3.8/site-packages/airflow/models/baseoperator.py:437 AirflowProviderDeprecationWarning: `exists_ok` parameter is deprecated, please use `if_exists`
[2026-02-15T06:20:27.153+0000] {processor.py:840} INFO - DAG(s) 'ecommerce_etl_v2' retrieved from /opt/airflow/dags/etl_dag.py
[2026-02-15T06:20:27.173+0000] {logging_mixin.py:188} INFO - [2026-02-15T06:20:27.172+0000] {dag.py:3036} INFO - Sync 1 DAGs
[2026-02-15T06:20:27.183+0000] {logging_mixin.py:188} INFO - [2026-02-15T06:20:27.183+0000] {dag.py:3823} INFO - Setting next_dagrun for ecommerce_etl_v2 to 2026-02-14 13:00:00+00:00, run_after=2026-02-15 13:00:00+00:00
[2026-02-15T06:20:27.192+0000] {processor.py:183} INFO - Processing /opt/airflow/dags/etl_dag.py took 0.154 seconds
[2026-02-15T07:36:54.592+0000] {processor.py:161} INFO - Started process (PID=26129) to work on /opt/airflow/dags/etl_dag.py
[2026-02-15T07:36:54.593+0000] {processor.py:830} INFO - Processing file /opt/airflow/dags/etl_dag.py for tasks to queue
[2026-02-15T07:36:54.593+0000] {logging_mixin.py:188} INFO - [2026-02-15T07:36:54.593+0000] {dagbag.py:538} INFO - Filling up the DagBag from /opt/airflow/dags/etl_dag.py
[2026-02-15T07:36:54.643+0000] {logging_mixin.py:188} INFO - Warning: Your Kaggle API key is readable by other users on this system! To fix this, you can run 'chmod 600 /home/airflow/.kaggle/kaggle.json'
[2026-02-15T07:36:54.717+0000] {logging_mixin.py:188} WARNING - /home/airflow/.local/lib/python3.8/site-packages/airflow/models/baseoperator.py:437 AirflowProviderDeprecationWarning: `exists_ok` parameter is deprecated, please use `if_exists`
[2026-02-15T07:36:54.730+0000] {processor.py:840} INFO - DAG(s) 'ecommerce_etl_v2' retrieved from /opt/airflow/dags/etl_dag.py
[2026-02-15T07:36:54.754+0000] {logging_mixin.py:188} INFO - [2026-02-15T07:36:54.753+0000] {dag.py:3036} INFO - Sync 1 DAGs
[2026-02-15T07:36:54.765+0000] {logging_mixin.py:188} INFO - [2026-02-15T07:36:54.765+0000] {dag.py:3823} INFO - Setting next_dagrun for ecommerce_etl_v2 to 2026-02-14 13:00:00+00:00, run_after=2026-02-15 13:00:00+00:00
[2026-02-15T07:36:54.778+0000] {processor.py:183} INFO - Processing /opt/airflow/dags/etl_dag.py took 0.189 seconds
[2026-02-15T08:27:36.538+0000] {processor.py:161} INFO - Started process (PID=26160) to work on /opt/airflow/dags/etl_dag.py
[2026-02-15T08:27:36.538+0000] {processor.py:830} INFO - Processing file /opt/airflow/dags/etl_dag.py for tasks to queue
[2026-02-15T08:27:36.539+0000] {logging_mixin.py:188} INFO - [2026-02-15T08:27:36.539+0000] {dagbag.py:538} INFO - Filling up the DagBag from /opt/airflow/dags/etl_dag.py
[2026-02-15T08:27:36.580+0000] {logging_mixin.py:188} INFO - Warning: Your Kaggle API key is readable by other users on this system! To fix this, you can run 'chmod 600 /home/airflow/.kaggle/kaggle.json'
[2026-02-15T08:27:36.640+0000] {logging_mixin.py:188} WARNING - /home/airflow/.local/lib/python3.8/site-packages/airflow/models/baseoperator.py:437 AirflowProviderDeprecationWarning: `exists_ok` parameter is deprecated, please use `if_exists`
[2026-02-15T08:27:36.648+0000] {processor.py:840} INFO - DAG(s) 'ecommerce_etl_v2' retrieved from /opt/airflow/dags/etl_dag.py
[2026-02-15T08:27:36.666+0000] {logging_mixin.py:188} INFO - [2026-02-15T08:27:36.666+0000] {dag.py:3036} INFO - Sync 1 DAGs
[2026-02-15T08:27:36.676+0000] {logging_mixin.py:188} INFO - [2026-02-15T08:27:36.676+0000] {dag.py:3823} INFO - Setting next_dagrun for ecommerce_etl_v2 to 2026-02-14 13:00:00+00:00, run_after=2026-02-15 13:00:00+00:00
[2026-02-15T08:27:36.685+0000] {processor.py:183} INFO - Processing /opt/airflow/dags/etl_dag.py took 0.150 seconds
[2026-02-15T08:30:07.642+0000] {processor.py:161} INFO - Started process (PID=26191) to work on /opt/airflow/dags/etl_dag.py
[2026-02-15T08:30:07.643+0000] {processor.py:830} INFO - Processing file /opt/airflow/dags/etl_dag.py for tasks to queue
[2026-02-15T08:30:07.644+0000] {logging_mixin.py:188} INFO - [2026-02-15T08:30:07.643+0000] {dagbag.py:538} INFO - Filling up the DagBag from /opt/airflow/dags/etl_dag.py
[2026-02-15T08:30:07.693+0000] {logging_mixin.py:188} INFO - Warning: Your Kaggle API key is readable by other users on this system! To fix this, you can run 'chmod 600 /home/airflow/.kaggle/kaggle.json'
[2026-02-15T08:30:07.768+0000] {logging_mixin.py:188} WARNING - /home/airflow/.local/lib/python3.8/site-packages/airflow/models/baseoperator.py:437 AirflowProviderDeprecationWarning: `exists_ok` parameter is deprecated, please use `if_exists`
[2026-02-15T08:30:08.138+0000] {processor.py:840} INFO - DAG(s) 'ecommerce_etl_v2' retrieved from /opt/airflow/dags/etl_dag.py
[2026-02-15T08:30:08.214+0000] {logging_mixin.py:188} INFO - [2026-02-15T08:30:08.214+0000] {dag.py:3036} INFO - Sync 1 DAGs
[2026-02-15T08:30:08.240+0000] {logging_mixin.py:188} INFO - [2026-02-15T08:30:08.239+0000] {dag.py:3823} INFO - Setting next_dagrun for ecommerce_etl_v2 to 2026-02-14 13:00:00+00:00, run_after=2026-02-15 13:00:00+00:00
[2026-02-15T08:30:08.304+0000] {processor.py:183} INFO - Processing /opt/airflow/dags/etl_dag.py took 0.665 seconds
[2026-02-15T09:05:45.447+0000] {processor.py:161} INFO - Started process (PID=26223) to work on /opt/airflow/dags/etl_dag.py
[2026-02-15T09:05:45.447+0000] {processor.py:830} INFO - Processing file /opt/airflow/dags/etl_dag.py for tasks to queue
[2026-02-15T09:05:45.448+0000] {logging_mixin.py:188} INFO - [2026-02-15T09:05:45.448+0000] {dagbag.py:538} INFO - Filling up the DagBag from /opt/airflow/dags/etl_dag.py
[2026-02-15T09:05:45.487+0000] {logging_mixin.py:188} INFO - Warning: Your Kaggle API key is readable by other users on this system! To fix this, you can run 'chmod 600 /home/airflow/.kaggle/kaggle.json'
[2026-02-15T09:05:45.552+0000] {logging_mixin.py:188} WARNING - /home/airflow/.local/lib/python3.8/site-packages/airflow/models/baseoperator.py:437 AirflowProviderDeprecationWarning: `exists_ok` parameter is deprecated, please use `if_exists`
[2026-02-15T09:05:45.563+0000] {processor.py:840} INFO - DAG(s) 'ecommerce_etl_v2' retrieved from /opt/airflow/dags/etl_dag.py
[2026-02-15T09:05:45.584+0000] {logging_mixin.py:188} INFO - [2026-02-15T09:05:45.584+0000] {dag.py:3036} INFO - Sync 1 DAGs
[2026-02-15T09:05:45.595+0000] {logging_mixin.py:188} INFO - [2026-02-15T09:05:45.595+0000] {dag.py:3823} INFO - Setting next_dagrun for ecommerce_etl_v2 to 2026-02-14 13:00:00+00:00, run_after=2026-02-15 13:00:00+00:00
[2026-02-15T09:05:45.607+0000] {processor.py:183} INFO - Processing /opt/airflow/dags/etl_dag.py took 0.163 seconds
[2026-02-15T09:15:03.883+0000] {processor.py:161} INFO - Started process (PID=26254) to work on /opt/airflow/dags/etl_dag.py
[2026-02-15T09:15:03.884+0000] {processor.py:830} INFO - Processing file /opt/airflow/dags/etl_dag.py for tasks to queue
[2026-02-15T09:15:03.885+0000] {logging_mixin.py:188} INFO - [2026-02-15T09:15:03.884+0000] {dagbag.py:538} INFO - Filling up the DagBag from /opt/airflow/dags/etl_dag.py
[2026-02-15T09:15:03.932+0000] {logging_mixin.py:188} INFO - Warning: Your Kaggle API key is readable by other users on this system! To fix this, you can run 'chmod 600 /home/airflow/.kaggle/kaggle.json'
[2026-02-15T09:15:03.998+0000] {logging_mixin.py:188} WARNING - /home/airflow/.local/lib/python3.8/site-packages/airflow/models/baseoperator.py:437 AirflowProviderDeprecationWarning: `exists_ok` parameter is deprecated, please use `if_exists`
[2026-02-15T09:15:04.011+0000] {processor.py:840} INFO - DAG(s) 'ecommerce_etl_v2' retrieved from /opt/airflow/dags/etl_dag.py
[2026-02-15T09:15:04.036+0000] {logging_mixin.py:188} INFO - [2026-02-15T09:15:04.036+0000] {dag.py:3036} INFO - Sync 1 DAGs
[2026-02-15T09:15:04.052+0000] {logging_mixin.py:188} INFO - [2026-02-15T09:15:04.052+0000] {dag.py:3823} INFO - Setting next_dagrun for ecommerce_etl_v2 to 2026-02-14 13:00:00+00:00, run_after=2026-02-15 13:00:00+00:00
[2026-02-15T09:15:04.066+0000] {processor.py:183} INFO - Processing /opt/airflow/dags/etl_dag.py took 0.187 seconds
[2026-02-15T09:53:10.333+0000] {processor.py:161} INFO - Started process (PID=26285) to work on /opt/airflow/dags/etl_dag.py
[2026-02-15T09:53:10.334+0000] {processor.py:830} INFO - Processing file /opt/airflow/dags/etl_dag.py for tasks to queue
[2026-02-15T09:53:10.335+0000] {logging_mixin.py:188} INFO - [2026-02-15T09:53:10.335+0000] {dagbag.py:538} INFO - Filling up the DagBag from /opt/airflow/dags/etl_dag.py
[2026-02-15T09:53:10.378+0000] {logging_mixin.py:188} INFO - Warning: Your Kaggle API key is readable by other users on this system! To fix this, you can run 'chmod 600 /home/airflow/.kaggle/kaggle.json'
[2026-02-15T09:53:10.439+0000] {logging_mixin.py:188} WARNING - /home/airflow/.local/lib/python3.8/site-packages/airflow/models/baseoperator.py:437 AirflowProviderDeprecationWarning: `exists_ok` parameter is deprecated, please use `if_exists`
[2026-02-15T09:53:10.448+0000] {processor.py:840} INFO - DAG(s) 'ecommerce_etl_v2' retrieved from /opt/airflow/dags/etl_dag.py
[2026-02-15T09:53:10.467+0000] {logging_mixin.py:188} INFO - [2026-02-15T09:53:10.467+0000] {dag.py:3036} INFO - Sync 1 DAGs
[2026-02-15T09:53:10.478+0000] {logging_mixin.py:188} INFO - [2026-02-15T09:53:10.477+0000] {dag.py:3823} INFO - Setting next_dagrun for ecommerce_etl_v2 to 2026-02-14 13:00:00+00:00, run_after=2026-02-15 13:00:00+00:00
[2026-02-15T09:53:10.486+0000] {processor.py:183} INFO - Processing /opt/airflow/dags/etl_dag.py took 0.157 seconds
[2026-02-15T10:41:35.308+0000] {processor.py:161} INFO - Started process (PID=26316) to work on /opt/airflow/dags/etl_dag.py
[2026-02-15T10:41:35.309+0000] {processor.py:830} INFO - Processing file /opt/airflow/dags/etl_dag.py for tasks to queue
[2026-02-15T10:41:35.310+0000] {logging_mixin.py:188} INFO - [2026-02-15T10:41:35.309+0000] {dagbag.py:538} INFO - Filling up the DagBag from /opt/airflow/dags/etl_dag.py
[2026-02-15T10:41:35.350+0000] {logging_mixin.py:188} INFO - Warning: Your Kaggle API key is readable by other users on this system! To fix this, you can run 'chmod 600 /home/airflow/.kaggle/kaggle.json'
[2026-02-15T10:41:35.411+0000] {logging_mixin.py:188} WARNING - /home/airflow/.local/lib/python3.8/site-packages/airflow/models/baseoperator.py:437 AirflowProviderDeprecationWarning: `exists_ok` parameter is deprecated, please use `if_exists`
[2026-02-15T10:41:35.423+0000] {processor.py:840} INFO - DAG(s) 'ecommerce_etl_v2' retrieved from /opt/airflow/dags/etl_dag.py
[2026-02-15T10:41:35.453+0000] {logging_mixin.py:188} INFO - [2026-02-15T10:41:35.453+0000] {dag.py:3036} INFO - Sync 1 DAGs
[2026-02-15T10:41:35.471+0000] {logging_mixin.py:188} INFO - [2026-02-15T10:41:35.471+0000] {dag.py:3823} INFO - Setting next_dagrun for ecommerce_etl_v2 to 2026-02-14 13:00:00+00:00, run_after=2026-02-15 13:00:00+00:00
[2026-02-15T10:41:35.485+0000] {processor.py:183} INFO - Processing /opt/airflow/dags/etl_dag.py took 0.178 seconds
[2026-02-15T11:03:11.153+0000] {processor.py:161} INFO - Started process (PID=26349) to work on /opt/airflow/dags/etl_dag.py
[2026-02-15T11:03:11.153+0000] {processor.py:830} INFO - Processing file /opt/airflow/dags/etl_dag.py for tasks to queue
[2026-02-15T11:03:11.154+0000] {logging_mixin.py:188} INFO - [2026-02-15T11:03:11.154+0000] {dagbag.py:538} INFO - Filling up the DagBag from /opt/airflow/dags/etl_dag.py
[2026-02-15T11:03:11.200+0000] {logging_mixin.py:188} INFO - Warning: Your Kaggle API key is readable by other users on this system! To fix this, you can run 'chmod 600 /home/airflow/.kaggle/kaggle.json'
[2026-02-15T11:03:11.270+0000] {logging_mixin.py:188} WARNING - /home/airflow/.local/lib/python3.8/site-packages/airflow/models/baseoperator.py:437 AirflowProviderDeprecationWarning: `exists_ok` parameter is deprecated, please use `if_exists`
[2026-02-15T11:03:11.282+0000] {processor.py:840} INFO - DAG(s) 'ecommerce_etl_v2' retrieved from /opt/airflow/dags/etl_dag.py
[2026-02-15T11:03:11.306+0000] {logging_mixin.py:188} INFO - [2026-02-15T11:03:11.306+0000] {dag.py:3036} INFO - Sync 1 DAGs
[2026-02-15T11:03:11.321+0000] {logging_mixin.py:188} INFO - [2026-02-15T11:03:11.320+0000] {dag.py:3823} INFO - Setting next_dagrun for ecommerce_etl_v2 to 2026-02-14 13:00:00+00:00, run_after=2026-02-15 13:00:00+00:00
[2026-02-15T11:03:11.335+0000] {processor.py:183} INFO - Processing /opt/airflow/dags/etl_dag.py took 0.184 seconds
[2026-02-15T11:51:24.982+0000] {processor.py:161} INFO - Started process (PID=26380) to work on /opt/airflow/dags/etl_dag.py
[2026-02-15T11:51:24.983+0000] {processor.py:830} INFO - Processing file /opt/airflow/dags/etl_dag.py for tasks to queue
[2026-02-15T11:51:24.984+0000] {logging_mixin.py:188} INFO - [2026-02-15T11:51:24.983+0000] {dagbag.py:538} INFO - Filling up the DagBag from /opt/airflow/dags/etl_dag.py
[2026-02-15T11:51:25.030+0000] {logging_mixin.py:188} INFO - Warning: Your Kaggle API key is readable by other users on this system! To fix this, you can run 'chmod 600 /home/airflow/.kaggle/kaggle.json'
[2026-02-15T11:51:25.090+0000] {logging_mixin.py:188} WARNING - /home/airflow/.local/lib/python3.8/site-packages/airflow/models/baseoperator.py:437 AirflowProviderDeprecationWarning: `exists_ok` parameter is deprecated, please use `if_exists`
[2026-02-15T11:51:25.099+0000] {processor.py:840} INFO - DAG(s) 'ecommerce_etl_v2' retrieved from /opt/airflow/dags/etl_dag.py
[2026-02-15T11:51:25.118+0000] {logging_mixin.py:188} INFO - [2026-02-15T11:51:25.118+0000] {dag.py:3036} INFO - Sync 1 DAGs
[2026-02-15T11:51:25.129+0000] {logging_mixin.py:188} INFO - [2026-02-15T11:51:25.129+0000] {dag.py:3823} INFO - Setting next_dagrun for ecommerce_etl_v2 to 2026-02-14 13:00:00+00:00, run_after=2026-02-15 13:00:00+00:00
[2026-02-15T11:51:25.138+0000] {processor.py:183} INFO - Processing /opt/airflow/dags/etl_dag.py took 0.161 seconds
[2026-02-15T12:44:02.011+0000] {processor.py:161} INFO - Started process (PID=26412) to work on /opt/airflow/dags/etl_dag.py
[2026-02-15T12:44:02.011+0000] {processor.py:830} INFO - Processing file /opt/airflow/dags/etl_dag.py for tasks to queue
[2026-02-15T12:44:02.012+0000] {logging_mixin.py:188} INFO - [2026-02-15T12:44:02.011+0000] {dagbag.py:538} INFO - Filling up the DagBag from /opt/airflow/dags/etl_dag.py
[2026-02-15T12:44:02.049+0000] {logging_mixin.py:188} INFO - Warning: Your Kaggle API key is readable by other users on this system! To fix this, you can run 'chmod 600 /home/airflow/.kaggle/kaggle.json'
[2026-02-15T12:44:02.109+0000] {logging_mixin.py:188} WARNING - /home/airflow/.local/lib/python3.8/site-packages/airflow/models/baseoperator.py:437 AirflowProviderDeprecationWarning: `exists_ok` parameter is deprecated, please use `if_exists`
[2026-02-15T12:44:02.119+0000] {processor.py:840} INFO - DAG(s) 'ecommerce_etl_v2' retrieved from /opt/airflow/dags/etl_dag.py
[2026-02-15T12:44:02.138+0000] {logging_mixin.py:188} INFO - [2026-02-15T12:44:02.138+0000] {dag.py:3036} INFO - Sync 1 DAGs
[2026-02-15T12:44:02.148+0000] {logging_mixin.py:188} INFO - [2026-02-15T12:44:02.148+0000] {dag.py:3823} INFO - Setting next_dagrun for ecommerce_etl_v2 to 2026-02-14 13:00:00+00:00, run_after=2026-02-15 13:00:00+00:00
[2026-02-15T12:44:02.156+0000] {processor.py:183} INFO - Processing /opt/airflow/dags/etl_dag.py took 0.147 seconds
[2026-02-15T13:28:00.800+0000] {processor.py:161} INFO - Started process (PID=26450) to work on /opt/airflow/dags/etl_dag.py
[2026-02-15T13:28:00.801+0000] {processor.py:830} INFO - Processing file /opt/airflow/dags/etl_dag.py for tasks to queue
[2026-02-15T13:28:00.803+0000] {logging_mixin.py:188} INFO - [2026-02-15T13:28:00.803+0000] {dagbag.py:538} INFO - Filling up the DagBag from /opt/airflow/dags/etl_dag.py
[2026-02-15T13:28:00.901+0000] {logging_mixin.py:188} INFO - Warning: Your Kaggle API key is readable by other users on this system! To fix this, you can run 'chmod 600 /home/airflow/.kaggle/kaggle.json'
[2026-02-15T13:28:01.009+0000] {logging_mixin.py:188} WARNING - /home/airflow/.local/lib/python3.8/site-packages/airflow/models/baseoperator.py:437 AirflowProviderDeprecationWarning: `exists_ok` parameter is deprecated, please use `if_exists`
[2026-02-15T13:28:01.051+0000] {processor.py:840} INFO - DAG(s) 'ecommerce_etl_v2' retrieved from /opt/airflow/dags/etl_dag.py
[2026-02-15T13:28:01.098+0000] {logging_mixin.py:188} INFO - [2026-02-15T13:28:01.097+0000] {dag.py:3036} INFO - Sync 1 DAGs
[2026-02-15T13:28:01.173+0000] {processor.py:183} INFO - Processing /opt/airflow/dags/etl_dag.py took 0.379 seconds
[2026-02-15T13:55:50.197+0000] {processor.py:161} INFO - Started process (PID=26676) to work on /opt/airflow/dags/etl_dag.py
[2026-02-15T13:55:50.199+0000] {processor.py:830} INFO - Processing file /opt/airflow/dags/etl_dag.py for tasks to queue
[2026-02-15T13:55:50.200+0000] {logging_mixin.py:188} INFO - [2026-02-15T13:55:50.199+0000] {dagbag.py:538} INFO - Filling up the DagBag from /opt/airflow/dags/etl_dag.py
[2026-02-15T13:55:50.242+0000] {logging_mixin.py:188} INFO - Warning: Your Kaggle API key is readable by other users on this system! To fix this, you can run 'chmod 600 /home/airflow/.kaggle/kaggle.json'
[2026-02-15T13:55:50.301+0000] {logging_mixin.py:188} WARNING - /home/airflow/.local/lib/python3.8/site-packages/airflow/models/baseoperator.py:437 AirflowProviderDeprecationWarning: `exists_ok` parameter is deprecated, please use `if_exists`
[2026-02-15T13:55:50.310+0000] {processor.py:840} INFO - DAG(s) 'ecommerce_etl_v2' retrieved from /opt/airflow/dags/etl_dag.py
[2026-02-15T13:55:50.330+0000] {logging_mixin.py:188} INFO - [2026-02-15T13:55:50.330+0000] {dag.py:3036} INFO - Sync 1 DAGs
[2026-02-15T13:55:50.349+0000] {processor.py:183} INFO - Processing /opt/airflow/dags/etl_dag.py took 0.155 seconds
[2026-02-15T14:13:50.590+0000] {processor.py:161} INFO - Started process (PID=26765) to work on /opt/airflow/dags/etl_dag.py
[2026-02-15T14:13:50.591+0000] {processor.py:830} INFO - Processing file /opt/airflow/dags/etl_dag.py for tasks to queue
[2026-02-15T14:13:50.592+0000] {logging_mixin.py:188} INFO - [2026-02-15T14:13:50.591+0000] {dagbag.py:538} INFO - Filling up the DagBag from /opt/airflow/dags/etl_dag.py
[2026-02-15T14:13:50.629+0000] {logging_mixin.py:188} INFO - Warning: Your Kaggle API key is readable by other users on this system! To fix this, you can run 'chmod 600 /home/airflow/.kaggle/kaggle.json'
[2026-02-15T14:13:50.695+0000] {logging_mixin.py:188} WARNING - /home/airflow/.local/lib/python3.8/site-packages/airflow/models/baseoperator.py:437 AirflowProviderDeprecationWarning: `exists_ok` parameter is deprecated, please use `if_exists`
[2026-02-15T14:13:50.709+0000] {processor.py:840} INFO - DAG(s) 'ecommerce_etl_v2' retrieved from /opt/airflow/dags/etl_dag.py
[2026-02-15T14:13:50.731+0000] {logging_mixin.py:188} INFO - [2026-02-15T14:13:50.730+0000] {dag.py:3036} INFO - Sync 1 DAGs
[2026-02-15T14:13:50.752+0000] {processor.py:183} INFO - Processing /opt/airflow/dags/etl_dag.py took 0.164 seconds
[2026-02-15T14:29:25.613+0000] {processor.py:161} INFO - Started process (PID=26798) to work on /opt/airflow/dags/etl_dag.py
[2026-02-15T14:29:25.614+0000] {processor.py:830} INFO - Processing file /opt/airflow/dags/etl_dag.py for tasks to queue
[2026-02-15T14:29:25.614+0000] {logging_mixin.py:188} INFO - [2026-02-15T14:29:25.614+0000] {dagbag.py:538} INFO - Filling up the DagBag from /opt/airflow/dags/etl_dag.py
[2026-02-15T14:29:25.650+0000] {logging_mixin.py:188} INFO - Warning: Your Kaggle API key is readable by other users on this system! To fix this, you can run 'chmod 600 /home/airflow/.kaggle/kaggle.json'
[2026-02-15T14:29:25.712+0000] {logging_mixin.py:188} WARNING - /home/airflow/.local/lib/python3.8/site-packages/airflow/models/baseoperator.py:437 AirflowProviderDeprecationWarning: `exists_ok` parameter is deprecated, please use `if_exists`
[2026-02-15T14:29:25.722+0000] {processor.py:840} INFO - DAG(s) 'ecommerce_etl_v2' retrieved from /opt/airflow/dags/etl_dag.py
[2026-02-15T14:29:25.744+0000] {logging_mixin.py:188} INFO - [2026-02-15T14:29:25.744+0000] {dag.py:3036} INFO - Sync 1 DAGs
[2026-02-15T14:29:25.767+0000] {processor.py:183} INFO - Processing /opt/airflow/dags/etl_dag.py took 0.156 seconds
[2026-02-15T15:14:18.944+0000] {processor.py:161} INFO - Started process (PID=26883) to work on /opt/airflow/dags/etl_dag.py
[2026-02-15T15:14:18.945+0000] {processor.py:830} INFO - Processing file /opt/airflow/dags/etl_dag.py for tasks to queue
[2026-02-15T15:14:18.946+0000] {logging_mixin.py:188} INFO - [2026-02-15T15:14:18.945+0000] {dagbag.py:538} INFO - Filling up the DagBag from /opt/airflow/dags/etl_dag.py
[2026-02-15T15:14:18.986+0000] {logging_mixin.py:188} INFO - Warning: Your Kaggle API key is readable by other users on this system! To fix this, you can run 'chmod 600 /home/airflow/.kaggle/kaggle.json'
[2026-02-15T15:14:19.048+0000] {logging_mixin.py:188} WARNING - /home/airflow/.local/lib/python3.8/site-packages/airflow/models/baseoperator.py:437 AirflowProviderDeprecationWarning: `exists_ok` parameter is deprecated, please use `if_exists`
[2026-02-15T15:14:19.057+0000] {processor.py:840} INFO - DAG(s) 'ecommerce_etl_v2' retrieved from /opt/airflow/dags/etl_dag.py
[2026-02-15T15:14:19.080+0000] {logging_mixin.py:188} INFO - [2026-02-15T15:14:19.080+0000] {dag.py:3036} INFO - Sync 1 DAGs
[2026-02-15T15:14:19.097+0000] {logging_mixin.py:188} INFO - [2026-02-15T15:14:19.096+0000] {dag.py:3823} INFO - Setting next_dagrun for ecommerce_etl_v2 to 2026-02-15 13:00:00+00:00, run_after=2026-02-16 13:00:00+00:00
[2026-02-15T15:14:19.109+0000] {processor.py:183} INFO - Processing /opt/airflow/dags/etl_dag.py took 0.168 seconds
[2026-02-15T16:15:10.257+0000] {processor.py:161} INFO - Started process (PID=26915) to work on /opt/airflow/dags/etl_dag.py
[2026-02-15T16:15:10.258+0000] {processor.py:830} INFO - Processing file /opt/airflow/dags/etl_dag.py for tasks to queue
[2026-02-15T16:15:10.258+0000] {logging_mixin.py:188} INFO - [2026-02-15T16:15:10.258+0000] {dagbag.py:538} INFO - Filling up the DagBag from /opt/airflow/dags/etl_dag.py
[2026-02-15T16:15:10.295+0000] {logging_mixin.py:188} INFO - Warning: Your Kaggle API key is readable by other users on this system! To fix this, you can run 'chmod 600 /home/airflow/.kaggle/kaggle.json'
[2026-02-15T16:15:10.355+0000] {logging_mixin.py:188} WARNING - /home/airflow/.local/lib/python3.8/site-packages/airflow/models/baseoperator.py:437 AirflowProviderDeprecationWarning: `exists_ok` parameter is deprecated, please use `if_exists`
[2026-02-15T16:15:10.363+0000] {processor.py:840} INFO - DAG(s) 'ecommerce_etl_v2' retrieved from /opt/airflow/dags/etl_dag.py
[2026-02-15T16:15:10.383+0000] {logging_mixin.py:188} INFO - [2026-02-15T16:15:10.382+0000] {dag.py:3036} INFO - Sync 1 DAGs
[2026-02-15T16:15:10.393+0000] {logging_mixin.py:188} INFO - [2026-02-15T16:15:10.393+0000] {dag.py:3823} INFO - Setting next_dagrun for ecommerce_etl_v2 to 2026-02-15 13:00:00+00:00, run_after=2026-02-16 13:00:00+00:00
[2026-02-15T16:15:10.402+0000] {processor.py:183} INFO - Processing /opt/airflow/dags/etl_dag.py took 0.147 seconds
[2026-02-15T16:45:40.533+0000] {processor.py:161} INFO - Started process (PID=26947) to work on /opt/airflow/dags/etl_dag.py
[2026-02-15T16:45:40.534+0000] {processor.py:830} INFO - Processing file /opt/airflow/dags/etl_dag.py for tasks to queue
[2026-02-15T16:45:40.535+0000] {logging_mixin.py:188} INFO - [2026-02-15T16:45:40.534+0000] {dagbag.py:538} INFO - Filling up the DagBag from /opt/airflow/dags/etl_dag.py
[2026-02-15T16:45:40.584+0000] {logging_mixin.py:188} INFO - Warning: Your Kaggle API key is readable by other users on this system! To fix this, you can run 'chmod 600 /home/airflow/.kaggle/kaggle.json'
[2026-02-15T16:45:40.649+0000] {logging_mixin.py:188} WARNING - /home/airflow/.local/lib/python3.8/site-packages/airflow/models/baseoperator.py:437 AirflowProviderDeprecationWarning: `exists_ok` parameter is deprecated, please use `if_exists`
[2026-02-15T16:45:40.660+0000] {processor.py:840} INFO - DAG(s) 'ecommerce_etl_v2' retrieved from /opt/airflow/dags/etl_dag.py
[2026-02-15T16:45:40.690+0000] {logging_mixin.py:188} INFO - [2026-02-15T16:45:40.690+0000] {dag.py:3036} INFO - Sync 1 DAGs
[2026-02-15T16:45:40.710+0000] {logging_mixin.py:188} INFO - [2026-02-15T16:45:40.710+0000] {dag.py:3823} INFO - Setting next_dagrun for ecommerce_etl_v2 to 2026-02-15 13:00:00+00:00, run_after=2026-02-16 13:00:00+00:00
[2026-02-15T16:45:40.724+0000] {processor.py:183} INFO - Processing /opt/airflow/dags/etl_dag.py took 0.194 seconds
[2026-02-15T16:58:35.700+0000] {processor.py:161} INFO - Started process (PID=26978) to work on /opt/airflow/dags/etl_dag.py
[2026-02-15T16:58:35.701+0000] {processor.py:830} INFO - Processing file /opt/airflow/dags/etl_dag.py for tasks to queue
[2026-02-15T16:58:35.702+0000] {logging_mixin.py:188} INFO - [2026-02-15T16:58:35.701+0000] {dagbag.py:538} INFO - Filling up the DagBag from /opt/airflow/dags/etl_dag.py
[2026-02-15T16:58:35.749+0000] {logging_mixin.py:188} INFO - Warning: Your Kaggle API key is readable by other users on this system! To fix this, you can run 'chmod 600 /home/airflow/.kaggle/kaggle.json'
[2026-02-15T16:58:35.818+0000] {logging_mixin.py:188} WARNING - /home/airflow/.local/lib/python3.8/site-packages/airflow/models/baseoperator.py:437 AirflowProviderDeprecationWarning: `exists_ok` parameter is deprecated, please use `if_exists`
[2026-02-15T16:58:35.832+0000] {processor.py:840} INFO - DAG(s) 'ecommerce_etl_v2' retrieved from /opt/airflow/dags/etl_dag.py
[2026-02-15T16:58:35.859+0000] {logging_mixin.py:188} INFO - [2026-02-15T16:58:35.858+0000] {dag.py:3036} INFO - Sync 1 DAGs
[2026-02-15T16:58:35.874+0000] {logging_mixin.py:188} INFO - [2026-02-15T16:58:35.874+0000] {dag.py:3823} INFO - Setting next_dagrun for ecommerce_etl_v2 to 2026-02-15 13:00:00+00:00, run_after=2026-02-16 13:00:00+00:00
[2026-02-15T16:58:35.885+0000] {processor.py:183} INFO - Processing /opt/airflow/dags/etl_dag.py took 0.191 seconds
[2026-02-15T17:49:49.393+0000] {processor.py:161} INFO - Started process (PID=27009) to work on /opt/airflow/dags/etl_dag.py
[2026-02-15T17:49:49.394+0000] {processor.py:830} INFO - Processing file /opt/airflow/dags/etl_dag.py for tasks to queue
[2026-02-15T17:49:49.395+0000] {logging_mixin.py:188} INFO - [2026-02-15T17:49:49.394+0000] {dagbag.py:538} INFO - Filling up the DagBag from /opt/airflow/dags/etl_dag.py
[2026-02-15T17:49:49.451+0000] {logging_mixin.py:188} INFO - Warning: Your Kaggle API key is readable by other users on this system! To fix this, you can run 'chmod 600 /home/airflow/.kaggle/kaggle.json'
[2026-02-15T17:49:49.524+0000] {logging_mixin.py:188} WARNING - /home/airflow/.local/lib/python3.8/site-packages/airflow/models/baseoperator.py:437 AirflowProviderDeprecationWarning: `exists_ok` parameter is deprecated, please use `if_exists`
[2026-02-15T17:49:49.546+0000] {processor.py:840} INFO - DAG(s) 'ecommerce_etl_v2' retrieved from /opt/airflow/dags/etl_dag.py
[2026-02-15T17:49:49.578+0000] {logging_mixin.py:188} INFO - [2026-02-15T17:49:49.578+0000] {dag.py:3036} INFO - Sync 1 DAGs
[2026-02-15T17:49:49.597+0000] {logging_mixin.py:188} INFO - [2026-02-15T17:49:49.597+0000] {dag.py:3823} INFO - Setting next_dagrun for ecommerce_etl_v2 to 2026-02-15 13:00:00+00:00, run_after=2026-02-16 13:00:00+00:00
[2026-02-15T17:49:49.612+0000] {processor.py:183} INFO - Processing /opt/airflow/dags/etl_dag.py took 0.222 seconds
[2026-02-15T18:01:13.363+0000] {processor.py:161} INFO - Started process (PID=27040) to work on /opt/airflow/dags/etl_dag.py
[2026-02-15T18:01:13.364+0000] {processor.py:830} INFO - Processing file /opt/airflow/dags/etl_dag.py for tasks to queue
[2026-02-15T18:01:13.364+0000] {logging_mixin.py:188} INFO - [2026-02-15T18:01:13.364+0000] {dagbag.py:538} INFO - Filling up the DagBag from /opt/airflow/dags/etl_dag.py
[2026-02-15T18:01:13.796+0000] {logging_mixin.py:188} INFO - Warning: Your Kaggle API key is readable by other users on this system! To fix this, you can run 'chmod 600 /home/airflow/.kaggle/kaggle.json'
[2026-02-15T18:01:13.876+0000] {logging_mixin.py:188} WARNING - /home/airflow/.local/lib/python3.8/site-packages/airflow/models/baseoperator.py:437 AirflowProviderDeprecationWarning: `exists_ok` parameter is deprecated, please use `if_exists`
[2026-02-15T18:01:13.896+0000] {processor.py:840} INFO - DAG(s) 'ecommerce_etl_v2' retrieved from /opt/airflow/dags/etl_dag.py
[2026-02-15T18:01:13.921+0000] {logging_mixin.py:188} INFO - [2026-02-15T18:01:13.921+0000] {dag.py:3036} INFO - Sync 1 DAGs
[2026-02-15T18:01:13.936+0000] {logging_mixin.py:188} INFO - [2026-02-15T18:01:13.936+0000] {dag.py:3823} INFO - Setting next_dagrun for ecommerce_etl_v2 to 2026-02-15 13:00:00+00:00, run_after=2026-02-16 13:00:00+00:00
[2026-02-15T18:01:13.951+0000] {processor.py:183} INFO - Processing /opt/airflow/dags/etl_dag.py took 0.589 seconds
[2026-02-15T18:23:09.268+0000] {processor.py:161} INFO - Started process (PID=27073) to work on /opt/airflow/dags/etl_dag.py
[2026-02-15T18:23:09.268+0000] {processor.py:830} INFO - Processing file /opt/airflow/dags/etl_dag.py for tasks to queue
[2026-02-15T18:23:09.269+0000] {logging_mixin.py:188} INFO - [2026-02-15T18:23:09.269+0000] {dagbag.py:538} INFO - Filling up the DagBag from /opt/airflow/dags/etl_dag.py
[2026-02-15T18:23:09.309+0000] {logging_mixin.py:188} INFO - Warning: Your Kaggle API key is readable by other users on this system! To fix this, you can run 'chmod 600 /home/airflow/.kaggle/kaggle.json'
[2026-02-15T18:23:09.371+0000] {logging_mixin.py:188} WARNING - /home/airflow/.local/lib/python3.8/site-packages/airflow/models/baseoperator.py:437 AirflowProviderDeprecationWarning: `exists_ok` parameter is deprecated, please use `if_exists`
[2026-02-15T18:23:09.385+0000] {processor.py:840} INFO - DAG(s) 'ecommerce_etl_v2' retrieved from /opt/airflow/dags/etl_dag.py
[2026-02-15T18:23:09.415+0000] {logging_mixin.py:188} INFO - [2026-02-15T18:23:09.415+0000] {dag.py:3036} INFO - Sync 1 DAGs
[2026-02-15T18:23:09.433+0000] {logging_mixin.py:188} INFO - [2026-02-15T18:23:09.433+0000] {dag.py:3823} INFO - Setting next_dagrun for ecommerce_etl_v2 to 2026-02-15 13:00:00+00:00, run_after=2026-02-16 13:00:00+00:00
[2026-02-15T18:23:09.448+0000] {processor.py:183} INFO - Processing /opt/airflow/dags/etl_dag.py took 0.183 seconds
[2026-02-15T18:23:39.699+0000] {processor.py:161} INFO - Started process (PID=27104) to work on /opt/airflow/dags/etl_dag.py
[2026-02-15T18:23:39.699+0000] {processor.py:830} INFO - Processing file /opt/airflow/dags/etl_dag.py for tasks to queue
[2026-02-15T18:23:39.700+0000] {logging_mixin.py:188} INFO - [2026-02-15T18:23:39.700+0000] {dagbag.py:538} INFO - Filling up the DagBag from /opt/airflow/dags/etl_dag.py
[2026-02-15T18:23:39.739+0000] {logging_mixin.py:188} INFO - Warning: Your Kaggle API key is readable by other users on this system! To fix this, you can run 'chmod 600 /home/airflow/.kaggle/kaggle.json'
[2026-02-15T18:23:39.799+0000] {logging_mixin.py:188} WARNING - /home/airflow/.local/lib/python3.8/site-packages/airflow/models/baseoperator.py:437 AirflowProviderDeprecationWarning: `exists_ok` parameter is deprecated, please use `if_exists`
[2026-02-15T18:23:39.808+0000] {processor.py:840} INFO - DAG(s) 'ecommerce_etl_v2' retrieved from /opt/airflow/dags/etl_dag.py
[2026-02-15T18:23:39.827+0000] {logging_mixin.py:188} INFO - [2026-02-15T18:23:39.827+0000] {dag.py:3036} INFO - Sync 1 DAGs
[2026-02-15T18:23:39.838+0000] {logging_mixin.py:188} INFO - [2026-02-15T18:23:39.838+0000] {dag.py:3823} INFO - Setting next_dagrun for ecommerce_etl_v2 to 2026-02-15 13:00:00+00:00, run_after=2026-02-16 13:00:00+00:00
[2026-02-15T18:23:39.847+0000] {processor.py:183} INFO - Processing /opt/airflow/dags/etl_dag.py took 0.150 seconds
[2026-02-15T18:24:10.239+0000] {processor.py:161} INFO - Started process (PID=27135) to work on /opt/airflow/dags/etl_dag.py
[2026-02-15T18:24:10.240+0000] {processor.py:830} INFO - Processing file /opt/airflow/dags/etl_dag.py for tasks to queue
[2026-02-15T18:24:10.241+0000] {logging_mixin.py:188} INFO - [2026-02-15T18:24:10.241+0000] {dagbag.py:538} INFO - Filling up the DagBag from /opt/airflow/dags/etl_dag.py
[2026-02-15T18:24:10.287+0000] {logging_mixin.py:188} INFO - Warning: Your Kaggle API key is readable by other users on this system! To fix this, you can run 'chmod 600 /home/airflow/.kaggle/kaggle.json'
[2026-02-15T18:24:10.346+0000] {logging_mixin.py:188} WARNING - /home/airflow/.local/lib/python3.8/site-packages/airflow/models/baseoperator.py:437 AirflowProviderDeprecationWarning: `exists_ok` parameter is deprecated, please use `if_exists`
[2026-02-15T18:24:10.355+0000] {processor.py:840} INFO - DAG(s) 'ecommerce_etl_v2' retrieved from /opt/airflow/dags/etl_dag.py
[2026-02-15T18:24:10.373+0000] {logging_mixin.py:188} INFO - [2026-02-15T18:24:10.373+0000] {dag.py:3036} INFO - Sync 1 DAGs
[2026-02-15T18:24:10.384+0000] {logging_mixin.py:188} INFO - [2026-02-15T18:24:10.384+0000] {dag.py:3823} INFO - Setting next_dagrun for ecommerce_etl_v2 to 2026-02-15 13:00:00+00:00, run_after=2026-02-16 13:00:00+00:00
[2026-02-15T18:24:10.392+0000] {processor.py:183} INFO - Processing /opt/airflow/dags/etl_dag.py took 0.156 seconds
[2026-02-15T18:24:40.661+0000] {processor.py:161} INFO - Started process (PID=27166) to work on /opt/airflow/dags/etl_dag.py
[2026-02-15T18:24:40.662+0000] {processor.py:830} INFO - Processing file /opt/airflow/dags/etl_dag.py for tasks to queue
[2026-02-15T18:24:40.663+0000] {logging_mixin.py:188} INFO - [2026-02-15T18:24:40.663+0000] {dagbag.py:538} INFO - Filling up the DagBag from /opt/airflow/dags/etl_dag.py
[2026-02-15T18:24:40.709+0000] {logging_mixin.py:188} INFO - Warning: Your Kaggle API key is readable by other users on this system! To fix this, you can run 'chmod 600 /home/airflow/.kaggle/kaggle.json'
[2026-02-15T18:24:40.769+0000] {logging_mixin.py:188} WARNING - /home/airflow/.local/lib/python3.8/site-packages/airflow/models/baseoperator.py:437 AirflowProviderDeprecationWarning: `exists_ok` parameter is deprecated, please use `if_exists`
[2026-02-15T18:24:40.778+0000] {processor.py:840} INFO - DAG(s) 'ecommerce_etl_v2' retrieved from /opt/airflow/dags/etl_dag.py
[2026-02-15T18:24:40.797+0000] {logging_mixin.py:188} INFO - [2026-02-15T18:24:40.797+0000] {dag.py:3036} INFO - Sync 1 DAGs
[2026-02-15T18:24:40.807+0000] {logging_mixin.py:188} INFO - [2026-02-15T18:24:40.807+0000] {dag.py:3823} INFO - Setting next_dagrun for ecommerce_etl_v2 to 2026-02-15 13:00:00+00:00, run_after=2026-02-16 13:00:00+00:00
[2026-02-15T18:24:40.815+0000] {processor.py:183} INFO - Processing /opt/airflow/dags/etl_dag.py took 0.159 seconds
[2026-02-15T18:25:11.162+0000] {processor.py:161} INFO - Started process (PID=27197) to work on /opt/airflow/dags/etl_dag.py
[2026-02-15T18:25:11.163+0000] {processor.py:830} INFO - Processing file /opt/airflow/dags/etl_dag.py for tasks to queue
[2026-02-15T18:25:11.164+0000] {logging_mixin.py:188} INFO - [2026-02-15T18:25:11.164+0000] {dagbag.py:538} INFO - Filling up the DagBag from /opt/airflow/dags/etl_dag.py
[2026-02-15T18:25:11.207+0000] {logging_mixin.py:188} INFO - Warning: Your Kaggle API key is readable by other users on this system! To fix this, you can run 'chmod 600 /home/airflow/.kaggle/kaggle.json'
[2026-02-15T18:25:11.266+0000] {logging_mixin.py:188} WARNING - /home/airflow/.local/lib/python3.8/site-packages/airflow/models/baseoperator.py:437 AirflowProviderDeprecationWarning: `exists_ok` parameter is deprecated, please use `if_exists`
[2026-02-15T18:25:11.274+0000] {processor.py:840} INFO - DAG(s) 'ecommerce_etl_v2' retrieved from /opt/airflow/dags/etl_dag.py
[2026-02-15T18:25:11.293+0000] {logging_mixin.py:188} INFO - [2026-02-15T18:25:11.293+0000] {dag.py:3036} INFO - Sync 1 DAGs
[2026-02-15T18:25:11.304+0000] {logging_mixin.py:188} INFO - [2026-02-15T18:25:11.303+0000] {dag.py:3823} INFO - Setting next_dagrun for ecommerce_etl_v2 to 2026-02-15 13:00:00+00:00, run_after=2026-02-16 13:00:00+00:00
[2026-02-15T18:25:11.313+0000] {processor.py:183} INFO - Processing /opt/airflow/dags/etl_dag.py took 0.153 seconds
[2026-02-15T18:25:41.466+0000] {processor.py:161} INFO - Started process (PID=27228) to work on /opt/airflow/dags/etl_dag.py
[2026-02-15T18:25:41.467+0000] {processor.py:830} INFO - Processing file /opt/airflow/dags/etl_dag.py for tasks to queue
[2026-02-15T18:25:41.468+0000] {logging_mixin.py:188} INFO - [2026-02-15T18:25:41.467+0000] {dagbag.py:538} INFO - Filling up the DagBag from /opt/airflow/dags/etl_dag.py
[2026-02-15T18:25:41.508+0000] {logging_mixin.py:188} INFO - Warning: Your Kaggle API key is readable by other users on this system! To fix this, you can run 'chmod 600 /home/airflow/.kaggle/kaggle.json'
[2026-02-15T18:25:41.567+0000] {logging_mixin.py:188} WARNING - /home/airflow/.local/lib/python3.8/site-packages/airflow/models/baseoperator.py:437 AirflowProviderDeprecationWarning: `exists_ok` parameter is deprecated, please use `if_exists`
[2026-02-15T18:25:41.576+0000] {processor.py:840} INFO - DAG(s) 'ecommerce_etl_v2' retrieved from /opt/airflow/dags/etl_dag.py
[2026-02-15T18:25:41.595+0000] {logging_mixin.py:188} INFO - [2026-02-15T18:25:41.594+0000] {dag.py:3036} INFO - Sync 1 DAGs
[2026-02-15T18:25:41.605+0000] {logging_mixin.py:188} INFO - [2026-02-15T18:25:41.605+0000] {dag.py:3823} INFO - Setting next_dagrun for ecommerce_etl_v2 to 2026-02-15 13:00:00+00:00, run_after=2026-02-16 13:00:00+00:00
[2026-02-15T18:25:41.614+0000] {processor.py:183} INFO - Processing /opt/airflow/dags/etl_dag.py took 0.150 seconds
[2026-02-15T18:26:11.870+0000] {processor.py:161} INFO - Started process (PID=27259) to work on /opt/airflow/dags/etl_dag.py
[2026-02-15T18:26:11.871+0000] {processor.py:830} INFO - Processing file /opt/airflow/dags/etl_dag.py for tasks to queue
[2026-02-15T18:26:11.871+0000] {logging_mixin.py:188} INFO - [2026-02-15T18:26:11.871+0000] {dagbag.py:538} INFO - Filling up the DagBag from /opt/airflow/dags/etl_dag.py
[2026-02-15T18:26:11.911+0000] {logging_mixin.py:188} INFO - Warning: Your Kaggle API key is readable by other users on this system! To fix this, you can run 'chmod 600 /home/airflow/.kaggle/kaggle.json'
[2026-02-15T18:26:11.973+0000] {logging_mixin.py:188} WARNING - /home/airflow/.local/lib/python3.8/site-packages/airflow/models/baseoperator.py:437 AirflowProviderDeprecationWarning: `exists_ok` parameter is deprecated, please use `if_exists`
[2026-02-15T18:26:11.983+0000] {processor.py:840} INFO - DAG(s) 'ecommerce_etl_v2' retrieved from /opt/airflow/dags/etl_dag.py
[2026-02-15T18:26:12.003+0000] {logging_mixin.py:188} INFO - [2026-02-15T18:26:12.003+0000] {dag.py:3036} INFO - Sync 1 DAGs
[2026-02-15T18:26:12.014+0000] {logging_mixin.py:188} INFO - [2026-02-15T18:26:12.014+0000] {dag.py:3823} INFO - Setting next_dagrun for ecommerce_etl_v2 to 2026-02-15 13:00:00+00:00, run_after=2026-02-16 13:00:00+00:00
[2026-02-15T18:26:12.022+0000] {processor.py:183} INFO - Processing /opt/airflow/dags/etl_dag.py took 0.154 seconds
[2026-02-15T18:26:42.372+0000] {processor.py:161} INFO - Started process (PID=27290) to work on /opt/airflow/dags/etl_dag.py
[2026-02-15T18:26:42.374+0000] {processor.py:830} INFO - Processing file /opt/airflow/dags/etl_dag.py for tasks to queue
[2026-02-15T18:26:42.375+0000] {logging_mixin.py:188} INFO - [2026-02-15T18:26:42.374+0000] {dagbag.py:538} INFO - Filling up the DagBag from /opt/airflow/dags/etl_dag.py
[2026-02-15T18:26:42.423+0000] {logging_mixin.py:188} INFO - Warning: Your Kaggle API key is readable by other users on this system! To fix this, you can run 'chmod 600 /home/airflow/.kaggle/kaggle.json'
[2026-02-15T18:26:42.484+0000] {logging_mixin.py:188} WARNING - /home/airflow/.local/lib/python3.8/site-packages/airflow/models/baseoperator.py:437 AirflowProviderDeprecationWarning: `exists_ok` parameter is deprecated, please use `if_exists`
[2026-02-15T18:26:42.493+0000] {processor.py:840} INFO - DAG(s) 'ecommerce_etl_v2' retrieved from /opt/airflow/dags/etl_dag.py
[2026-02-15T18:26:42.513+0000] {logging_mixin.py:188} INFO - [2026-02-15T18:26:42.512+0000] {dag.py:3036} INFO - Sync 1 DAGs
[2026-02-15T18:26:42.523+0000] {logging_mixin.py:188} INFO - [2026-02-15T18:26:42.523+0000] {dag.py:3823} INFO - Setting next_dagrun for ecommerce_etl_v2 to 2026-02-15 13:00:00+00:00, run_after=2026-02-16 13:00:00+00:00
[2026-02-15T18:26:42.533+0000] {processor.py:183} INFO - Processing /opt/airflow/dags/etl_dag.py took 0.165 seconds
[2026-02-15T18:27:12.704+0000] {processor.py:161} INFO - Started process (PID=27321) to work on /opt/airflow/dags/etl_dag.py
[2026-02-15T18:27:12.705+0000] {processor.py:830} INFO - Processing file /opt/airflow/dags/etl_dag.py for tasks to queue
[2026-02-15T18:27:12.706+0000] {logging_mixin.py:188} INFO - [2026-02-15T18:27:12.706+0000] {dagbag.py:538} INFO - Filling up the DagBag from /opt/airflow/dags/etl_dag.py
[2026-02-15T18:27:12.751+0000] {logging_mixin.py:188} INFO - Warning: Your Kaggle API key is readable by other users on this system! To fix this, you can run 'chmod 600 /home/airflow/.kaggle/kaggle.json'
[2026-02-15T18:27:12.811+0000] {logging_mixin.py:188} WARNING - /home/airflow/.local/lib/python3.8/site-packages/airflow/models/baseoperator.py:437 AirflowProviderDeprecationWarning: `exists_ok` parameter is deprecated, please use `if_exists`
[2026-02-15T18:27:12.820+0000] {processor.py:840} INFO - DAG(s) 'ecommerce_etl_v2' retrieved from /opt/airflow/dags/etl_dag.py
[2026-02-15T18:27:12.840+0000] {logging_mixin.py:188} INFO - [2026-02-15T18:27:12.840+0000] {dag.py:3036} INFO - Sync 1 DAGs
[2026-02-15T18:27:12.851+0000] {logging_mixin.py:188} INFO - [2026-02-15T18:27:12.851+0000] {dag.py:3823} INFO - Setting next_dagrun for ecommerce_etl_v2 to 2026-02-15 13:00:00+00:00, run_after=2026-02-16 13:00:00+00:00
[2026-02-15T18:27:12.860+0000] {processor.py:183} INFO - Processing /opt/airflow/dags/etl_dag.py took 0.160 seconds
[2026-02-15T18:27:43.281+0000] {processor.py:161} INFO - Started process (PID=27352) to work on /opt/airflow/dags/etl_dag.py
[2026-02-15T18:27:43.283+0000] {processor.py:830} INFO - Processing file /opt/airflow/dags/etl_dag.py for tasks to queue
[2026-02-15T18:27:43.284+0000] {logging_mixin.py:188} INFO - [2026-02-15T18:27:43.283+0000] {dagbag.py:538} INFO - Filling up the DagBag from /opt/airflow/dags/etl_dag.py
[2026-02-15T18:27:43.337+0000] {logging_mixin.py:188} INFO - Warning: Your Kaggle API key is readable by other users on this system! To fix this, you can run 'chmod 600 /home/airflow/.kaggle/kaggle.json'
[2026-02-15T18:27:43.397+0000] {logging_mixin.py:188} WARNING - /home/airflow/.local/lib/python3.8/site-packages/airflow/models/baseoperator.py:437 AirflowProviderDeprecationWarning: `exists_ok` parameter is deprecated, please use `if_exists`
[2026-02-15T18:27:43.406+0000] {processor.py:840} INFO - DAG(s) 'ecommerce_etl_v2' retrieved from /opt/airflow/dags/etl_dag.py
[2026-02-15T18:27:43.424+0000] {logging_mixin.py:188} INFO - [2026-02-15T18:27:43.424+0000] {dag.py:3036} INFO - Sync 1 DAGs
[2026-02-15T18:27:43.435+0000] {logging_mixin.py:188} INFO - [2026-02-15T18:27:43.435+0000] {dag.py:3823} INFO - Setting next_dagrun for ecommerce_etl_v2 to 2026-02-15 13:00:00+00:00, run_after=2026-02-16 13:00:00+00:00
[2026-02-15T18:27:43.444+0000] {processor.py:183} INFO - Processing /opt/airflow/dags/etl_dag.py took 0.166 seconds
[2026-02-15T18:28:13.709+0000] {processor.py:161} INFO - Started process (PID=27383) to work on /opt/airflow/dags/etl_dag.py
[2026-02-15T18:28:13.709+0000] {processor.py:830} INFO - Processing file /opt/airflow/dags/etl_dag.py for tasks to queue
[2026-02-15T18:28:13.710+0000] {logging_mixin.py:188} INFO - [2026-02-15T18:28:13.710+0000] {dagbag.py:538} INFO - Filling up the DagBag from /opt/airflow/dags/etl_dag.py
[2026-02-15T18:28:13.751+0000] {logging_mixin.py:188} INFO - Warning: Your Kaggle API key is readable by other users on this system! To fix this, you can run 'chmod 600 /home/airflow/.kaggle/kaggle.json'
[2026-02-15T18:28:13.812+0000] {logging_mixin.py:188} WARNING - /home/airflow/.local/lib/python3.8/site-packages/airflow/models/baseoperator.py:437 AirflowProviderDeprecationWarning: `exists_ok` parameter is deprecated, please use `if_exists`
[2026-02-15T18:28:13.820+0000] {processor.py:840} INFO - DAG(s) 'ecommerce_etl_v2' retrieved from /opt/airflow/dags/etl_dag.py
[2026-02-15T18:28:13.839+0000] {logging_mixin.py:188} INFO - [2026-02-15T18:28:13.839+0000] {dag.py:3036} INFO - Sync 1 DAGs
[2026-02-15T18:28:13.849+0000] {logging_mixin.py:188} INFO - [2026-02-15T18:28:13.849+0000] {dag.py:3823} INFO - Setting next_dagrun for ecommerce_etl_v2 to 2026-02-15 13:00:00+00:00, run_after=2026-02-16 13:00:00+00:00
[2026-02-15T18:28:13.858+0000] {processor.py:183} INFO - Processing /opt/airflow/dags/etl_dag.py took 0.152 seconds
[2026-02-15T18:28:44.031+0000] {processor.py:161} INFO - Started process (PID=27414) to work on /opt/airflow/dags/etl_dag.py
[2026-02-15T18:28:44.032+0000] {processor.py:830} INFO - Processing file /opt/airflow/dags/etl_dag.py for tasks to queue
[2026-02-15T18:28:44.032+0000] {logging_mixin.py:188} INFO - [2026-02-15T18:28:44.032+0000] {dagbag.py:538} INFO - Filling up the DagBag from /opt/airflow/dags/etl_dag.py
[2026-02-15T18:28:44.073+0000] {logging_mixin.py:188} INFO - Warning: Your Kaggle API key is readable by other users on this system! To fix this, you can run 'chmod 600 /home/airflow/.kaggle/kaggle.json'
[2026-02-15T18:28:44.132+0000] {logging_mixin.py:188} WARNING - /home/airflow/.local/lib/python3.8/site-packages/airflow/models/baseoperator.py:437 AirflowProviderDeprecationWarning: `exists_ok` parameter is deprecated, please use `if_exists`
[2026-02-15T18:28:44.141+0000] {processor.py:840} INFO - DAG(s) 'ecommerce_etl_v2' retrieved from /opt/airflow/dags/etl_dag.py
[2026-02-15T18:28:44.160+0000] {logging_mixin.py:188} INFO - [2026-02-15T18:28:44.160+0000] {dag.py:3036} INFO - Sync 1 DAGs
[2026-02-15T18:28:44.170+0000] {logging_mixin.py:188} INFO - [2026-02-15T18:28:44.170+0000] {dag.py:3823} INFO - Setting next_dagrun for ecommerce_etl_v2 to 2026-02-15 13:00:00+00:00, run_after=2026-02-16 13:00:00+00:00
[2026-02-15T18:28:44.178+0000] {processor.py:183} INFO - Processing /opt/airflow/dags/etl_dag.py took 0.150 seconds
[2026-02-15T18:29:14.516+0000] {processor.py:161} INFO - Started process (PID=27445) to work on /opt/airflow/dags/etl_dag.py
[2026-02-15T18:29:14.517+0000] {processor.py:830} INFO - Processing file /opt/airflow/dags/etl_dag.py for tasks to queue
[2026-02-15T18:29:14.518+0000] {logging_mixin.py:188} INFO - [2026-02-15T18:29:14.518+0000] {dagbag.py:538} INFO - Filling up the DagBag from /opt/airflow/dags/etl_dag.py
[2026-02-15T18:29:14.565+0000] {logging_mixin.py:188} INFO - Warning: Your Kaggle API key is readable by other users on this system! To fix this, you can run 'chmod 600 /home/airflow/.kaggle/kaggle.json'
[2026-02-15T18:29:14.624+0000] {logging_mixin.py:188} WARNING - /home/airflow/.local/lib/python3.8/site-packages/airflow/models/baseoperator.py:437 AirflowProviderDeprecationWarning: `exists_ok` parameter is deprecated, please use `if_exists`
[2026-02-15T18:29:14.634+0000] {processor.py:840} INFO - DAG(s) 'ecommerce_etl_v2' retrieved from /opt/airflow/dags/etl_dag.py
[2026-02-15T18:29:14.652+0000] {logging_mixin.py:188} INFO - [2026-02-15T18:29:14.652+0000] {dag.py:3036} INFO - Sync 1 DAGs
[2026-02-15T18:29:14.663+0000] {logging_mixin.py:188} INFO - [2026-02-15T18:29:14.663+0000] {dag.py:3823} INFO - Setting next_dagrun for ecommerce_etl_v2 to 2026-02-15 13:00:00+00:00, run_after=2026-02-16 13:00:00+00:00
[2026-02-15T18:29:14.670+0000] {processor.py:183} INFO - Processing /opt/airflow/dags/etl_dag.py took 0.158 seconds
[2026-02-15T18:33:07.662+0000] {processor.py:161} INFO - Started process (PID=27477) to work on /opt/airflow/dags/etl_dag.py
[2026-02-15T18:33:07.663+0000] {processor.py:830} INFO - Processing file /opt/airflow/dags/etl_dag.py for tasks to queue
[2026-02-15T18:33:07.663+0000] {logging_mixin.py:188} INFO - [2026-02-15T18:33:07.663+0000] {dagbag.py:538} INFO - Filling up the DagBag from /opt/airflow/dags/etl_dag.py
[2026-02-15T18:33:07.714+0000] {logging_mixin.py:188} INFO - Warning: Your Kaggle API key is readable by other users on this system! To fix this, you can run 'chmod 600 /home/airflow/.kaggle/kaggle.json'
[2026-02-15T18:33:07.787+0000] {logging_mixin.py:188} WARNING - /home/airflow/.local/lib/python3.8/site-packages/airflow/models/baseoperator.py:437 AirflowProviderDeprecationWarning: `exists_ok` parameter is deprecated, please use `if_exists`
[2026-02-15T18:33:07.800+0000] {processor.py:840} INFO - DAG(s) 'ecommerce_etl_v2' retrieved from /opt/airflow/dags/etl_dag.py
[2026-02-15T18:33:07.824+0000] {logging_mixin.py:188} INFO - [2026-02-15T18:33:07.823+0000] {dag.py:3036} INFO - Sync 1 DAGs
[2026-02-15T18:33:07.839+0000] {logging_mixin.py:188} INFO - [2026-02-15T18:33:07.839+0000] {dag.py:3823} INFO - Setting next_dagrun for ecommerce_etl_v2 to 2026-02-15 13:00:00+00:00, run_after=2026-02-16 13:00:00+00:00
[2026-02-15T18:33:07.852+0000] {processor.py:183} INFO - Processing /opt/airflow/dags/etl_dag.py took 0.195 seconds
[2026-02-15T18:48:47.940+0000] {processor.py:161} INFO - Started process (PID=27508) to work on /opt/airflow/dags/etl_dag.py
[2026-02-15T18:48:47.941+0000] {processor.py:830} INFO - Processing file /opt/airflow/dags/etl_dag.py for tasks to queue
[2026-02-15T18:48:47.941+0000] {logging_mixin.py:188} INFO - [2026-02-15T18:48:47.941+0000] {dagbag.py:538} INFO - Filling up the DagBag from /opt/airflow/dags/etl_dag.py
[2026-02-15T18:48:47.980+0000] {logging_mixin.py:188} INFO - Warning: Your Kaggle API key is readable by other users on this system! To fix this, you can run 'chmod 600 /home/airflow/.kaggle/kaggle.json'
[2026-02-15T18:48:48.040+0000] {logging_mixin.py:188} WARNING - /home/airflow/.local/lib/python3.8/site-packages/airflow/models/baseoperator.py:437 AirflowProviderDeprecationWarning: `exists_ok` parameter is deprecated, please use `if_exists`
[2026-02-15T18:48:48.049+0000] {processor.py:840} INFO - DAG(s) 'ecommerce_etl_v2' retrieved from /opt/airflow/dags/etl_dag.py
[2026-02-15T18:48:48.068+0000] {logging_mixin.py:188} INFO - [2026-02-15T18:48:48.068+0000] {dag.py:3036} INFO - Sync 1 DAGs
[2026-02-15T18:48:48.078+0000] {logging_mixin.py:188} INFO - [2026-02-15T18:48:48.078+0000] {dag.py:3823} INFO - Setting next_dagrun for ecommerce_etl_v2 to 2026-02-15 13:00:00+00:00, run_after=2026-02-16 13:00:00+00:00
[2026-02-15T18:48:48.087+0000] {processor.py:183} INFO - Processing /opt/airflow/dags/etl_dag.py took 0.149 seconds
[2026-02-15T18:49:18.309+0000] {processor.py:161} INFO - Started process (PID=27539) to work on /opt/airflow/dags/etl_dag.py
[2026-02-15T18:49:18.311+0000] {processor.py:830} INFO - Processing file /opt/airflow/dags/etl_dag.py for tasks to queue
[2026-02-15T18:49:18.311+0000] {logging_mixin.py:188} INFO - [2026-02-15T18:49:18.311+0000] {dagbag.py:538} INFO - Filling up the DagBag from /opt/airflow/dags/etl_dag.py
[2026-02-15T18:49:18.357+0000] {logging_mixin.py:188} INFO - Warning: Your Kaggle API key is readable by other users on this system! To fix this, you can run 'chmod 600 /home/airflow/.kaggle/kaggle.json'
[2026-02-15T18:49:18.416+0000] {logging_mixin.py:188} WARNING - /home/airflow/.local/lib/python3.8/site-packages/airflow/models/baseoperator.py:437 AirflowProviderDeprecationWarning: `exists_ok` parameter is deprecated, please use `if_exists`
[2026-02-15T18:49:18.425+0000] {processor.py:840} INFO - DAG(s) 'ecommerce_etl_v2' retrieved from /opt/airflow/dags/etl_dag.py
[2026-02-15T18:49:18.444+0000] {logging_mixin.py:188} INFO - [2026-02-15T18:49:18.444+0000] {dag.py:3036} INFO - Sync 1 DAGs
[2026-02-15T18:49:18.454+0000] {logging_mixin.py:188} INFO - [2026-02-15T18:49:18.454+0000] {dag.py:3823} INFO - Setting next_dagrun for ecommerce_etl_v2 to 2026-02-15 13:00:00+00:00, run_after=2026-02-16 13:00:00+00:00
[2026-02-15T18:49:18.463+0000] {processor.py:183} INFO - Processing /opt/airflow/dags/etl_dag.py took 0.158 seconds
[2026-02-15T19:04:48.726+0000] {processor.py:161} INFO - Started process (PID=27570) to work on /opt/airflow/dags/etl_dag.py
[2026-02-15T19:04:48.727+0000] {processor.py:830} INFO - Processing file /opt/airflow/dags/etl_dag.py for tasks to queue
[2026-02-15T19:04:48.728+0000] {logging_mixin.py:188} INFO - [2026-02-15T19:04:48.727+0000] {dagbag.py:538} INFO - Filling up the DagBag from /opt/airflow/dags/etl_dag.py
[2026-02-15T19:04:48.773+0000] {logging_mixin.py:188} INFO - Warning: Your Kaggle API key is readable by other users on this system! To fix this, you can run 'chmod 600 /home/airflow/.kaggle/kaggle.json'
[2026-02-15T19:04:48.842+0000] {logging_mixin.py:188} WARNING - /home/airflow/.local/lib/python3.8/site-packages/airflow/models/baseoperator.py:437 AirflowProviderDeprecationWarning: `exists_ok` parameter is deprecated, please use `if_exists`
[2026-02-15T19:04:48.854+0000] {processor.py:840} INFO - DAG(s) 'ecommerce_etl_v2' retrieved from /opt/airflow/dags/etl_dag.py
[2026-02-15T19:04:48.877+0000] {logging_mixin.py:188} INFO - [2026-02-15T19:04:48.877+0000] {dag.py:3036} INFO - Sync 1 DAGs
[2026-02-15T19:04:48.892+0000] {logging_mixin.py:188} INFO - [2026-02-15T19:04:48.892+0000] {dag.py:3823} INFO - Setting next_dagrun for ecommerce_etl_v2 to 2026-02-15 13:00:00+00:00, run_after=2026-02-16 13:00:00+00:00
[2026-02-15T19:04:48.905+0000] {processor.py:183} INFO - Processing /opt/airflow/dags/etl_dag.py took 0.180 seconds
[2026-02-15T19:22:00.376+0000] {processor.py:161} INFO - Started process (PID=27603) to work on /opt/airflow/dags/etl_dag.py
[2026-02-15T19:22:00.377+0000] {processor.py:830} INFO - Processing file /opt/airflow/dags/etl_dag.py for tasks to queue
[2026-02-15T19:22:00.378+0000] {logging_mixin.py:188} INFO - [2026-02-15T19:22:00.378+0000] {dagbag.py:538} INFO - Filling up the DagBag from /opt/airflow/dags/etl_dag.py
[2026-02-15T19:22:00.426+0000] {logging_mixin.py:188} INFO - Warning: Your Kaggle API key is readable by other users on this system! To fix this, you can run 'chmod 600 /home/airflow/.kaggle/kaggle.json'
[2026-02-15T19:22:00.495+0000] {logging_mixin.py:188} WARNING - /home/airflow/.local/lib/python3.8/site-packages/airflow/models/baseoperator.py:437 AirflowProviderDeprecationWarning: `exists_ok` parameter is deprecated, please use `if_exists`
[2026-02-15T19:22:00.506+0000] {processor.py:840} INFO - DAG(s) 'ecommerce_etl_v2' retrieved from /opt/airflow/dags/etl_dag.py
[2026-02-15T19:22:00.531+0000] {logging_mixin.py:188} INFO - [2026-02-15T19:22:00.531+0000] {dag.py:3036} INFO - Sync 1 DAGs
[2026-02-15T19:22:00.546+0000] {logging_mixin.py:188} INFO - [2026-02-15T19:22:00.546+0000] {dag.py:3823} INFO - Setting next_dagrun for ecommerce_etl_v2 to 2026-02-15 13:00:00+00:00, run_after=2026-02-16 13:00:00+00:00
[2026-02-15T19:22:00.557+0000] {processor.py:183} INFO - Processing /opt/airflow/dags/etl_dag.py took 0.184 seconds
[2026-02-15T19:22:30.815+0000] {processor.py:161} INFO - Started process (PID=27634) to work on /opt/airflow/dags/etl_dag.py
[2026-02-15T19:22:30.816+0000] {processor.py:830} INFO - Processing file /opt/airflow/dags/etl_dag.py for tasks to queue
[2026-02-15T19:22:30.816+0000] {logging_mixin.py:188} INFO - [2026-02-15T19:22:30.816+0000] {dagbag.py:538} INFO - Filling up the DagBag from /opt/airflow/dags/etl_dag.py
[2026-02-15T19:22:30.859+0000] {logging_mixin.py:188} INFO - Warning: Your Kaggle API key is readable by other users on this system! To fix this, you can run 'chmod 600 /home/airflow/.kaggle/kaggle.json'
[2026-02-15T19:22:30.919+0000] {logging_mixin.py:188} WARNING - /home/airflow/.local/lib/python3.8/site-packages/airflow/models/baseoperator.py:437 AirflowProviderDeprecationWarning: `exists_ok` parameter is deprecated, please use `if_exists`
[2026-02-15T19:22:30.928+0000] {processor.py:840} INFO - DAG(s) 'ecommerce_etl_v2' retrieved from /opt/airflow/dags/etl_dag.py
[2026-02-15T19:22:30.947+0000] {logging_mixin.py:188} INFO - [2026-02-15T19:22:30.947+0000] {dag.py:3036} INFO - Sync 1 DAGs
[2026-02-15T19:22:30.958+0000] {logging_mixin.py:188} INFO - [2026-02-15T19:22:30.958+0000] {dag.py:3823} INFO - Setting next_dagrun for ecommerce_etl_v2 to 2026-02-15 13:00:00+00:00, run_after=2026-02-16 13:00:00+00:00
[2026-02-15T19:22:30.967+0000] {processor.py:183} INFO - Processing /opt/airflow/dags/etl_dag.py took 0.154 seconds
[2026-02-15T19:26:17.271+0000] {processor.py:161} INFO - Started process (PID=27665) to work on /opt/airflow/dags/etl_dag.py
[2026-02-15T19:26:17.272+0000] {processor.py:830} INFO - Processing file /opt/airflow/dags/etl_dag.py for tasks to queue
[2026-02-15T19:26:17.273+0000] {logging_mixin.py:188} INFO - [2026-02-15T19:26:17.272+0000] {dagbag.py:538} INFO - Filling up the DagBag from /opt/airflow/dags/etl_dag.py
[2026-02-15T19:26:17.318+0000] {logging_mixin.py:188} INFO - Warning: Your Kaggle API key is readable by other users on this system! To fix this, you can run 'chmod 600 /home/airflow/.kaggle/kaggle.json'
[2026-02-15T19:26:17.378+0000] {logging_mixin.py:188} WARNING - /home/airflow/.local/lib/python3.8/site-packages/airflow/models/baseoperator.py:437 AirflowProviderDeprecationWarning: `exists_ok` parameter is deprecated, please use `if_exists`
[2026-02-15T19:26:17.387+0000] {processor.py:840} INFO - DAG(s) 'ecommerce_etl_v2' retrieved from /opt/airflow/dags/etl_dag.py
[2026-02-15T19:26:17.406+0000] {logging_mixin.py:188} INFO - [2026-02-15T19:26:17.406+0000] {dag.py:3036} INFO - Sync 1 DAGs
[2026-02-15T19:26:17.416+0000] {logging_mixin.py:188} INFO - [2026-02-15T19:26:17.416+0000] {dag.py:3823} INFO - Setting next_dagrun for ecommerce_etl_v2 to 2026-02-15 13:00:00+00:00, run_after=2026-02-16 13:00:00+00:00
[2026-02-15T19:26:17.425+0000] {processor.py:183} INFO - Processing /opt/airflow/dags/etl_dag.py took 0.159 seconds
[2026-02-15T19:26:47.702+0000] {processor.py:161} INFO - Started process (PID=27696) to work on /opt/airflow/dags/etl_dag.py
[2026-02-15T19:26:47.703+0000] {processor.py:830} INFO - Processing file /opt/airflow/dags/etl_dag.py for tasks to queue
[2026-02-15T19:26:47.704+0000] {logging_mixin.py:188} INFO - [2026-02-15T19:26:47.704+0000] {dagbag.py:538} INFO - Filling up the DagBag from /opt/airflow/dags/etl_dag.py
[2026-02-15T19:26:47.750+0000] {logging_mixin.py:188} INFO - Warning: Your Kaggle API key is readable by other users on this system! To fix this, you can run 'chmod 600 /home/airflow/.kaggle/kaggle.json'
[2026-02-15T19:26:47.810+0000] {logging_mixin.py:188} WARNING - /home/airflow/.local/lib/python3.8/site-packages/airflow/models/baseoperator.py:437 AirflowProviderDeprecationWarning: `exists_ok` parameter is deprecated, please use `if_exists`
[2026-02-15T19:26:47.818+0000] {processor.py:840} INFO - DAG(s) 'ecommerce_etl_v2' retrieved from /opt/airflow/dags/etl_dag.py
[2026-02-15T19:26:47.837+0000] {logging_mixin.py:188} INFO - [2026-02-15T19:26:47.837+0000] {dag.py:3036} INFO - Sync 1 DAGs
[2026-02-15T19:26:47.847+0000] {logging_mixin.py:188} INFO - [2026-02-15T19:26:47.847+0000] {dag.py:3823} INFO - Setting next_dagrun for ecommerce_etl_v2 to 2026-02-15 13:00:00+00:00, run_after=2026-02-16 13:00:00+00:00
[2026-02-15T19:26:47.856+0000] {processor.py:183} INFO - Processing /opt/airflow/dags/etl_dag.py took 0.158 seconds
[2026-02-15T19:27:18.108+0000] {processor.py:161} INFO - Started process (PID=27727) to work on /opt/airflow/dags/etl_dag.py
[2026-02-15T19:27:18.109+0000] {processor.py:830} INFO - Processing file /opt/airflow/dags/etl_dag.py for tasks to queue
[2026-02-15T19:27:18.110+0000] {logging_mixin.py:188} INFO - [2026-02-15T19:27:18.109+0000] {dagbag.py:538} INFO - Filling up the DagBag from /opt/airflow/dags/etl_dag.py
[2026-02-15T19:27:18.157+0000] {logging_mixin.py:188} INFO - Warning: Your Kaggle API key is readable by other users on this system! To fix this, you can run 'chmod 600 /home/airflow/.kaggle/kaggle.json'
[2026-02-15T19:27:18.216+0000] {logging_mixin.py:188} WARNING - /home/airflow/.local/lib/python3.8/site-packages/airflow/models/baseoperator.py:437 AirflowProviderDeprecationWarning: `exists_ok` parameter is deprecated, please use `if_exists`
[2026-02-15T19:27:18.225+0000] {processor.py:840} INFO - DAG(s) 'ecommerce_etl_v2' retrieved from /opt/airflow/dags/etl_dag.py
[2026-02-15T19:27:18.244+0000] {logging_mixin.py:188} INFO - [2026-02-15T19:27:18.244+0000] {dag.py:3036} INFO - Sync 1 DAGs
[2026-02-15T19:27:18.255+0000] {logging_mixin.py:188} INFO - [2026-02-15T19:27:18.255+0000] {dag.py:3823} INFO - Setting next_dagrun for ecommerce_etl_v2 to 2026-02-15 13:00:00+00:00, run_after=2026-02-16 13:00:00+00:00
[2026-02-15T19:27:18.265+0000] {processor.py:183} INFO - Processing /opt/airflow/dags/etl_dag.py took 0.161 seconds
[2026-02-15T19:27:48.427+0000] {processor.py:161} INFO - Started process (PID=27758) to work on /opt/airflow/dags/etl_dag.py
[2026-02-15T19:27:48.428+0000] {processor.py:830} INFO - Processing file /opt/airflow/dags/etl_dag.py for tasks to queue
[2026-02-15T19:27:48.429+0000] {logging_mixin.py:188} INFO - [2026-02-15T19:27:48.429+0000] {dagbag.py:538} INFO - Filling up the DagBag from /opt/airflow/dags/etl_dag.py
[2026-02-15T19:27:48.474+0000] {logging_mixin.py:188} INFO - Warning: Your Kaggle API key is readable by other users on this system! To fix this, you can run 'chmod 600 /home/airflow/.kaggle/kaggle.json'
[2026-02-15T19:27:48.536+0000] {logging_mixin.py:188} WARNING - /home/airflow/.local/lib/python3.8/site-packages/airflow/models/baseoperator.py:437 AirflowProviderDeprecationWarning: `exists_ok` parameter is deprecated, please use `if_exists`
[2026-02-15T19:27:48.546+0000] {processor.py:840} INFO - DAG(s) 'ecommerce_etl_v2' retrieved from /opt/airflow/dags/etl_dag.py
[2026-02-15T19:27:48.565+0000] {logging_mixin.py:188} INFO - [2026-02-15T19:27:48.565+0000] {dag.py:3036} INFO - Sync 1 DAGs
[2026-02-15T19:27:48.576+0000] {logging_mixin.py:188} INFO - [2026-02-15T19:27:48.576+0000] {dag.py:3823} INFO - Setting next_dagrun for ecommerce_etl_v2 to 2026-02-15 13:00:00+00:00, run_after=2026-02-16 13:00:00+00:00
[2026-02-15T19:27:48.585+0000] {processor.py:183} INFO - Processing /opt/airflow/dags/etl_dag.py took 0.163 seconds
[2026-02-15T19:28:18.773+0000] {processor.py:161} INFO - Started process (PID=27789) to work on /opt/airflow/dags/etl_dag.py
[2026-02-15T19:28:18.773+0000] {processor.py:830} INFO - Processing file /opt/airflow/dags/etl_dag.py for tasks to queue
[2026-02-15T19:28:18.774+0000] {logging_mixin.py:188} INFO - [2026-02-15T19:28:18.774+0000] {dagbag.py:538} INFO - Filling up the DagBag from /opt/airflow/dags/etl_dag.py
[2026-02-15T19:28:18.817+0000] {logging_mixin.py:188} INFO - Warning: Your Kaggle API key is readable by other users on this system! To fix this, you can run 'chmod 600 /home/airflow/.kaggle/kaggle.json'
[2026-02-15T19:28:18.876+0000] {logging_mixin.py:188} WARNING - /home/airflow/.local/lib/python3.8/site-packages/airflow/models/baseoperator.py:437 AirflowProviderDeprecationWarning: `exists_ok` parameter is deprecated, please use `if_exists`
[2026-02-15T19:28:18.886+0000] {processor.py:840} INFO - DAG(s) 'ecommerce_etl_v2' retrieved from /opt/airflow/dags/etl_dag.py
[2026-02-15T19:28:18.904+0000] {logging_mixin.py:188} INFO - [2026-02-15T19:28:18.904+0000] {dag.py:3036} INFO - Sync 1 DAGs
[2026-02-15T19:28:18.915+0000] {logging_mixin.py:188} INFO - [2026-02-15T19:28:18.914+0000] {dag.py:3823} INFO - Setting next_dagrun for ecommerce_etl_v2 to 2026-02-15 13:00:00+00:00, run_after=2026-02-16 13:00:00+00:00
[2026-02-15T19:28:18.923+0000] {processor.py:183} INFO - Processing /opt/airflow/dags/etl_dag.py took 0.153 seconds
[2026-02-15T19:28:49.155+0000] {processor.py:161} INFO - Started process (PID=27820) to work on /opt/airflow/dags/etl_dag.py
[2026-02-15T19:28:49.156+0000] {processor.py:830} INFO - Processing file /opt/airflow/dags/etl_dag.py for tasks to queue
[2026-02-15T19:28:49.156+0000] {logging_mixin.py:188} INFO - [2026-02-15T19:28:49.156+0000] {dagbag.py:538} INFO - Filling up the DagBag from /opt/airflow/dags/etl_dag.py
[2026-02-15T19:28:49.197+0000] {logging_mixin.py:188} INFO - Warning: Your Kaggle API key is readable by other users on this system! To fix this, you can run 'chmod 600 /home/airflow/.kaggle/kaggle.json'
[2026-02-15T19:28:49.257+0000] {logging_mixin.py:188} WARNING - /home/airflow/.local/lib/python3.8/site-packages/airflow/models/baseoperator.py:437 AirflowProviderDeprecationWarning: `exists_ok` parameter is deprecated, please use `if_exists`
[2026-02-15T19:28:49.266+0000] {processor.py:840} INFO - DAG(s) 'ecommerce_etl_v2' retrieved from /opt/airflow/dags/etl_dag.py
[2026-02-15T19:28:49.285+0000] {logging_mixin.py:188} INFO - [2026-02-15T19:28:49.285+0000] {dag.py:3036} INFO - Sync 1 DAGs
[2026-02-15T19:28:49.296+0000] {logging_mixin.py:188} INFO - [2026-02-15T19:28:49.296+0000] {dag.py:3823} INFO - Setting next_dagrun for ecommerce_etl_v2 to 2026-02-15 13:00:00+00:00, run_after=2026-02-16 13:00:00+00:00
[2026-02-15T19:28:49.305+0000] {processor.py:183} INFO - Processing /opt/airflow/dags/etl_dag.py took 0.152 seconds
[2026-02-15T19:29:19.499+0000] {processor.py:161} INFO - Started process (PID=27851) to work on /opt/airflow/dags/etl_dag.py
[2026-02-15T19:29:19.500+0000] {processor.py:830} INFO - Processing file /opt/airflow/dags/etl_dag.py for tasks to queue
[2026-02-15T19:29:19.501+0000] {logging_mixin.py:188} INFO - [2026-02-15T19:29:19.501+0000] {dagbag.py:538} INFO - Filling up the DagBag from /opt/airflow/dags/etl_dag.py
[2026-02-15T19:29:19.549+0000] {logging_mixin.py:188} INFO - Warning: Your Kaggle API key is readable by other users on this system! To fix this, you can run 'chmod 600 /home/airflow/.kaggle/kaggle.json'
[2026-02-15T19:29:19.610+0000] {logging_mixin.py:188} WARNING - /home/airflow/.local/lib/python3.8/site-packages/airflow/models/baseoperator.py:437 AirflowProviderDeprecationWarning: `exists_ok` parameter is deprecated, please use `if_exists`
[2026-02-15T19:29:19.619+0000] {processor.py:840} INFO - DAG(s) 'ecommerce_etl_v2' retrieved from /opt/airflow/dags/etl_dag.py
[2026-02-15T19:29:19.637+0000] {logging_mixin.py:188} INFO - [2026-02-15T19:29:19.637+0000] {dag.py:3036} INFO - Sync 1 DAGs
[2026-02-15T19:29:19.648+0000] {logging_mixin.py:188} INFO - [2026-02-15T19:29:19.648+0000] {dag.py:3823} INFO - Setting next_dagrun for ecommerce_etl_v2 to 2026-02-15 13:00:00+00:00, run_after=2026-02-16 13:00:00+00:00
[2026-02-15T19:29:19.657+0000] {processor.py:183} INFO - Processing /opt/airflow/dags/etl_dag.py took 0.164 seconds
[2026-02-15T19:29:49.838+0000] {processor.py:161} INFO - Started process (PID=27882) to work on /opt/airflow/dags/etl_dag.py
[2026-02-15T19:29:49.840+0000] {processor.py:830} INFO - Processing file /opt/airflow/dags/etl_dag.py for tasks to queue
[2026-02-15T19:29:49.841+0000] {logging_mixin.py:188} INFO - [2026-02-15T19:29:49.841+0000] {dagbag.py:538} INFO - Filling up the DagBag from /opt/airflow/dags/etl_dag.py
[2026-02-15T19:29:49.889+0000] {logging_mixin.py:188} INFO - Warning: Your Kaggle API key is readable by other users on this system! To fix this, you can run 'chmod 600 /home/airflow/.kaggle/kaggle.json'
[2026-02-15T19:29:49.950+0000] {logging_mixin.py:188} WARNING - /home/airflow/.local/lib/python3.8/site-packages/airflow/models/baseoperator.py:437 AirflowProviderDeprecationWarning: `exists_ok` parameter is deprecated, please use `if_exists`
[2026-02-15T19:29:49.959+0000] {processor.py:840} INFO - DAG(s) 'ecommerce_etl_v2' retrieved from /opt/airflow/dags/etl_dag.py
[2026-02-15T19:29:49.978+0000] {logging_mixin.py:188} INFO - [2026-02-15T19:29:49.978+0000] {dag.py:3036} INFO - Sync 1 DAGs
[2026-02-15T19:29:49.989+0000] {logging_mixin.py:188} INFO - [2026-02-15T19:29:49.989+0000] {dag.py:3823} INFO - Setting next_dagrun for ecommerce_etl_v2 to 2026-02-15 13:00:00+00:00, run_after=2026-02-16 13:00:00+00:00
[2026-02-15T19:29:49.998+0000] {processor.py:183} INFO - Processing /opt/airflow/dags/etl_dag.py took 0.165 seconds
[2026-02-15T19:30:20.296+0000] {processor.py:161} INFO - Started process (PID=27913) to work on /opt/airflow/dags/etl_dag.py
[2026-02-15T19:30:20.297+0000] {processor.py:830} INFO - Processing file /opt/airflow/dags/etl_dag.py for tasks to queue
[2026-02-15T19:30:20.298+0000] {logging_mixin.py:188} INFO - [2026-02-15T19:30:20.298+0000] {dagbag.py:538} INFO - Filling up the DagBag from /opt/airflow/dags/etl_dag.py
[2026-02-15T19:30:20.345+0000] {logging_mixin.py:188} INFO - Warning: Your Kaggle API key is readable by other users on this system! To fix this, you can run 'chmod 600 /home/airflow/.kaggle/kaggle.json'
[2026-02-15T19:30:20.404+0000] {logging_mixin.py:188} WARNING - /home/airflow/.local/lib/python3.8/site-packages/airflow/models/baseoperator.py:437 AirflowProviderDeprecationWarning: `exists_ok` parameter is deprecated, please use `if_exists`
[2026-02-15T19:30:20.413+0000] {processor.py:840} INFO - DAG(s) 'ecommerce_etl_v2' retrieved from /opt/airflow/dags/etl_dag.py
[2026-02-15T19:30:20.431+0000] {logging_mixin.py:188} INFO - [2026-02-15T19:30:20.431+0000] {dag.py:3036} INFO - Sync 1 DAGs
[2026-02-15T19:30:20.442+0000] {logging_mixin.py:188} INFO - [2026-02-15T19:30:20.442+0000] {dag.py:3823} INFO - Setting next_dagrun for ecommerce_etl_v2 to 2026-02-15 13:00:00+00:00, run_after=2026-02-16 13:00:00+00:00
[2026-02-15T19:30:20.451+0000] {processor.py:183} INFO - Processing /opt/airflow/dags/etl_dag.py took 0.160 seconds
[2026-02-15T19:30:50.641+0000] {processor.py:161} INFO - Started process (PID=27944) to work on /opt/airflow/dags/etl_dag.py
[2026-02-15T19:30:50.642+0000] {processor.py:830} INFO - Processing file /opt/airflow/dags/etl_dag.py for tasks to queue
[2026-02-15T19:30:50.643+0000] {logging_mixin.py:188} INFO - [2026-02-15T19:30:50.643+0000] {dagbag.py:538} INFO - Filling up the DagBag from /opt/airflow/dags/etl_dag.py
[2026-02-15T19:30:50.689+0000] {logging_mixin.py:188} INFO - Warning: Your Kaggle API key is readable by other users on this system! To fix this, you can run 'chmod 600 /home/airflow/.kaggle/kaggle.json'
[2026-02-15T19:30:50.755+0000] {logging_mixin.py:188} WARNING - /home/airflow/.local/lib/python3.8/site-packages/airflow/models/baseoperator.py:437 AirflowProviderDeprecationWarning: `exists_ok` parameter is deprecated, please use `if_exists`
[2026-02-15T19:30:50.764+0000] {processor.py:840} INFO - DAG(s) 'ecommerce_etl_v2' retrieved from /opt/airflow/dags/etl_dag.py
[2026-02-15T19:30:50.783+0000] {logging_mixin.py:188} INFO - [2026-02-15T19:30:50.783+0000] {dag.py:3036} INFO - Sync 1 DAGs
[2026-02-15T19:30:50.793+0000] {logging_mixin.py:188} INFO - [2026-02-15T19:30:50.793+0000] {dag.py:3823} INFO - Setting next_dagrun for ecommerce_etl_v2 to 2026-02-15 13:00:00+00:00, run_after=2026-02-16 13:00:00+00:00
[2026-02-15T19:30:50.803+0000] {processor.py:183} INFO - Processing /opt/airflow/dags/etl_dag.py took 0.166 seconds
[2026-02-15T19:31:21.034+0000] {processor.py:161} INFO - Started process (PID=27975) to work on /opt/airflow/dags/etl_dag.py
[2026-02-15T19:31:21.035+0000] {processor.py:830} INFO - Processing file /opt/airflow/dags/etl_dag.py for tasks to queue
[2026-02-15T19:31:21.036+0000] {logging_mixin.py:188} INFO - [2026-02-15T19:31:21.035+0000] {dagbag.py:538} INFO - Filling up the DagBag from /opt/airflow/dags/etl_dag.py
[2026-02-15T19:31:21.077+0000] {logging_mixin.py:188} INFO - Warning: Your Kaggle API key is readable by other users on this system! To fix this, you can run 'chmod 600 /home/airflow/.kaggle/kaggle.json'
[2026-02-15T19:31:21.138+0000] {logging_mixin.py:188} WARNING - /home/airflow/.local/lib/python3.8/site-packages/airflow/models/baseoperator.py:437 AirflowProviderDeprecationWarning: `exists_ok` parameter is deprecated, please use `if_exists`
[2026-02-15T19:31:21.147+0000] {processor.py:840} INFO - DAG(s) 'ecommerce_etl_v2' retrieved from /opt/airflow/dags/etl_dag.py
[2026-02-15T19:31:21.166+0000] {logging_mixin.py:188} INFO - [2026-02-15T19:31:21.166+0000] {dag.py:3036} INFO - Sync 1 DAGs
[2026-02-15T19:31:21.176+0000] {logging_mixin.py:188} INFO - [2026-02-15T19:31:21.176+0000] {dag.py:3823} INFO - Setting next_dagrun for ecommerce_etl_v2 to 2026-02-15 13:00:00+00:00, run_after=2026-02-16 13:00:00+00:00
[2026-02-15T19:31:21.185+0000] {processor.py:183} INFO - Processing /opt/airflow/dags/etl_dag.py took 0.155 seconds
[2026-02-15T19:31:51.446+0000] {processor.py:161} INFO - Started process (PID=28006) to work on /opt/airflow/dags/etl_dag.py
[2026-02-15T19:31:51.448+0000] {processor.py:830} INFO - Processing file /opt/airflow/dags/etl_dag.py for tasks to queue
[2026-02-15T19:31:51.449+0000] {logging_mixin.py:188} INFO - [2026-02-15T19:31:51.448+0000] {dagbag.py:538} INFO - Filling up the DagBag from /opt/airflow/dags/etl_dag.py
[2026-02-15T19:31:51.496+0000] {logging_mixin.py:188} INFO - Warning: Your Kaggle API key is readable by other users on this system! To fix this, you can run 'chmod 600 /home/airflow/.kaggle/kaggle.json'
[2026-02-15T19:31:51.555+0000] {logging_mixin.py:188} WARNING - /home/airflow/.local/lib/python3.8/site-packages/airflow/models/baseoperator.py:437 AirflowProviderDeprecationWarning: `exists_ok` parameter is deprecated, please use `if_exists`
[2026-02-15T19:31:51.565+0000] {processor.py:840} INFO - DAG(s) 'ecommerce_etl_v2' retrieved from /opt/airflow/dags/etl_dag.py
[2026-02-15T19:31:51.583+0000] {logging_mixin.py:188} INFO - [2026-02-15T19:31:51.583+0000] {dag.py:3036} INFO - Sync 1 DAGs
[2026-02-15T19:31:51.594+0000] {logging_mixin.py:188} INFO - [2026-02-15T19:31:51.594+0000] {dag.py:3823} INFO - Setting next_dagrun for ecommerce_etl_v2 to 2026-02-15 13:00:00+00:00, run_after=2026-02-16 13:00:00+00:00
[2026-02-15T19:31:51.603+0000] {processor.py:183} INFO - Processing /opt/airflow/dags/etl_dag.py took 0.161 seconds
[2026-02-15T19:32:21.838+0000] {processor.py:161} INFO - Started process (PID=28037) to work on /opt/airflow/dags/etl_dag.py
[2026-02-15T19:32:21.839+0000] {processor.py:830} INFO - Processing file /opt/airflow/dags/etl_dag.py for tasks to queue
[2026-02-15T19:32:21.841+0000] {logging_mixin.py:188} INFO - [2026-02-15T19:32:21.841+0000] {dagbag.py:538} INFO - Filling up the DagBag from /opt/airflow/dags/etl_dag.py
[2026-02-15T19:32:21.889+0000] {logging_mixin.py:188} INFO - Warning: Your Kaggle API key is readable by other users on this system! To fix this, you can run 'chmod 600 /home/airflow/.kaggle/kaggle.json'
[2026-02-15T19:32:21.950+0000] {logging_mixin.py:188} WARNING - /home/airflow/.local/lib/python3.8/site-packages/airflow/models/baseoperator.py:437 AirflowProviderDeprecationWarning: `exists_ok` parameter is deprecated, please use `if_exists`
[2026-02-15T19:32:21.959+0000] {processor.py:840} INFO - DAG(s) 'ecommerce_etl_v2' retrieved from /opt/airflow/dags/etl_dag.py
[2026-02-15T19:32:21.979+0000] {logging_mixin.py:188} INFO - [2026-02-15T19:32:21.978+0000] {dag.py:3036} INFO - Sync 1 DAGs
[2026-02-15T19:32:21.990+0000] {logging_mixin.py:188} INFO - [2026-02-15T19:32:21.990+0000] {dag.py:3823} INFO - Setting next_dagrun for ecommerce_etl_v2 to 2026-02-15 13:00:00+00:00, run_after=2026-02-16 13:00:00+00:00
[2026-02-15T19:32:21.998+0000] {processor.py:183} INFO - Processing /opt/airflow/dags/etl_dag.py took 0.165 seconds
[2026-02-15T19:32:52.382+0000] {processor.py:161} INFO - Started process (PID=28068) to work on /opt/airflow/dags/etl_dag.py
[2026-02-15T19:32:52.383+0000] {processor.py:830} INFO - Processing file /opt/airflow/dags/etl_dag.py for tasks to queue
[2026-02-15T19:32:52.384+0000] {logging_mixin.py:188} INFO - [2026-02-15T19:32:52.384+0000] {dagbag.py:538} INFO - Filling up the DagBag from /opt/airflow/dags/etl_dag.py
[2026-02-15T19:32:52.431+0000] {logging_mixin.py:188} INFO - Warning: Your Kaggle API key is readable by other users on this system! To fix this, you can run 'chmod 600 /home/airflow/.kaggle/kaggle.json'
[2026-02-15T19:32:52.491+0000] {logging_mixin.py:188} WARNING - /home/airflow/.local/lib/python3.8/site-packages/airflow/models/baseoperator.py:437 AirflowProviderDeprecationWarning: `exists_ok` parameter is deprecated, please use `if_exists`
[2026-02-15T19:32:52.500+0000] {processor.py:840} INFO - DAG(s) 'ecommerce_etl_v2' retrieved from /opt/airflow/dags/etl_dag.py
[2026-02-15T19:32:52.519+0000] {logging_mixin.py:188} INFO - [2026-02-15T19:32:52.519+0000] {dag.py:3036} INFO - Sync 1 DAGs
[2026-02-15T19:32:52.529+0000] {logging_mixin.py:188} INFO - [2026-02-15T19:32:52.529+0000] {dag.py:3823} INFO - Setting next_dagrun for ecommerce_etl_v2 to 2026-02-15 13:00:00+00:00, run_after=2026-02-16 13:00:00+00:00
[2026-02-15T19:32:52.538+0000] {processor.py:183} INFO - Processing /opt/airflow/dags/etl_dag.py took 0.160 seconds
[2026-02-15T19:33:22.765+0000] {processor.py:161} INFO - Started process (PID=28099) to work on /opt/airflow/dags/etl_dag.py
[2026-02-15T19:33:22.765+0000] {processor.py:830} INFO - Processing file /opt/airflow/dags/etl_dag.py for tasks to queue
[2026-02-15T19:33:22.766+0000] {logging_mixin.py:188} INFO - [2026-02-15T19:33:22.765+0000] {dagbag.py:538} INFO - Filling up the DagBag from /opt/airflow/dags/etl_dag.py
[2026-02-15T19:33:22.804+0000] {logging_mixin.py:188} INFO - Warning: Your Kaggle API key is readable by other users on this system! To fix this, you can run 'chmod 600 /home/airflow/.kaggle/kaggle.json'
[2026-02-15T19:33:22.864+0000] {logging_mixin.py:188} WARNING - /home/airflow/.local/lib/python3.8/site-packages/airflow/models/baseoperator.py:437 AirflowProviderDeprecationWarning: `exists_ok` parameter is deprecated, please use `if_exists`
[2026-02-15T19:33:22.873+0000] {processor.py:840} INFO - DAG(s) 'ecommerce_etl_v2' retrieved from /opt/airflow/dags/etl_dag.py
[2026-02-15T19:33:22.896+0000] {logging_mixin.py:188} INFO - [2026-02-15T19:33:22.896+0000] {dag.py:3036} INFO - Sync 1 DAGs
[2026-02-15T19:33:22.907+0000] {logging_mixin.py:188} INFO - [2026-02-15T19:33:22.907+0000] {dag.py:3823} INFO - Setting next_dagrun for ecommerce_etl_v2 to 2026-02-15 13:00:00+00:00, run_after=2026-02-16 13:00:00+00:00
[2026-02-15T19:33:22.916+0000] {processor.py:183} INFO - Processing /opt/airflow/dags/etl_dag.py took 0.154 seconds
[2026-02-15T19:33:53.062+0000] {processor.py:161} INFO - Started process (PID=28130) to work on /opt/airflow/dags/etl_dag.py
[2026-02-15T19:33:53.063+0000] {processor.py:830} INFO - Processing file /opt/airflow/dags/etl_dag.py for tasks to queue
[2026-02-15T19:33:53.063+0000] {logging_mixin.py:188} INFO - [2026-02-15T19:33:53.063+0000] {dagbag.py:538} INFO - Filling up the DagBag from /opt/airflow/dags/etl_dag.py
[2026-02-15T19:33:53.099+0000] {logging_mixin.py:188} INFO - Warning: Your Kaggle API key is readable by other users on this system! To fix this, you can run 'chmod 600 /home/airflow/.kaggle/kaggle.json'
[2026-02-15T19:33:53.160+0000] {logging_mixin.py:188} WARNING - /home/airflow/.local/lib/python3.8/site-packages/airflow/models/baseoperator.py:437 AirflowProviderDeprecationWarning: `exists_ok` parameter is deprecated, please use `if_exists`
[2026-02-15T19:33:53.169+0000] {processor.py:840} INFO - DAG(s) 'ecommerce_etl_v2' retrieved from /opt/airflow/dags/etl_dag.py
[2026-02-15T19:33:53.190+0000] {logging_mixin.py:188} INFO - [2026-02-15T19:33:53.189+0000] {dag.py:3036} INFO - Sync 1 DAGs
[2026-02-15T19:33:53.200+0000] {logging_mixin.py:188} INFO - [2026-02-15T19:33:53.200+0000] {dag.py:3823} INFO - Setting next_dagrun for ecommerce_etl_v2 to 2026-02-15 13:00:00+00:00, run_after=2026-02-16 13:00:00+00:00
[2026-02-15T19:33:53.210+0000] {processor.py:183} INFO - Processing /opt/airflow/dags/etl_dag.py took 0.150 seconds
[2026-02-15T19:34:23.585+0000] {processor.py:161} INFO - Started process (PID=28161) to work on /opt/airflow/dags/etl_dag.py
[2026-02-15T19:34:23.585+0000] {processor.py:830} INFO - Processing file /opt/airflow/dags/etl_dag.py for tasks to queue
[2026-02-15T19:34:23.586+0000] {logging_mixin.py:188} INFO - [2026-02-15T19:34:23.586+0000] {dagbag.py:538} INFO - Filling up the DagBag from /opt/airflow/dags/etl_dag.py
[2026-02-15T19:34:23.622+0000] {logging_mixin.py:188} INFO - Warning: Your Kaggle API key is readable by other users on this system! To fix this, you can run 'chmod 600 /home/airflow/.kaggle/kaggle.json'
[2026-02-15T19:34:23.682+0000] {logging_mixin.py:188} WARNING - /home/airflow/.local/lib/python3.8/site-packages/airflow/models/baseoperator.py:437 AirflowProviderDeprecationWarning: `exists_ok` parameter is deprecated, please use `if_exists`
[2026-02-15T19:34:23.690+0000] {processor.py:840} INFO - DAG(s) 'ecommerce_etl_v2' retrieved from /opt/airflow/dags/etl_dag.py
[2026-02-15T19:34:23.709+0000] {logging_mixin.py:188} INFO - [2026-02-15T19:34:23.709+0000] {dag.py:3036} INFO - Sync 1 DAGs
[2026-02-15T19:34:23.719+0000] {logging_mixin.py:188} INFO - [2026-02-15T19:34:23.719+0000] {dag.py:3823} INFO - Setting next_dagrun for ecommerce_etl_v2 to 2026-02-15 13:00:00+00:00, run_after=2026-02-16 13:00:00+00:00
[2026-02-15T19:34:23.728+0000] {processor.py:183} INFO - Processing /opt/airflow/dags/etl_dag.py took 0.146 seconds
[2026-02-15T19:34:53.978+0000] {processor.py:161} INFO - Started process (PID=28192) to work on /opt/airflow/dags/etl_dag.py
[2026-02-15T19:34:53.979+0000] {processor.py:830} INFO - Processing file /opt/airflow/dags/etl_dag.py for tasks to queue
[2026-02-15T19:34:53.980+0000] {logging_mixin.py:188} INFO - [2026-02-15T19:34:53.980+0000] {dagbag.py:538} INFO - Filling up the DagBag from /opt/airflow/dags/etl_dag.py
[2026-02-15T19:34:54.026+0000] {logging_mixin.py:188} INFO - Warning: Your Kaggle API key is readable by other users on this system! To fix this, you can run 'chmod 600 /home/airflow/.kaggle/kaggle.json'
[2026-02-15T19:34:54.087+0000] {logging_mixin.py:188} WARNING - /home/airflow/.local/lib/python3.8/site-packages/airflow/models/baseoperator.py:437 AirflowProviderDeprecationWarning: `exists_ok` parameter is deprecated, please use `if_exists`
[2026-02-15T19:34:54.097+0000] {processor.py:840} INFO - DAG(s) 'ecommerce_etl_v2' retrieved from /opt/airflow/dags/etl_dag.py
[2026-02-15T19:34:54.117+0000] {logging_mixin.py:188} INFO - [2026-02-15T19:34:54.116+0000] {dag.py:3036} INFO - Sync 1 DAGs
[2026-02-15T19:34:54.127+0000] {logging_mixin.py:188} INFO - [2026-02-15T19:34:54.127+0000] {dag.py:3823} INFO - Setting next_dagrun for ecommerce_etl_v2 to 2026-02-15 13:00:00+00:00, run_after=2026-02-16 13:00:00+00:00
[2026-02-15T19:34:54.137+0000] {processor.py:183} INFO - Processing /opt/airflow/dags/etl_dag.py took 0.162 seconds
[2026-02-15T19:35:24.392+0000] {processor.py:161} INFO - Started process (PID=28223) to work on /opt/airflow/dags/etl_dag.py
[2026-02-15T19:35:24.393+0000] {processor.py:830} INFO - Processing file /opt/airflow/dags/etl_dag.py for tasks to queue
[2026-02-15T19:35:24.394+0000] {logging_mixin.py:188} INFO - [2026-02-15T19:35:24.393+0000] {dagbag.py:538} INFO - Filling up the DagBag from /opt/airflow/dags/etl_dag.py
[2026-02-15T19:35:24.436+0000] {logging_mixin.py:188} INFO - Warning: Your Kaggle API key is readable by other users on this system! To fix this, you can run 'chmod 600 /home/airflow/.kaggle/kaggle.json'
[2026-02-15T19:35:24.496+0000] {logging_mixin.py:188} WARNING - /home/airflow/.local/lib/python3.8/site-packages/airflow/models/baseoperator.py:437 AirflowProviderDeprecationWarning: `exists_ok` parameter is deprecated, please use `if_exists`
[2026-02-15T19:35:24.504+0000] {processor.py:840} INFO - DAG(s) 'ecommerce_etl_v2' retrieved from /opt/airflow/dags/etl_dag.py
[2026-02-15T19:35:24.523+0000] {logging_mixin.py:188} INFO - [2026-02-15T19:35:24.523+0000] {dag.py:3036} INFO - Sync 1 DAGs
[2026-02-15T19:35:24.533+0000] {logging_mixin.py:188} INFO - [2026-02-15T19:35:24.533+0000] {dag.py:3823} INFO - Setting next_dagrun for ecommerce_etl_v2 to 2026-02-15 13:00:00+00:00, run_after=2026-02-16 13:00:00+00:00
[2026-02-15T19:35:24.542+0000] {processor.py:183} INFO - Processing /opt/airflow/dags/etl_dag.py took 0.152 seconds
[2026-02-15T19:35:54.810+0000] {processor.py:161} INFO - Started process (PID=28254) to work on /opt/airflow/dags/etl_dag.py
[2026-02-15T19:35:54.812+0000] {processor.py:830} INFO - Processing file /opt/airflow/dags/etl_dag.py for tasks to queue
[2026-02-15T19:35:54.813+0000] {logging_mixin.py:188} INFO - [2026-02-15T19:35:54.813+0000] {dagbag.py:538} INFO - Filling up the DagBag from /opt/airflow/dags/etl_dag.py
[2026-02-15T19:35:54.860+0000] {logging_mixin.py:188} INFO - Warning: Your Kaggle API key is readable by other users on this system! To fix this, you can run 'chmod 600 /home/airflow/.kaggle/kaggle.json'
[2026-02-15T19:35:54.920+0000] {logging_mixin.py:188} WARNING - /home/airflow/.local/lib/python3.8/site-packages/airflow/models/baseoperator.py:437 AirflowProviderDeprecationWarning: `exists_ok` parameter is deprecated, please use `if_exists`
[2026-02-15T19:35:54.929+0000] {processor.py:840} INFO - DAG(s) 'ecommerce_etl_v2' retrieved from /opt/airflow/dags/etl_dag.py
[2026-02-15T19:35:54.948+0000] {logging_mixin.py:188} INFO - [2026-02-15T19:35:54.948+0000] {dag.py:3036} INFO - Sync 1 DAGs
[2026-02-15T19:35:54.959+0000] {logging_mixin.py:188} INFO - [2026-02-15T19:35:54.959+0000] {dag.py:3823} INFO - Setting next_dagrun for ecommerce_etl_v2 to 2026-02-15 13:00:00+00:00, run_after=2026-02-16 13:00:00+00:00
[2026-02-15T19:35:54.968+0000] {processor.py:183} INFO - Processing /opt/airflow/dags/etl_dag.py took 0.163 seconds
[2026-02-15T19:36:25.244+0000] {processor.py:161} INFO - Started process (PID=28285) to work on /opt/airflow/dags/etl_dag.py
[2026-02-15T19:36:25.246+0000] {processor.py:830} INFO - Processing file /opt/airflow/dags/etl_dag.py for tasks to queue
[2026-02-15T19:36:25.246+0000] {logging_mixin.py:188} INFO - [2026-02-15T19:36:25.246+0000] {dagbag.py:538} INFO - Filling up the DagBag from /opt/airflow/dags/etl_dag.py
[2026-02-15T19:36:25.293+0000] {logging_mixin.py:188} INFO - Warning: Your Kaggle API key is readable by other users on this system! To fix this, you can run 'chmod 600 /home/airflow/.kaggle/kaggle.json'
[2026-02-15T19:36:25.355+0000] {logging_mixin.py:188} WARNING - /home/airflow/.local/lib/python3.8/site-packages/airflow/models/baseoperator.py:437 AirflowProviderDeprecationWarning: `exists_ok` parameter is deprecated, please use `if_exists`
[2026-02-15T19:36:25.365+0000] {processor.py:840} INFO - DAG(s) 'ecommerce_etl_v2' retrieved from /opt/airflow/dags/etl_dag.py
[2026-02-15T19:36:25.384+0000] {logging_mixin.py:188} INFO - [2026-02-15T19:36:25.384+0000] {dag.py:3036} INFO - Sync 1 DAGs
[2026-02-15T19:36:25.395+0000] {logging_mixin.py:188} INFO - [2026-02-15T19:36:25.394+0000] {dag.py:3823} INFO - Setting next_dagrun for ecommerce_etl_v2 to 2026-02-15 13:00:00+00:00, run_after=2026-02-16 13:00:00+00:00
[2026-02-15T19:36:25.403+0000] {processor.py:183} INFO - Processing /opt/airflow/dags/etl_dag.py took 0.163 seconds
[2026-02-15T19:36:55.644+0000] {processor.py:161} INFO - Started process (PID=28316) to work on /opt/airflow/dags/etl_dag.py
[2026-02-15T19:36:55.645+0000] {processor.py:830} INFO - Processing file /opt/airflow/dags/etl_dag.py for tasks to queue
[2026-02-15T19:36:55.646+0000] {logging_mixin.py:188} INFO - [2026-02-15T19:36:55.645+0000] {dagbag.py:538} INFO - Filling up the DagBag from /opt/airflow/dags/etl_dag.py
[2026-02-15T19:36:55.692+0000] {logging_mixin.py:188} INFO - Warning: Your Kaggle API key is readable by other users on this system! To fix this, you can run 'chmod 600 /home/airflow/.kaggle/kaggle.json'
[2026-02-15T19:36:55.755+0000] {logging_mixin.py:188} WARNING - /home/airflow/.local/lib/python3.8/site-packages/airflow/models/baseoperator.py:437 AirflowProviderDeprecationWarning: `exists_ok` parameter is deprecated, please use `if_exists`
[2026-02-15T19:36:55.764+0000] {processor.py:840} INFO - DAG(s) 'ecommerce_etl_v2' retrieved from /opt/airflow/dags/etl_dag.py
[2026-02-15T19:36:55.784+0000] {logging_mixin.py:188} INFO - [2026-02-15T19:36:55.784+0000] {dag.py:3036} INFO - Sync 1 DAGs
[2026-02-15T19:36:55.796+0000] {logging_mixin.py:188} INFO - [2026-02-15T19:36:55.796+0000] {dag.py:3823} INFO - Setting next_dagrun for ecommerce_etl_v2 to 2026-02-15 13:00:00+00:00, run_after=2026-02-16 13:00:00+00:00
[2026-02-15T19:36:55.805+0000] {processor.py:183} INFO - Processing /opt/airflow/dags/etl_dag.py took 0.166 seconds
[2026-02-15T19:37:26.049+0000] {processor.py:161} INFO - Started process (PID=28347) to work on /opt/airflow/dags/etl_dag.py
[2026-02-15T19:37:26.050+0000] {processor.py:830} INFO - Processing file /opt/airflow/dags/etl_dag.py for tasks to queue
[2026-02-15T19:37:26.051+0000] {logging_mixin.py:188} INFO - [2026-02-15T19:37:26.050+0000] {dagbag.py:538} INFO - Filling up the DagBag from /opt/airflow/dags/etl_dag.py
[2026-02-15T19:37:26.098+0000] {logging_mixin.py:188} INFO - Warning: Your Kaggle API key is readable by other users on this system! To fix this, you can run 'chmod 600 /home/airflow/.kaggle/kaggle.json'
[2026-02-15T19:37:26.158+0000] {logging_mixin.py:188} WARNING - /home/airflow/.local/lib/python3.8/site-packages/airflow/models/baseoperator.py:437 AirflowProviderDeprecationWarning: `exists_ok` parameter is deprecated, please use `if_exists`
[2026-02-15T19:37:26.167+0000] {processor.py:840} INFO - DAG(s) 'ecommerce_etl_v2' retrieved from /opt/airflow/dags/etl_dag.py
[2026-02-15T19:37:26.187+0000] {logging_mixin.py:188} INFO - [2026-02-15T19:37:26.187+0000] {dag.py:3036} INFO - Sync 1 DAGs
[2026-02-15T19:37:26.198+0000] {logging_mixin.py:188} INFO - [2026-02-15T19:37:26.198+0000] {dag.py:3823} INFO - Setting next_dagrun for ecommerce_etl_v2 to 2026-02-15 13:00:00+00:00, run_after=2026-02-16 13:00:00+00:00
[2026-02-15T19:37:26.207+0000] {processor.py:183} INFO - Processing /opt/airflow/dags/etl_dag.py took 0.163 seconds
[2026-02-15T19:37:56.492+0000] {processor.py:161} INFO - Started process (PID=28378) to work on /opt/airflow/dags/etl_dag.py
[2026-02-15T19:37:56.493+0000] {processor.py:830} INFO - Processing file /opt/airflow/dags/etl_dag.py for tasks to queue
[2026-02-15T19:37:56.493+0000] {logging_mixin.py:188} INFO - [2026-02-15T19:37:56.493+0000] {dagbag.py:538} INFO - Filling up the DagBag from /opt/airflow/dags/etl_dag.py
[2026-02-15T19:37:56.532+0000] {logging_mixin.py:188} INFO - Warning: Your Kaggle API key is readable by other users on this system! To fix this, you can run 'chmod 600 /home/airflow/.kaggle/kaggle.json'
[2026-02-15T19:37:56.595+0000] {logging_mixin.py:188} WARNING - /home/airflow/.local/lib/python3.8/site-packages/airflow/models/baseoperator.py:437 AirflowProviderDeprecationWarning: `exists_ok` parameter is deprecated, please use `if_exists`
[2026-02-15T19:37:56.604+0000] {processor.py:840} INFO - DAG(s) 'ecommerce_etl_v2' retrieved from /opt/airflow/dags/etl_dag.py
[2026-02-15T19:37:56.625+0000] {logging_mixin.py:188} INFO - [2026-02-15T19:37:56.625+0000] {dag.py:3036} INFO - Sync 1 DAGs
[2026-02-15T19:37:56.636+0000] {logging_mixin.py:188} INFO - [2026-02-15T19:37:56.636+0000] {dag.py:3823} INFO - Setting next_dagrun for ecommerce_etl_v2 to 2026-02-15 13:00:00+00:00, run_after=2026-02-16 13:00:00+00:00
[2026-02-15T19:37:56.646+0000] {processor.py:183} INFO - Processing /opt/airflow/dags/etl_dag.py took 0.157 seconds
[2026-02-15T19:38:26.938+0000] {processor.py:161} INFO - Started process (PID=28409) to work on /opt/airflow/dags/etl_dag.py
[2026-02-15T19:38:26.939+0000] {processor.py:830} INFO - Processing file /opt/airflow/dags/etl_dag.py for tasks to queue
[2026-02-15T19:38:26.939+0000] {logging_mixin.py:188} INFO - [2026-02-15T19:38:26.939+0000] {dagbag.py:538} INFO - Filling up the DagBag from /opt/airflow/dags/etl_dag.py
[2026-02-15T19:38:26.982+0000] {logging_mixin.py:188} INFO - Warning: Your Kaggle API key is readable by other users on this system! To fix this, you can run 'chmod 600 /home/airflow/.kaggle/kaggle.json'
[2026-02-15T19:38:27.042+0000] {logging_mixin.py:188} WARNING - /home/airflow/.local/lib/python3.8/site-packages/airflow/models/baseoperator.py:437 AirflowProviderDeprecationWarning: `exists_ok` parameter is deprecated, please use `if_exists`
[2026-02-15T19:38:27.053+0000] {processor.py:840} INFO - DAG(s) 'ecommerce_etl_v2' retrieved from /opt/airflow/dags/etl_dag.py
[2026-02-15T19:38:27.074+0000] {logging_mixin.py:188} INFO - [2026-02-15T19:38:27.074+0000] {dag.py:3036} INFO - Sync 1 DAGs
[2026-02-15T19:38:27.086+0000] {logging_mixin.py:188} INFO - [2026-02-15T19:38:27.086+0000] {dag.py:3823} INFO - Setting next_dagrun for ecommerce_etl_v2 to 2026-02-15 13:00:00+00:00, run_after=2026-02-16 13:00:00+00:00
[2026-02-15T19:38:27.095+0000] {processor.py:183} INFO - Processing /opt/airflow/dags/etl_dag.py took 0.160 seconds
[2026-02-15T19:38:57.294+0000] {processor.py:161} INFO - Started process (PID=28440) to work on /opt/airflow/dags/etl_dag.py
[2026-02-15T19:38:57.295+0000] {processor.py:830} INFO - Processing file /opt/airflow/dags/etl_dag.py for tasks to queue
[2026-02-15T19:38:57.296+0000] {logging_mixin.py:188} INFO - [2026-02-15T19:38:57.296+0000] {dagbag.py:538} INFO - Filling up the DagBag from /opt/airflow/dags/etl_dag.py
[2026-02-15T19:38:57.342+0000] {logging_mixin.py:188} INFO - Warning: Your Kaggle API key is readable by other users on this system! To fix this, you can run 'chmod 600 /home/airflow/.kaggle/kaggle.json'
[2026-02-15T19:38:57.401+0000] {logging_mixin.py:188} WARNING - /home/airflow/.local/lib/python3.8/site-packages/airflow/models/baseoperator.py:437 AirflowProviderDeprecationWarning: `exists_ok` parameter is deprecated, please use `if_exists`
[2026-02-15T19:38:57.409+0000] {processor.py:840} INFO - DAG(s) 'ecommerce_etl_v2' retrieved from /opt/airflow/dags/etl_dag.py
[2026-02-15T19:38:57.428+0000] {logging_mixin.py:188} INFO - [2026-02-15T19:38:57.428+0000] {dag.py:3036} INFO - Sync 1 DAGs
[2026-02-15T19:38:57.438+0000] {logging_mixin.py:188} INFO - [2026-02-15T19:38:57.438+0000] {dag.py:3823} INFO - Setting next_dagrun for ecommerce_etl_v2 to 2026-02-15 13:00:00+00:00, run_after=2026-02-16 13:00:00+00:00
[2026-02-15T19:38:57.446+0000] {processor.py:183} INFO - Processing /opt/airflow/dags/etl_dag.py took 0.157 seconds
[2026-02-15T19:39:27.856+0000] {processor.py:161} INFO - Started process (PID=28471) to work on /opt/airflow/dags/etl_dag.py
[2026-02-15T19:39:27.857+0000] {processor.py:830} INFO - Processing file /opt/airflow/dags/etl_dag.py for tasks to queue
[2026-02-15T19:39:27.858+0000] {logging_mixin.py:188} INFO - [2026-02-15T19:39:27.857+0000] {dagbag.py:538} INFO - Filling up the DagBag from /opt/airflow/dags/etl_dag.py
[2026-02-15T19:39:27.905+0000] {logging_mixin.py:188} INFO - Warning: Your Kaggle API key is readable by other users on this system! To fix this, you can run 'chmod 600 /home/airflow/.kaggle/kaggle.json'
[2026-02-15T19:39:27.966+0000] {logging_mixin.py:188} WARNING - /home/airflow/.local/lib/python3.8/site-packages/airflow/models/baseoperator.py:437 AirflowProviderDeprecationWarning: `exists_ok` parameter is deprecated, please use `if_exists`
[2026-02-15T19:39:27.976+0000] {processor.py:840} INFO - DAG(s) 'ecommerce_etl_v2' retrieved from /opt/airflow/dags/etl_dag.py
[2026-02-15T19:39:27.995+0000] {logging_mixin.py:188} INFO - [2026-02-15T19:39:27.995+0000] {dag.py:3036} INFO - Sync 1 DAGs
[2026-02-15T19:39:28.005+0000] {logging_mixin.py:188} INFO - [2026-02-15T19:39:28.005+0000] {dag.py:3823} INFO - Setting next_dagrun for ecommerce_etl_v2 to 2026-02-15 13:00:00+00:00, run_after=2026-02-16 13:00:00+00:00
[2026-02-15T19:39:28.014+0000] {processor.py:183} INFO - Processing /opt/airflow/dags/etl_dag.py took 0.163 seconds
[2026-02-15T19:39:58.300+0000] {processor.py:161} INFO - Started process (PID=28502) to work on /opt/airflow/dags/etl_dag.py
[2026-02-15T19:39:58.301+0000] {processor.py:830} INFO - Processing file /opt/airflow/dags/etl_dag.py for tasks to queue
[2026-02-15T19:39:58.303+0000] {logging_mixin.py:188} INFO - [2026-02-15T19:39:58.302+0000] {dagbag.py:538} INFO - Filling up the DagBag from /opt/airflow/dags/etl_dag.py
[2026-02-15T19:39:58.347+0000] {logging_mixin.py:188} INFO - Warning: Your Kaggle API key is readable by other users on this system! To fix this, you can run 'chmod 600 /home/airflow/.kaggle/kaggle.json'
[2026-02-15T19:39:58.410+0000] {logging_mixin.py:188} WARNING - /home/airflow/.local/lib/python3.8/site-packages/airflow/models/baseoperator.py:437 AirflowProviderDeprecationWarning: `exists_ok` parameter is deprecated, please use `if_exists`
[2026-02-15T19:39:58.419+0000] {processor.py:840} INFO - DAG(s) 'ecommerce_etl_v2' retrieved from /opt/airflow/dags/etl_dag.py
[2026-02-15T19:39:58.438+0000] {logging_mixin.py:188} INFO - [2026-02-15T19:39:58.437+0000] {dag.py:3036} INFO - Sync 1 DAGs
[2026-02-15T19:39:58.448+0000] {logging_mixin.py:188} INFO - [2026-02-15T19:39:58.448+0000] {dag.py:3823} INFO - Setting next_dagrun for ecommerce_etl_v2 to 2026-02-15 13:00:00+00:00, run_after=2026-02-16 13:00:00+00:00
[2026-02-15T19:39:58.458+0000] {processor.py:183} INFO - Processing /opt/airflow/dags/etl_dag.py took 0.162 seconds
[2026-02-15T19:40:28.703+0000] {processor.py:161} INFO - Started process (PID=28533) to work on /opt/airflow/dags/etl_dag.py
[2026-02-15T19:40:28.704+0000] {processor.py:830} INFO - Processing file /opt/airflow/dags/etl_dag.py for tasks to queue
[2026-02-15T19:40:28.705+0000] {logging_mixin.py:188} INFO - [2026-02-15T19:40:28.704+0000] {dagbag.py:538} INFO - Filling up the DagBag from /opt/airflow/dags/etl_dag.py
[2026-02-15T19:40:28.751+0000] {logging_mixin.py:188} INFO - Warning: Your Kaggle API key is readable by other users on this system! To fix this, you can run 'chmod 600 /home/airflow/.kaggle/kaggle.json'
[2026-02-15T19:40:28.831+0000] {logging_mixin.py:188} WARNING - /home/airflow/.local/lib/python3.8/site-packages/airflow/models/baseoperator.py:437 AirflowProviderDeprecationWarning: `exists_ok` parameter is deprecated, please use `if_exists`
[2026-02-15T19:40:28.844+0000] {processor.py:840} INFO - DAG(s) 'ecommerce_etl_v2' retrieved from /opt/airflow/dags/etl_dag.py
[2026-02-15T19:40:28.869+0000] {logging_mixin.py:188} INFO - [2026-02-15T19:40:28.869+0000] {dag.py:3036} INFO - Sync 1 DAGs
[2026-02-15T19:40:28.880+0000] {logging_mixin.py:188} INFO - [2026-02-15T19:40:28.880+0000] {dag.py:3823} INFO - Setting next_dagrun for ecommerce_etl_v2 to 2026-02-15 13:00:00+00:00, run_after=2026-02-16 13:00:00+00:00
[2026-02-15T19:40:28.889+0000] {processor.py:183} INFO - Processing /opt/airflow/dags/etl_dag.py took 0.191 seconds
[2026-02-15T19:40:59.122+0000] {processor.py:161} INFO - Started process (PID=28564) to work on /opt/airflow/dags/etl_dag.py
[2026-02-15T19:40:59.124+0000] {processor.py:830} INFO - Processing file /opt/airflow/dags/etl_dag.py for tasks to queue
[2026-02-15T19:40:59.125+0000] {logging_mixin.py:188} INFO - [2026-02-15T19:40:59.124+0000] {dagbag.py:538} INFO - Filling up the DagBag from /opt/airflow/dags/etl_dag.py
[2026-02-15T19:40:59.171+0000] {logging_mixin.py:188} INFO - Warning: Your Kaggle API key is readable by other users on this system! To fix this, you can run 'chmod 600 /home/airflow/.kaggle/kaggle.json'
[2026-02-15T19:40:59.231+0000] {logging_mixin.py:188} WARNING - /home/airflow/.local/lib/python3.8/site-packages/airflow/models/baseoperator.py:437 AirflowProviderDeprecationWarning: `exists_ok` parameter is deprecated, please use `if_exists`
[2026-02-15T19:40:59.240+0000] {processor.py:840} INFO - DAG(s) 'ecommerce_etl_v2' retrieved from /opt/airflow/dags/etl_dag.py
[2026-02-15T19:40:59.259+0000] {logging_mixin.py:188} INFO - [2026-02-15T19:40:59.259+0000] {dag.py:3036} INFO - Sync 1 DAGs
[2026-02-15T19:40:59.272+0000] {logging_mixin.py:188} INFO - [2026-02-15T19:40:59.271+0000] {dag.py:3823} INFO - Setting next_dagrun for ecommerce_etl_v2 to 2026-02-15 13:00:00+00:00, run_after=2026-02-16 13:00:00+00:00
[2026-02-15T19:40:59.281+0000] {processor.py:183} INFO - Processing /opt/airflow/dags/etl_dag.py took 0.163 seconds
[2026-02-15T19:41:29.625+0000] {processor.py:161} INFO - Started process (PID=28595) to work on /opt/airflow/dags/etl_dag.py
[2026-02-15T19:41:29.626+0000] {processor.py:830} INFO - Processing file /opt/airflow/dags/etl_dag.py for tasks to queue
[2026-02-15T19:41:29.627+0000] {logging_mixin.py:188} INFO - [2026-02-15T19:41:29.626+0000] {dagbag.py:538} INFO - Filling up the DagBag from /opt/airflow/dags/etl_dag.py
[2026-02-15T19:41:29.677+0000] {logging_mixin.py:188} INFO - Warning: Your Kaggle API key is readable by other users on this system! To fix this, you can run 'chmod 600 /home/airflow/.kaggle/kaggle.json'
[2026-02-15T19:41:29.738+0000] {logging_mixin.py:188} WARNING - /home/airflow/.local/lib/python3.8/site-packages/airflow/models/baseoperator.py:437 AirflowProviderDeprecationWarning: `exists_ok` parameter is deprecated, please use `if_exists`
[2026-02-15T19:41:29.750+0000] {processor.py:840} INFO - DAG(s) 'ecommerce_etl_v2' retrieved from /opt/airflow/dags/etl_dag.py
[2026-02-15T19:41:29.768+0000] {logging_mixin.py:188} INFO - [2026-02-15T19:41:29.768+0000] {dag.py:3036} INFO - Sync 1 DAGs
[2026-02-15T19:41:29.779+0000] {logging_mixin.py:188} INFO - [2026-02-15T19:41:29.778+0000] {dag.py:3823} INFO - Setting next_dagrun for ecommerce_etl_v2 to 2026-02-15 13:00:00+00:00, run_after=2026-02-16 13:00:00+00:00
[2026-02-15T19:41:29.787+0000] {processor.py:183} INFO - Processing /opt/airflow/dags/etl_dag.py took 0.165 seconds
[2026-02-15T19:42:00.036+0000] {processor.py:161} INFO - Started process (PID=28626) to work on /opt/airflow/dags/etl_dag.py
[2026-02-15T19:42:00.037+0000] {processor.py:830} INFO - Processing file /opt/airflow/dags/etl_dag.py for tasks to queue
[2026-02-15T19:42:00.038+0000] {logging_mixin.py:188} INFO - [2026-02-15T19:42:00.038+0000] {dagbag.py:538} INFO - Filling up the DagBag from /opt/airflow/dags/etl_dag.py
[2026-02-15T19:42:00.086+0000] {logging_mixin.py:188} INFO - Warning: Your Kaggle API key is readable by other users on this system! To fix this, you can run 'chmod 600 /home/airflow/.kaggle/kaggle.json'
[2026-02-15T19:42:00.148+0000] {logging_mixin.py:188} WARNING - /home/airflow/.local/lib/python3.8/site-packages/airflow/models/baseoperator.py:437 AirflowProviderDeprecationWarning: `exists_ok` parameter is deprecated, please use `if_exists`
[2026-02-15T19:42:00.157+0000] {processor.py:840} INFO - DAG(s) 'ecommerce_etl_v2' retrieved from /opt/airflow/dags/etl_dag.py
[2026-02-15T19:42:00.176+0000] {logging_mixin.py:188} INFO - [2026-02-15T19:42:00.176+0000] {dag.py:3036} INFO - Sync 1 DAGs
[2026-02-15T19:42:00.186+0000] {logging_mixin.py:188} INFO - [2026-02-15T19:42:00.186+0000] {dag.py:3823} INFO - Setting next_dagrun for ecommerce_etl_v2 to 2026-02-15 13:00:00+00:00, run_after=2026-02-16 13:00:00+00:00
[2026-02-15T19:42:00.195+0000] {processor.py:183} INFO - Processing /opt/airflow/dags/etl_dag.py took 0.164 seconds
[2026-02-15T19:42:30.420+0000] {processor.py:161} INFO - Started process (PID=28657) to work on /opt/airflow/dags/etl_dag.py
[2026-02-15T19:42:30.422+0000] {processor.py:830} INFO - Processing file /opt/airflow/dags/etl_dag.py for tasks to queue
[2026-02-15T19:42:30.423+0000] {logging_mixin.py:188} INFO - [2026-02-15T19:42:30.422+0000] {dagbag.py:538} INFO - Filling up the DagBag from /opt/airflow/dags/etl_dag.py
[2026-02-15T19:42:30.469+0000] {logging_mixin.py:188} INFO - Warning: Your Kaggle API key is readable by other users on this system! To fix this, you can run 'chmod 600 /home/airflow/.kaggle/kaggle.json'
[2026-02-15T19:42:30.529+0000] {logging_mixin.py:188} WARNING - /home/airflow/.local/lib/python3.8/site-packages/airflow/models/baseoperator.py:437 AirflowProviderDeprecationWarning: `exists_ok` parameter is deprecated, please use `if_exists`
[2026-02-15T19:42:30.539+0000] {processor.py:840} INFO - DAG(s) 'ecommerce_etl_v2' retrieved from /opt/airflow/dags/etl_dag.py
[2026-02-15T19:42:30.559+0000] {logging_mixin.py:188} INFO - [2026-02-15T19:42:30.559+0000] {dag.py:3036} INFO - Sync 1 DAGs
[2026-02-15T19:42:30.570+0000] {logging_mixin.py:188} INFO - [2026-02-15T19:42:30.570+0000] {dag.py:3823} INFO - Setting next_dagrun for ecommerce_etl_v2 to 2026-02-15 13:00:00+00:00, run_after=2026-02-16 13:00:00+00:00
[2026-02-15T19:42:30.580+0000] {processor.py:183} INFO - Processing /opt/airflow/dags/etl_dag.py took 0.164 seconds
[2026-02-15T19:43:00.907+0000] {processor.py:161} INFO - Started process (PID=28688) to work on /opt/airflow/dags/etl_dag.py
[2026-02-15T19:43:00.908+0000] {processor.py:830} INFO - Processing file /opt/airflow/dags/etl_dag.py for tasks to queue
[2026-02-15T19:43:00.909+0000] {logging_mixin.py:188} INFO - [2026-02-15T19:43:00.909+0000] {dagbag.py:538} INFO - Filling up the DagBag from /opt/airflow/dags/etl_dag.py
[2026-02-15T19:43:00.956+0000] {logging_mixin.py:188} INFO - Warning: Your Kaggle API key is readable by other users on this system! To fix this, you can run 'chmod 600 /home/airflow/.kaggle/kaggle.json'
[2026-02-15T19:43:01.017+0000] {logging_mixin.py:188} WARNING - /home/airflow/.local/lib/python3.8/site-packages/airflow/models/baseoperator.py:437 AirflowProviderDeprecationWarning: `exists_ok` parameter is deprecated, please use `if_exists`
[2026-02-15T19:43:01.026+0000] {processor.py:840} INFO - DAG(s) 'ecommerce_etl_v2' retrieved from /opt/airflow/dags/etl_dag.py
[2026-02-15T19:43:01.047+0000] {logging_mixin.py:188} INFO - [2026-02-15T19:43:01.047+0000] {dag.py:3036} INFO - Sync 1 DAGs
[2026-02-15T19:43:01.059+0000] {logging_mixin.py:188} INFO - [2026-02-15T19:43:01.059+0000] {dag.py:3823} INFO - Setting next_dagrun for ecommerce_etl_v2 to 2026-02-15 13:00:00+00:00, run_after=2026-02-16 13:00:00+00:00
[2026-02-15T19:43:01.069+0000] {processor.py:183} INFO - Processing /opt/airflow/dags/etl_dag.py took 0.166 seconds
[2026-02-15T19:43:31.297+0000] {processor.py:161} INFO - Started process (PID=28719) to work on /opt/airflow/dags/etl_dag.py
[2026-02-15T19:43:31.297+0000] {processor.py:830} INFO - Processing file /opt/airflow/dags/etl_dag.py for tasks to queue
[2026-02-15T19:43:31.298+0000] {logging_mixin.py:188} INFO - [2026-02-15T19:43:31.298+0000] {dagbag.py:538} INFO - Filling up the DagBag from /opt/airflow/dags/etl_dag.py
[2026-02-15T19:43:31.344+0000] {logging_mixin.py:188} INFO - Warning: Your Kaggle API key is readable by other users on this system! To fix this, you can run 'chmod 600 /home/airflow/.kaggle/kaggle.json'
[2026-02-15T19:43:31.407+0000] {logging_mixin.py:188} WARNING - /home/airflow/.local/lib/python3.8/site-packages/airflow/models/baseoperator.py:437 AirflowProviderDeprecationWarning: `exists_ok` parameter is deprecated, please use `if_exists`
[2026-02-15T19:43:31.417+0000] {processor.py:840} INFO - DAG(s) 'ecommerce_etl_v2' retrieved from /opt/airflow/dags/etl_dag.py
[2026-02-15T19:43:31.437+0000] {logging_mixin.py:188} INFO - [2026-02-15T19:43:31.436+0000] {dag.py:3036} INFO - Sync 1 DAGs
[2026-02-15T19:43:31.448+0000] {logging_mixin.py:188} INFO - [2026-02-15T19:43:31.448+0000] {dag.py:3823} INFO - Setting next_dagrun for ecommerce_etl_v2 to 2026-02-15 13:00:00+00:00, run_after=2026-02-16 13:00:00+00:00
[2026-02-15T19:43:31.457+0000] {processor.py:183} INFO - Processing /opt/airflow/dags/etl_dag.py took 0.164 seconds
[2026-02-15T19:44:01.600+0000] {processor.py:161} INFO - Started process (PID=28750) to work on /opt/airflow/dags/etl_dag.py
[2026-02-15T19:44:01.601+0000] {processor.py:830} INFO - Processing file /opt/airflow/dags/etl_dag.py for tasks to queue
[2026-02-15T19:44:01.602+0000] {logging_mixin.py:188} INFO - [2026-02-15T19:44:01.601+0000] {dagbag.py:538} INFO - Filling up the DagBag from /opt/airflow/dags/etl_dag.py
[2026-02-15T19:44:01.644+0000] {logging_mixin.py:188} INFO - Warning: Your Kaggle API key is readable by other users on this system! To fix this, you can run 'chmod 600 /home/airflow/.kaggle/kaggle.json'
[2026-02-15T19:44:01.704+0000] {logging_mixin.py:188} WARNING - /home/airflow/.local/lib/python3.8/site-packages/airflow/models/baseoperator.py:437 AirflowProviderDeprecationWarning: `exists_ok` parameter is deprecated, please use `if_exists`
[2026-02-15T19:44:01.713+0000] {processor.py:840} INFO - DAG(s) 'ecommerce_etl_v2' retrieved from /opt/airflow/dags/etl_dag.py
[2026-02-15T19:44:01.732+0000] {logging_mixin.py:188} INFO - [2026-02-15T19:44:01.732+0000] {dag.py:3036} INFO - Sync 1 DAGs
[2026-02-15T19:44:01.743+0000] {logging_mixin.py:188} INFO - [2026-02-15T19:44:01.743+0000] {dag.py:3823} INFO - Setting next_dagrun for ecommerce_etl_v2 to 2026-02-15 13:00:00+00:00, run_after=2026-02-16 13:00:00+00:00
[2026-02-15T19:44:01.751+0000] {processor.py:183} INFO - Processing /opt/airflow/dags/etl_dag.py took 0.154 seconds
[2026-02-15T19:44:31.901+0000] {processor.py:161} INFO - Started process (PID=28781) to work on /opt/airflow/dags/etl_dag.py
[2026-02-15T19:44:31.902+0000] {processor.py:830} INFO - Processing file /opt/airflow/dags/etl_dag.py for tasks to queue
[2026-02-15T19:44:31.903+0000] {logging_mixin.py:188} INFO - [2026-02-15T19:44:31.903+0000] {dagbag.py:538} INFO - Filling up the DagBag from /opt/airflow/dags/etl_dag.py
[2026-02-15T19:44:31.948+0000] {logging_mixin.py:188} INFO - Warning: Your Kaggle API key is readable by other users on this system! To fix this, you can run 'chmod 600 /home/airflow/.kaggle/kaggle.json'
[2026-02-15T19:44:32.009+0000] {logging_mixin.py:188} WARNING - /home/airflow/.local/lib/python3.8/site-packages/airflow/models/baseoperator.py:437 AirflowProviderDeprecationWarning: `exists_ok` parameter is deprecated, please use `if_exists`
[2026-02-15T19:44:32.018+0000] {processor.py:840} INFO - DAG(s) 'ecommerce_etl_v2' retrieved from /opt/airflow/dags/etl_dag.py
[2026-02-15T19:44:32.037+0000] {logging_mixin.py:188} INFO - [2026-02-15T19:44:32.037+0000] {dag.py:3036} INFO - Sync 1 DAGs
[2026-02-15T19:44:32.048+0000] {logging_mixin.py:188} INFO - [2026-02-15T19:44:32.048+0000] {dag.py:3823} INFO - Setting next_dagrun for ecommerce_etl_v2 to 2026-02-15 13:00:00+00:00, run_after=2026-02-16 13:00:00+00:00
[2026-02-15T19:44:32.057+0000] {processor.py:183} INFO - Processing /opt/airflow/dags/etl_dag.py took 0.159 seconds
[2026-02-15T19:45:02.308+0000] {processor.py:161} INFO - Started process (PID=28812) to work on /opt/airflow/dags/etl_dag.py
[2026-02-15T19:45:02.308+0000] {processor.py:830} INFO - Processing file /opt/airflow/dags/etl_dag.py for tasks to queue
[2026-02-15T19:45:02.309+0000] {logging_mixin.py:188} INFO - [2026-02-15T19:45:02.309+0000] {dagbag.py:538} INFO - Filling up the DagBag from /opt/airflow/dags/etl_dag.py
[2026-02-15T19:45:02.349+0000] {logging_mixin.py:188} INFO - Warning: Your Kaggle API key is readable by other users on this system! To fix this, you can run 'chmod 600 /home/airflow/.kaggle/kaggle.json'
[2026-02-15T19:45:02.409+0000] {logging_mixin.py:188} WARNING - /home/airflow/.local/lib/python3.8/site-packages/airflow/models/baseoperator.py:437 AirflowProviderDeprecationWarning: `exists_ok` parameter is deprecated, please use `if_exists`
[2026-02-15T19:45:02.418+0000] {processor.py:840} INFO - DAG(s) 'ecommerce_etl_v2' retrieved from /opt/airflow/dags/etl_dag.py
[2026-02-15T19:45:02.438+0000] {logging_mixin.py:188} INFO - [2026-02-15T19:45:02.438+0000] {dag.py:3036} INFO - Sync 1 DAGs
[2026-02-15T19:45:02.448+0000] {logging_mixin.py:188} INFO - [2026-02-15T19:45:02.448+0000] {dag.py:3823} INFO - Setting next_dagrun for ecommerce_etl_v2 to 2026-02-15 13:00:00+00:00, run_after=2026-02-16 13:00:00+00:00
[2026-02-15T19:45:02.458+0000] {processor.py:183} INFO - Processing /opt/airflow/dags/etl_dag.py took 0.153 seconds
[2026-02-15T19:45:32.599+0000] {processor.py:161} INFO - Started process (PID=28843) to work on /opt/airflow/dags/etl_dag.py
[2026-02-15T19:45:32.600+0000] {processor.py:830} INFO - Processing file /opt/airflow/dags/etl_dag.py for tasks to queue
[2026-02-15T19:45:32.601+0000] {logging_mixin.py:188} INFO - [2026-02-15T19:45:32.601+0000] {dagbag.py:538} INFO - Filling up the DagBag from /opt/airflow/dags/etl_dag.py
[2026-02-15T19:45:32.643+0000] {logging_mixin.py:188} INFO - Warning: Your Kaggle API key is readable by other users on this system! To fix this, you can run 'chmod 600 /home/airflow/.kaggle/kaggle.json'
[2026-02-15T19:45:32.702+0000] {logging_mixin.py:188} WARNING - /home/airflow/.local/lib/python3.8/site-packages/airflow/models/baseoperator.py:437 AirflowProviderDeprecationWarning: `exists_ok` parameter is deprecated, please use `if_exists`
[2026-02-15T19:45:32.711+0000] {processor.py:840} INFO - DAG(s) 'ecommerce_etl_v2' retrieved from /opt/airflow/dags/etl_dag.py
[2026-02-15T19:45:32.731+0000] {logging_mixin.py:188} INFO - [2026-02-15T19:45:32.731+0000] {dag.py:3036} INFO - Sync 1 DAGs
[2026-02-15T19:45:32.742+0000] {logging_mixin.py:188} INFO - [2026-02-15T19:45:32.742+0000] {dag.py:3823} INFO - Setting next_dagrun for ecommerce_etl_v2 to 2026-02-15 13:00:00+00:00, run_after=2026-02-16 13:00:00+00:00
[2026-02-15T19:45:32.751+0000] {processor.py:183} INFO - Processing /opt/airflow/dags/etl_dag.py took 0.155 seconds
[2026-02-15T19:46:03.108+0000] {processor.py:161} INFO - Started process (PID=28874) to work on /opt/airflow/dags/etl_dag.py
[2026-02-15T19:46:03.109+0000] {processor.py:830} INFO - Processing file /opt/airflow/dags/etl_dag.py for tasks to queue
[2026-02-15T19:46:03.110+0000] {logging_mixin.py:188} INFO - [2026-02-15T19:46:03.110+0000] {dagbag.py:538} INFO - Filling up the DagBag from /opt/airflow/dags/etl_dag.py
[2026-02-15T19:46:03.167+0000] {logging_mixin.py:188} INFO - Warning: Your Kaggle API key is readable by other users on this system! To fix this, you can run 'chmod 600 /home/airflow/.kaggle/kaggle.json'
[2026-02-15T19:46:03.235+0000] {logging_mixin.py:188} WARNING - /home/airflow/.local/lib/python3.8/site-packages/airflow/models/baseoperator.py:437 AirflowProviderDeprecationWarning: `exists_ok` parameter is deprecated, please use `if_exists`
[2026-02-15T19:46:03.246+0000] {processor.py:840} INFO - DAG(s) 'ecommerce_etl_v2' retrieved from /opt/airflow/dags/etl_dag.py
[2026-02-15T19:46:03.275+0000] {logging_mixin.py:188} INFO - [2026-02-15T19:46:03.275+0000] {dag.py:3036} INFO - Sync 1 DAGs
[2026-02-15T19:46:03.290+0000] {logging_mixin.py:188} INFO - [2026-02-15T19:46:03.290+0000] {dag.py:3823} INFO - Setting next_dagrun for ecommerce_etl_v2 to 2026-02-15 13:00:00+00:00, run_after=2026-02-16 13:00:00+00:00
[2026-02-15T19:46:03.302+0000] {processor.py:183} INFO - Processing /opt/airflow/dags/etl_dag.py took 0.198 seconds
[2026-02-15T19:46:33.912+0000] {processor.py:161} INFO - Started process (PID=28905) to work on /opt/airflow/dags/etl_dag.py
[2026-02-15T19:46:33.913+0000] {processor.py:830} INFO - Processing file /opt/airflow/dags/etl_dag.py for tasks to queue
[2026-02-15T19:46:33.915+0000] {logging_mixin.py:188} INFO - [2026-02-15T19:46:33.914+0000] {dagbag.py:538} INFO - Filling up the DagBag from /opt/airflow/dags/etl_dag.py
[2026-02-15T19:46:33.973+0000] {logging_mixin.py:188} INFO - Warning: Your Kaggle API key is readable by other users on this system! To fix this, you can run 'chmod 600 /home/airflow/.kaggle/kaggle.json'
[2026-02-15T19:46:34.040+0000] {logging_mixin.py:188} WARNING - /home/airflow/.local/lib/python3.8/site-packages/airflow/models/baseoperator.py:437 AirflowProviderDeprecationWarning: `exists_ok` parameter is deprecated, please use `if_exists`
[2026-02-15T19:46:34.050+0000] {processor.py:840} INFO - DAG(s) 'ecommerce_etl_v2' retrieved from /opt/airflow/dags/etl_dag.py
[2026-02-15T19:46:34.075+0000] {logging_mixin.py:188} INFO - [2026-02-15T19:46:34.075+0000] {dag.py:3036} INFO - Sync 1 DAGs
[2026-02-15T19:46:34.089+0000] {logging_mixin.py:188} INFO - [2026-02-15T19:46:34.089+0000] {dag.py:3823} INFO - Setting next_dagrun for ecommerce_etl_v2 to 2026-02-15 13:00:00+00:00, run_after=2026-02-16 13:00:00+00:00
[2026-02-15T19:46:34.100+0000] {processor.py:183} INFO - Processing /opt/airflow/dags/etl_dag.py took 0.195 seconds
[2026-02-15T19:47:04.397+0000] {processor.py:161} INFO - Started process (PID=28936) to work on /opt/airflow/dags/etl_dag.py
[2026-02-15T19:47:04.398+0000] {processor.py:830} INFO - Processing file /opt/airflow/dags/etl_dag.py for tasks to queue
[2026-02-15T19:47:04.399+0000] {logging_mixin.py:188} INFO - [2026-02-15T19:47:04.399+0000] {dagbag.py:538} INFO - Filling up the DagBag from /opt/airflow/dags/etl_dag.py
[2026-02-15T19:47:04.449+0000] {logging_mixin.py:188} INFO - Warning: Your Kaggle API key is readable by other users on this system! To fix this, you can run 'chmod 600 /home/airflow/.kaggle/kaggle.json'
[2026-02-15T19:47:04.514+0000] {logging_mixin.py:188} WARNING - /home/airflow/.local/lib/python3.8/site-packages/airflow/models/baseoperator.py:437 AirflowProviderDeprecationWarning: `exists_ok` parameter is deprecated, please use `if_exists`
[2026-02-15T19:47:04.523+0000] {processor.py:840} INFO - DAG(s) 'ecommerce_etl_v2' retrieved from /opt/airflow/dags/etl_dag.py
[2026-02-15T19:47:04.543+0000] {logging_mixin.py:188} INFO - [2026-02-15T19:47:04.543+0000] {dag.py:3036} INFO - Sync 1 DAGs
[2026-02-15T19:47:04.554+0000] {logging_mixin.py:188} INFO - [2026-02-15T19:47:04.554+0000] {dag.py:3823} INFO - Setting next_dagrun for ecommerce_etl_v2 to 2026-02-15 13:00:00+00:00, run_after=2026-02-16 13:00:00+00:00
[2026-02-15T19:47:04.563+0000] {processor.py:183} INFO - Processing /opt/airflow/dags/etl_dag.py took 0.171 seconds
[2026-02-15T19:47:34.771+0000] {processor.py:161} INFO - Started process (PID=28967) to work on /opt/airflow/dags/etl_dag.py
[2026-02-15T19:47:34.772+0000] {processor.py:830} INFO - Processing file /opt/airflow/dags/etl_dag.py for tasks to queue
[2026-02-15T19:47:34.773+0000] {logging_mixin.py:188} INFO - [2026-02-15T19:47:34.772+0000] {dagbag.py:538} INFO - Filling up the DagBag from /opt/airflow/dags/etl_dag.py
[2026-02-15T19:47:34.823+0000] {logging_mixin.py:188} INFO - Warning: Your Kaggle API key is readable by other users on this system! To fix this, you can run 'chmod 600 /home/airflow/.kaggle/kaggle.json'
[2026-02-15T19:47:34.888+0000] {logging_mixin.py:188} WARNING - /home/airflow/.local/lib/python3.8/site-packages/airflow/models/baseoperator.py:437 AirflowProviderDeprecationWarning: `exists_ok` parameter is deprecated, please use `if_exists`
[2026-02-15T19:47:34.899+0000] {processor.py:840} INFO - DAG(s) 'ecommerce_etl_v2' retrieved from /opt/airflow/dags/etl_dag.py
[2026-02-15T19:47:34.932+0000] {logging_mixin.py:188} INFO - [2026-02-15T19:47:34.932+0000] {dag.py:3036} INFO - Sync 1 DAGs
[2026-02-15T19:47:34.946+0000] {logging_mixin.py:188} INFO - [2026-02-15T19:47:34.946+0000] {dag.py:3823} INFO - Setting next_dagrun for ecommerce_etl_v2 to 2026-02-15 13:00:00+00:00, run_after=2026-02-16 13:00:00+00:00
[2026-02-15T19:47:34.958+0000] {processor.py:183} INFO - Processing /opt/airflow/dags/etl_dag.py took 0.192 seconds
[2026-02-15T19:48:05.203+0000] {processor.py:161} INFO - Started process (PID=28998) to work on /opt/airflow/dags/etl_dag.py
[2026-02-15T19:48:05.204+0000] {processor.py:830} INFO - Processing file /opt/airflow/dags/etl_dag.py for tasks to queue
[2026-02-15T19:48:05.204+0000] {logging_mixin.py:188} INFO - [2026-02-15T19:48:05.204+0000] {dagbag.py:538} INFO - Filling up the DagBag from /opt/airflow/dags/etl_dag.py
[2026-02-15T19:48:05.242+0000] {logging_mixin.py:188} INFO - Warning: Your Kaggle API key is readable by other users on this system! To fix this, you can run 'chmod 600 /home/airflow/.kaggle/kaggle.json'
[2026-02-15T19:48:05.302+0000] {logging_mixin.py:188} WARNING - /home/airflow/.local/lib/python3.8/site-packages/airflow/models/baseoperator.py:437 AirflowProviderDeprecationWarning: `exists_ok` parameter is deprecated, please use `if_exists`
[2026-02-15T19:48:05.312+0000] {processor.py:840} INFO - DAG(s) 'ecommerce_etl_v2' retrieved from /opt/airflow/dags/etl_dag.py
[2026-02-15T19:48:05.330+0000] {logging_mixin.py:188} INFO - [2026-02-15T19:48:05.329+0000] {dag.py:3036} INFO - Sync 1 DAGs
[2026-02-15T19:48:05.340+0000] {logging_mixin.py:188} INFO - [2026-02-15T19:48:05.340+0000] {dag.py:3823} INFO - Setting next_dagrun for ecommerce_etl_v2 to 2026-02-15 13:00:00+00:00, run_after=2026-02-16 13:00:00+00:00
[2026-02-15T19:48:05.348+0000] {processor.py:183} INFO - Processing /opt/airflow/dags/etl_dag.py took 0.147 seconds
[2026-02-15T20:04:16.402+0000] {processor.py:161} INFO - Started process (PID=29029) to work on /opt/airflow/dags/etl_dag.py
[2026-02-15T20:04:16.403+0000] {processor.py:830} INFO - Processing file /opt/airflow/dags/etl_dag.py for tasks to queue
[2026-02-15T20:04:16.403+0000] {logging_mixin.py:188} INFO - [2026-02-15T20:04:16.403+0000] {dagbag.py:538} INFO - Filling up the DagBag from /opt/airflow/dags/etl_dag.py
[2026-02-15T20:04:16.441+0000] {logging_mixin.py:188} INFO - Warning: Your Kaggle API key is readable by other users on this system! To fix this, you can run 'chmod 600 /home/airflow/.kaggle/kaggle.json'
[2026-02-15T20:04:16.505+0000] {logging_mixin.py:188} WARNING - /home/airflow/.local/lib/python3.8/site-packages/airflow/models/baseoperator.py:437 AirflowProviderDeprecationWarning: `exists_ok` parameter is deprecated, please use `if_exists`
[2026-02-15T20:04:16.520+0000] {processor.py:840} INFO - DAG(s) 'ecommerce_etl_v2' retrieved from /opt/airflow/dags/etl_dag.py
[2026-02-15T20:04:16.542+0000] {logging_mixin.py:188} INFO - [2026-02-15T20:04:16.542+0000] {dag.py:3036} INFO - Sync 1 DAGs
[2026-02-15T20:04:16.555+0000] {logging_mixin.py:188} INFO - [2026-02-15T20:04:16.554+0000] {dag.py:3823} INFO - Setting next_dagrun for ecommerce_etl_v2 to 2026-02-15 13:00:00+00:00, run_after=2026-02-16 13:00:00+00:00
[2026-02-15T20:04:16.566+0000] {processor.py:183} INFO - Processing /opt/airflow/dags/etl_dag.py took 0.166 seconds
[2026-02-15T20:04:46.956+0000] {processor.py:161} INFO - Started process (PID=29062) to work on /opt/airflow/dags/etl_dag.py
[2026-02-15T20:04:46.956+0000] {processor.py:830} INFO - Processing file /opt/airflow/dags/etl_dag.py for tasks to queue
[2026-02-15T20:04:46.957+0000] {logging_mixin.py:188} INFO - [2026-02-15T20:04:46.957+0000] {dagbag.py:538} INFO - Filling up the DagBag from /opt/airflow/dags/etl_dag.py
[2026-02-15T20:04:47.000+0000] {logging_mixin.py:188} INFO - Warning: Your Kaggle API key is readable by other users on this system! To fix this, you can run 'chmod 600 /home/airflow/.kaggle/kaggle.json'
[2026-02-15T20:04:47.058+0000] {logging_mixin.py:188} WARNING - /home/airflow/.local/lib/python3.8/site-packages/airflow/models/baseoperator.py:437 AirflowProviderDeprecationWarning: `exists_ok` parameter is deprecated, please use `if_exists`
[2026-02-15T20:04:47.069+0000] {processor.py:840} INFO - DAG(s) 'ecommerce_etl_v2' retrieved from /opt/airflow/dags/etl_dag.py
[2026-02-15T20:04:47.087+0000] {logging_mixin.py:188} INFO - [2026-02-15T20:04:47.087+0000] {dag.py:3036} INFO - Sync 1 DAGs
[2026-02-15T20:04:47.097+0000] {logging_mixin.py:188} INFO - [2026-02-15T20:04:47.097+0000] {dag.py:3823} INFO - Setting next_dagrun for ecommerce_etl_v2 to 2026-02-15 13:00:00+00:00, run_after=2026-02-16 13:00:00+00:00
[2026-02-15T20:04:47.105+0000] {processor.py:183} INFO - Processing /opt/airflow/dags/etl_dag.py took 0.152 seconds
[2026-02-15T20:05:17.341+0000] {processor.py:161} INFO - Started process (PID=29093) to work on /opt/airflow/dags/etl_dag.py
[2026-02-15T20:05:17.342+0000] {processor.py:830} INFO - Processing file /opt/airflow/dags/etl_dag.py for tasks to queue
[2026-02-15T20:05:17.343+0000] {logging_mixin.py:188} INFO - [2026-02-15T20:05:17.343+0000] {dagbag.py:538} INFO - Filling up the DagBag from /opt/airflow/dags/etl_dag.py
[2026-02-15T20:05:17.393+0000] {logging_mixin.py:188} INFO - Warning: Your Kaggle API key is readable by other users on this system! To fix this, you can run 'chmod 600 /home/airflow/.kaggle/kaggle.json'
[2026-02-15T20:05:17.453+0000] {logging_mixin.py:188} WARNING - /home/airflow/.local/lib/python3.8/site-packages/airflow/models/baseoperator.py:437 AirflowProviderDeprecationWarning: `exists_ok` parameter is deprecated, please use `if_exists`
[2026-02-15T20:05:17.461+0000] {processor.py:840} INFO - DAG(s) 'ecommerce_etl_v2' retrieved from /opt/airflow/dags/etl_dag.py
[2026-02-15T20:05:17.480+0000] {logging_mixin.py:188} INFO - [2026-02-15T20:05:17.480+0000] {dag.py:3036} INFO - Sync 1 DAGs
[2026-02-15T20:05:17.491+0000] {logging_mixin.py:188} INFO - [2026-02-15T20:05:17.491+0000] {dag.py:3823} INFO - Setting next_dagrun for ecommerce_etl_v2 to 2026-02-15 13:00:00+00:00, run_after=2026-02-16 13:00:00+00:00
[2026-02-15T20:05:17.500+0000] {processor.py:183} INFO - Processing /opt/airflow/dags/etl_dag.py took 0.162 seconds
[2026-02-15T20:05:47.773+0000] {processor.py:161} INFO - Started process (PID=29124) to work on /opt/airflow/dags/etl_dag.py
[2026-02-15T20:05:47.774+0000] {processor.py:830} INFO - Processing file /opt/airflow/dags/etl_dag.py for tasks to queue
[2026-02-15T20:05:47.775+0000] {logging_mixin.py:188} INFO - [2026-02-15T20:05:47.775+0000] {dagbag.py:538} INFO - Filling up the DagBag from /opt/airflow/dags/etl_dag.py
[2026-02-15T20:05:47.818+0000] {logging_mixin.py:188} INFO - Warning: Your Kaggle API key is readable by other users on this system! To fix this, you can run 'chmod 600 /home/airflow/.kaggle/kaggle.json'
[2026-02-15T20:05:47.878+0000] {logging_mixin.py:188} WARNING - /home/airflow/.local/lib/python3.8/site-packages/airflow/models/baseoperator.py:437 AirflowProviderDeprecationWarning: `exists_ok` parameter is deprecated, please use `if_exists`
[2026-02-15T20:05:47.887+0000] {processor.py:840} INFO - DAG(s) 'ecommerce_etl_v2' retrieved from /opt/airflow/dags/etl_dag.py
[2026-02-15T20:05:47.905+0000] {logging_mixin.py:188} INFO - [2026-02-15T20:05:47.905+0000] {dag.py:3036} INFO - Sync 1 DAGs
[2026-02-15T20:05:47.916+0000] {logging_mixin.py:188} INFO - [2026-02-15T20:05:47.916+0000] {dag.py:3823} INFO - Setting next_dagrun for ecommerce_etl_v2 to 2026-02-15 13:00:00+00:00, run_after=2026-02-16 13:00:00+00:00
[2026-02-15T20:05:47.925+0000] {processor.py:183} INFO - Processing /opt/airflow/dags/etl_dag.py took 0.156 seconds
[2026-02-15T20:06:18.165+0000] {processor.py:161} INFO - Started process (PID=29155) to work on /opt/airflow/dags/etl_dag.py
[2026-02-15T20:06:18.167+0000] {processor.py:830} INFO - Processing file /opt/airflow/dags/etl_dag.py for tasks to queue
[2026-02-15T20:06:18.167+0000] {logging_mixin.py:188} INFO - [2026-02-15T20:06:18.167+0000] {dagbag.py:538} INFO - Filling up the DagBag from /opt/airflow/dags/etl_dag.py
[2026-02-15T20:06:18.213+0000] {logging_mixin.py:188} INFO - Warning: Your Kaggle API key is readable by other users on this system! To fix this, you can run 'chmod 600 /home/airflow/.kaggle/kaggle.json'
[2026-02-15T20:06:18.274+0000] {logging_mixin.py:188} WARNING - /home/airflow/.local/lib/python3.8/site-packages/airflow/models/baseoperator.py:437 AirflowProviderDeprecationWarning: `exists_ok` parameter is deprecated, please use `if_exists`
[2026-02-15T20:06:18.283+0000] {processor.py:840} INFO - DAG(s) 'ecommerce_etl_v2' retrieved from /opt/airflow/dags/etl_dag.py
[2026-02-15T20:06:18.303+0000] {logging_mixin.py:188} INFO - [2026-02-15T20:06:18.303+0000] {dag.py:3036} INFO - Sync 1 DAGs
[2026-02-15T20:06:18.317+0000] {logging_mixin.py:188} INFO - [2026-02-15T20:06:18.317+0000] {dag.py:3823} INFO - Setting next_dagrun for ecommerce_etl_v2 to 2026-02-15 13:00:00+00:00, run_after=2026-02-16 13:00:00+00:00
[2026-02-15T20:06:18.326+0000] {processor.py:183} INFO - Processing /opt/airflow/dags/etl_dag.py took 0.166 seconds
[2026-02-15T20:06:48.541+0000] {processor.py:161} INFO - Started process (PID=29186) to work on /opt/airflow/dags/etl_dag.py
[2026-02-15T20:06:48.541+0000] {processor.py:830} INFO - Processing file /opt/airflow/dags/etl_dag.py for tasks to queue
[2026-02-15T20:06:48.542+0000] {logging_mixin.py:188} INFO - [2026-02-15T20:06:48.542+0000] {dagbag.py:538} INFO - Filling up the DagBag from /opt/airflow/dags/etl_dag.py
[2026-02-15T20:06:48.586+0000] {logging_mixin.py:188} INFO - Warning: Your Kaggle API key is readable by other users on this system! To fix this, you can run 'chmod 600 /home/airflow/.kaggle/kaggle.json'
[2026-02-15T20:06:48.645+0000] {logging_mixin.py:188} WARNING - /home/airflow/.local/lib/python3.8/site-packages/airflow/models/baseoperator.py:437 AirflowProviderDeprecationWarning: `exists_ok` parameter is deprecated, please use `if_exists`
[2026-02-15T20:06:48.654+0000] {processor.py:840} INFO - DAG(s) 'ecommerce_etl_v2' retrieved from /opt/airflow/dags/etl_dag.py
[2026-02-15T20:06:48.673+0000] {logging_mixin.py:188} INFO - [2026-02-15T20:06:48.673+0000] {dag.py:3036} INFO - Sync 1 DAGs
[2026-02-15T20:06:48.684+0000] {logging_mixin.py:188} INFO - [2026-02-15T20:06:48.683+0000] {dag.py:3823} INFO - Setting next_dagrun for ecommerce_etl_v2 to 2026-02-15 13:00:00+00:00, run_after=2026-02-16 13:00:00+00:00
[2026-02-15T20:06:48.693+0000] {processor.py:183} INFO - Processing /opt/airflow/dags/etl_dag.py took 0.155 seconds
[2026-02-15T20:07:18.964+0000] {processor.py:161} INFO - Started process (PID=29217) to work on /opt/airflow/dags/etl_dag.py
[2026-02-15T20:07:18.965+0000] {processor.py:830} INFO - Processing file /opt/airflow/dags/etl_dag.py for tasks to queue
[2026-02-15T20:07:18.966+0000] {logging_mixin.py:188} INFO - [2026-02-15T20:07:18.966+0000] {dagbag.py:538} INFO - Filling up the DagBag from /opt/airflow/dags/etl_dag.py
[2026-02-15T20:07:19.014+0000] {logging_mixin.py:188} INFO - Warning: Your Kaggle API key is readable by other users on this system! To fix this, you can run 'chmod 600 /home/airflow/.kaggle/kaggle.json'
[2026-02-15T20:07:19.074+0000] {logging_mixin.py:188} WARNING - /home/airflow/.local/lib/python3.8/site-packages/airflow/models/baseoperator.py:437 AirflowProviderDeprecationWarning: `exists_ok` parameter is deprecated, please use `if_exists`
[2026-02-15T20:07:19.082+0000] {processor.py:840} INFO - DAG(s) 'ecommerce_etl_v2' retrieved from /opt/airflow/dags/etl_dag.py
[2026-02-15T20:07:19.101+0000] {logging_mixin.py:188} INFO - [2026-02-15T20:07:19.101+0000] {dag.py:3036} INFO - Sync 1 DAGs
[2026-02-15T20:07:19.111+0000] {logging_mixin.py:188} INFO - [2026-02-15T20:07:19.111+0000] {dag.py:3823} INFO - Setting next_dagrun for ecommerce_etl_v2 to 2026-02-15 13:00:00+00:00, run_after=2026-02-16 13:00:00+00:00
[2026-02-15T20:07:19.120+0000] {processor.py:183} INFO - Processing /opt/airflow/dags/etl_dag.py took 0.160 seconds
[2026-02-15T20:07:49.321+0000] {processor.py:161} INFO - Started process (PID=29248) to work on /opt/airflow/dags/etl_dag.py
[2026-02-15T20:07:49.322+0000] {processor.py:830} INFO - Processing file /opt/airflow/dags/etl_dag.py for tasks to queue
[2026-02-15T20:07:49.323+0000] {logging_mixin.py:188} INFO - [2026-02-15T20:07:49.322+0000] {dagbag.py:538} INFO - Filling up the DagBag from /opt/airflow/dags/etl_dag.py
[2026-02-15T20:07:49.370+0000] {logging_mixin.py:188} INFO - Warning: Your Kaggle API key is readable by other users on this system! To fix this, you can run 'chmod 600 /home/airflow/.kaggle/kaggle.json'
[2026-02-15T20:07:49.430+0000] {logging_mixin.py:188} WARNING - /home/airflow/.local/lib/python3.8/site-packages/airflow/models/baseoperator.py:437 AirflowProviderDeprecationWarning: `exists_ok` parameter is deprecated, please use `if_exists`
[2026-02-15T20:07:49.439+0000] {processor.py:840} INFO - DAG(s) 'ecommerce_etl_v2' retrieved from /opt/airflow/dags/etl_dag.py
[2026-02-15T20:07:49.459+0000] {logging_mixin.py:188} INFO - [2026-02-15T20:07:49.458+0000] {dag.py:3036} INFO - Sync 1 DAGs
[2026-02-15T20:07:49.470+0000] {logging_mixin.py:188} INFO - [2026-02-15T20:07:49.469+0000] {dag.py:3823} INFO - Setting next_dagrun for ecommerce_etl_v2 to 2026-02-15 13:00:00+00:00, run_after=2026-02-16 13:00:00+00:00
[2026-02-15T20:07:49.478+0000] {processor.py:183} INFO - Processing /opt/airflow/dags/etl_dag.py took 0.162 seconds
[2026-02-15T20:08:19.828+0000] {processor.py:161} INFO - Started process (PID=29279) to work on /opt/airflow/dags/etl_dag.py
[2026-02-15T20:08:19.829+0000] {processor.py:830} INFO - Processing file /opt/airflow/dags/etl_dag.py for tasks to queue
[2026-02-15T20:08:19.830+0000] {logging_mixin.py:188} INFO - [2026-02-15T20:08:19.829+0000] {dagbag.py:538} INFO - Filling up the DagBag from /opt/airflow/dags/etl_dag.py
[2026-02-15T20:08:19.877+0000] {logging_mixin.py:188} INFO - Warning: Your Kaggle API key is readable by other users on this system! To fix this, you can run 'chmod 600 /home/airflow/.kaggle/kaggle.json'
[2026-02-15T20:08:19.937+0000] {logging_mixin.py:188} WARNING - /home/airflow/.local/lib/python3.8/site-packages/airflow/models/baseoperator.py:437 AirflowProviderDeprecationWarning: `exists_ok` parameter is deprecated, please use `if_exists`
[2026-02-15T20:08:19.946+0000] {processor.py:840} INFO - DAG(s) 'ecommerce_etl_v2' retrieved from /opt/airflow/dags/etl_dag.py
[2026-02-15T20:08:19.964+0000] {logging_mixin.py:188} INFO - [2026-02-15T20:08:19.964+0000] {dag.py:3036} INFO - Sync 1 DAGs
[2026-02-15T20:08:19.975+0000] {logging_mixin.py:188} INFO - [2026-02-15T20:08:19.975+0000] {dag.py:3823} INFO - Setting next_dagrun for ecommerce_etl_v2 to 2026-02-15 13:00:00+00:00, run_after=2026-02-16 13:00:00+00:00
[2026-02-15T20:08:19.985+0000] {processor.py:183} INFO - Processing /opt/airflow/dags/etl_dag.py took 0.161 seconds
[2026-02-15T20:08:56.517+0000] {processor.py:161} INFO - Started process (PID=29310) to work on /opt/airflow/dags/etl_dag.py
[2026-02-15T20:08:56.518+0000] {processor.py:830} INFO - Processing file /opt/airflow/dags/etl_dag.py for tasks to queue
[2026-02-15T20:08:56.519+0000] {logging_mixin.py:188} INFO - [2026-02-15T20:08:56.519+0000] {dagbag.py:538} INFO - Filling up the DagBag from /opt/airflow/dags/etl_dag.py
[2026-02-15T20:08:56.565+0000] {logging_mixin.py:188} INFO - Warning: Your Kaggle API key is readable by other users on this system! To fix this, you can run 'chmod 600 /home/airflow/.kaggle/kaggle.json'
[2026-02-15T20:08:56.625+0000] {logging_mixin.py:188} WARNING - /home/airflow/.local/lib/python3.8/site-packages/airflow/models/baseoperator.py:437 AirflowProviderDeprecationWarning: `exists_ok` parameter is deprecated, please use `if_exists`
[2026-02-15T20:08:56.634+0000] {processor.py:840} INFO - DAG(s) 'ecommerce_etl_v2' retrieved from /opt/airflow/dags/etl_dag.py
[2026-02-15T20:08:56.653+0000] {logging_mixin.py:188} INFO - [2026-02-15T20:08:56.653+0000] {dag.py:3036} INFO - Sync 1 DAGs
[2026-02-15T20:08:56.663+0000] {logging_mixin.py:188} INFO - [2026-02-15T20:08:56.663+0000] {dag.py:3823} INFO - Setting next_dagrun for ecommerce_etl_v2 to 2026-02-15 13:00:00+00:00, run_after=2026-02-16 13:00:00+00:00
[2026-02-15T20:08:56.671+0000] {processor.py:183} INFO - Processing /opt/airflow/dags/etl_dag.py took 0.158 seconds
[2026-02-15T20:09:26.901+0000] {processor.py:161} INFO - Started process (PID=29341) to work on /opt/airflow/dags/etl_dag.py
[2026-02-15T20:09:26.902+0000] {processor.py:830} INFO - Processing file /opt/airflow/dags/etl_dag.py for tasks to queue
[2026-02-15T20:09:26.903+0000] {logging_mixin.py:188} INFO - [2026-02-15T20:09:26.902+0000] {dagbag.py:538} INFO - Filling up the DagBag from /opt/airflow/dags/etl_dag.py
[2026-02-15T20:09:26.950+0000] {logging_mixin.py:188} INFO - Warning: Your Kaggle API key is readable by other users on this system! To fix this, you can run 'chmod 600 /home/airflow/.kaggle/kaggle.json'
[2026-02-15T20:09:27.010+0000] {logging_mixin.py:188} WARNING - /home/airflow/.local/lib/python3.8/site-packages/airflow/models/baseoperator.py:437 AirflowProviderDeprecationWarning: `exists_ok` parameter is deprecated, please use `if_exists`
[2026-02-15T20:09:27.018+0000] {processor.py:840} INFO - DAG(s) 'ecommerce_etl_v2' retrieved from /opt/airflow/dags/etl_dag.py
[2026-02-15T20:09:27.037+0000] {logging_mixin.py:188} INFO - [2026-02-15T20:09:27.036+0000] {dag.py:3036} INFO - Sync 1 DAGs
[2026-02-15T20:09:27.047+0000] {logging_mixin.py:188} INFO - [2026-02-15T20:09:27.047+0000] {dag.py:3823} INFO - Setting next_dagrun for ecommerce_etl_v2 to 2026-02-15 13:00:00+00:00, run_after=2026-02-16 13:00:00+00:00
[2026-02-15T20:09:27.055+0000] {processor.py:183} INFO - Processing /opt/airflow/dags/etl_dag.py took 0.158 seconds
[2026-02-15T20:18:07.301+0000] {processor.py:161} INFO - Started process (PID=29372) to work on /opt/airflow/dags/etl_dag.py
[2026-02-15T20:18:07.302+0000] {processor.py:830} INFO - Processing file /opt/airflow/dags/etl_dag.py for tasks to queue
[2026-02-15T20:18:07.304+0000] {logging_mixin.py:188} INFO - [2026-02-15T20:18:07.303+0000] {dagbag.py:538} INFO - Filling up the DagBag from /opt/airflow/dags/etl_dag.py
[2026-02-15T20:18:07.345+0000] {logging_mixin.py:188} INFO - Warning: Your Kaggle API key is readable by other users on this system! To fix this, you can run 'chmod 600 /home/airflow/.kaggle/kaggle.json'
[2026-02-15T20:18:07.406+0000] {logging_mixin.py:188} WARNING - /home/airflow/.local/lib/python3.8/site-packages/airflow/models/baseoperator.py:437 AirflowProviderDeprecationWarning: `exists_ok` parameter is deprecated, please use `if_exists`
[2026-02-15T20:18:07.415+0000] {processor.py:840} INFO - DAG(s) 'ecommerce_etl_v2' retrieved from /opt/airflow/dags/etl_dag.py
[2026-02-15T20:18:07.434+0000] {logging_mixin.py:188} INFO - [2026-02-15T20:18:07.434+0000] {dag.py:3036} INFO - Sync 1 DAGs
[2026-02-15T20:18:07.445+0000] {logging_mixin.py:188} INFO - [2026-02-15T20:18:07.445+0000] {dag.py:3823} INFO - Setting next_dagrun for ecommerce_etl_v2 to 2026-02-15 13:00:00+00:00, run_after=2026-02-16 13:00:00+00:00
[2026-02-15T20:18:07.454+0000] {processor.py:183} INFO - Processing /opt/airflow/dags/etl_dag.py took 0.157 seconds
[2026-02-15T20:18:37.677+0000] {processor.py:161} INFO - Started process (PID=29405) to work on /opt/airflow/dags/etl_dag.py
[2026-02-15T20:18:37.678+0000] {processor.py:830} INFO - Processing file /opt/airflow/dags/etl_dag.py for tasks to queue
[2026-02-15T20:18:37.679+0000] {logging_mixin.py:188} INFO - [2026-02-15T20:18:37.679+0000] {dagbag.py:538} INFO - Filling up the DagBag from /opt/airflow/dags/etl_dag.py
[2026-02-15T20:18:37.722+0000] {logging_mixin.py:188} INFO - Warning: Your Kaggle API key is readable by other users on this system! To fix this, you can run 'chmod 600 /home/airflow/.kaggle/kaggle.json'
[2026-02-15T20:18:37.782+0000] {logging_mixin.py:188} WARNING - /home/airflow/.local/lib/python3.8/site-packages/airflow/models/baseoperator.py:437 AirflowProviderDeprecationWarning: `exists_ok` parameter is deprecated, please use `if_exists`
[2026-02-15T20:18:37.792+0000] {processor.py:840} INFO - DAG(s) 'ecommerce_etl_v2' retrieved from /opt/airflow/dags/etl_dag.py
[2026-02-15T20:18:37.810+0000] {logging_mixin.py:188} INFO - [2026-02-15T20:18:37.810+0000] {dag.py:3036} INFO - Sync 1 DAGs
[2026-02-15T20:18:37.821+0000] {logging_mixin.py:188} INFO - [2026-02-15T20:18:37.821+0000] {dag.py:3823} INFO - Setting next_dagrun for ecommerce_etl_v2 to 2026-02-15 13:00:00+00:00, run_after=2026-02-16 13:00:00+00:00
[2026-02-15T20:18:37.830+0000] {processor.py:183} INFO - Processing /opt/airflow/dags/etl_dag.py took 0.155 seconds
[2026-02-15T20:19:08.135+0000] {processor.py:161} INFO - Started process (PID=29436) to work on /opt/airflow/dags/etl_dag.py
[2026-02-15T20:19:08.136+0000] {processor.py:830} INFO - Processing file /opt/airflow/dags/etl_dag.py for tasks to queue
[2026-02-15T20:19:08.137+0000] {logging_mixin.py:188} INFO - [2026-02-15T20:19:08.137+0000] {dagbag.py:538} INFO - Filling up the DagBag from /opt/airflow/dags/etl_dag.py
[2026-02-15T20:19:08.182+0000] {logging_mixin.py:188} INFO - Warning: Your Kaggle API key is readable by other users on this system! To fix this, you can run 'chmod 600 /home/airflow/.kaggle/kaggle.json'
[2026-02-15T20:19:08.241+0000] {logging_mixin.py:188} WARNING - /home/airflow/.local/lib/python3.8/site-packages/airflow/models/baseoperator.py:437 AirflowProviderDeprecationWarning: `exists_ok` parameter is deprecated, please use `if_exists`
[2026-02-15T20:19:08.249+0000] {processor.py:840} INFO - DAG(s) 'ecommerce_etl_v2' retrieved from /opt/airflow/dags/etl_dag.py
[2026-02-15T20:19:08.267+0000] {logging_mixin.py:188} INFO - [2026-02-15T20:19:08.267+0000] {dag.py:3036} INFO - Sync 1 DAGs
[2026-02-15T20:19:08.278+0000] {logging_mixin.py:188} INFO - [2026-02-15T20:19:08.277+0000] {dag.py:3823} INFO - Setting next_dagrun for ecommerce_etl_v2 to 2026-02-15 13:00:00+00:00, run_after=2026-02-16 13:00:00+00:00
[2026-02-15T20:19:08.286+0000] {processor.py:183} INFO - Processing /opt/airflow/dags/etl_dag.py took 0.155 seconds
[2026-02-15T20:19:38.455+0000] {processor.py:161} INFO - Started process (PID=29467) to work on /opt/airflow/dags/etl_dag.py
[2026-02-15T20:19:38.456+0000] {processor.py:830} INFO - Processing file /opt/airflow/dags/etl_dag.py for tasks to queue
[2026-02-15T20:19:38.456+0000] {logging_mixin.py:188} INFO - [2026-02-15T20:19:38.456+0000] {dagbag.py:538} INFO - Filling up the DagBag from /opt/airflow/dags/etl_dag.py
[2026-02-15T20:19:38.495+0000] {logging_mixin.py:188} INFO - Warning: Your Kaggle API key is readable by other users on this system! To fix this, you can run 'chmod 600 /home/airflow/.kaggle/kaggle.json'
[2026-02-15T20:19:38.554+0000] {logging_mixin.py:188} WARNING - /home/airflow/.local/lib/python3.8/site-packages/airflow/models/baseoperator.py:437 AirflowProviderDeprecationWarning: `exists_ok` parameter is deprecated, please use `if_exists`
[2026-02-15T20:19:38.563+0000] {processor.py:840} INFO - DAG(s) 'ecommerce_etl_v2' retrieved from /opt/airflow/dags/etl_dag.py
[2026-02-15T20:19:38.582+0000] {logging_mixin.py:188} INFO - [2026-02-15T20:19:38.582+0000] {dag.py:3036} INFO - Sync 1 DAGs
[2026-02-15T20:19:38.593+0000] {logging_mixin.py:188} INFO - [2026-02-15T20:19:38.593+0000] {dag.py:3823} INFO - Setting next_dagrun for ecommerce_etl_v2 to 2026-02-15 13:00:00+00:00, run_after=2026-02-16 13:00:00+00:00
[2026-02-15T20:19:38.602+0000] {processor.py:183} INFO - Processing /opt/airflow/dags/etl_dag.py took 0.149 seconds
[2026-02-15T20:20:08.990+0000] {processor.py:161} INFO - Started process (PID=29498) to work on /opt/airflow/dags/etl_dag.py
[2026-02-15T20:20:08.992+0000] {processor.py:830} INFO - Processing file /opt/airflow/dags/etl_dag.py for tasks to queue
[2026-02-15T20:20:08.993+0000] {logging_mixin.py:188} INFO - [2026-02-15T20:20:08.992+0000] {dagbag.py:538} INFO - Filling up the DagBag from /opt/airflow/dags/etl_dag.py
[2026-02-15T20:20:09.037+0000] {logging_mixin.py:188} INFO - Warning: Your Kaggle API key is readable by other users on this system! To fix this, you can run 'chmod 600 /home/airflow/.kaggle/kaggle.json'
[2026-02-15T20:20:09.097+0000] {logging_mixin.py:188} WARNING - /home/airflow/.local/lib/python3.8/site-packages/airflow/models/baseoperator.py:437 AirflowProviderDeprecationWarning: `exists_ok` parameter is deprecated, please use `if_exists`
[2026-02-15T20:20:09.105+0000] {processor.py:840} INFO - DAG(s) 'ecommerce_etl_v2' retrieved from /opt/airflow/dags/etl_dag.py
[2026-02-15T20:20:09.124+0000] {logging_mixin.py:188} INFO - [2026-02-15T20:20:09.124+0000] {dag.py:3036} INFO - Sync 1 DAGs
[2026-02-15T20:20:09.135+0000] {logging_mixin.py:188} INFO - [2026-02-15T20:20:09.135+0000] {dag.py:3823} INFO - Setting next_dagrun for ecommerce_etl_v2 to 2026-02-15 13:00:00+00:00, run_after=2026-02-16 13:00:00+00:00
[2026-02-15T20:20:09.144+0000] {processor.py:183} INFO - Processing /opt/airflow/dags/etl_dag.py took 0.157 seconds
[2026-02-15T20:36:16.575+0000] {processor.py:161} INFO - Started process (PID=29531) to work on /opt/airflow/dags/etl_dag.py
[2026-02-15T20:36:16.576+0000] {processor.py:830} INFO - Processing file /opt/airflow/dags/etl_dag.py for tasks to queue
[2026-02-15T20:36:16.576+0000] {logging_mixin.py:188} INFO - [2026-02-15T20:36:16.576+0000] {dagbag.py:538} INFO - Filling up the DagBag from /opt/airflow/dags/etl_dag.py
[2026-02-15T20:36:16.614+0000] {logging_mixin.py:188} INFO - Warning: Your Kaggle API key is readable by other users on this system! To fix this, you can run 'chmod 600 /home/airflow/.kaggle/kaggle.json'
[2026-02-15T20:36:16.674+0000] {logging_mixin.py:188} WARNING - /home/airflow/.local/lib/python3.8/site-packages/airflow/models/baseoperator.py:437 AirflowProviderDeprecationWarning: `exists_ok` parameter is deprecated, please use `if_exists`
[2026-02-15T20:36:16.683+0000] {processor.py:840} INFO - DAG(s) 'ecommerce_etl_v2' retrieved from /opt/airflow/dags/etl_dag.py
[2026-02-15T20:36:16.702+0000] {logging_mixin.py:188} INFO - [2026-02-15T20:36:16.702+0000] {dag.py:3036} INFO - Sync 1 DAGs
[2026-02-15T20:36:16.713+0000] {logging_mixin.py:188} INFO - [2026-02-15T20:36:16.713+0000] {dag.py:3823} INFO - Setting next_dagrun for ecommerce_etl_v2 to 2026-02-15 13:00:00+00:00, run_after=2026-02-16 13:00:00+00:00
[2026-02-15T20:36:16.721+0000] {processor.py:183} INFO - Processing /opt/airflow/dags/etl_dag.py took 0.149 seconds
[2026-02-15T20:51:47.048+0000] {processor.py:161} INFO - Started process (PID=29562) to work on /opt/airflow/dags/etl_dag.py
[2026-02-15T20:51:47.049+0000] {processor.py:830} INFO - Processing file /opt/airflow/dags/etl_dag.py for tasks to queue
[2026-02-15T20:51:47.050+0000] {logging_mixin.py:188} INFO - [2026-02-15T20:51:47.049+0000] {dagbag.py:538} INFO - Filling up the DagBag from /opt/airflow/dags/etl_dag.py
[2026-02-15T20:51:47.101+0000] {logging_mixin.py:188} INFO - Warning: Your Kaggle API key is readable by other users on this system! To fix this, you can run 'chmod 600 /home/airflow/.kaggle/kaggle.json'
[2026-02-15T20:51:47.172+0000] {logging_mixin.py:188} WARNING - /home/airflow/.local/lib/python3.8/site-packages/airflow/models/baseoperator.py:437 AirflowProviderDeprecationWarning: `exists_ok` parameter is deprecated, please use `if_exists`
[2026-02-15T20:51:47.183+0000] {processor.py:840} INFO - DAG(s) 'ecommerce_etl_v2' retrieved from /opt/airflow/dags/etl_dag.py
[2026-02-15T20:51:47.211+0000] {logging_mixin.py:188} INFO - [2026-02-15T20:51:47.210+0000] {dag.py:3036} INFO - Sync 1 DAGs
[2026-02-15T20:51:47.226+0000] {logging_mixin.py:188} INFO - [2026-02-15T20:51:47.226+0000] {dag.py:3823} INFO - Setting next_dagrun for ecommerce_etl_v2 to 2026-02-15 13:00:00+00:00, run_after=2026-02-16 13:00:00+00:00
[2026-02-15T20:51:47.238+0000] {processor.py:183} INFO - Processing /opt/airflow/dags/etl_dag.py took 0.194 seconds
[2026-02-15T20:52:17.390+0000] {processor.py:161} INFO - Started process (PID=29593) to work on /opt/airflow/dags/etl_dag.py
[2026-02-15T20:52:17.391+0000] {processor.py:830} INFO - Processing file /opt/airflow/dags/etl_dag.py for tasks to queue
[2026-02-15T20:52:17.393+0000] {logging_mixin.py:188} INFO - [2026-02-15T20:52:17.393+0000] {dagbag.py:538} INFO - Filling up the DagBag from /opt/airflow/dags/etl_dag.py
[2026-02-15T20:52:17.438+0000] {logging_mixin.py:188} INFO - Warning: Your Kaggle API key is readable by other users on this system! To fix this, you can run 'chmod 600 /home/airflow/.kaggle/kaggle.json'
[2026-02-15T20:52:17.499+0000] {logging_mixin.py:188} WARNING - /home/airflow/.local/lib/python3.8/site-packages/airflow/models/baseoperator.py:437 AirflowProviderDeprecationWarning: `exists_ok` parameter is deprecated, please use `if_exists`
[2026-02-15T20:52:17.508+0000] {processor.py:840} INFO - DAG(s) 'ecommerce_etl_v2' retrieved from /opt/airflow/dags/etl_dag.py
[2026-02-15T20:52:17.526+0000] {logging_mixin.py:188} INFO - [2026-02-15T20:52:17.526+0000] {dag.py:3036} INFO - Sync 1 DAGs
[2026-02-15T20:52:17.537+0000] {logging_mixin.py:188} INFO - [2026-02-15T20:52:17.537+0000] {dag.py:3823} INFO - Setting next_dagrun for ecommerce_etl_v2 to 2026-02-15 13:00:00+00:00, run_after=2026-02-16 13:00:00+00:00
[2026-02-15T20:52:17.546+0000] {processor.py:183} INFO - Processing /opt/airflow/dags/etl_dag.py took 0.160 seconds
[2026-02-15T20:52:47.918+0000] {processor.py:161} INFO - Started process (PID=29624) to work on /opt/airflow/dags/etl_dag.py
[2026-02-15T20:52:47.919+0000] {processor.py:830} INFO - Processing file /opt/airflow/dags/etl_dag.py for tasks to queue
[2026-02-15T20:52:47.919+0000] {logging_mixin.py:188} INFO - [2026-02-15T20:52:47.919+0000] {dagbag.py:538} INFO - Filling up the DagBag from /opt/airflow/dags/etl_dag.py
[2026-02-15T20:52:47.961+0000] {logging_mixin.py:188} INFO - Warning: Your Kaggle API key is readable by other users on this system! To fix this, you can run 'chmod 600 /home/airflow/.kaggle/kaggle.json'
[2026-02-15T20:52:48.021+0000] {logging_mixin.py:188} WARNING - /home/airflow/.local/lib/python3.8/site-packages/airflow/models/baseoperator.py:437 AirflowProviderDeprecationWarning: `exists_ok` parameter is deprecated, please use `if_exists`
[2026-02-15T20:52:48.030+0000] {processor.py:840} INFO - DAG(s) 'ecommerce_etl_v2' retrieved from /opt/airflow/dags/etl_dag.py
[2026-02-15T20:52:48.049+0000] {logging_mixin.py:188} INFO - [2026-02-15T20:52:48.049+0000] {dag.py:3036} INFO - Sync 1 DAGs
[2026-02-15T20:52:48.060+0000] {logging_mixin.py:188} INFO - [2026-02-15T20:52:48.060+0000] {dag.py:3823} INFO - Setting next_dagrun for ecommerce_etl_v2 to 2026-02-15 13:00:00+00:00, run_after=2026-02-16 13:00:00+00:00
[2026-02-15T20:52:48.068+0000] {processor.py:183} INFO - Processing /opt/airflow/dags/etl_dag.py took 0.152 seconds
[2026-02-15T20:53:18.300+0000] {processor.py:161} INFO - Started process (PID=29655) to work on /opt/airflow/dags/etl_dag.py
[2026-02-15T20:53:18.301+0000] {processor.py:830} INFO - Processing file /opt/airflow/dags/etl_dag.py for tasks to queue
[2026-02-15T20:53:18.302+0000] {logging_mixin.py:188} INFO - [2026-02-15T20:53:18.302+0000] {dagbag.py:538} INFO - Filling up the DagBag from /opt/airflow/dags/etl_dag.py
[2026-02-15T20:53:18.348+0000] {logging_mixin.py:188} INFO - Warning: Your Kaggle API key is readable by other users on this system! To fix this, you can run 'chmod 600 /home/airflow/.kaggle/kaggle.json'
[2026-02-15T20:53:18.409+0000] {logging_mixin.py:188} WARNING - /home/airflow/.local/lib/python3.8/site-packages/airflow/models/baseoperator.py:437 AirflowProviderDeprecationWarning: `exists_ok` parameter is deprecated, please use `if_exists`
[2026-02-15T20:53:18.418+0000] {processor.py:840} INFO - DAG(s) 'ecommerce_etl_v2' retrieved from /opt/airflow/dags/etl_dag.py
[2026-02-15T20:53:18.436+0000] {logging_mixin.py:188} INFO - [2026-02-15T20:53:18.436+0000] {dag.py:3036} INFO - Sync 1 DAGs
[2026-02-15T20:53:18.447+0000] {logging_mixin.py:188} INFO - [2026-02-15T20:53:18.447+0000] {dag.py:3823} INFO - Setting next_dagrun for ecommerce_etl_v2 to 2026-02-15 13:00:00+00:00, run_after=2026-02-16 13:00:00+00:00
[2026-02-15T20:53:18.455+0000] {processor.py:183} INFO - Processing /opt/airflow/dags/etl_dag.py took 0.159 seconds
[2026-02-15T20:53:48.724+0000] {processor.py:161} INFO - Started process (PID=29686) to work on /opt/airflow/dags/etl_dag.py
[2026-02-15T20:53:48.725+0000] {processor.py:830} INFO - Processing file /opt/airflow/dags/etl_dag.py for tasks to queue
[2026-02-15T20:53:48.725+0000] {logging_mixin.py:188} INFO - [2026-02-15T20:53:48.725+0000] {dagbag.py:538} INFO - Filling up the DagBag from /opt/airflow/dags/etl_dag.py
[2026-02-15T20:53:48.766+0000] {logging_mixin.py:188} INFO - Warning: Your Kaggle API key is readable by other users on this system! To fix this, you can run 'chmod 600 /home/airflow/.kaggle/kaggle.json'
[2026-02-15T20:53:48.827+0000] {logging_mixin.py:188} WARNING - /home/airflow/.local/lib/python3.8/site-packages/airflow/models/baseoperator.py:437 AirflowProviderDeprecationWarning: `exists_ok` parameter is deprecated, please use `if_exists`
[2026-02-15T20:53:48.835+0000] {processor.py:840} INFO - DAG(s) 'ecommerce_etl_v2' retrieved from /opt/airflow/dags/etl_dag.py
[2026-02-15T20:53:48.854+0000] {logging_mixin.py:188} INFO - [2026-02-15T20:53:48.854+0000] {dag.py:3036} INFO - Sync 1 DAGs
[2026-02-15T20:53:48.865+0000] {logging_mixin.py:188} INFO - [2026-02-15T20:53:48.865+0000] {dag.py:3823} INFO - Setting next_dagrun for ecommerce_etl_v2 to 2026-02-15 13:00:00+00:00, run_after=2026-02-16 13:00:00+00:00
[2026-02-15T20:53:48.874+0000] {processor.py:183} INFO - Processing /opt/airflow/dags/etl_dag.py took 0.152 seconds
[2026-02-15T21:10:03.410+0000] {processor.py:161} INFO - Started process (PID=29718) to work on /opt/airflow/dags/etl_dag.py
[2026-02-15T21:10:03.411+0000] {processor.py:830} INFO - Processing file /opt/airflow/dags/etl_dag.py for tasks to queue
[2026-02-15T21:10:03.412+0000] {logging_mixin.py:188} INFO - [2026-02-15T21:10:03.411+0000] {dagbag.py:538} INFO - Filling up the DagBag from /opt/airflow/dags/etl_dag.py
[2026-02-15T21:10:03.464+0000] {logging_mixin.py:188} INFO - Warning: Your Kaggle API key is readable by other users on this system! To fix this, you can run 'chmod 600 /home/airflow/.kaggle/kaggle.json'
[2026-02-15T21:10:03.536+0000] {logging_mixin.py:188} WARNING - /home/airflow/.local/lib/python3.8/site-packages/airflow/models/baseoperator.py:437 AirflowProviderDeprecationWarning: `exists_ok` parameter is deprecated, please use `if_exists`
[2026-02-15T21:10:03.549+0000] {processor.py:840} INFO - DAG(s) 'ecommerce_etl_v2' retrieved from /opt/airflow/dags/etl_dag.py
[2026-02-15T21:10:03.574+0000] {logging_mixin.py:188} INFO - [2026-02-15T21:10:03.574+0000] {dag.py:3036} INFO - Sync 1 DAGs
[2026-02-15T21:10:03.589+0000] {logging_mixin.py:188} INFO - [2026-02-15T21:10:03.589+0000] {dag.py:3823} INFO - Setting next_dagrun for ecommerce_etl_v2 to 2026-02-15 13:00:00+00:00, run_after=2026-02-16 13:00:00+00:00
[2026-02-15T21:10:03.602+0000] {processor.py:183} INFO - Processing /opt/airflow/dags/etl_dag.py took 0.196 seconds
[2026-02-15T21:10:33.761+0000] {processor.py:161} INFO - Started process (PID=29749) to work on /opt/airflow/dags/etl_dag.py
[2026-02-15T21:10:33.762+0000] {processor.py:830} INFO - Processing file /opt/airflow/dags/etl_dag.py for tasks to queue
[2026-02-15T21:10:33.763+0000] {logging_mixin.py:188} INFO - [2026-02-15T21:10:33.763+0000] {dagbag.py:538} INFO - Filling up the DagBag from /opt/airflow/dags/etl_dag.py
[2026-02-15T21:10:33.808+0000] {logging_mixin.py:188} INFO - Warning: Your Kaggle API key is readable by other users on this system! To fix this, you can run 'chmod 600 /home/airflow/.kaggle/kaggle.json'
[2026-02-15T21:10:33.868+0000] {logging_mixin.py:188} WARNING - /home/airflow/.local/lib/python3.8/site-packages/airflow/models/baseoperator.py:437 AirflowProviderDeprecationWarning: `exists_ok` parameter is deprecated, please use `if_exists`
[2026-02-15T21:10:33.877+0000] {processor.py:840} INFO - DAG(s) 'ecommerce_etl_v2' retrieved from /opt/airflow/dags/etl_dag.py
[2026-02-15T21:10:33.896+0000] {logging_mixin.py:188} INFO - [2026-02-15T21:10:33.896+0000] {dag.py:3036} INFO - Sync 1 DAGs
[2026-02-15T21:10:33.907+0000] {logging_mixin.py:188} INFO - [2026-02-15T21:10:33.907+0000] {dag.py:3823} INFO - Setting next_dagrun for ecommerce_etl_v2 to 2026-02-15 13:00:00+00:00, run_after=2026-02-16 13:00:00+00:00
[2026-02-15T21:10:33.916+0000] {processor.py:183} INFO - Processing /opt/airflow/dags/etl_dag.py took 0.159 seconds
[2026-02-15T21:11:04.093+0000] {processor.py:161} INFO - Started process (PID=29780) to work on /opt/airflow/dags/etl_dag.py
[2026-02-15T21:11:04.094+0000] {processor.py:830} INFO - Processing file /opt/airflow/dags/etl_dag.py for tasks to queue
[2026-02-15T21:11:04.095+0000] {logging_mixin.py:188} INFO - [2026-02-15T21:11:04.094+0000] {dagbag.py:538} INFO - Filling up the DagBag from /opt/airflow/dags/etl_dag.py
[2026-02-15T21:11:04.139+0000] {logging_mixin.py:188} INFO - Warning: Your Kaggle API key is readable by other users on this system! To fix this, you can run 'chmod 600 /home/airflow/.kaggle/kaggle.json'
[2026-02-15T21:11:04.200+0000] {logging_mixin.py:188} WARNING - /home/airflow/.local/lib/python3.8/site-packages/airflow/models/baseoperator.py:437 AirflowProviderDeprecationWarning: `exists_ok` parameter is deprecated, please use `if_exists`
[2026-02-15T21:11:04.208+0000] {processor.py:840} INFO - DAG(s) 'ecommerce_etl_v2' retrieved from /opt/airflow/dags/etl_dag.py
[2026-02-15T21:11:04.228+0000] {logging_mixin.py:188} INFO - [2026-02-15T21:11:04.228+0000] {dag.py:3036} INFO - Sync 1 DAGs
[2026-02-15T21:11:04.239+0000] {logging_mixin.py:188} INFO - [2026-02-15T21:11:04.239+0000] {dag.py:3823} INFO - Setting next_dagrun for ecommerce_etl_v2 to 2026-02-15 13:00:00+00:00, run_after=2026-02-16 13:00:00+00:00
[2026-02-15T21:11:04.247+0000] {processor.py:183} INFO - Processing /opt/airflow/dags/etl_dag.py took 0.158 seconds
[2026-02-15T21:11:34.442+0000] {processor.py:161} INFO - Started process (PID=29811) to work on /opt/airflow/dags/etl_dag.py
[2026-02-15T21:11:34.443+0000] {processor.py:830} INFO - Processing file /opt/airflow/dags/etl_dag.py for tasks to queue
[2026-02-15T21:11:34.444+0000] {logging_mixin.py:188} INFO - [2026-02-15T21:11:34.444+0000] {dagbag.py:538} INFO - Filling up the DagBag from /opt/airflow/dags/etl_dag.py
[2026-02-15T21:11:34.490+0000] {logging_mixin.py:188} INFO - Warning: Your Kaggle API key is readable by other users on this system! To fix this, you can run 'chmod 600 /home/airflow/.kaggle/kaggle.json'
[2026-02-15T21:11:34.552+0000] {logging_mixin.py:188} WARNING - /home/airflow/.local/lib/python3.8/site-packages/airflow/models/baseoperator.py:437 AirflowProviderDeprecationWarning: `exists_ok` parameter is deprecated, please use `if_exists`
[2026-02-15T21:11:34.561+0000] {processor.py:840} INFO - DAG(s) 'ecommerce_etl_v2' retrieved from /opt/airflow/dags/etl_dag.py
[2026-02-15T21:11:34.579+0000] {logging_mixin.py:188} INFO - [2026-02-15T21:11:34.579+0000] {dag.py:3036} INFO - Sync 1 DAGs
[2026-02-15T21:11:34.589+0000] {logging_mixin.py:188} INFO - [2026-02-15T21:11:34.589+0000] {dag.py:3823} INFO - Setting next_dagrun for ecommerce_etl_v2 to 2026-02-15 13:00:00+00:00, run_after=2026-02-16 13:00:00+00:00
[2026-02-15T21:11:34.598+0000] {processor.py:183} INFO - Processing /opt/airflow/dags/etl_dag.py took 0.160 seconds
[2026-02-15T21:12:04.970+0000] {processor.py:161} INFO - Started process (PID=29842) to work on /opt/airflow/dags/etl_dag.py
[2026-02-15T21:12:04.971+0000] {processor.py:830} INFO - Processing file /opt/airflow/dags/etl_dag.py for tasks to queue
[2026-02-15T21:12:04.972+0000] {logging_mixin.py:188} INFO - [2026-02-15T21:12:04.972+0000] {dagbag.py:538} INFO - Filling up the DagBag from /opt/airflow/dags/etl_dag.py
[2026-02-15T21:12:05.018+0000] {logging_mixin.py:188} INFO - Warning: Your Kaggle API key is readable by other users on this system! To fix this, you can run 'chmod 600 /home/airflow/.kaggle/kaggle.json'
[2026-02-15T21:12:05.078+0000] {logging_mixin.py:188} WARNING - /home/airflow/.local/lib/python3.8/site-packages/airflow/models/baseoperator.py:437 AirflowProviderDeprecationWarning: `exists_ok` parameter is deprecated, please use `if_exists`
[2026-02-15T21:12:05.087+0000] {processor.py:840} INFO - DAG(s) 'ecommerce_etl_v2' retrieved from /opt/airflow/dags/etl_dag.py
[2026-02-15T21:12:05.106+0000] {logging_mixin.py:188} INFO - [2026-02-15T21:12:05.105+0000] {dag.py:3036} INFO - Sync 1 DAGs
[2026-02-15T21:12:05.116+0000] {logging_mixin.py:188} INFO - [2026-02-15T21:12:05.116+0000] {dag.py:3823} INFO - Setting next_dagrun for ecommerce_etl_v2 to 2026-02-15 13:00:00+00:00, run_after=2026-02-16 13:00:00+00:00
[2026-02-15T21:12:05.126+0000] {processor.py:183} INFO - Processing /opt/airflow/dags/etl_dag.py took 0.159 seconds
[2026-02-15T21:19:08.687+0000] {processor.py:161} INFO - Started process (PID=29875) to work on /opt/airflow/dags/etl_dag.py
[2026-02-15T21:19:08.688+0000] {processor.py:830} INFO - Processing file /opt/airflow/dags/etl_dag.py for tasks to queue
[2026-02-15T21:19:08.689+0000] {logging_mixin.py:188} INFO - [2026-02-15T21:19:08.689+0000] {dagbag.py:538} INFO - Filling up the DagBag from /opt/airflow/dags/etl_dag.py
[2026-02-15T21:19:08.740+0000] {logging_mixin.py:188} INFO - Warning: Your Kaggle API key is readable by other users on this system! To fix this, you can run 'chmod 600 /home/airflow/.kaggle/kaggle.json'
[2026-02-15T21:19:08.810+0000] {logging_mixin.py:188} WARNING - /home/airflow/.local/lib/python3.8/site-packages/airflow/models/baseoperator.py:437 AirflowProviderDeprecationWarning: `exists_ok` parameter is deprecated, please use `if_exists`
[2026-02-15T21:19:08.821+0000] {processor.py:840} INFO - DAG(s) 'ecommerce_etl_v2' retrieved from /opt/airflow/dags/etl_dag.py
[2026-02-15T21:19:08.850+0000] {logging_mixin.py:188} INFO - [2026-02-15T21:19:08.850+0000] {dag.py:3036} INFO - Sync 1 DAGs
[2026-02-15T21:19:08.951+0000] {logging_mixin.py:188} INFO - [2026-02-15T21:19:08.951+0000] {dag.py:3823} INFO - Setting next_dagrun for ecommerce_etl_v2 to 2026-02-15 13:00:00+00:00, run_after=2026-02-16 13:00:00+00:00
[2026-02-15T21:19:08.965+0000] {processor.py:183} INFO - Processing /opt/airflow/dags/etl_dag.py took 0.281 seconds
[2026-02-15T21:19:39.094+0000] {processor.py:161} INFO - Started process (PID=29906) to work on /opt/airflow/dags/etl_dag.py
[2026-02-15T21:19:39.095+0000] {processor.py:830} INFO - Processing file /opt/airflow/dags/etl_dag.py for tasks to queue
[2026-02-15T21:19:39.096+0000] {logging_mixin.py:188} INFO - [2026-02-15T21:19:39.095+0000] {dagbag.py:538} INFO - Filling up the DagBag from /opt/airflow/dags/etl_dag.py
[2026-02-15T21:19:39.137+0000] {logging_mixin.py:188} INFO - Warning: Your Kaggle API key is readable by other users on this system! To fix this, you can run 'chmod 600 /home/airflow/.kaggle/kaggle.json'
[2026-02-15T21:19:39.196+0000] {logging_mixin.py:188} WARNING - /home/airflow/.local/lib/python3.8/site-packages/airflow/models/baseoperator.py:437 AirflowProviderDeprecationWarning: `exists_ok` parameter is deprecated, please use `if_exists`
[2026-02-15T21:19:39.206+0000] {processor.py:840} INFO - DAG(s) 'ecommerce_etl_v2' retrieved from /opt/airflow/dags/etl_dag.py
[2026-02-15T21:19:39.224+0000] {logging_mixin.py:188} INFO - [2026-02-15T21:19:39.224+0000] {dag.py:3036} INFO - Sync 1 DAGs
[2026-02-15T21:19:39.235+0000] {logging_mixin.py:188} INFO - [2026-02-15T21:19:39.234+0000] {dag.py:3823} INFO - Setting next_dagrun for ecommerce_etl_v2 to 2026-02-15 13:00:00+00:00, run_after=2026-02-16 13:00:00+00:00
[2026-02-15T21:19:39.243+0000] {processor.py:183} INFO - Processing /opt/airflow/dags/etl_dag.py took 0.152 seconds
[2026-02-15T21:35:08.732+0000] {processor.py:161} INFO - Started process (PID=29937) to work on /opt/airflow/dags/etl_dag.py
[2026-02-15T21:35:08.733+0000] {processor.py:830} INFO - Processing file /opt/airflow/dags/etl_dag.py for tasks to queue
[2026-02-15T21:35:08.733+0000] {logging_mixin.py:188} INFO - [2026-02-15T21:35:08.733+0000] {dagbag.py:538} INFO - Filling up the DagBag from /opt/airflow/dags/etl_dag.py
[2026-02-15T21:35:08.773+0000] {logging_mixin.py:188} INFO - Warning: Your Kaggle API key is readable by other users on this system! To fix this, you can run 'chmod 600 /home/airflow/.kaggle/kaggle.json'
[2026-02-15T21:35:08.832+0000] {logging_mixin.py:188} WARNING - /home/airflow/.local/lib/python3.8/site-packages/airflow/models/baseoperator.py:437 AirflowProviderDeprecationWarning: `exists_ok` parameter is deprecated, please use `if_exists`
[2026-02-15T21:35:08.841+0000] {processor.py:840} INFO - DAG(s) 'ecommerce_etl_v2' retrieved from /opt/airflow/dags/etl_dag.py
[2026-02-15T21:35:08.860+0000] {logging_mixin.py:188} INFO - [2026-02-15T21:35:08.860+0000] {dag.py:3036} INFO - Sync 1 DAGs
[2026-02-15T21:35:08.874+0000] {logging_mixin.py:188} INFO - [2026-02-15T21:35:08.873+0000] {dag.py:3823} INFO - Setting next_dagrun for ecommerce_etl_v2 to 2026-02-15 13:00:00+00:00, run_after=2026-02-16 13:00:00+00:00
[2026-02-15T21:35:08.885+0000] {processor.py:183} INFO - Processing /opt/airflow/dags/etl_dag.py took 0.155 seconds
[2026-02-15T21:35:39.058+0000] {processor.py:161} INFO - Started process (PID=29968) to work on /opt/airflow/dags/etl_dag.py
[2026-02-15T21:35:39.059+0000] {processor.py:830} INFO - Processing file /opt/airflow/dags/etl_dag.py for tasks to queue
[2026-02-15T21:35:39.060+0000] {logging_mixin.py:188} INFO - [2026-02-15T21:35:39.060+0000] {dagbag.py:538} INFO - Filling up the DagBag from /opt/airflow/dags/etl_dag.py
[2026-02-15T21:35:39.106+0000] {logging_mixin.py:188} INFO - Warning: Your Kaggle API key is readable by other users on this system! To fix this, you can run 'chmod 600 /home/airflow/.kaggle/kaggle.json'
[2026-02-15T21:35:39.164+0000] {logging_mixin.py:188} WARNING - /home/airflow/.local/lib/python3.8/site-packages/airflow/models/baseoperator.py:437 AirflowProviderDeprecationWarning: `exists_ok` parameter is deprecated, please use `if_exists`
[2026-02-15T21:35:39.174+0000] {processor.py:840} INFO - DAG(s) 'ecommerce_etl_v2' retrieved from /opt/airflow/dags/etl_dag.py
[2026-02-15T21:35:39.191+0000] {logging_mixin.py:188} INFO - [2026-02-15T21:35:39.191+0000] {dag.py:3036} INFO - Sync 1 DAGs
[2026-02-15T21:35:39.201+0000] {logging_mixin.py:188} INFO - [2026-02-15T21:35:39.201+0000] {dag.py:3823} INFO - Setting next_dagrun for ecommerce_etl_v2 to 2026-02-15 13:00:00+00:00, run_after=2026-02-16 13:00:00+00:00
[2026-02-15T21:35:39.209+0000] {processor.py:183} INFO - Processing /opt/airflow/dags/etl_dag.py took 0.155 seconds
[2026-02-15T21:36:09.600+0000] {processor.py:161} INFO - Started process (PID=29999) to work on /opt/airflow/dags/etl_dag.py
[2026-02-15T21:36:09.601+0000] {processor.py:830} INFO - Processing file /opt/airflow/dags/etl_dag.py for tasks to queue
[2026-02-15T21:36:09.602+0000] {logging_mixin.py:188} INFO - [2026-02-15T21:36:09.602+0000] {dagbag.py:538} INFO - Filling up the DagBag from /opt/airflow/dags/etl_dag.py
[2026-02-15T21:36:09.651+0000] {logging_mixin.py:188} INFO - Warning: Your Kaggle API key is readable by other users on this system! To fix this, you can run 'chmod 600 /home/airflow/.kaggle/kaggle.json'
[2026-02-15T21:36:09.711+0000] {logging_mixin.py:188} WARNING - /home/airflow/.local/lib/python3.8/site-packages/airflow/models/baseoperator.py:437 AirflowProviderDeprecationWarning: `exists_ok` parameter is deprecated, please use `if_exists`
[2026-02-15T21:36:09.720+0000] {processor.py:840} INFO - DAG(s) 'ecommerce_etl_v2' retrieved from /opt/airflow/dags/etl_dag.py
[2026-02-15T21:36:09.739+0000] {logging_mixin.py:188} INFO - [2026-02-15T21:36:09.739+0000] {dag.py:3036} INFO - Sync 1 DAGs
[2026-02-15T21:36:09.749+0000] {logging_mixin.py:188} INFO - [2026-02-15T21:36:09.749+0000] {dag.py:3823} INFO - Setting next_dagrun for ecommerce_etl_v2 to 2026-02-15 13:00:00+00:00, run_after=2026-02-16 13:00:00+00:00
[2026-02-15T21:36:09.758+0000] {processor.py:183} INFO - Processing /opt/airflow/dags/etl_dag.py took 0.162 seconds
[2026-02-15T21:36:39.978+0000] {processor.py:161} INFO - Started process (PID=30030) to work on /opt/airflow/dags/etl_dag.py
[2026-02-15T21:36:39.979+0000] {processor.py:830} INFO - Processing file /opt/airflow/dags/etl_dag.py for tasks to queue
[2026-02-15T21:36:39.980+0000] {logging_mixin.py:188} INFO - [2026-02-15T21:36:39.979+0000] {dagbag.py:538} INFO - Filling up the DagBag from /opt/airflow/dags/etl_dag.py
[2026-02-15T21:36:40.026+0000] {logging_mixin.py:188} INFO - Warning: Your Kaggle API key is readable by other users on this system! To fix this, you can run 'chmod 600 /home/airflow/.kaggle/kaggle.json'
[2026-02-15T21:36:40.086+0000] {logging_mixin.py:188} WARNING - /home/airflow/.local/lib/python3.8/site-packages/airflow/models/baseoperator.py:437 AirflowProviderDeprecationWarning: `exists_ok` parameter is deprecated, please use `if_exists`
[2026-02-15T21:36:40.096+0000] {processor.py:840} INFO - DAG(s) 'ecommerce_etl_v2' retrieved from /opt/airflow/dags/etl_dag.py
[2026-02-15T21:36:40.114+0000] {logging_mixin.py:188} INFO - [2026-02-15T21:36:40.114+0000] {dag.py:3036} INFO - Sync 1 DAGs
[2026-02-15T21:36:40.124+0000] {logging_mixin.py:188} INFO - [2026-02-15T21:36:40.124+0000] {dag.py:3823} INFO - Setting next_dagrun for ecommerce_etl_v2 to 2026-02-15 13:00:00+00:00, run_after=2026-02-16 13:00:00+00:00
[2026-02-15T21:36:40.132+0000] {processor.py:183} INFO - Processing /opt/airflow/dags/etl_dag.py took 0.159 seconds
[2026-02-15T21:53:41.991+0000] {processor.py:161} INFO - Started process (PID=30063) to work on /opt/airflow/dags/etl_dag.py
[2026-02-15T21:53:41.992+0000] {processor.py:830} INFO - Processing file /opt/airflow/dags/etl_dag.py for tasks to queue
[2026-02-15T21:53:41.992+0000] {logging_mixin.py:188} INFO - [2026-02-15T21:53:41.992+0000] {dagbag.py:538} INFO - Filling up the DagBag from /opt/airflow/dags/etl_dag.py
[2026-02-15T21:53:42.030+0000] {logging_mixin.py:188} INFO - Warning: Your Kaggle API key is readable by other users on this system! To fix this, you can run 'chmod 600 /home/airflow/.kaggle/kaggle.json'
[2026-02-15T21:53:42.090+0000] {logging_mixin.py:188} WARNING - /home/airflow/.local/lib/python3.8/site-packages/airflow/models/baseoperator.py:437 AirflowProviderDeprecationWarning: `exists_ok` parameter is deprecated, please use `if_exists`
[2026-02-15T21:53:42.099+0000] {processor.py:840} INFO - DAG(s) 'ecommerce_etl_v2' retrieved from /opt/airflow/dags/etl_dag.py
[2026-02-15T21:53:42.117+0000] {logging_mixin.py:188} INFO - [2026-02-15T21:53:42.117+0000] {dag.py:3036} INFO - Sync 1 DAGs
[2026-02-15T21:53:42.128+0000] {logging_mixin.py:188} INFO - [2026-02-15T21:53:42.128+0000] {dag.py:3823} INFO - Setting next_dagrun for ecommerce_etl_v2 to 2026-02-15 13:00:00+00:00, run_after=2026-02-16 13:00:00+00:00
[2026-02-15T21:53:42.137+0000] {processor.py:183} INFO - Processing /opt/airflow/dags/etl_dag.py took 0.148 seconds
[2026-02-15T21:54:12.373+0000] {processor.py:161} INFO - Started process (PID=30094) to work on /opt/airflow/dags/etl_dag.py
[2026-02-15T21:54:12.374+0000] {processor.py:830} INFO - Processing file /opt/airflow/dags/etl_dag.py for tasks to queue
[2026-02-15T21:54:12.375+0000] {logging_mixin.py:188} INFO - [2026-02-15T21:54:12.375+0000] {dagbag.py:538} INFO - Filling up the DagBag from /opt/airflow/dags/etl_dag.py
[2026-02-15T21:54:12.420+0000] {logging_mixin.py:188} INFO - Warning: Your Kaggle API key is readable by other users on this system! To fix this, you can run 'chmod 600 /home/airflow/.kaggle/kaggle.json'
[2026-02-15T21:54:12.479+0000] {logging_mixin.py:188} WARNING - /home/airflow/.local/lib/python3.8/site-packages/airflow/models/baseoperator.py:437 AirflowProviderDeprecationWarning: `exists_ok` parameter is deprecated, please use `if_exists`
[2026-02-15T21:54:12.488+0000] {processor.py:840} INFO - DAG(s) 'ecommerce_etl_v2' retrieved from /opt/airflow/dags/etl_dag.py
[2026-02-15T21:54:12.506+0000] {logging_mixin.py:188} INFO - [2026-02-15T21:54:12.506+0000] {dag.py:3036} INFO - Sync 1 DAGs
[2026-02-15T21:54:12.517+0000] {logging_mixin.py:188} INFO - [2026-02-15T21:54:12.517+0000] {dag.py:3823} INFO - Setting next_dagrun for ecommerce_etl_v2 to 2026-02-15 13:00:00+00:00, run_after=2026-02-16 13:00:00+00:00
[2026-02-15T21:54:12.525+0000] {processor.py:183} INFO - Processing /opt/airflow/dags/etl_dag.py took 0.157 seconds
[2026-02-15T21:54:42.612+0000] {processor.py:161} INFO - Started process (PID=30125) to work on /opt/airflow/dags/etl_dag.py
[2026-02-15T21:54:42.613+0000] {processor.py:830} INFO - Processing file /opt/airflow/dags/etl_dag.py for tasks to queue
[2026-02-15T21:54:42.614+0000] {logging_mixin.py:188} INFO - [2026-02-15T21:54:42.614+0000] {dagbag.py:538} INFO - Filling up the DagBag from /opt/airflow/dags/etl_dag.py
[2026-02-15T21:54:42.658+0000] {logging_mixin.py:188} INFO - Warning: Your Kaggle API key is readable by other users on this system! To fix this, you can run 'chmod 600 /home/airflow/.kaggle/kaggle.json'
[2026-02-15T21:54:42.718+0000] {logging_mixin.py:188} WARNING - /home/airflow/.local/lib/python3.8/site-packages/airflow/models/baseoperator.py:437 AirflowProviderDeprecationWarning: `exists_ok` parameter is deprecated, please use `if_exists`
[2026-02-15T21:54:42.727+0000] {processor.py:840} INFO - DAG(s) 'ecommerce_etl_v2' retrieved from /opt/airflow/dags/etl_dag.py
[2026-02-15T21:54:42.747+0000] {logging_mixin.py:188} INFO - [2026-02-15T21:54:42.747+0000] {dag.py:3036} INFO - Sync 1 DAGs
[2026-02-15T21:54:42.758+0000] {logging_mixin.py:188} INFO - [2026-02-15T21:54:42.758+0000] {dag.py:3823} INFO - Setting next_dagrun for ecommerce_etl_v2 to 2026-02-15 13:00:00+00:00, run_after=2026-02-16 13:00:00+00:00
[2026-02-15T21:54:42.767+0000] {processor.py:183} INFO - Processing /opt/airflow/dags/etl_dag.py took 0.159 seconds
[2026-02-15T21:55:12.846+0000] {processor.py:161} INFO - Started process (PID=30156) to work on /opt/airflow/dags/etl_dag.py
[2026-02-15T21:55:12.847+0000] {processor.py:830} INFO - Processing file /opt/airflow/dags/etl_dag.py for tasks to queue
[2026-02-15T21:55:12.847+0000] {logging_mixin.py:188} INFO - [2026-02-15T21:55:12.847+0000] {dagbag.py:538} INFO - Filling up the DagBag from /opt/airflow/dags/etl_dag.py
[2026-02-15T21:55:12.890+0000] {logging_mixin.py:188} INFO - Warning: Your Kaggle API key is readable by other users on this system! To fix this, you can run 'chmod 600 /home/airflow/.kaggle/kaggle.json'
[2026-02-15T21:55:12.950+0000] {logging_mixin.py:188} WARNING - /home/airflow/.local/lib/python3.8/site-packages/airflow/models/baseoperator.py:437 AirflowProviderDeprecationWarning: `exists_ok` parameter is deprecated, please use `if_exists`
[2026-02-15T21:55:12.959+0000] {processor.py:840} INFO - DAG(s) 'ecommerce_etl_v2' retrieved from /opt/airflow/dags/etl_dag.py
[2026-02-15T21:55:12.978+0000] {logging_mixin.py:188} INFO - [2026-02-15T21:55:12.977+0000] {dag.py:3036} INFO - Sync 1 DAGs
[2026-02-15T21:55:12.988+0000] {logging_mixin.py:188} INFO - [2026-02-15T21:55:12.988+0000] {dag.py:3823} INFO - Setting next_dagrun for ecommerce_etl_v2 to 2026-02-15 13:00:00+00:00, run_after=2026-02-16 13:00:00+00:00
[2026-02-15T21:55:12.997+0000] {processor.py:183} INFO - Processing /opt/airflow/dags/etl_dag.py took 0.155 seconds
[2026-02-15T22:10:42.177+0000] {processor.py:161} INFO - Started process (PID=30187) to work on /opt/airflow/dags/etl_dag.py
[2026-02-15T22:10:42.178+0000] {processor.py:830} INFO - Processing file /opt/airflow/dags/etl_dag.py for tasks to queue
[2026-02-15T22:10:42.179+0000] {logging_mixin.py:188} INFO - [2026-02-15T22:10:42.178+0000] {dagbag.py:538} INFO - Filling up the DagBag from /opt/airflow/dags/etl_dag.py
[2026-02-15T22:10:42.223+0000] {logging_mixin.py:188} INFO - Warning: Your Kaggle API key is readable by other users on this system! To fix this, you can run 'chmod 600 /home/airflow/.kaggle/kaggle.json'
[2026-02-15T22:10:42.283+0000] {logging_mixin.py:188} WARNING - /home/airflow/.local/lib/python3.8/site-packages/airflow/models/baseoperator.py:437 AirflowProviderDeprecationWarning: `exists_ok` parameter is deprecated, please use `if_exists`
[2026-02-15T22:10:42.292+0000] {processor.py:840} INFO - DAG(s) 'ecommerce_etl_v2' retrieved from /opt/airflow/dags/etl_dag.py
[2026-02-15T22:10:42.311+0000] {logging_mixin.py:188} INFO - [2026-02-15T22:10:42.311+0000] {dag.py:3036} INFO - Sync 1 DAGs
[2026-02-15T22:10:42.322+0000] {logging_mixin.py:188} INFO - [2026-02-15T22:10:42.322+0000] {dag.py:3823} INFO - Setting next_dagrun for ecommerce_etl_v2 to 2026-02-15 13:00:00+00:00, run_after=2026-02-16 13:00:00+00:00
[2026-02-15T22:10:42.331+0000] {processor.py:183} INFO - Processing /opt/airflow/dags/etl_dag.py took 0.159 seconds
[2026-02-15T22:11:12.723+0000] {processor.py:161} INFO - Started process (PID=30218) to work on /opt/airflow/dags/etl_dag.py
[2026-02-15T22:11:12.725+0000] {processor.py:830} INFO - Processing file /opt/airflow/dags/etl_dag.py for tasks to queue
[2026-02-15T22:11:12.726+0000] {logging_mixin.py:188} INFO - [2026-02-15T22:11:12.725+0000] {dagbag.py:538} INFO - Filling up the DagBag from /opt/airflow/dags/etl_dag.py
[2026-02-15T22:11:12.771+0000] {logging_mixin.py:188} INFO - Warning: Your Kaggle API key is readable by other users on this system! To fix this, you can run 'chmod 600 /home/airflow/.kaggle/kaggle.json'
[2026-02-15T22:11:12.831+0000] {logging_mixin.py:188} WARNING - /home/airflow/.local/lib/python3.8/site-packages/airflow/models/baseoperator.py:437 AirflowProviderDeprecationWarning: `exists_ok` parameter is deprecated, please use `if_exists`
[2026-02-15T22:11:12.840+0000] {processor.py:840} INFO - DAG(s) 'ecommerce_etl_v2' retrieved from /opt/airflow/dags/etl_dag.py
[2026-02-15T22:11:12.859+0000] {logging_mixin.py:188} INFO - [2026-02-15T22:11:12.859+0000] {dag.py:3036} INFO - Sync 1 DAGs
[2026-02-15T22:11:12.869+0000] {logging_mixin.py:188} INFO - [2026-02-15T22:11:12.869+0000] {dag.py:3823} INFO - Setting next_dagrun for ecommerce_etl_v2 to 2026-02-15 13:00:00+00:00, run_after=2026-02-16 13:00:00+00:00
[2026-02-15T22:11:12.879+0000] {processor.py:183} INFO - Processing /opt/airflow/dags/etl_dag.py took 0.159 seconds
[2026-02-15T22:11:43.082+0000] {processor.py:161} INFO - Started process (PID=30249) to work on /opt/airflow/dags/etl_dag.py
[2026-02-15T22:11:43.083+0000] {processor.py:830} INFO - Processing file /opt/airflow/dags/etl_dag.py for tasks to queue
[2026-02-15T22:11:43.084+0000] {logging_mixin.py:188} INFO - [2026-02-15T22:11:43.084+0000] {dagbag.py:538} INFO - Filling up the DagBag from /opt/airflow/dags/etl_dag.py
[2026-02-15T22:11:43.129+0000] {logging_mixin.py:188} INFO - Warning: Your Kaggle API key is readable by other users on this system! To fix this, you can run 'chmod 600 /home/airflow/.kaggle/kaggle.json'
[2026-02-15T22:11:43.189+0000] {logging_mixin.py:188} WARNING - /home/airflow/.local/lib/python3.8/site-packages/airflow/models/baseoperator.py:437 AirflowProviderDeprecationWarning: `exists_ok` parameter is deprecated, please use `if_exists`
[2026-02-15T22:11:43.198+0000] {processor.py:840} INFO - DAG(s) 'ecommerce_etl_v2' retrieved from /opt/airflow/dags/etl_dag.py
[2026-02-15T22:11:43.216+0000] {logging_mixin.py:188} INFO - [2026-02-15T22:11:43.216+0000] {dag.py:3036} INFO - Sync 1 DAGs
[2026-02-15T22:11:43.226+0000] {logging_mixin.py:188} INFO - [2026-02-15T22:11:43.226+0000] {dag.py:3823} INFO - Setting next_dagrun for ecommerce_etl_v2 to 2026-02-15 13:00:00+00:00, run_after=2026-02-16 13:00:00+00:00
[2026-02-15T22:11:43.237+0000] {processor.py:183} INFO - Processing /opt/airflow/dags/etl_dag.py took 0.158 seconds
[2026-02-15T22:12:13.577+0000] {processor.py:161} INFO - Started process (PID=30280) to work on /opt/airflow/dags/etl_dag.py
[2026-02-15T22:12:13.578+0000] {processor.py:830} INFO - Processing file /opt/airflow/dags/etl_dag.py for tasks to queue
[2026-02-15T22:12:13.579+0000] {logging_mixin.py:188} INFO - [2026-02-15T22:12:13.579+0000] {dagbag.py:538} INFO - Filling up the DagBag from /opt/airflow/dags/etl_dag.py
[2026-02-15T22:12:13.623+0000] {logging_mixin.py:188} INFO - Warning: Your Kaggle API key is readable by other users on this system! To fix this, you can run 'chmod 600 /home/airflow/.kaggle/kaggle.json'
[2026-02-15T22:12:13.683+0000] {logging_mixin.py:188} WARNING - /home/airflow/.local/lib/python3.8/site-packages/airflow/models/baseoperator.py:437 AirflowProviderDeprecationWarning: `exists_ok` parameter is deprecated, please use `if_exists`
[2026-02-15T22:12:13.692+0000] {processor.py:840} INFO - DAG(s) 'ecommerce_etl_v2' retrieved from /opt/airflow/dags/etl_dag.py
[2026-02-15T22:12:13.711+0000] {logging_mixin.py:188} INFO - [2026-02-15T22:12:13.710+0000] {dag.py:3036} INFO - Sync 1 DAGs
[2026-02-15T22:12:13.721+0000] {logging_mixin.py:188} INFO - [2026-02-15T22:12:13.721+0000] {dag.py:3823} INFO - Setting next_dagrun for ecommerce_etl_v2 to 2026-02-15 13:00:00+00:00, run_after=2026-02-16 13:00:00+00:00
[2026-02-15T22:12:13.730+0000] {processor.py:183} INFO - Processing /opt/airflow/dags/etl_dag.py took 0.156 seconds
[2026-02-15T22:12:43.958+0000] {processor.py:161} INFO - Started process (PID=30311) to work on /opt/airflow/dags/etl_dag.py
[2026-02-15T22:12:43.959+0000] {processor.py:830} INFO - Processing file /opt/airflow/dags/etl_dag.py for tasks to queue
[2026-02-15T22:12:43.960+0000] {logging_mixin.py:188} INFO - [2026-02-15T22:12:43.960+0000] {dagbag.py:538} INFO - Filling up the DagBag from /opt/airflow/dags/etl_dag.py
[2026-02-15T22:12:44.007+0000] {logging_mixin.py:188} INFO - Warning: Your Kaggle API key is readable by other users on this system! To fix this, you can run 'chmod 600 /home/airflow/.kaggle/kaggle.json'
[2026-02-15T22:12:44.067+0000] {logging_mixin.py:188} WARNING - /home/airflow/.local/lib/python3.8/site-packages/airflow/models/baseoperator.py:437 AirflowProviderDeprecationWarning: `exists_ok` parameter is deprecated, please use `if_exists`
[2026-02-15T22:12:44.075+0000] {processor.py:840} INFO - DAG(s) 'ecommerce_etl_v2' retrieved from /opt/airflow/dags/etl_dag.py
[2026-02-15T22:12:44.093+0000] {logging_mixin.py:188} INFO - [2026-02-15T22:12:44.093+0000] {dag.py:3036} INFO - Sync 1 DAGs
[2026-02-15T22:12:44.103+0000] {logging_mixin.py:188} INFO - [2026-02-15T22:12:44.103+0000] {dag.py:3823} INFO - Setting next_dagrun for ecommerce_etl_v2 to 2026-02-15 13:00:00+00:00, run_after=2026-02-16 13:00:00+00:00
[2026-02-15T22:12:44.111+0000] {processor.py:183} INFO - Processing /opt/airflow/dags/etl_dag.py took 0.157 seconds
[2026-02-15T22:13:14.377+0000] {processor.py:161} INFO - Started process (PID=30342) to work on /opt/airflow/dags/etl_dag.py
[2026-02-15T22:13:14.378+0000] {processor.py:830} INFO - Processing file /opt/airflow/dags/etl_dag.py for tasks to queue
[2026-02-15T22:13:14.379+0000] {logging_mixin.py:188} INFO - [2026-02-15T22:13:14.379+0000] {dagbag.py:538} INFO - Filling up the DagBag from /opt/airflow/dags/etl_dag.py
[2026-02-15T22:13:14.423+0000] {logging_mixin.py:188} INFO - Warning: Your Kaggle API key is readable by other users on this system! To fix this, you can run 'chmod 600 /home/airflow/.kaggle/kaggle.json'
[2026-02-15T22:13:14.482+0000] {logging_mixin.py:188} WARNING - /home/airflow/.local/lib/python3.8/site-packages/airflow/models/baseoperator.py:437 AirflowProviderDeprecationWarning: `exists_ok` parameter is deprecated, please use `if_exists`
[2026-02-15T22:13:14.491+0000] {processor.py:840} INFO - DAG(s) 'ecommerce_etl_v2' retrieved from /opt/airflow/dags/etl_dag.py
[2026-02-15T22:13:14.510+0000] {logging_mixin.py:188} INFO - [2026-02-15T22:13:14.510+0000] {dag.py:3036} INFO - Sync 1 DAGs
[2026-02-15T22:13:14.520+0000] {logging_mixin.py:188} INFO - [2026-02-15T22:13:14.520+0000] {dag.py:3823} INFO - Setting next_dagrun for ecommerce_etl_v2 to 2026-02-15 13:00:00+00:00, run_after=2026-02-16 13:00:00+00:00
[2026-02-15T22:13:14.529+0000] {processor.py:183} INFO - Processing /opt/airflow/dags/etl_dag.py took 0.156 seconds
[2026-02-15T22:20:19.447+0000] {processor.py:161} INFO - Started process (PID=30373) to work on /opt/airflow/dags/etl_dag.py
[2026-02-15T22:20:19.448+0000] {processor.py:830} INFO - Processing file /opt/airflow/dags/etl_dag.py for tasks to queue
[2026-02-15T22:20:19.449+0000] {logging_mixin.py:188} INFO - [2026-02-15T22:20:19.448+0000] {dagbag.py:538} INFO - Filling up the DagBag from /opt/airflow/dags/etl_dag.py
[2026-02-15T22:20:19.492+0000] {logging_mixin.py:188} INFO - Warning: Your Kaggle API key is readable by other users on this system! To fix this, you can run 'chmod 600 /home/airflow/.kaggle/kaggle.json'
[2026-02-15T22:20:19.559+0000] {logging_mixin.py:188} WARNING - /home/airflow/.local/lib/python3.8/site-packages/airflow/models/baseoperator.py:437 AirflowProviderDeprecationWarning: `exists_ok` parameter is deprecated, please use `if_exists`
[2026-02-15T22:20:19.569+0000] {processor.py:840} INFO - DAG(s) 'ecommerce_etl_v2' retrieved from /opt/airflow/dags/etl_dag.py
[2026-02-15T22:20:19.594+0000] {logging_mixin.py:188} INFO - [2026-02-15T22:20:19.594+0000] {dag.py:3036} INFO - Sync 1 DAGs
[2026-02-15T22:20:19.609+0000] {logging_mixin.py:188} INFO - [2026-02-15T22:20:19.609+0000] {dag.py:3823} INFO - Setting next_dagrun for ecommerce_etl_v2 to 2026-02-15 13:00:00+00:00, run_after=2026-02-16 13:00:00+00:00
[2026-02-15T22:20:19.627+0000] {processor.py:183} INFO - Processing /opt/airflow/dags/etl_dag.py took 0.182 seconds
[2026-02-15T22:20:49.878+0000] {processor.py:161} INFO - Started process (PID=30404) to work on /opt/airflow/dags/etl_dag.py
[2026-02-15T22:20:49.879+0000] {processor.py:830} INFO - Processing file /opt/airflow/dags/etl_dag.py for tasks to queue
[2026-02-15T22:20:49.880+0000] {logging_mixin.py:188} INFO - [2026-02-15T22:20:49.879+0000] {dagbag.py:538} INFO - Filling up the DagBag from /opt/airflow/dags/etl_dag.py
[2026-02-15T22:20:49.926+0000] {logging_mixin.py:188} INFO - Warning: Your Kaggle API key is readable by other users on this system! To fix this, you can run 'chmod 600 /home/airflow/.kaggle/kaggle.json'
[2026-02-15T22:20:49.985+0000] {logging_mixin.py:188} WARNING - /home/airflow/.local/lib/python3.8/site-packages/airflow/models/baseoperator.py:437 AirflowProviderDeprecationWarning: `exists_ok` parameter is deprecated, please use `if_exists`
[2026-02-15T22:20:49.994+0000] {processor.py:840} INFO - DAG(s) 'ecommerce_etl_v2' retrieved from /opt/airflow/dags/etl_dag.py
[2026-02-15T22:20:50.013+0000] {logging_mixin.py:188} INFO - [2026-02-15T22:20:50.013+0000] {dag.py:3036} INFO - Sync 1 DAGs
[2026-02-15T22:20:50.024+0000] {logging_mixin.py:188} INFO - [2026-02-15T22:20:50.024+0000] {dag.py:3823} INFO - Setting next_dagrun for ecommerce_etl_v2 to 2026-02-15 13:00:00+00:00, run_after=2026-02-16 13:00:00+00:00
[2026-02-15T22:20:50.032+0000] {processor.py:183} INFO - Processing /opt/airflow/dags/etl_dag.py took 0.159 seconds
[2026-02-15T22:21:20.297+0000] {processor.py:161} INFO - Started process (PID=30435) to work on /opt/airflow/dags/etl_dag.py
[2026-02-15T22:21:20.297+0000] {processor.py:830} INFO - Processing file /opt/airflow/dags/etl_dag.py for tasks to queue
[2026-02-15T22:21:20.298+0000] {logging_mixin.py:188} INFO - [2026-02-15T22:21:20.298+0000] {dagbag.py:538} INFO - Filling up the DagBag from /opt/airflow/dags/etl_dag.py
[2026-02-15T22:21:20.338+0000] {logging_mixin.py:188} INFO - Warning: Your Kaggle API key is readable by other users on this system! To fix this, you can run 'chmod 600 /home/airflow/.kaggle/kaggle.json'
[2026-02-15T22:21:20.399+0000] {logging_mixin.py:188} WARNING - /home/airflow/.local/lib/python3.8/site-packages/airflow/models/baseoperator.py:437 AirflowProviderDeprecationWarning: `exists_ok` parameter is deprecated, please use `if_exists`
[2026-02-15T22:21:20.408+0000] {processor.py:840} INFO - DAG(s) 'ecommerce_etl_v2' retrieved from /opt/airflow/dags/etl_dag.py
[2026-02-15T22:21:20.427+0000] {logging_mixin.py:188} INFO - [2026-02-15T22:21:20.427+0000] {dag.py:3036} INFO - Sync 1 DAGs
[2026-02-15T22:21:20.438+0000] {logging_mixin.py:188} INFO - [2026-02-15T22:21:20.438+0000] {dag.py:3823} INFO - Setting next_dagrun for ecommerce_etl_v2 to 2026-02-15 13:00:00+00:00, run_after=2026-02-16 13:00:00+00:00
[2026-02-15T22:21:20.447+0000] {processor.py:183} INFO - Processing /opt/airflow/dags/etl_dag.py took 0.154 seconds
[2026-02-15T22:21:50.736+0000] {processor.py:161} INFO - Started process (PID=30466) to work on /opt/airflow/dags/etl_dag.py
[2026-02-15T22:21:50.738+0000] {processor.py:830} INFO - Processing file /opt/airflow/dags/etl_dag.py for tasks to queue
[2026-02-15T22:21:50.739+0000] {logging_mixin.py:188} INFO - [2026-02-15T22:21:50.738+0000] {dagbag.py:538} INFO - Filling up the DagBag from /opt/airflow/dags/etl_dag.py
[2026-02-15T22:21:50.784+0000] {logging_mixin.py:188} INFO - Warning: Your Kaggle API key is readable by other users on this system! To fix this, you can run 'chmod 600 /home/airflow/.kaggle/kaggle.json'
[2026-02-15T22:21:50.844+0000] {logging_mixin.py:188} WARNING - /home/airflow/.local/lib/python3.8/site-packages/airflow/models/baseoperator.py:437 AirflowProviderDeprecationWarning: `exists_ok` parameter is deprecated, please use `if_exists`
[2026-02-15T22:21:50.852+0000] {processor.py:840} INFO - DAG(s) 'ecommerce_etl_v2' retrieved from /opt/airflow/dags/etl_dag.py
[2026-02-15T22:21:50.871+0000] {logging_mixin.py:188} INFO - [2026-02-15T22:21:50.871+0000] {dag.py:3036} INFO - Sync 1 DAGs
[2026-02-15T22:21:50.881+0000] {logging_mixin.py:188} INFO - [2026-02-15T22:21:50.881+0000] {dag.py:3823} INFO - Setting next_dagrun for ecommerce_etl_v2 to 2026-02-15 13:00:00+00:00, run_after=2026-02-16 13:00:00+00:00
[2026-02-15T22:21:50.890+0000] {processor.py:183} INFO - Processing /opt/airflow/dags/etl_dag.py took 0.158 seconds
[2026-02-15T22:22:21.198+0000] {processor.py:161} INFO - Started process (PID=30497) to work on /opt/airflow/dags/etl_dag.py
[2026-02-15T22:22:21.199+0000] {processor.py:830} INFO - Processing file /opt/airflow/dags/etl_dag.py for tasks to queue
[2026-02-15T22:22:21.200+0000] {logging_mixin.py:188} INFO - [2026-02-15T22:22:21.200+0000] {dagbag.py:538} INFO - Filling up the DagBag from /opt/airflow/dags/etl_dag.py
[2026-02-15T22:22:21.243+0000] {logging_mixin.py:188} INFO - Warning: Your Kaggle API key is readable by other users on this system! To fix this, you can run 'chmod 600 /home/airflow/.kaggle/kaggle.json'
[2026-02-15T22:22:21.303+0000] {logging_mixin.py:188} WARNING - /home/airflow/.local/lib/python3.8/site-packages/airflow/models/baseoperator.py:437 AirflowProviderDeprecationWarning: `exists_ok` parameter is deprecated, please use `if_exists`
[2026-02-15T22:22:21.312+0000] {processor.py:840} INFO - DAG(s) 'ecommerce_etl_v2' retrieved from /opt/airflow/dags/etl_dag.py
[2026-02-15T22:22:21.330+0000] {logging_mixin.py:188} INFO - [2026-02-15T22:22:21.330+0000] {dag.py:3036} INFO - Sync 1 DAGs
[2026-02-15T22:22:21.341+0000] {logging_mixin.py:188} INFO - [2026-02-15T22:22:21.340+0000] {dag.py:3823} INFO - Setting next_dagrun for ecommerce_etl_v2 to 2026-02-15 13:00:00+00:00, run_after=2026-02-16 13:00:00+00:00
[2026-02-15T22:22:21.349+0000] {processor.py:183} INFO - Processing /opt/airflow/dags/etl_dag.py took 0.153 seconds
[2026-02-15T22:38:45.137+0000] {processor.py:161} INFO - Started process (PID=30528) to work on /opt/airflow/dags/etl_dag.py
[2026-02-15T22:38:45.138+0000] {processor.py:830} INFO - Processing file /opt/airflow/dags/etl_dag.py for tasks to queue
[2026-02-15T22:38:45.139+0000] {logging_mixin.py:188} INFO - [2026-02-15T22:38:45.139+0000] {dagbag.py:538} INFO - Filling up the DagBag from /opt/airflow/dags/etl_dag.py
[2026-02-15T22:38:45.181+0000] {logging_mixin.py:188} INFO - Warning: Your Kaggle API key is readable by other users on this system! To fix this, you can run 'chmod 600 /home/airflow/.kaggle/kaggle.json'
[2026-02-15T22:38:45.241+0000] {logging_mixin.py:188} WARNING - /home/airflow/.local/lib/python3.8/site-packages/airflow/models/baseoperator.py:437 AirflowProviderDeprecationWarning: `exists_ok` parameter is deprecated, please use `if_exists`
[2026-02-15T22:38:45.250+0000] {processor.py:840} INFO - DAG(s) 'ecommerce_etl_v2' retrieved from /opt/airflow/dags/etl_dag.py
[2026-02-15T22:38:45.269+0000] {logging_mixin.py:188} INFO - [2026-02-15T22:38:45.269+0000] {dag.py:3036} INFO - Sync 1 DAGs
[2026-02-15T22:38:45.279+0000] {logging_mixin.py:188} INFO - [2026-02-15T22:38:45.279+0000] {dag.py:3823} INFO - Setting next_dagrun for ecommerce_etl_v2 to 2026-02-15 13:00:00+00:00, run_after=2026-02-16 13:00:00+00:00
[2026-02-15T22:38:45.287+0000] {processor.py:183} INFO - Processing /opt/airflow/dags/etl_dag.py took 0.153 seconds
[2026-02-15T22:39:15.548+0000] {processor.py:161} INFO - Started process (PID=30561) to work on /opt/airflow/dags/etl_dag.py
[2026-02-15T22:39:15.549+0000] {processor.py:830} INFO - Processing file /opt/airflow/dags/etl_dag.py for tasks to queue
[2026-02-15T22:39:15.550+0000] {logging_mixin.py:188} INFO - [2026-02-15T22:39:15.549+0000] {dagbag.py:538} INFO - Filling up the DagBag from /opt/airflow/dags/etl_dag.py
[2026-02-15T22:39:15.595+0000] {logging_mixin.py:188} INFO - Warning: Your Kaggle API key is readable by other users on this system! To fix this, you can run 'chmod 600 /home/airflow/.kaggle/kaggle.json'
[2026-02-15T22:39:15.656+0000] {logging_mixin.py:188} WARNING - /home/airflow/.local/lib/python3.8/site-packages/airflow/models/baseoperator.py:437 AirflowProviderDeprecationWarning: `exists_ok` parameter is deprecated, please use `if_exists`
[2026-02-15T22:39:15.665+0000] {processor.py:840} INFO - DAG(s) 'ecommerce_etl_v2' retrieved from /opt/airflow/dags/etl_dag.py
[2026-02-15T22:39:15.684+0000] {logging_mixin.py:188} INFO - [2026-02-15T22:39:15.684+0000] {dag.py:3036} INFO - Sync 1 DAGs
[2026-02-15T22:39:15.694+0000] {logging_mixin.py:188} INFO - [2026-02-15T22:39:15.694+0000] {dag.py:3823} INFO - Setting next_dagrun for ecommerce_etl_v2 to 2026-02-15 13:00:00+00:00, run_after=2026-02-16 13:00:00+00:00
[2026-02-15T22:39:15.703+0000] {processor.py:183} INFO - Processing /opt/airflow/dags/etl_dag.py took 0.160 seconds
[2026-02-15T22:39:45.935+0000] {processor.py:161} INFO - Started process (PID=30592) to work on /opt/airflow/dags/etl_dag.py
[2026-02-15T22:39:45.937+0000] {processor.py:830} INFO - Processing file /opt/airflow/dags/etl_dag.py for tasks to queue
[2026-02-15T22:39:45.938+0000] {logging_mixin.py:188} INFO - [2026-02-15T22:39:45.938+0000] {dagbag.py:538} INFO - Filling up the DagBag from /opt/airflow/dags/etl_dag.py
[2026-02-15T22:39:45.984+0000] {logging_mixin.py:188} INFO - Warning: Your Kaggle API key is readable by other users on this system! To fix this, you can run 'chmod 600 /home/airflow/.kaggle/kaggle.json'
[2026-02-15T22:39:46.043+0000] {logging_mixin.py:188} WARNING - /home/airflow/.local/lib/python3.8/site-packages/airflow/models/baseoperator.py:437 AirflowProviderDeprecationWarning: `exists_ok` parameter is deprecated, please use `if_exists`
[2026-02-15T22:39:46.052+0000] {processor.py:840} INFO - DAG(s) 'ecommerce_etl_v2' retrieved from /opt/airflow/dags/etl_dag.py
[2026-02-15T22:39:46.072+0000] {logging_mixin.py:188} INFO - [2026-02-15T22:39:46.071+0000] {dag.py:3036} INFO - Sync 1 DAGs
[2026-02-15T22:39:46.082+0000] {logging_mixin.py:188} INFO - [2026-02-15T22:39:46.082+0000] {dag.py:3823} INFO - Setting next_dagrun for ecommerce_etl_v2 to 2026-02-15 13:00:00+00:00, run_after=2026-02-16 13:00:00+00:00
[2026-02-15T22:39:46.091+0000] {processor.py:183} INFO - Processing /opt/airflow/dags/etl_dag.py took 0.160 seconds
[2026-02-15T22:40:16.269+0000] {processor.py:161} INFO - Started process (PID=30623) to work on /opt/airflow/dags/etl_dag.py
[2026-02-15T22:40:16.270+0000] {processor.py:830} INFO - Processing file /opt/airflow/dags/etl_dag.py for tasks to queue
[2026-02-15T22:40:16.270+0000] {logging_mixin.py:188} INFO - [2026-02-15T22:40:16.270+0000] {dagbag.py:538} INFO - Filling up the DagBag from /opt/airflow/dags/etl_dag.py
[2026-02-15T22:40:16.312+0000] {logging_mixin.py:188} INFO - Warning: Your Kaggle API key is readable by other users on this system! To fix this, you can run 'chmod 600 /home/airflow/.kaggle/kaggle.json'
[2026-02-15T22:40:16.372+0000] {logging_mixin.py:188} WARNING - /home/airflow/.local/lib/python3.8/site-packages/airflow/models/baseoperator.py:437 AirflowProviderDeprecationWarning: `exists_ok` parameter is deprecated, please use `if_exists`
[2026-02-15T22:40:16.382+0000] {processor.py:840} INFO - DAG(s) 'ecommerce_etl_v2' retrieved from /opt/airflow/dags/etl_dag.py
[2026-02-15T22:40:16.400+0000] {logging_mixin.py:188} INFO - [2026-02-15T22:40:16.400+0000] {dag.py:3036} INFO - Sync 1 DAGs
[2026-02-15T22:40:16.411+0000] {logging_mixin.py:188} INFO - [2026-02-15T22:40:16.410+0000] {dag.py:3823} INFO - Setting next_dagrun for ecommerce_etl_v2 to 2026-02-15 13:00:00+00:00, run_after=2026-02-16 13:00:00+00:00
[2026-02-15T22:40:16.419+0000] {processor.py:183} INFO - Processing /opt/airflow/dags/etl_dag.py took 0.152 seconds
[2026-02-15T22:56:13.319+0000] {processor.py:161} INFO - Started process (PID=30656) to work on /opt/airflow/dags/etl_dag.py
[2026-02-15T22:56:13.320+0000] {processor.py:830} INFO - Processing file /opt/airflow/dags/etl_dag.py for tasks to queue
[2026-02-15T22:56:13.320+0000] {logging_mixin.py:188} INFO - [2026-02-15T22:56:13.320+0000] {dagbag.py:538} INFO - Filling up the DagBag from /opt/airflow/dags/etl_dag.py
[2026-02-15T22:56:13.364+0000] {logging_mixin.py:188} INFO - Warning: Your Kaggle API key is readable by other users on this system! To fix this, you can run 'chmod 600 /home/airflow/.kaggle/kaggle.json'
[2026-02-15T22:56:13.427+0000] {logging_mixin.py:188} WARNING - /home/airflow/.local/lib/python3.8/site-packages/airflow/models/baseoperator.py:437 AirflowProviderDeprecationWarning: `exists_ok` parameter is deprecated, please use `if_exists`
[2026-02-15T22:56:13.438+0000] {processor.py:840} INFO - DAG(s) 'ecommerce_etl_v2' retrieved from /opt/airflow/dags/etl_dag.py
[2026-02-15T22:56:13.471+0000] {logging_mixin.py:188} INFO - [2026-02-15T22:56:13.470+0000] {dag.py:3036} INFO - Sync 1 DAGs
[2026-02-15T22:56:13.489+0000] {logging_mixin.py:188} INFO - [2026-02-15T22:56:13.489+0000] {dag.py:3823} INFO - Setting next_dagrun for ecommerce_etl_v2 to 2026-02-15 13:00:00+00:00, run_after=2026-02-16 13:00:00+00:00
[2026-02-15T22:56:13.502+0000] {processor.py:183} INFO - Processing /opt/airflow/dags/etl_dag.py took 0.185 seconds
[2026-02-15T22:56:43.662+0000] {processor.py:161} INFO - Started process (PID=30687) to work on /opt/airflow/dags/etl_dag.py
[2026-02-15T22:56:43.663+0000] {processor.py:830} INFO - Processing file /opt/airflow/dags/etl_dag.py for tasks to queue
[2026-02-15T22:56:43.664+0000] {logging_mixin.py:188} INFO - [2026-02-15T22:56:43.663+0000] {dagbag.py:538} INFO - Filling up the DagBag from /opt/airflow/dags/etl_dag.py
[2026-02-15T22:56:43.708+0000] {logging_mixin.py:188} INFO - Warning: Your Kaggle API key is readable by other users on this system! To fix this, you can run 'chmod 600 /home/airflow/.kaggle/kaggle.json'
[2026-02-15T22:56:43.768+0000] {logging_mixin.py:188} WARNING - /home/airflow/.local/lib/python3.8/site-packages/airflow/models/baseoperator.py:437 AirflowProviderDeprecationWarning: `exists_ok` parameter is deprecated, please use `if_exists`
[2026-02-15T22:56:43.778+0000] {processor.py:840} INFO - DAG(s) 'ecommerce_etl_v2' retrieved from /opt/airflow/dags/etl_dag.py
[2026-02-15T22:56:43.797+0000] {logging_mixin.py:188} INFO - [2026-02-15T22:56:43.797+0000] {dag.py:3036} INFO - Sync 1 DAGs
[2026-02-15T22:56:43.808+0000] {logging_mixin.py:188} INFO - [2026-02-15T22:56:43.808+0000] {dag.py:3823} INFO - Setting next_dagrun for ecommerce_etl_v2 to 2026-02-15 13:00:00+00:00, run_after=2026-02-16 13:00:00+00:00
[2026-02-15T22:56:43.816+0000] {processor.py:183} INFO - Processing /opt/airflow/dags/etl_dag.py took 0.159 seconds
[2026-02-15T22:57:14.246+0000] {processor.py:161} INFO - Started process (PID=30718) to work on /opt/airflow/dags/etl_dag.py
[2026-02-15T22:57:14.247+0000] {processor.py:830} INFO - Processing file /opt/airflow/dags/etl_dag.py for tasks to queue
[2026-02-15T22:57:14.248+0000] {logging_mixin.py:188} INFO - [2026-02-15T22:57:14.247+0000] {dagbag.py:538} INFO - Filling up the DagBag from /opt/airflow/dags/etl_dag.py
[2026-02-15T22:57:14.292+0000] {logging_mixin.py:188} INFO - Warning: Your Kaggle API key is readable by other users on this system! To fix this, you can run 'chmod 600 /home/airflow/.kaggle/kaggle.json'
[2026-02-15T22:57:14.351+0000] {logging_mixin.py:188} WARNING - /home/airflow/.local/lib/python3.8/site-packages/airflow/models/baseoperator.py:437 AirflowProviderDeprecationWarning: `exists_ok` parameter is deprecated, please use `if_exists`
[2026-02-15T22:57:14.359+0000] {processor.py:840} INFO - DAG(s) 'ecommerce_etl_v2' retrieved from /opt/airflow/dags/etl_dag.py
[2026-02-15T22:57:14.377+0000] {logging_mixin.py:188} INFO - [2026-02-15T22:57:14.377+0000] {dag.py:3036} INFO - Sync 1 DAGs
[2026-02-15T22:57:14.387+0000] {logging_mixin.py:188} INFO - [2026-02-15T22:57:14.387+0000] {dag.py:3823} INFO - Setting next_dagrun for ecommerce_etl_v2 to 2026-02-15 13:00:00+00:00, run_after=2026-02-16 13:00:00+00:00
[2026-02-15T22:57:14.395+0000] {processor.py:183} INFO - Processing /opt/airflow/dags/etl_dag.py took 0.153 seconds
[2026-02-15T22:57:44.692+0000] {processor.py:161} INFO - Started process (PID=30749) to work on /opt/airflow/dags/etl_dag.py
[2026-02-15T22:57:44.692+0000] {processor.py:830} INFO - Processing file /opt/airflow/dags/etl_dag.py for tasks to queue
[2026-02-15T22:57:44.693+0000] {logging_mixin.py:188} INFO - [2026-02-15T22:57:44.693+0000] {dagbag.py:538} INFO - Filling up the DagBag from /opt/airflow/dags/etl_dag.py
[2026-02-15T22:57:44.737+0000] {logging_mixin.py:188} INFO - Warning: Your Kaggle API key is readable by other users on this system! To fix this, you can run 'chmod 600 /home/airflow/.kaggle/kaggle.json'
[2026-02-15T22:57:44.797+0000] {logging_mixin.py:188} WARNING - /home/airflow/.local/lib/python3.8/site-packages/airflow/models/baseoperator.py:437 AirflowProviderDeprecationWarning: `exists_ok` parameter is deprecated, please use `if_exists`
[2026-02-15T22:57:44.806+0000] {processor.py:840} INFO - DAG(s) 'ecommerce_etl_v2' retrieved from /opt/airflow/dags/etl_dag.py
[2026-02-15T22:57:44.824+0000] {logging_mixin.py:188} INFO - [2026-02-15T22:57:44.824+0000] {dag.py:3036} INFO - Sync 1 DAGs
[2026-02-15T22:57:44.834+0000] {logging_mixin.py:188} INFO - [2026-02-15T22:57:44.834+0000] {dag.py:3823} INFO - Setting next_dagrun for ecommerce_etl_v2 to 2026-02-15 13:00:00+00:00, run_after=2026-02-16 13:00:00+00:00
[2026-02-15T22:57:44.843+0000] {processor.py:183} INFO - Processing /opt/airflow/dags/etl_dag.py took 0.155 seconds
[2026-02-15T22:58:15.000+0000] {processor.py:161} INFO - Started process (PID=30780) to work on /opt/airflow/dags/etl_dag.py
[2026-02-15T22:58:15.001+0000] {processor.py:830} INFO - Processing file /opt/airflow/dags/etl_dag.py for tasks to queue
[2026-02-15T22:58:15.001+0000] {logging_mixin.py:188} INFO - [2026-02-15T22:58:15.001+0000] {dagbag.py:538} INFO - Filling up the DagBag from /opt/airflow/dags/etl_dag.py
[2026-02-15T22:58:15.039+0000] {logging_mixin.py:188} INFO - Warning: Your Kaggle API key is readable by other users on this system! To fix this, you can run 'chmod 600 /home/airflow/.kaggle/kaggle.json'
[2026-02-15T22:58:15.104+0000] {logging_mixin.py:188} WARNING - /home/airflow/.local/lib/python3.8/site-packages/airflow/models/baseoperator.py:437 AirflowProviderDeprecationWarning: `exists_ok` parameter is deprecated, please use `if_exists`
[2026-02-15T22:58:15.114+0000] {processor.py:840} INFO - DAG(s) 'ecommerce_etl_v2' retrieved from /opt/airflow/dags/etl_dag.py
[2026-02-15T22:58:15.134+0000] {logging_mixin.py:188} INFO - [2026-02-15T22:58:15.134+0000] {dag.py:3036} INFO - Sync 1 DAGs
[2026-02-15T22:58:15.145+0000] {logging_mixin.py:188} INFO - [2026-02-15T22:58:15.145+0000] {dag.py:3823} INFO - Setting next_dagrun for ecommerce_etl_v2 to 2026-02-15 13:00:00+00:00, run_after=2026-02-16 13:00:00+00:00
[2026-02-15T22:58:15.154+0000] {processor.py:183} INFO - Processing /opt/airflow/dags/etl_dag.py took 0.155 seconds
[2026-02-15T22:58:45.310+0000] {processor.py:161} INFO - Started process (PID=30811) to work on /opt/airflow/dags/etl_dag.py
[2026-02-15T22:58:45.311+0000] {processor.py:830} INFO - Processing file /opt/airflow/dags/etl_dag.py for tasks to queue
[2026-02-15T22:58:45.311+0000] {logging_mixin.py:188} INFO - [2026-02-15T22:58:45.311+0000] {dagbag.py:538} INFO - Filling up the DagBag from /opt/airflow/dags/etl_dag.py
[2026-02-15T22:58:45.347+0000] {logging_mixin.py:188} INFO - Warning: Your Kaggle API key is readable by other users on this system! To fix this, you can run 'chmod 600 /home/airflow/.kaggle/kaggle.json'
[2026-02-15T22:58:45.407+0000] {logging_mixin.py:188} WARNING - /home/airflow/.local/lib/python3.8/site-packages/airflow/models/baseoperator.py:437 AirflowProviderDeprecationWarning: `exists_ok` parameter is deprecated, please use `if_exists`
[2026-02-15T22:58:45.416+0000] {processor.py:840} INFO - DAG(s) 'ecommerce_etl_v2' retrieved from /opt/airflow/dags/etl_dag.py
[2026-02-15T22:58:45.435+0000] {logging_mixin.py:188} INFO - [2026-02-15T22:58:45.435+0000] {dag.py:3036} INFO - Sync 1 DAGs
[2026-02-15T22:58:45.445+0000] {logging_mixin.py:188} INFO - [2026-02-15T22:58:45.445+0000] {dag.py:3823} INFO - Setting next_dagrun for ecommerce_etl_v2 to 2026-02-15 13:00:00+00:00, run_after=2026-02-16 13:00:00+00:00
[2026-02-15T22:58:45.454+0000] {processor.py:183} INFO - Processing /opt/airflow/dags/etl_dag.py took 0.146 seconds
[2026-02-15T22:59:15.656+0000] {processor.py:161} INFO - Started process (PID=30842) to work on /opt/airflow/dags/etl_dag.py
[2026-02-15T22:59:15.657+0000] {processor.py:830} INFO - Processing file /opt/airflow/dags/etl_dag.py for tasks to queue
[2026-02-15T22:59:15.657+0000] {logging_mixin.py:188} INFO - [2026-02-15T22:59:15.657+0000] {dagbag.py:538} INFO - Filling up the DagBag from /opt/airflow/dags/etl_dag.py
[2026-02-15T22:59:15.693+0000] {logging_mixin.py:188} INFO - Warning: Your Kaggle API key is readable by other users on this system! To fix this, you can run 'chmod 600 /home/airflow/.kaggle/kaggle.json'
[2026-02-15T22:59:15.752+0000] {logging_mixin.py:188} WARNING - /home/airflow/.local/lib/python3.8/site-packages/airflow/models/baseoperator.py:437 AirflowProviderDeprecationWarning: `exists_ok` parameter is deprecated, please use `if_exists`
[2026-02-15T22:59:15.761+0000] {processor.py:840} INFO - DAG(s) 'ecommerce_etl_v2' retrieved from /opt/airflow/dags/etl_dag.py
[2026-02-15T22:59:15.780+0000] {logging_mixin.py:188} INFO - [2026-02-15T22:59:15.780+0000] {dag.py:3036} INFO - Sync 1 DAGs
[2026-02-15T22:59:15.791+0000] {logging_mixin.py:188} INFO - [2026-02-15T22:59:15.791+0000] {dag.py:3823} INFO - Setting next_dagrun for ecommerce_etl_v2 to 2026-02-15 13:00:00+00:00, run_after=2026-02-16 13:00:00+00:00
[2026-02-15T22:59:15.800+0000] {processor.py:183} INFO - Processing /opt/airflow/dags/etl_dag.py took 0.146 seconds
[2026-02-15T22:59:46.018+0000] {processor.py:161} INFO - Started process (PID=30873) to work on /opt/airflow/dags/etl_dag.py
[2026-02-15T22:59:46.019+0000] {processor.py:830} INFO - Processing file /opt/airflow/dags/etl_dag.py for tasks to queue
[2026-02-15T22:59:46.020+0000] {logging_mixin.py:188} INFO - [2026-02-15T22:59:46.019+0000] {dagbag.py:538} INFO - Filling up the DagBag from /opt/airflow/dags/etl_dag.py
[2026-02-15T22:59:46.066+0000] {logging_mixin.py:188} INFO - Warning: Your Kaggle API key is readable by other users on this system! To fix this, you can run 'chmod 600 /home/airflow/.kaggle/kaggle.json'
[2026-02-15T22:59:46.127+0000] {logging_mixin.py:188} WARNING - /home/airflow/.local/lib/python3.8/site-packages/airflow/models/baseoperator.py:437 AirflowProviderDeprecationWarning: `exists_ok` parameter is deprecated, please use `if_exists`
[2026-02-15T22:59:46.135+0000] {processor.py:840} INFO - DAG(s) 'ecommerce_etl_v2' retrieved from /opt/airflow/dags/etl_dag.py
[2026-02-15T22:59:46.154+0000] {logging_mixin.py:188} INFO - [2026-02-15T22:59:46.154+0000] {dag.py:3036} INFO - Sync 1 DAGs
[2026-02-15T22:59:46.164+0000] {logging_mixin.py:188} INFO - [2026-02-15T22:59:46.164+0000] {dag.py:3823} INFO - Setting next_dagrun for ecommerce_etl_v2 to 2026-02-15 13:00:00+00:00, run_after=2026-02-16 13:00:00+00:00
[2026-02-15T22:59:46.173+0000] {processor.py:183} INFO - Processing /opt/airflow/dags/etl_dag.py took 0.158 seconds
[2026-02-15T23:15:56.357+0000] {processor.py:161} INFO - Started process (PID=30904) to work on /opt/airflow/dags/etl_dag.py
[2026-02-15T23:15:56.357+0000] {processor.py:830} INFO - Processing file /opt/airflow/dags/etl_dag.py for tasks to queue
[2026-02-15T23:15:56.358+0000] {logging_mixin.py:188} INFO - [2026-02-15T23:15:56.358+0000] {dagbag.py:538} INFO - Filling up the DagBag from /opt/airflow/dags/etl_dag.py
[2026-02-15T23:15:56.397+0000] {logging_mixin.py:188} INFO - Warning: Your Kaggle API key is readable by other users on this system! To fix this, you can run 'chmod 600 /home/airflow/.kaggle/kaggle.json'
[2026-02-15T23:15:56.458+0000] {logging_mixin.py:188} WARNING - /home/airflow/.local/lib/python3.8/site-packages/airflow/models/baseoperator.py:437 AirflowProviderDeprecationWarning: `exists_ok` parameter is deprecated, please use `if_exists`
[2026-02-15T23:15:56.467+0000] {processor.py:840} INFO - DAG(s) 'ecommerce_etl_v2' retrieved from /opt/airflow/dags/etl_dag.py
[2026-02-15T23:15:56.485+0000] {logging_mixin.py:188} INFO - [2026-02-15T23:15:56.485+0000] {dag.py:3036} INFO - Sync 1 DAGs
[2026-02-15T23:15:56.495+0000] {logging_mixin.py:188} INFO - [2026-02-15T23:15:56.495+0000] {dag.py:3823} INFO - Setting next_dagrun for ecommerce_etl_v2 to 2026-02-15 13:00:00+00:00, run_after=2026-02-16 13:00:00+00:00
[2026-02-15T23:15:56.503+0000] {processor.py:183} INFO - Processing /opt/airflow/dags/etl_dag.py took 0.150 seconds
[2026-02-15T23:16:26.792+0000] {processor.py:161} INFO - Started process (PID=30935) to work on /opt/airflow/dags/etl_dag.py
[2026-02-15T23:16:26.793+0000] {processor.py:830} INFO - Processing file /opt/airflow/dags/etl_dag.py for tasks to queue
[2026-02-15T23:16:26.794+0000] {logging_mixin.py:188} INFO - [2026-02-15T23:16:26.794+0000] {dagbag.py:538} INFO - Filling up the DagBag from /opt/airflow/dags/etl_dag.py
[2026-02-15T23:16:26.840+0000] {logging_mixin.py:188} INFO - Warning: Your Kaggle API key is readable by other users on this system! To fix this, you can run 'chmod 600 /home/airflow/.kaggle/kaggle.json'
[2026-02-15T23:16:26.900+0000] {logging_mixin.py:188} WARNING - /home/airflow/.local/lib/python3.8/site-packages/airflow/models/baseoperator.py:437 AirflowProviderDeprecationWarning: `exists_ok` parameter is deprecated, please use `if_exists`
[2026-02-15T23:16:26.909+0000] {processor.py:840} INFO - DAG(s) 'ecommerce_etl_v2' retrieved from /opt/airflow/dags/etl_dag.py
[2026-02-15T23:16:26.928+0000] {logging_mixin.py:188} INFO - [2026-02-15T23:16:26.928+0000] {dag.py:3036} INFO - Sync 1 DAGs
[2026-02-15T23:16:26.939+0000] {logging_mixin.py:188} INFO - [2026-02-15T23:16:26.939+0000] {dag.py:3823} INFO - Setting next_dagrun for ecommerce_etl_v2 to 2026-02-15 13:00:00+00:00, run_after=2026-02-16 13:00:00+00:00
[2026-02-15T23:16:26.947+0000] {processor.py:183} INFO - Processing /opt/airflow/dags/etl_dag.py took 0.159 seconds
[2026-02-15T23:16:57.225+0000] {processor.py:161} INFO - Started process (PID=30966) to work on /opt/airflow/dags/etl_dag.py
[2026-02-15T23:16:57.226+0000] {processor.py:830} INFO - Processing file /opt/airflow/dags/etl_dag.py for tasks to queue
[2026-02-15T23:16:57.227+0000] {logging_mixin.py:188} INFO - [2026-02-15T23:16:57.227+0000] {dagbag.py:538} INFO - Filling up the DagBag from /opt/airflow/dags/etl_dag.py
[2026-02-15T23:16:57.271+0000] {logging_mixin.py:188} INFO - Warning: Your Kaggle API key is readable by other users on this system! To fix this, you can run 'chmod 600 /home/airflow/.kaggle/kaggle.json'
[2026-02-15T23:16:57.330+0000] {logging_mixin.py:188} WARNING - /home/airflow/.local/lib/python3.8/site-packages/airflow/models/baseoperator.py:437 AirflowProviderDeprecationWarning: `exists_ok` parameter is deprecated, please use `if_exists`
[2026-02-15T23:16:57.339+0000] {processor.py:840} INFO - DAG(s) 'ecommerce_etl_v2' retrieved from /opt/airflow/dags/etl_dag.py
[2026-02-15T23:16:57.358+0000] {logging_mixin.py:188} INFO - [2026-02-15T23:16:57.358+0000] {dag.py:3036} INFO - Sync 1 DAGs
[2026-02-15T23:16:57.369+0000] {logging_mixin.py:188} INFO - [2026-02-15T23:16:57.369+0000] {dag.py:3823} INFO - Setting next_dagrun for ecommerce_etl_v2 to 2026-02-15 13:00:00+00:00, run_after=2026-02-16 13:00:00+00:00
[2026-02-15T23:16:57.377+0000] {processor.py:183} INFO - Processing /opt/airflow/dags/etl_dag.py took 0.156 seconds
[2026-02-15T23:17:27.581+0000] {processor.py:161} INFO - Started process (PID=30997) to work on /opt/airflow/dags/etl_dag.py
[2026-02-15T23:17:27.582+0000] {processor.py:830} INFO - Processing file /opt/airflow/dags/etl_dag.py for tasks to queue
[2026-02-15T23:17:27.583+0000] {logging_mixin.py:188} INFO - [2026-02-15T23:17:27.582+0000] {dagbag.py:538} INFO - Filling up the DagBag from /opt/airflow/dags/etl_dag.py
[2026-02-15T23:17:27.622+0000] {logging_mixin.py:188} INFO - Warning: Your Kaggle API key is readable by other users on this system! To fix this, you can run 'chmod 600 /home/airflow/.kaggle/kaggle.json'
[2026-02-15T23:17:27.682+0000] {logging_mixin.py:188} WARNING - /home/airflow/.local/lib/python3.8/site-packages/airflow/models/baseoperator.py:437 AirflowProviderDeprecationWarning: `exists_ok` parameter is deprecated, please use `if_exists`
[2026-02-15T23:17:27.694+0000] {processor.py:840} INFO - DAG(s) 'ecommerce_etl_v2' retrieved from /opt/airflow/dags/etl_dag.py
[2026-02-15T23:17:27.711+0000] {logging_mixin.py:188} INFO - [2026-02-15T23:17:27.711+0000] {dag.py:3036} INFO - Sync 1 DAGs
[2026-02-15T23:17:27.721+0000] {logging_mixin.py:188} INFO - [2026-02-15T23:17:27.721+0000] {dag.py:3823} INFO - Setting next_dagrun for ecommerce_etl_v2 to 2026-02-15 13:00:00+00:00, run_after=2026-02-16 13:00:00+00:00
[2026-02-15T23:17:27.729+0000] {processor.py:183} INFO - Processing /opt/airflow/dags/etl_dag.py took 0.150 seconds
[2026-02-15T23:17:58.051+0000] {processor.py:161} INFO - Started process (PID=31028) to work on /opt/airflow/dags/etl_dag.py
[2026-02-15T23:17:58.052+0000] {processor.py:830} INFO - Processing file /opt/airflow/dags/etl_dag.py for tasks to queue
[2026-02-15T23:17:58.053+0000] {logging_mixin.py:188} INFO - [2026-02-15T23:17:58.052+0000] {dagbag.py:538} INFO - Filling up the DagBag from /opt/airflow/dags/etl_dag.py
[2026-02-15T23:17:58.098+0000] {logging_mixin.py:188} INFO - Warning: Your Kaggle API key is readable by other users on this system! To fix this, you can run 'chmod 600 /home/airflow/.kaggle/kaggle.json'
[2026-02-15T23:17:58.156+0000] {logging_mixin.py:188} WARNING - /home/airflow/.local/lib/python3.8/site-packages/airflow/models/baseoperator.py:437 AirflowProviderDeprecationWarning: `exists_ok` parameter is deprecated, please use `if_exists`
[2026-02-15T23:17:58.165+0000] {processor.py:840} INFO - DAG(s) 'ecommerce_etl_v2' retrieved from /opt/airflow/dags/etl_dag.py
[2026-02-15T23:17:58.184+0000] {logging_mixin.py:188} INFO - [2026-02-15T23:17:58.183+0000] {dag.py:3036} INFO - Sync 1 DAGs
[2026-02-15T23:17:58.194+0000] {logging_mixin.py:188} INFO - [2026-02-15T23:17:58.194+0000] {dag.py:3823} INFO - Setting next_dagrun for ecommerce_etl_v2 to 2026-02-15 13:00:00+00:00, run_after=2026-02-16 13:00:00+00:00
[2026-02-15T23:17:58.202+0000] {processor.py:183} INFO - Processing /opt/airflow/dags/etl_dag.py took 0.156 seconds
[2026-02-15T23:21:09.238+0000] {processor.py:161} INFO - Started process (PID=31059) to work on /opt/airflow/dags/etl_dag.py
[2026-02-15T23:21:09.239+0000] {processor.py:830} INFO - Processing file /opt/airflow/dags/etl_dag.py for tasks to queue
[2026-02-15T23:21:09.239+0000] {logging_mixin.py:188} INFO - [2026-02-15T23:21:09.239+0000] {dagbag.py:538} INFO - Filling up the DagBag from /opt/airflow/dags/etl_dag.py
[2026-02-15T23:21:09.277+0000] {logging_mixin.py:188} INFO - Warning: Your Kaggle API key is readable by other users on this system! To fix this, you can run 'chmod 600 /home/airflow/.kaggle/kaggle.json'
[2026-02-15T23:21:09.339+0000] {logging_mixin.py:188} WARNING - /home/airflow/.local/lib/python3.8/site-packages/airflow/models/baseoperator.py:437 AirflowProviderDeprecationWarning: `exists_ok` parameter is deprecated, please use `if_exists`
[2026-02-15T23:21:09.348+0000] {processor.py:840} INFO - DAG(s) 'ecommerce_etl_v2' retrieved from /opt/airflow/dags/etl_dag.py
[2026-02-15T23:21:09.368+0000] {logging_mixin.py:188} INFO - [2026-02-15T23:21:09.368+0000] {dag.py:3036} INFO - Sync 1 DAGs
[2026-02-15T23:21:09.379+0000] {logging_mixin.py:188} INFO - [2026-02-15T23:21:09.379+0000] {dag.py:3823} INFO - Setting next_dagrun for ecommerce_etl_v2 to 2026-02-15 13:00:00+00:00, run_after=2026-02-16 13:00:00+00:00
[2026-02-15T23:21:09.388+0000] {processor.py:183} INFO - Processing /opt/airflow/dags/etl_dag.py took 0.153 seconds
[2026-02-15T23:21:39.649+0000] {processor.py:161} INFO - Started process (PID=31090) to work on /opt/airflow/dags/etl_dag.py
[2026-02-15T23:21:39.650+0000] {processor.py:830} INFO - Processing file /opt/airflow/dags/etl_dag.py for tasks to queue
[2026-02-15T23:21:39.651+0000] {logging_mixin.py:188} INFO - [2026-02-15T23:21:39.651+0000] {dagbag.py:538} INFO - Filling up the DagBag from /opt/airflow/dags/etl_dag.py
[2026-02-15T23:21:39.697+0000] {logging_mixin.py:188} INFO - Warning: Your Kaggle API key is readable by other users on this system! To fix this, you can run 'chmod 600 /home/airflow/.kaggle/kaggle.json'
[2026-02-15T23:21:39.757+0000] {logging_mixin.py:188} WARNING - /home/airflow/.local/lib/python3.8/site-packages/airflow/models/baseoperator.py:437 AirflowProviderDeprecationWarning: `exists_ok` parameter is deprecated, please use `if_exists`
[2026-02-15T23:21:39.766+0000] {processor.py:840} INFO - DAG(s) 'ecommerce_etl_v2' retrieved from /opt/airflow/dags/etl_dag.py
[2026-02-15T23:21:39.784+0000] {logging_mixin.py:188} INFO - [2026-02-15T23:21:39.784+0000] {dag.py:3036} INFO - Sync 1 DAGs
[2026-02-15T23:21:39.795+0000] {logging_mixin.py:188} INFO - [2026-02-15T23:21:39.795+0000] {dag.py:3823} INFO - Setting next_dagrun for ecommerce_etl_v2 to 2026-02-15 13:00:00+00:00, run_after=2026-02-16 13:00:00+00:00
[2026-02-15T23:21:39.803+0000] {processor.py:183} INFO - Processing /opt/airflow/dags/etl_dag.py took 0.159 seconds
[2026-02-15T23:31:30.412+0000] {processor.py:161} INFO - Started process (PID=31121) to work on /opt/airflow/dags/etl_dag.py
[2026-02-15T23:31:30.412+0000] {processor.py:830} INFO - Processing file /opt/airflow/dags/etl_dag.py for tasks to queue
[2026-02-15T23:31:30.413+0000] {logging_mixin.py:188} INFO - [2026-02-15T23:31:30.413+0000] {dagbag.py:538} INFO - Filling up the DagBag from /opt/airflow/dags/etl_dag.py
[2026-02-15T23:31:30.460+0000] {logging_mixin.py:188} INFO - Warning: Your Kaggle API key is readable by other users on this system! To fix this, you can run 'chmod 600 /home/airflow/.kaggle/kaggle.json'
[2026-02-15T23:31:30.530+0000] {logging_mixin.py:188} WARNING - /home/airflow/.local/lib/python3.8/site-packages/airflow/models/baseoperator.py:437 AirflowProviderDeprecationWarning: `exists_ok` parameter is deprecated, please use `if_exists`
[2026-02-15T23:31:30.542+0000] {processor.py:840} INFO - DAG(s) 'ecommerce_etl_v2' retrieved from /opt/airflow/dags/etl_dag.py
[2026-02-15T23:31:30.574+0000] {logging_mixin.py:188} INFO - [2026-02-15T23:31:30.574+0000] {dag.py:3036} INFO - Sync 1 DAGs
[2026-02-15T23:31:30.586+0000] {logging_mixin.py:188} INFO - [2026-02-15T23:31:30.586+0000] {dag.py:3823} INFO - Setting next_dagrun for ecommerce_etl_v2 to 2026-02-15 13:00:00+00:00, run_after=2026-02-16 13:00:00+00:00
[2026-02-15T23:31:30.599+0000] {processor.py:183} INFO - Processing /opt/airflow/dags/etl_dag.py took 0.189 seconds
[2026-02-15T23:32:00.752+0000] {processor.py:161} INFO - Started process (PID=31152) to work on /opt/airflow/dags/etl_dag.py
[2026-02-15T23:32:00.753+0000] {processor.py:830} INFO - Processing file /opt/airflow/dags/etl_dag.py for tasks to queue
[2026-02-15T23:32:00.754+0000] {logging_mixin.py:188} INFO - [2026-02-15T23:32:00.754+0000] {dagbag.py:538} INFO - Filling up the DagBag from /opt/airflow/dags/etl_dag.py
[2026-02-15T23:32:00.798+0000] {logging_mixin.py:188} INFO - Warning: Your Kaggle API key is readable by other users on this system! To fix this, you can run 'chmod 600 /home/airflow/.kaggle/kaggle.json'
[2026-02-15T23:32:00.857+0000] {logging_mixin.py:188} WARNING - /home/airflow/.local/lib/python3.8/site-packages/airflow/models/baseoperator.py:437 AirflowProviderDeprecationWarning: `exists_ok` parameter is deprecated, please use `if_exists`
[2026-02-15T23:32:00.866+0000] {processor.py:840} INFO - DAG(s) 'ecommerce_etl_v2' retrieved from /opt/airflow/dags/etl_dag.py
[2026-02-15T23:32:00.885+0000] {logging_mixin.py:188} INFO - [2026-02-15T23:32:00.885+0000] {dag.py:3036} INFO - Sync 1 DAGs
[2026-02-15T23:32:00.895+0000] {logging_mixin.py:188} INFO - [2026-02-15T23:32:00.895+0000] {dag.py:3823} INFO - Setting next_dagrun for ecommerce_etl_v2 to 2026-02-15 13:00:00+00:00, run_after=2026-02-16 13:00:00+00:00
[2026-02-15T23:32:00.904+0000] {processor.py:183} INFO - Processing /opt/airflow/dags/etl_dag.py took 0.156 seconds
[2026-02-15T23:32:31.018+0000] {processor.py:161} INFO - Started process (PID=31183) to work on /opt/airflow/dags/etl_dag.py
[2026-02-15T23:32:31.019+0000] {processor.py:830} INFO - Processing file /opt/airflow/dags/etl_dag.py for tasks to queue
[2026-02-15T23:32:31.020+0000] {logging_mixin.py:188} INFO - [2026-02-15T23:32:31.019+0000] {dagbag.py:538} INFO - Filling up the DagBag from /opt/airflow/dags/etl_dag.py
[2026-02-15T23:32:31.061+0000] {logging_mixin.py:188} INFO - Warning: Your Kaggle API key is readable by other users on this system! To fix this, you can run 'chmod 600 /home/airflow/.kaggle/kaggle.json'
[2026-02-15T23:32:31.120+0000] {logging_mixin.py:188} WARNING - /home/airflow/.local/lib/python3.8/site-packages/airflow/models/baseoperator.py:437 AirflowProviderDeprecationWarning: `exists_ok` parameter is deprecated, please use `if_exists`
[2026-02-15T23:32:31.129+0000] {processor.py:840} INFO - DAG(s) 'ecommerce_etl_v2' retrieved from /opt/airflow/dags/etl_dag.py
[2026-02-15T23:32:31.148+0000] {logging_mixin.py:188} INFO - [2026-02-15T23:32:31.148+0000] {dag.py:3036} INFO - Sync 1 DAGs
[2026-02-15T23:32:31.158+0000] {logging_mixin.py:188} INFO - [2026-02-15T23:32:31.158+0000] {dag.py:3823} INFO - Setting next_dagrun for ecommerce_etl_v2 to 2026-02-15 13:00:00+00:00, run_after=2026-02-16 13:00:00+00:00
[2026-02-15T23:32:31.168+0000] {processor.py:183} INFO - Processing /opt/airflow/dags/etl_dag.py took 0.153 seconds
[2026-02-15T23:33:01.473+0000] {processor.py:161} INFO - Started process (PID=31214) to work on /opt/airflow/dags/etl_dag.py
[2026-02-15T23:33:01.474+0000] {processor.py:830} INFO - Processing file /opt/airflow/dags/etl_dag.py for tasks to queue
[2026-02-15T23:33:01.475+0000] {logging_mixin.py:188} INFO - [2026-02-15T23:33:01.475+0000] {dagbag.py:538} INFO - Filling up the DagBag from /opt/airflow/dags/etl_dag.py
[2026-02-15T23:33:01.522+0000] {logging_mixin.py:188} INFO - Warning: Your Kaggle API key is readable by other users on this system! To fix this, you can run 'chmod 600 /home/airflow/.kaggle/kaggle.json'
[2026-02-15T23:33:01.581+0000] {logging_mixin.py:188} WARNING - /home/airflow/.local/lib/python3.8/site-packages/airflow/models/baseoperator.py:437 AirflowProviderDeprecationWarning: `exists_ok` parameter is deprecated, please use `if_exists`
[2026-02-15T23:33:01.589+0000] {processor.py:840} INFO - DAG(s) 'ecommerce_etl_v2' retrieved from /opt/airflow/dags/etl_dag.py
[2026-02-15T23:33:01.608+0000] {logging_mixin.py:188} INFO - [2026-02-15T23:33:01.608+0000] {dag.py:3036} INFO - Sync 1 DAGs
[2026-02-15T23:33:01.619+0000] {logging_mixin.py:188} INFO - [2026-02-15T23:33:01.619+0000] {dag.py:3823} INFO - Setting next_dagrun for ecommerce_etl_v2 to 2026-02-15 13:00:00+00:00, run_after=2026-02-16 13:00:00+00:00
[2026-02-15T23:33:01.627+0000] {processor.py:183} INFO - Processing /opt/airflow/dags/etl_dag.py took 0.158 seconds
[2026-02-15T23:34:10.852+0000] {processor.py:161} INFO - Started process (PID=31245) to work on /opt/airflow/dags/etl_dag.py
[2026-02-15T23:34:10.853+0000] {processor.py:830} INFO - Processing file /opt/airflow/dags/etl_dag.py for tasks to queue
[2026-02-15T23:34:10.854+0000] {logging_mixin.py:188} INFO - [2026-02-15T23:34:10.854+0000] {dagbag.py:538} INFO - Filling up the DagBag from /opt/airflow/dags/etl_dag.py
[2026-02-15T23:34:10.900+0000] {logging_mixin.py:188} INFO - Warning: Your Kaggle API key is readable by other users on this system! To fix this, you can run 'chmod 600 /home/airflow/.kaggle/kaggle.json'
[2026-02-15T23:34:10.959+0000] {logging_mixin.py:188} WARNING - /home/airflow/.local/lib/python3.8/site-packages/airflow/models/baseoperator.py:437 AirflowProviderDeprecationWarning: `exists_ok` parameter is deprecated, please use `if_exists`
[2026-02-15T23:34:10.968+0000] {processor.py:840} INFO - DAG(s) 'ecommerce_etl_v2' retrieved from /opt/airflow/dags/etl_dag.py
[2026-02-15T23:34:10.986+0000] {logging_mixin.py:188} INFO - [2026-02-15T23:34:10.986+0000] {dag.py:3036} INFO - Sync 1 DAGs
[2026-02-15T23:34:10.996+0000] {logging_mixin.py:188} INFO - [2026-02-15T23:34:10.996+0000] {dag.py:3823} INFO - Setting next_dagrun for ecommerce_etl_v2 to 2026-02-15 13:00:00+00:00, run_after=2026-02-16 13:00:00+00:00
[2026-02-15T23:34:11.004+0000] {processor.py:183} INFO - Processing /opt/airflow/dags/etl_dag.py took 0.156 seconds
[2026-02-15T23:51:56.102+0000] {processor.py:161} INFO - Started process (PID=31276) to work on /opt/airflow/dags/etl_dag.py
[2026-02-15T23:51:56.103+0000] {processor.py:830} INFO - Processing file /opt/airflow/dags/etl_dag.py for tasks to queue
[2026-02-15T23:51:56.104+0000] {logging_mixin.py:188} INFO - [2026-02-15T23:51:56.104+0000] {dagbag.py:538} INFO - Filling up the DagBag from /opt/airflow/dags/etl_dag.py
[2026-02-15T23:51:56.152+0000] {logging_mixin.py:188} INFO - Warning: Your Kaggle API key is readable by other users on this system! To fix this, you can run 'chmod 600 /home/airflow/.kaggle/kaggle.json'
[2026-02-15T23:51:56.222+0000] {logging_mixin.py:188} WARNING - /home/airflow/.local/lib/python3.8/site-packages/airflow/models/baseoperator.py:437 AirflowProviderDeprecationWarning: `exists_ok` parameter is deprecated, please use `if_exists`
[2026-02-15T23:51:56.234+0000] {processor.py:840} INFO - DAG(s) 'ecommerce_etl_v2' retrieved from /opt/airflow/dags/etl_dag.py
[2026-02-15T23:51:56.257+0000] {logging_mixin.py:188} INFO - [2026-02-15T23:51:56.257+0000] {dag.py:3036} INFO - Sync 1 DAGs
[2026-02-15T23:51:56.271+0000] {logging_mixin.py:188} INFO - [2026-02-15T23:51:56.271+0000] {dag.py:3823} INFO - Setting next_dagrun for ecommerce_etl_v2 to 2026-02-15 13:00:00+00:00, run_after=2026-02-16 13:00:00+00:00
[2026-02-15T23:51:56.283+0000] {processor.py:183} INFO - Processing /opt/airflow/dags/etl_dag.py took 0.184 seconds
[2026-02-15T23:52:26.462+0000] {processor.py:161} INFO - Started process (PID=31307) to work on /opt/airflow/dags/etl_dag.py
[2026-02-15T23:52:26.463+0000] {processor.py:830} INFO - Processing file /opt/airflow/dags/etl_dag.py for tasks to queue
[2026-02-15T23:52:26.464+0000] {logging_mixin.py:188} INFO - [2026-02-15T23:52:26.464+0000] {dagbag.py:538} INFO - Filling up the DagBag from /opt/airflow/dags/etl_dag.py
[2026-02-15T23:52:26.510+0000] {logging_mixin.py:188} INFO - Warning: Your Kaggle API key is readable by other users on this system! To fix this, you can run 'chmod 600 /home/airflow/.kaggle/kaggle.json'
[2026-02-15T23:52:26.570+0000] {logging_mixin.py:188} WARNING - /home/airflow/.local/lib/python3.8/site-packages/airflow/models/baseoperator.py:437 AirflowProviderDeprecationWarning: `exists_ok` parameter is deprecated, please use `if_exists`
[2026-02-15T23:52:26.579+0000] {processor.py:840} INFO - DAG(s) 'ecommerce_etl_v2' retrieved from /opt/airflow/dags/etl_dag.py
[2026-02-15T23:52:26.599+0000] {logging_mixin.py:188} INFO - [2026-02-15T23:52:26.599+0000] {dag.py:3036} INFO - Sync 1 DAGs
[2026-02-15T23:52:26.610+0000] {logging_mixin.py:188} INFO - [2026-02-15T23:52:26.610+0000] {dag.py:3823} INFO - Setting next_dagrun for ecommerce_etl_v2 to 2026-02-15 13:00:00+00:00, run_after=2026-02-16 13:00:00+00:00
[2026-02-15T23:52:26.619+0000] {processor.py:183} INFO - Processing /opt/airflow/dags/etl_dag.py took 0.162 seconds
[2026-02-15T23:52:57.027+0000] {processor.py:161} INFO - Started process (PID=31338) to work on /opt/airflow/dags/etl_dag.py
[2026-02-15T23:52:57.028+0000] {processor.py:830} INFO - Processing file /opt/airflow/dags/etl_dag.py for tasks to queue
[2026-02-15T23:52:57.029+0000] {logging_mixin.py:188} INFO - [2026-02-15T23:52:57.028+0000] {dagbag.py:538} INFO - Filling up the DagBag from /opt/airflow/dags/etl_dag.py
[2026-02-15T23:52:57.073+0000] {logging_mixin.py:188} INFO - Warning: Your Kaggle API key is readable by other users on this system! To fix this, you can run 'chmod 600 /home/airflow/.kaggle/kaggle.json'
[2026-02-15T23:52:57.134+0000] {logging_mixin.py:188} WARNING - /home/airflow/.local/lib/python3.8/site-packages/airflow/models/baseoperator.py:437 AirflowProviderDeprecationWarning: `exists_ok` parameter is deprecated, please use `if_exists`
[2026-02-15T23:52:57.143+0000] {processor.py:840} INFO - DAG(s) 'ecommerce_etl_v2' retrieved from /opt/airflow/dags/etl_dag.py
[2026-02-15T23:52:57.162+0000] {logging_mixin.py:188} INFO - [2026-02-15T23:52:57.162+0000] {dag.py:3036} INFO - Sync 1 DAGs
[2026-02-15T23:52:57.172+0000] {logging_mixin.py:188} INFO - [2026-02-15T23:52:57.172+0000] {dag.py:3823} INFO - Setting next_dagrun for ecommerce_etl_v2 to 2026-02-15 13:00:00+00:00, run_after=2026-02-16 13:00:00+00:00
[2026-02-15T23:52:57.181+0000] {processor.py:183} INFO - Processing /opt/airflow/dags/etl_dag.py took 0.158 seconds
[2026-02-15T23:53:27.363+0000] {processor.py:161} INFO - Started process (PID=31369) to work on /opt/airflow/dags/etl_dag.py
[2026-02-15T23:53:27.364+0000] {processor.py:830} INFO - Processing file /opt/airflow/dags/etl_dag.py for tasks to queue
[2026-02-15T23:53:27.365+0000] {logging_mixin.py:188} INFO - [2026-02-15T23:53:27.365+0000] {dagbag.py:538} INFO - Filling up the DagBag from /opt/airflow/dags/etl_dag.py
[2026-02-15T23:53:27.414+0000] {logging_mixin.py:188} INFO - Warning: Your Kaggle API key is readable by other users on this system! To fix this, you can run 'chmod 600 /home/airflow/.kaggle/kaggle.json'
[2026-02-15T23:53:27.474+0000] {logging_mixin.py:188} WARNING - /home/airflow/.local/lib/python3.8/site-packages/airflow/models/baseoperator.py:437 AirflowProviderDeprecationWarning: `exists_ok` parameter is deprecated, please use `if_exists`
[2026-02-15T23:53:27.482+0000] {processor.py:840} INFO - DAG(s) 'ecommerce_etl_v2' retrieved from /opt/airflow/dags/etl_dag.py
[2026-02-15T23:53:27.501+0000] {logging_mixin.py:188} INFO - [2026-02-15T23:53:27.501+0000] {dag.py:3036} INFO - Sync 1 DAGs
[2026-02-15T23:53:27.512+0000] {logging_mixin.py:188} INFO - [2026-02-15T23:53:27.512+0000] {dag.py:3823} INFO - Setting next_dagrun for ecommerce_etl_v2 to 2026-02-15 13:00:00+00:00, run_after=2026-02-16 13:00:00+00:00
[2026-02-15T23:53:27.521+0000] {processor.py:183} INFO - Processing /opt/airflow/dags/etl_dag.py took 0.162 seconds
[2026-02-15T23:53:57.851+0000] {processor.py:161} INFO - Started process (PID=31400) to work on /opt/airflow/dags/etl_dag.py
[2026-02-15T23:53:57.852+0000] {processor.py:830} INFO - Processing file /opt/airflow/dags/etl_dag.py for tasks to queue
[2026-02-15T23:53:57.852+0000] {logging_mixin.py:188} INFO - [2026-02-15T23:53:57.852+0000] {dagbag.py:538} INFO - Filling up the DagBag from /opt/airflow/dags/etl_dag.py
[2026-02-15T23:53:57.892+0000] {logging_mixin.py:188} INFO - Warning: Your Kaggle API key is readable by other users on this system! To fix this, you can run 'chmod 600 /home/airflow/.kaggle/kaggle.json'
[2026-02-15T23:53:57.952+0000] {logging_mixin.py:188} WARNING - /home/airflow/.local/lib/python3.8/site-packages/airflow/models/baseoperator.py:437 AirflowProviderDeprecationWarning: `exists_ok` parameter is deprecated, please use `if_exists`
[2026-02-15T23:53:57.961+0000] {processor.py:840} INFO - DAG(s) 'ecommerce_etl_v2' retrieved from /opt/airflow/dags/etl_dag.py
[2026-02-15T23:53:57.980+0000] {logging_mixin.py:188} INFO - [2026-02-15T23:53:57.980+0000] {dag.py:3036} INFO - Sync 1 DAGs
[2026-02-15T23:53:57.990+0000] {logging_mixin.py:188} INFO - [2026-02-15T23:53:57.990+0000] {dag.py:3823} INFO - Setting next_dagrun for ecommerce_etl_v2 to 2026-02-15 13:00:00+00:00, run_after=2026-02-16 13:00:00+00:00
[2026-02-15T23:53:57.999+0000] {processor.py:183} INFO - Processing /opt/airflow/dags/etl_dag.py took 0.150 seconds
[2026-02-15T23:54:28.259+0000] {processor.py:161} INFO - Started process (PID=31431) to work on /opt/airflow/dags/etl_dag.py
[2026-02-15T23:54:28.260+0000] {processor.py:830} INFO - Processing file /opt/airflow/dags/etl_dag.py for tasks to queue
[2026-02-15T23:54:28.261+0000] {logging_mixin.py:188} INFO - [2026-02-15T23:54:28.261+0000] {dagbag.py:538} INFO - Filling up the DagBag from /opt/airflow/dags/etl_dag.py
[2026-02-15T23:54:28.308+0000] {logging_mixin.py:188} INFO - Warning: Your Kaggle API key is readable by other users on this system! To fix this, you can run 'chmod 600 /home/airflow/.kaggle/kaggle.json'
[2026-02-15T23:54:28.368+0000] {logging_mixin.py:188} WARNING - /home/airflow/.local/lib/python3.8/site-packages/airflow/models/baseoperator.py:437 AirflowProviderDeprecationWarning: `exists_ok` parameter is deprecated, please use `if_exists`
[2026-02-15T23:54:28.377+0000] {processor.py:840} INFO - DAG(s) 'ecommerce_etl_v2' retrieved from /opt/airflow/dags/etl_dag.py
[2026-02-15T23:54:28.395+0000] {logging_mixin.py:188} INFO - [2026-02-15T23:54:28.395+0000] {dag.py:3036} INFO - Sync 1 DAGs
[2026-02-15T23:54:28.407+0000] {logging_mixin.py:188} INFO - [2026-02-15T23:54:28.407+0000] {dag.py:3823} INFO - Setting next_dagrun for ecommerce_etl_v2 to 2026-02-15 13:00:00+00:00, run_after=2026-02-16 13:00:00+00:00
[2026-02-15T23:54:28.416+0000] {processor.py:183} INFO - Processing /opt/airflow/dags/etl_dag.py took 0.161 seconds
[2026-02-15T23:54:58.755+0000] {processor.py:161} INFO - Started process (PID=31462) to work on /opt/airflow/dags/etl_dag.py
[2026-02-15T23:54:58.756+0000] {processor.py:830} INFO - Processing file /opt/airflow/dags/etl_dag.py for tasks to queue
[2026-02-15T23:54:58.758+0000] {logging_mixin.py:188} INFO - [2026-02-15T23:54:58.757+0000] {dagbag.py:538} INFO - Filling up the DagBag from /opt/airflow/dags/etl_dag.py
[2026-02-15T23:54:58.807+0000] {logging_mixin.py:188} INFO - Warning: Your Kaggle API key is readable by other users on this system! To fix this, you can run 'chmod 600 /home/airflow/.kaggle/kaggle.json'
[2026-02-15T23:54:58.868+0000] {logging_mixin.py:188} WARNING - /home/airflow/.local/lib/python3.8/site-packages/airflow/models/baseoperator.py:437 AirflowProviderDeprecationWarning: `exists_ok` parameter is deprecated, please use `if_exists`
[2026-02-15T23:54:58.877+0000] {processor.py:840} INFO - DAG(s) 'ecommerce_etl_v2' retrieved from /opt/airflow/dags/etl_dag.py
[2026-02-15T23:54:58.896+0000] {logging_mixin.py:188} INFO - [2026-02-15T23:54:58.896+0000] {dag.py:3036} INFO - Sync 1 DAGs
[2026-02-15T23:54:58.907+0000] {logging_mixin.py:188} INFO - [2026-02-15T23:54:58.907+0000] {dag.py:3823} INFO - Setting next_dagrun for ecommerce_etl_v2 to 2026-02-15 13:00:00+00:00, run_after=2026-02-16 13:00:00+00:00
[2026-02-15T23:54:58.916+0000] {processor.py:183} INFO - Processing /opt/airflow/dags/etl_dag.py took 0.165 seconds
[2026-02-15T23:55:29.072+0000] {processor.py:161} INFO - Started process (PID=31493) to work on /opt/airflow/dags/etl_dag.py
[2026-02-15T23:55:29.073+0000] {processor.py:830} INFO - Processing file /opt/airflow/dags/etl_dag.py for tasks to queue
[2026-02-15T23:55:29.075+0000] {logging_mixin.py:188} INFO - [2026-02-15T23:55:29.074+0000] {dagbag.py:538} INFO - Filling up the DagBag from /opt/airflow/dags/etl_dag.py
[2026-02-15T23:55:29.117+0000] {logging_mixin.py:188} INFO - Warning: Your Kaggle API key is readable by other users on this system! To fix this, you can run 'chmod 600 /home/airflow/.kaggle/kaggle.json'
[2026-02-15T23:55:29.177+0000] {logging_mixin.py:188} WARNING - /home/airflow/.local/lib/python3.8/site-packages/airflow/models/baseoperator.py:437 AirflowProviderDeprecationWarning: `exists_ok` parameter is deprecated, please use `if_exists`
[2026-02-15T23:55:29.186+0000] {processor.py:840} INFO - DAG(s) 'ecommerce_etl_v2' retrieved from /opt/airflow/dags/etl_dag.py
[2026-02-15T23:55:29.206+0000] {logging_mixin.py:188} INFO - [2026-02-15T23:55:29.206+0000] {dag.py:3036} INFO - Sync 1 DAGs
[2026-02-15T23:55:29.216+0000] {logging_mixin.py:188} INFO - [2026-02-15T23:55:29.216+0000] {dag.py:3823} INFO - Setting next_dagrun for ecommerce_etl_v2 to 2026-02-15 13:00:00+00:00, run_after=2026-02-16 13:00:00+00:00
[2026-02-15T23:55:29.225+0000] {processor.py:183} INFO - Processing /opt/airflow/dags/etl_dag.py took 0.158 seconds
[2026-02-15T23:55:59.608+0000] {processor.py:161} INFO - Started process (PID=31524) to work on /opt/airflow/dags/etl_dag.py
[2026-02-15T23:55:59.609+0000] {processor.py:830} INFO - Processing file /opt/airflow/dags/etl_dag.py for tasks to queue
[2026-02-15T23:55:59.610+0000] {logging_mixin.py:188} INFO - [2026-02-15T23:55:59.609+0000] {dagbag.py:538} INFO - Filling up the DagBag from /opt/airflow/dags/etl_dag.py
[2026-02-15T23:55:59.653+0000] {logging_mixin.py:188} INFO - Warning: Your Kaggle API key is readable by other users on this system! To fix this, you can run 'chmod 600 /home/airflow/.kaggle/kaggle.json'
[2026-02-15T23:55:59.714+0000] {logging_mixin.py:188} WARNING - /home/airflow/.local/lib/python3.8/site-packages/airflow/models/baseoperator.py:437 AirflowProviderDeprecationWarning: `exists_ok` parameter is deprecated, please use `if_exists`
[2026-02-15T23:55:59.725+0000] {processor.py:840} INFO - DAG(s) 'ecommerce_etl_v2' retrieved from /opt/airflow/dags/etl_dag.py
[2026-02-15T23:55:59.745+0000] {logging_mixin.py:188} INFO - [2026-02-15T23:55:59.744+0000] {dag.py:3036} INFO - Sync 1 DAGs
[2026-02-15T23:55:59.755+0000] {logging_mixin.py:188} INFO - [2026-02-15T23:55:59.755+0000] {dag.py:3823} INFO - Setting next_dagrun for ecommerce_etl_v2 to 2026-02-15 13:00:00+00:00, run_after=2026-02-16 13:00:00+00:00
[2026-02-15T23:55:59.763+0000] {processor.py:183} INFO - Processing /opt/airflow/dags/etl_dag.py took 0.157 seconds
