[2026-02-16T00:11:26.134+0000] {processor.py:161} INFO - Started process (PID=31555) to work on /opt/airflow/dags/etl_dag.py
[2026-02-16T00:11:26.136+0000] {processor.py:830} INFO - Processing file /opt/airflow/dags/etl_dag.py for tasks to queue
[2026-02-16T00:11:26.137+0000] {logging_mixin.py:188} INFO - [2026-02-16T00:11:26.136+0000] {dagbag.py:538} INFO - Filling up the DagBag from /opt/airflow/dags/etl_dag.py
[2026-02-16T00:11:26.196+0000] {logging_mixin.py:188} INFO - Warning: Your Kaggle API key is readable by other users on this system! To fix this, you can run 'chmod 600 /home/airflow/.kaggle/kaggle.json'
[2026-02-16T00:11:26.266+0000] {logging_mixin.py:188} WARNING - /home/airflow/.local/lib/python3.8/site-packages/airflow/models/baseoperator.py:437 AirflowProviderDeprecationWarning: `exists_ok` parameter is deprecated, please use `if_exists`
[2026-02-16T00:11:26.278+0000] {processor.py:840} INFO - DAG(s) 'ecommerce_etl_v2' retrieved from /opt/airflow/dags/etl_dag.py
[2026-02-16T00:11:26.305+0000] {logging_mixin.py:188} INFO - [2026-02-16T00:11:26.304+0000] {dag.py:3036} INFO - Sync 1 DAGs
[2026-02-16T00:11:26.321+0000] {logging_mixin.py:188} INFO - [2026-02-16T00:11:26.321+0000] {dag.py:3823} INFO - Setting next_dagrun for ecommerce_etl_v2 to 2026-02-15 13:00:00+00:00, run_after=2026-02-16 13:00:00+00:00
[2026-02-16T00:11:26.334+0000] {processor.py:183} INFO - Processing /opt/airflow/dags/etl_dag.py took 0.206 seconds
[2026-02-16T00:11:56.507+0000] {processor.py:161} INFO - Started process (PID=31586) to work on /opt/airflow/dags/etl_dag.py
[2026-02-16T00:11:56.508+0000] {processor.py:830} INFO - Processing file /opt/airflow/dags/etl_dag.py for tasks to queue
[2026-02-16T00:11:56.510+0000] {logging_mixin.py:188} INFO - [2026-02-16T00:11:56.510+0000] {dagbag.py:538} INFO - Filling up the DagBag from /opt/airflow/dags/etl_dag.py
[2026-02-16T00:11:56.556+0000] {logging_mixin.py:188} INFO - Warning: Your Kaggle API key is readable by other users on this system! To fix this, you can run 'chmod 600 /home/airflow/.kaggle/kaggle.json'
[2026-02-16T00:11:56.616+0000] {logging_mixin.py:188} WARNING - /home/airflow/.local/lib/python3.8/site-packages/airflow/models/baseoperator.py:437 AirflowProviderDeprecationWarning: `exists_ok` parameter is deprecated, please use `if_exists`
[2026-02-16T00:11:56.625+0000] {processor.py:840} INFO - DAG(s) 'ecommerce_etl_v2' retrieved from /opt/airflow/dags/etl_dag.py
[2026-02-16T00:11:56.645+0000] {logging_mixin.py:188} INFO - [2026-02-16T00:11:56.645+0000] {dag.py:3036} INFO - Sync 1 DAGs
[2026-02-16T00:11:56.655+0000] {logging_mixin.py:188} INFO - [2026-02-16T00:11:56.655+0000] {dag.py:3823} INFO - Setting next_dagrun for ecommerce_etl_v2 to 2026-02-15 13:00:00+00:00, run_after=2026-02-16 13:00:00+00:00
[2026-02-16T00:11:56.664+0000] {processor.py:183} INFO - Processing /opt/airflow/dags/etl_dag.py took 0.161 seconds
[2026-02-16T00:12:27.031+0000] {processor.py:161} INFO - Started process (PID=31617) to work on /opt/airflow/dags/etl_dag.py
[2026-02-16T00:12:27.032+0000] {processor.py:830} INFO - Processing file /opt/airflow/dags/etl_dag.py for tasks to queue
[2026-02-16T00:12:27.033+0000] {logging_mixin.py:188} INFO - [2026-02-16T00:12:27.032+0000] {dagbag.py:538} INFO - Filling up the DagBag from /opt/airflow/dags/etl_dag.py
[2026-02-16T00:12:27.080+0000] {logging_mixin.py:188} INFO - Warning: Your Kaggle API key is readable by other users on this system! To fix this, you can run 'chmod 600 /home/airflow/.kaggle/kaggle.json'
[2026-02-16T00:12:27.139+0000] {logging_mixin.py:188} WARNING - /home/airflow/.local/lib/python3.8/site-packages/airflow/models/baseoperator.py:437 AirflowProviderDeprecationWarning: `exists_ok` parameter is deprecated, please use `if_exists`
[2026-02-16T00:12:27.148+0000] {processor.py:840} INFO - DAG(s) 'ecommerce_etl_v2' retrieved from /opt/airflow/dags/etl_dag.py
[2026-02-16T00:12:27.167+0000] {logging_mixin.py:188} INFO - [2026-02-16T00:12:27.167+0000] {dag.py:3036} INFO - Sync 1 DAGs
[2026-02-16T00:12:27.177+0000] {logging_mixin.py:188} INFO - [2026-02-16T00:12:27.177+0000] {dag.py:3823} INFO - Setting next_dagrun for ecommerce_etl_v2 to 2026-02-15 13:00:00+00:00, run_after=2026-02-16 13:00:00+00:00
[2026-02-16T00:12:27.186+0000] {processor.py:183} INFO - Processing /opt/airflow/dags/etl_dag.py took 0.159 seconds
[2026-02-16T00:12:57.379+0000] {processor.py:161} INFO - Started process (PID=31648) to work on /opt/airflow/dags/etl_dag.py
[2026-02-16T00:12:57.380+0000] {processor.py:830} INFO - Processing file /opt/airflow/dags/etl_dag.py for tasks to queue
[2026-02-16T00:12:57.381+0000] {logging_mixin.py:188} INFO - [2026-02-16T00:12:57.381+0000] {dagbag.py:538} INFO - Filling up the DagBag from /opt/airflow/dags/etl_dag.py
[2026-02-16T00:12:57.427+0000] {logging_mixin.py:188} INFO - Warning: Your Kaggle API key is readable by other users on this system! To fix this, you can run 'chmod 600 /home/airflow/.kaggle/kaggle.json'
[2026-02-16T00:12:57.487+0000] {logging_mixin.py:188} WARNING - /home/airflow/.local/lib/python3.8/site-packages/airflow/models/baseoperator.py:437 AirflowProviderDeprecationWarning: `exists_ok` parameter is deprecated, please use `if_exists`
[2026-02-16T00:12:57.496+0000] {processor.py:840} INFO - DAG(s) 'ecommerce_etl_v2' retrieved from /opt/airflow/dags/etl_dag.py
[2026-02-16T00:12:57.515+0000] {logging_mixin.py:188} INFO - [2026-02-16T00:12:57.515+0000] {dag.py:3036} INFO - Sync 1 DAGs
[2026-02-16T00:12:57.525+0000] {logging_mixin.py:188} INFO - [2026-02-16T00:12:57.525+0000] {dag.py:3823} INFO - Setting next_dagrun for ecommerce_etl_v2 to 2026-02-15 13:00:00+00:00, run_after=2026-02-16 13:00:00+00:00
[2026-02-16T00:12:57.534+0000] {processor.py:183} INFO - Processing /opt/airflow/dags/etl_dag.py took 0.160 seconds
[2026-02-16T00:21:59.624+0000] {processor.py:161} INFO - Started process (PID=31680) to work on /opt/airflow/dags/etl_dag.py
[2026-02-16T00:21:59.625+0000] {processor.py:830} INFO - Processing file /opt/airflow/dags/etl_dag.py for tasks to queue
[2026-02-16T00:21:59.626+0000] {logging_mixin.py:188} INFO - [2026-02-16T00:21:59.626+0000] {dagbag.py:538} INFO - Filling up the DagBag from /opt/airflow/dags/etl_dag.py
[2026-02-16T00:21:59.679+0000] {logging_mixin.py:188} INFO - Warning: Your Kaggle API key is readable by other users on this system! To fix this, you can run 'chmod 600 /home/airflow/.kaggle/kaggle.json'
[2026-02-16T00:21:59.746+0000] {logging_mixin.py:188} WARNING - /home/airflow/.local/lib/python3.8/site-packages/airflow/models/baseoperator.py:437 AirflowProviderDeprecationWarning: `exists_ok` parameter is deprecated, please use `if_exists`
[2026-02-16T00:21:59.759+0000] {processor.py:840} INFO - DAG(s) 'ecommerce_etl_v2' retrieved from /opt/airflow/dags/etl_dag.py
[2026-02-16T00:21:59.785+0000] {logging_mixin.py:188} INFO - [2026-02-16T00:21:59.784+0000] {dag.py:3036} INFO - Sync 1 DAGs
[2026-02-16T00:21:59.799+0000] {logging_mixin.py:188} INFO - [2026-02-16T00:21:59.799+0000] {dag.py:3823} INFO - Setting next_dagrun for ecommerce_etl_v2 to 2026-02-15 13:00:00+00:00, run_after=2026-02-16 13:00:00+00:00
[2026-02-16T00:21:59.810+0000] {processor.py:183} INFO - Processing /opt/airflow/dags/etl_dag.py took 0.192 seconds
[2026-02-16T00:22:29.995+0000] {processor.py:161} INFO - Started process (PID=31712) to work on /opt/airflow/dags/etl_dag.py
[2026-02-16T00:22:29.997+0000] {processor.py:830} INFO - Processing file /opt/airflow/dags/etl_dag.py for tasks to queue
[2026-02-16T00:22:29.997+0000] {logging_mixin.py:188} INFO - [2026-02-16T00:22:29.997+0000] {dagbag.py:538} INFO - Filling up the DagBag from /opt/airflow/dags/etl_dag.py
[2026-02-16T00:22:30.040+0000] {logging_mixin.py:188} INFO - Warning: Your Kaggle API key is readable by other users on this system! To fix this, you can run 'chmod 600 /home/airflow/.kaggle/kaggle.json'
[2026-02-16T00:22:30.099+0000] {logging_mixin.py:188} WARNING - /home/airflow/.local/lib/python3.8/site-packages/airflow/models/baseoperator.py:437 AirflowProviderDeprecationWarning: `exists_ok` parameter is deprecated, please use `if_exists`
[2026-02-16T00:22:30.108+0000] {processor.py:840} INFO - DAG(s) 'ecommerce_etl_v2' retrieved from /opt/airflow/dags/etl_dag.py
[2026-02-16T00:22:30.127+0000] {logging_mixin.py:188} INFO - [2026-02-16T00:22:30.127+0000] {dag.py:3036} INFO - Sync 1 DAGs
[2026-02-16T00:22:30.137+0000] {logging_mixin.py:188} INFO - [2026-02-16T00:22:30.137+0000] {dag.py:3823} INFO - Setting next_dagrun for ecommerce_etl_v2 to 2026-02-15 13:00:00+00:00, run_after=2026-02-16 13:00:00+00:00
[2026-02-16T00:22:30.146+0000] {processor.py:183} INFO - Processing /opt/airflow/dags/etl_dag.py took 0.154 seconds
[2026-02-16T00:23:00.477+0000] {processor.py:161} INFO - Started process (PID=31743) to work on /opt/airflow/dags/etl_dag.py
[2026-02-16T00:23:00.478+0000] {processor.py:830} INFO - Processing file /opt/airflow/dags/etl_dag.py for tasks to queue
[2026-02-16T00:23:00.479+0000] {logging_mixin.py:188} INFO - [2026-02-16T00:23:00.478+0000] {dagbag.py:538} INFO - Filling up the DagBag from /opt/airflow/dags/etl_dag.py
[2026-02-16T00:23:00.519+0000] {logging_mixin.py:188} INFO - Warning: Your Kaggle API key is readable by other users on this system! To fix this, you can run 'chmod 600 /home/airflow/.kaggle/kaggle.json'
[2026-02-16T00:23:00.578+0000] {logging_mixin.py:188} WARNING - /home/airflow/.local/lib/python3.8/site-packages/airflow/models/baseoperator.py:437 AirflowProviderDeprecationWarning: `exists_ok` parameter is deprecated, please use `if_exists`
[2026-02-16T00:23:00.587+0000] {processor.py:840} INFO - DAG(s) 'ecommerce_etl_v2' retrieved from /opt/airflow/dags/etl_dag.py
[2026-02-16T00:23:00.607+0000] {logging_mixin.py:188} INFO - [2026-02-16T00:23:00.607+0000] {dag.py:3036} INFO - Sync 1 DAGs
[2026-02-16T00:23:00.618+0000] {logging_mixin.py:188} INFO - [2026-02-16T00:23:00.618+0000] {dag.py:3823} INFO - Setting next_dagrun for ecommerce_etl_v2 to 2026-02-15 13:00:00+00:00, run_after=2026-02-16 13:00:00+00:00
[2026-02-16T00:23:00.628+0000] {processor.py:183} INFO - Processing /opt/airflow/dags/etl_dag.py took 0.153 seconds
[2026-02-16T00:23:30.858+0000] {processor.py:161} INFO - Started process (PID=31774) to work on /opt/airflow/dags/etl_dag.py
[2026-02-16T00:23:30.859+0000] {processor.py:830} INFO - Processing file /opt/airflow/dags/etl_dag.py for tasks to queue
[2026-02-16T00:23:30.860+0000] {logging_mixin.py:188} INFO - [2026-02-16T00:23:30.859+0000] {dagbag.py:538} INFO - Filling up the DagBag from /opt/airflow/dags/etl_dag.py
[2026-02-16T00:23:30.902+0000] {logging_mixin.py:188} INFO - Warning: Your Kaggle API key is readable by other users on this system! To fix this, you can run 'chmod 600 /home/airflow/.kaggle/kaggle.json'
[2026-02-16T00:23:30.962+0000] {logging_mixin.py:188} WARNING - /home/airflow/.local/lib/python3.8/site-packages/airflow/models/baseoperator.py:437 AirflowProviderDeprecationWarning: `exists_ok` parameter is deprecated, please use `if_exists`
[2026-02-16T00:23:30.971+0000] {processor.py:840} INFO - DAG(s) 'ecommerce_etl_v2' retrieved from /opt/airflow/dags/etl_dag.py
[2026-02-16T00:23:30.989+0000] {logging_mixin.py:188} INFO - [2026-02-16T00:23:30.989+0000] {dag.py:3036} INFO - Sync 1 DAGs
[2026-02-16T00:23:31.000+0000] {logging_mixin.py:188} INFO - [2026-02-16T00:23:31.000+0000] {dag.py:3823} INFO - Setting next_dagrun for ecommerce_etl_v2 to 2026-02-15 13:00:00+00:00, run_after=2026-02-16 13:00:00+00:00
[2026-02-16T00:23:31.009+0000] {processor.py:183} INFO - Processing /opt/airflow/dags/etl_dag.py took 0.154 seconds
[2026-02-16T00:24:01.281+0000] {processor.py:161} INFO - Started process (PID=31805) to work on /opt/airflow/dags/etl_dag.py
[2026-02-16T00:24:01.283+0000] {processor.py:830} INFO - Processing file /opt/airflow/dags/etl_dag.py for tasks to queue
[2026-02-16T00:24:01.284+0000] {logging_mixin.py:188} INFO - [2026-02-16T00:24:01.284+0000] {dagbag.py:538} INFO - Filling up the DagBag from /opt/airflow/dags/etl_dag.py
[2026-02-16T00:24:01.331+0000] {logging_mixin.py:188} INFO - Warning: Your Kaggle API key is readable by other users on this system! To fix this, you can run 'chmod 600 /home/airflow/.kaggle/kaggle.json'
[2026-02-16T00:24:01.391+0000] {logging_mixin.py:188} WARNING - /home/airflow/.local/lib/python3.8/site-packages/airflow/models/baseoperator.py:437 AirflowProviderDeprecationWarning: `exists_ok` parameter is deprecated, please use `if_exists`
[2026-02-16T00:24:01.400+0000] {processor.py:840} INFO - DAG(s) 'ecommerce_etl_v2' retrieved from /opt/airflow/dags/etl_dag.py
[2026-02-16T00:24:01.419+0000] {logging_mixin.py:188} INFO - [2026-02-16T00:24:01.419+0000] {dag.py:3036} INFO - Sync 1 DAGs
[2026-02-16T00:24:01.429+0000] {logging_mixin.py:188} INFO - [2026-02-16T00:24:01.429+0000] {dag.py:3823} INFO - Setting next_dagrun for ecommerce_etl_v2 to 2026-02-15 13:00:00+00:00, run_after=2026-02-16 13:00:00+00:00
[2026-02-16T00:24:01.438+0000] {processor.py:183} INFO - Processing /opt/airflow/dags/etl_dag.py took 0.161 seconds
[2026-02-16T00:24:31.706+0000] {processor.py:161} INFO - Started process (PID=31836) to work on /opt/airflow/dags/etl_dag.py
[2026-02-16T00:24:31.707+0000] {processor.py:830} INFO - Processing file /opt/airflow/dags/etl_dag.py for tasks to queue
[2026-02-16T00:24:31.709+0000] {logging_mixin.py:188} INFO - [2026-02-16T00:24:31.708+0000] {dagbag.py:538} INFO - Filling up the DagBag from /opt/airflow/dags/etl_dag.py
[2026-02-16T00:24:31.754+0000] {logging_mixin.py:188} INFO - Warning: Your Kaggle API key is readable by other users on this system! To fix this, you can run 'chmod 600 /home/airflow/.kaggle/kaggle.json'
[2026-02-16T00:24:31.816+0000] {logging_mixin.py:188} WARNING - /home/airflow/.local/lib/python3.8/site-packages/airflow/models/baseoperator.py:437 AirflowProviderDeprecationWarning: `exists_ok` parameter is deprecated, please use `if_exists`
[2026-02-16T00:24:31.826+0000] {processor.py:840} INFO - DAG(s) 'ecommerce_etl_v2' retrieved from /opt/airflow/dags/etl_dag.py
[2026-02-16T00:24:31.844+0000] {logging_mixin.py:188} INFO - [2026-02-16T00:24:31.844+0000] {dag.py:3036} INFO - Sync 1 DAGs
[2026-02-16T00:24:31.855+0000] {logging_mixin.py:188} INFO - [2026-02-16T00:24:31.855+0000] {dag.py:3823} INFO - Setting next_dagrun for ecommerce_etl_v2 to 2026-02-15 13:00:00+00:00, run_after=2026-02-16 13:00:00+00:00
[2026-02-16T00:24:31.864+0000] {processor.py:183} INFO - Processing /opt/airflow/dags/etl_dag.py took 0.162 seconds
[2026-02-16T00:40:39.426+0000] {processor.py:161} INFO - Started process (PID=31869) to work on /opt/airflow/dags/etl_dag.py
[2026-02-16T00:40:39.427+0000] {processor.py:830} INFO - Processing file /opt/airflow/dags/etl_dag.py for tasks to queue
[2026-02-16T00:40:39.428+0000] {logging_mixin.py:188} INFO - [2026-02-16T00:40:39.428+0000] {dagbag.py:538} INFO - Filling up the DagBag from /opt/airflow/dags/etl_dag.py
[2026-02-16T00:40:39.477+0000] {logging_mixin.py:188} INFO - Warning: Your Kaggle API key is readable by other users on this system! To fix this, you can run 'chmod 600 /home/airflow/.kaggle/kaggle.json'
[2026-02-16T00:40:39.552+0000] {logging_mixin.py:188} WARNING - /home/airflow/.local/lib/python3.8/site-packages/airflow/models/baseoperator.py:437 AirflowProviderDeprecationWarning: `exists_ok` parameter is deprecated, please use `if_exists`
[2026-02-16T00:40:39.562+0000] {processor.py:840} INFO - DAG(s) 'ecommerce_etl_v2' retrieved from /opt/airflow/dags/etl_dag.py
[2026-02-16T00:40:39.589+0000] {logging_mixin.py:188} INFO - [2026-02-16T00:40:39.588+0000] {dag.py:3036} INFO - Sync 1 DAGs
[2026-02-16T00:40:39.602+0000] {logging_mixin.py:188} INFO - [2026-02-16T00:40:39.602+0000] {dag.py:3823} INFO - Setting next_dagrun for ecommerce_etl_v2 to 2026-02-15 13:00:00+00:00, run_after=2026-02-16 13:00:00+00:00
[2026-02-16T00:40:39.616+0000] {processor.py:183} INFO - Processing /opt/airflow/dags/etl_dag.py took 0.193 seconds
[2026-02-16T00:41:09.856+0000] {processor.py:161} INFO - Started process (PID=31900) to work on /opt/airflow/dags/etl_dag.py
[2026-02-16T00:41:09.857+0000] {processor.py:830} INFO - Processing file /opt/airflow/dags/etl_dag.py for tasks to queue
[2026-02-16T00:41:09.858+0000] {logging_mixin.py:188} INFO - [2026-02-16T00:41:09.858+0000] {dagbag.py:538} INFO - Filling up the DagBag from /opt/airflow/dags/etl_dag.py
[2026-02-16T00:41:09.906+0000] {logging_mixin.py:188} INFO - Warning: Your Kaggle API key is readable by other users on this system! To fix this, you can run 'chmod 600 /home/airflow/.kaggle/kaggle.json'
[2026-02-16T00:41:09.972+0000] {logging_mixin.py:188} WARNING - /home/airflow/.local/lib/python3.8/site-packages/airflow/models/baseoperator.py:437 AirflowProviderDeprecationWarning: `exists_ok` parameter is deprecated, please use `if_exists`
[2026-02-16T00:41:09.983+0000] {processor.py:840} INFO - DAG(s) 'ecommerce_etl_v2' retrieved from /opt/airflow/dags/etl_dag.py
[2026-02-16T00:41:10.005+0000] {logging_mixin.py:188} INFO - [2026-02-16T00:41:10.005+0000] {dag.py:3036} INFO - Sync 1 DAGs
[2026-02-16T00:41:10.015+0000] {logging_mixin.py:188} INFO - [2026-02-16T00:41:10.015+0000] {dag.py:3823} INFO - Setting next_dagrun for ecommerce_etl_v2 to 2026-02-15 13:00:00+00:00, run_after=2026-02-16 13:00:00+00:00
[2026-02-16T00:41:10.024+0000] {processor.py:183} INFO - Processing /opt/airflow/dags/etl_dag.py took 0.170 seconds
[2026-02-16T00:56:50.081+0000] {processor.py:161} INFO - Started process (PID=31931) to work on /opt/airflow/dags/etl_dag.py
[2026-02-16T00:56:50.082+0000] {processor.py:830} INFO - Processing file /opt/airflow/dags/etl_dag.py for tasks to queue
[2026-02-16T00:56:50.082+0000] {logging_mixin.py:188} INFO - [2026-02-16T00:56:50.082+0000] {dagbag.py:538} INFO - Filling up the DagBag from /opt/airflow/dags/etl_dag.py
[2026-02-16T00:56:50.121+0000] {logging_mixin.py:188} INFO - Warning: Your Kaggle API key is readable by other users on this system! To fix this, you can run 'chmod 600 /home/airflow/.kaggle/kaggle.json'
[2026-02-16T00:56:50.186+0000] {logging_mixin.py:188} WARNING - /home/airflow/.local/lib/python3.8/site-packages/airflow/models/baseoperator.py:437 AirflowProviderDeprecationWarning: `exists_ok` parameter is deprecated, please use `if_exists`
[2026-02-16T00:56:50.197+0000] {processor.py:840} INFO - DAG(s) 'ecommerce_etl_v2' retrieved from /opt/airflow/dags/etl_dag.py
[2026-02-16T00:56:50.221+0000] {logging_mixin.py:188} INFO - [2026-02-16T00:56:50.221+0000] {dag.py:3036} INFO - Sync 1 DAGs
[2026-02-16T00:56:50.236+0000] {logging_mixin.py:188} INFO - [2026-02-16T00:56:50.236+0000] {dag.py:3823} INFO - Setting next_dagrun for ecommerce_etl_v2 to 2026-02-15 13:00:00+00:00, run_after=2026-02-16 13:00:00+00:00
[2026-02-16T00:56:50.249+0000] {processor.py:183} INFO - Processing /opt/airflow/dags/etl_dag.py took 0.170 seconds
[2026-02-16T00:57:20.551+0000] {processor.py:161} INFO - Started process (PID=31962) to work on /opt/airflow/dags/etl_dag.py
[2026-02-16T00:57:20.552+0000] {processor.py:830} INFO - Processing file /opt/airflow/dags/etl_dag.py for tasks to queue
[2026-02-16T00:57:20.552+0000] {logging_mixin.py:188} INFO - [2026-02-16T00:57:20.552+0000] {dagbag.py:538} INFO - Filling up the DagBag from /opt/airflow/dags/etl_dag.py
[2026-02-16T00:57:20.591+0000] {logging_mixin.py:188} INFO - Warning: Your Kaggle API key is readable by other users on this system! To fix this, you can run 'chmod 600 /home/airflow/.kaggle/kaggle.json'
[2026-02-16T00:57:20.650+0000] {logging_mixin.py:188} WARNING - /home/airflow/.local/lib/python3.8/site-packages/airflow/models/baseoperator.py:437 AirflowProviderDeprecationWarning: `exists_ok` parameter is deprecated, please use `if_exists`
[2026-02-16T00:57:20.659+0000] {processor.py:840} INFO - DAG(s) 'ecommerce_etl_v2' retrieved from /opt/airflow/dags/etl_dag.py
[2026-02-16T00:57:20.678+0000] {logging_mixin.py:188} INFO - [2026-02-16T00:57:20.678+0000] {dag.py:3036} INFO - Sync 1 DAGs
[2026-02-16T00:57:20.688+0000] {logging_mixin.py:188} INFO - [2026-02-16T00:57:20.688+0000] {dag.py:3823} INFO - Setting next_dagrun for ecommerce_etl_v2 to 2026-02-15 13:00:00+00:00, run_after=2026-02-16 13:00:00+00:00
[2026-02-16T00:57:20.697+0000] {processor.py:183} INFO - Processing /opt/airflow/dags/etl_dag.py took 0.148 seconds
[2026-02-16T00:57:50.978+0000] {processor.py:161} INFO - Started process (PID=31993) to work on /opt/airflow/dags/etl_dag.py
[2026-02-16T00:57:50.979+0000] {processor.py:830} INFO - Processing file /opt/airflow/dags/etl_dag.py for tasks to queue
[2026-02-16T00:57:50.980+0000] {logging_mixin.py:188} INFO - [2026-02-16T00:57:50.980+0000] {dagbag.py:538} INFO - Filling up the DagBag from /opt/airflow/dags/etl_dag.py
[2026-02-16T00:57:51.026+0000] {logging_mixin.py:188} INFO - Warning: Your Kaggle API key is readable by other users on this system! To fix this, you can run 'chmod 600 /home/airflow/.kaggle/kaggle.json'
[2026-02-16T00:57:51.085+0000] {logging_mixin.py:188} WARNING - /home/airflow/.local/lib/python3.8/site-packages/airflow/models/baseoperator.py:437 AirflowProviderDeprecationWarning: `exists_ok` parameter is deprecated, please use `if_exists`
[2026-02-16T00:57:51.094+0000] {processor.py:840} INFO - DAG(s) 'ecommerce_etl_v2' retrieved from /opt/airflow/dags/etl_dag.py
[2026-02-16T00:57:51.113+0000] {logging_mixin.py:188} INFO - [2026-02-16T00:57:51.113+0000] {dag.py:3036} INFO - Sync 1 DAGs
[2026-02-16T00:57:51.123+0000] {logging_mixin.py:188} INFO - [2026-02-16T00:57:51.123+0000] {dag.py:3823} INFO - Setting next_dagrun for ecommerce_etl_v2 to 2026-02-15 13:00:00+00:00, run_after=2026-02-16 13:00:00+00:00
[2026-02-16T00:57:51.132+0000] {processor.py:183} INFO - Processing /opt/airflow/dags/etl_dag.py took 0.158 seconds
[2026-02-16T00:58:21.370+0000] {processor.py:161} INFO - Started process (PID=32024) to work on /opt/airflow/dags/etl_dag.py
[2026-02-16T00:58:21.371+0000] {processor.py:830} INFO - Processing file /opt/airflow/dags/etl_dag.py for tasks to queue
[2026-02-16T00:58:21.372+0000] {logging_mixin.py:188} INFO - [2026-02-16T00:58:21.371+0000] {dagbag.py:538} INFO - Filling up the DagBag from /opt/airflow/dags/etl_dag.py
[2026-02-16T00:58:21.419+0000] {logging_mixin.py:188} INFO - Warning: Your Kaggle API key is readable by other users on this system! To fix this, you can run 'chmod 600 /home/airflow/.kaggle/kaggle.json'
[2026-02-16T00:58:21.480+0000] {logging_mixin.py:188} WARNING - /home/airflow/.local/lib/python3.8/site-packages/airflow/models/baseoperator.py:437 AirflowProviderDeprecationWarning: `exists_ok` parameter is deprecated, please use `if_exists`
[2026-02-16T00:58:21.488+0000] {processor.py:840} INFO - DAG(s) 'ecommerce_etl_v2' retrieved from /opt/airflow/dags/etl_dag.py
[2026-02-16T00:58:21.507+0000] {logging_mixin.py:188} INFO - [2026-02-16T00:58:21.507+0000] {dag.py:3036} INFO - Sync 1 DAGs
[2026-02-16T00:58:21.518+0000] {logging_mixin.py:188} INFO - [2026-02-16T00:58:21.518+0000] {dag.py:3823} INFO - Setting next_dagrun for ecommerce_etl_v2 to 2026-02-15 13:00:00+00:00, run_after=2026-02-16 13:00:00+00:00
[2026-02-16T00:58:21.526+0000] {processor.py:183} INFO - Processing /opt/airflow/dags/etl_dag.py took 0.161 seconds
[2026-02-16T00:58:51.758+0000] {processor.py:161} INFO - Started process (PID=32055) to work on /opt/airflow/dags/etl_dag.py
[2026-02-16T00:58:51.760+0000] {processor.py:830} INFO - Processing file /opt/airflow/dags/etl_dag.py for tasks to queue
[2026-02-16T00:58:51.760+0000] {logging_mixin.py:188} INFO - [2026-02-16T00:58:51.760+0000] {dagbag.py:538} INFO - Filling up the DagBag from /opt/airflow/dags/etl_dag.py
[2026-02-16T00:58:51.806+0000] {logging_mixin.py:188} INFO - Warning: Your Kaggle API key is readable by other users on this system! To fix this, you can run 'chmod 600 /home/airflow/.kaggle/kaggle.json'
[2026-02-16T00:58:51.865+0000] {logging_mixin.py:188} WARNING - /home/airflow/.local/lib/python3.8/site-packages/airflow/models/baseoperator.py:437 AirflowProviderDeprecationWarning: `exists_ok` parameter is deprecated, please use `if_exists`
[2026-02-16T00:58:51.874+0000] {processor.py:840} INFO - DAG(s) 'ecommerce_etl_v2' retrieved from /opt/airflow/dags/etl_dag.py
[2026-02-16T00:58:51.892+0000] {logging_mixin.py:188} INFO - [2026-02-16T00:58:51.892+0000] {dag.py:3036} INFO - Sync 1 DAGs
[2026-02-16T00:58:51.903+0000] {logging_mixin.py:188} INFO - [2026-02-16T00:58:51.903+0000] {dag.py:3823} INFO - Setting next_dagrun for ecommerce_etl_v2 to 2026-02-15 13:00:00+00:00, run_after=2026-02-16 13:00:00+00:00
[2026-02-16T00:58:51.913+0000] {processor.py:183} INFO - Processing /opt/airflow/dags/etl_dag.py took 0.159 seconds
[2026-02-16T01:16:36.493+0000] {processor.py:161} INFO - Started process (PID=32088) to work on /opt/airflow/dags/etl_dag.py
[2026-02-16T01:16:36.494+0000] {processor.py:830} INFO - Processing file /opt/airflow/dags/etl_dag.py for tasks to queue
[2026-02-16T01:16:36.495+0000] {logging_mixin.py:188} INFO - [2026-02-16T01:16:36.495+0000] {dagbag.py:538} INFO - Filling up the DagBag from /opt/airflow/dags/etl_dag.py
[2026-02-16T01:16:36.539+0000] {logging_mixin.py:188} INFO - Warning: Your Kaggle API key is readable by other users on this system! To fix this, you can run 'chmod 600 /home/airflow/.kaggle/kaggle.json'
[2026-02-16T01:16:36.604+0000] {logging_mixin.py:188} WARNING - /home/airflow/.local/lib/python3.8/site-packages/airflow/models/baseoperator.py:437 AirflowProviderDeprecationWarning: `exists_ok` parameter is deprecated, please use `if_exists`
[2026-02-16T01:16:36.615+0000] {processor.py:840} INFO - DAG(s) 'ecommerce_etl_v2' retrieved from /opt/airflow/dags/etl_dag.py
[2026-02-16T01:16:36.639+0000] {logging_mixin.py:188} INFO - [2026-02-16T01:16:36.639+0000] {dag.py:3036} INFO - Sync 1 DAGs
[2026-02-16T01:16:36.652+0000] {logging_mixin.py:188} INFO - [2026-02-16T01:16:36.652+0000] {dag.py:3823} INFO - Setting next_dagrun for ecommerce_etl_v2 to 2026-02-15 13:00:00+00:00, run_after=2026-02-16 13:00:00+00:00
[2026-02-16T01:16:36.663+0000] {processor.py:183} INFO - Processing /opt/airflow/dags/etl_dag.py took 0.174 seconds
[2026-02-16T01:17:06.899+0000] {processor.py:161} INFO - Started process (PID=32119) to work on /opt/airflow/dags/etl_dag.py
[2026-02-16T01:17:06.901+0000] {processor.py:830} INFO - Processing file /opt/airflow/dags/etl_dag.py for tasks to queue
[2026-02-16T01:17:06.901+0000] {logging_mixin.py:188} INFO - [2026-02-16T01:17:06.901+0000] {dagbag.py:538} INFO - Filling up the DagBag from /opt/airflow/dags/etl_dag.py
[2026-02-16T01:17:06.947+0000] {logging_mixin.py:188} INFO - Warning: Your Kaggle API key is readable by other users on this system! To fix this, you can run 'chmod 600 /home/airflow/.kaggle/kaggle.json'
[2026-02-16T01:17:07.007+0000] {logging_mixin.py:188} WARNING - /home/airflow/.local/lib/python3.8/site-packages/airflow/models/baseoperator.py:437 AirflowProviderDeprecationWarning: `exists_ok` parameter is deprecated, please use `if_exists`
[2026-02-16T01:17:07.016+0000] {processor.py:840} INFO - DAG(s) 'ecommerce_etl_v2' retrieved from /opt/airflow/dags/etl_dag.py
[2026-02-16T01:17:07.034+0000] {logging_mixin.py:188} INFO - [2026-02-16T01:17:07.033+0000] {dag.py:3036} INFO - Sync 1 DAGs
[2026-02-16T01:17:07.044+0000] {logging_mixin.py:188} INFO - [2026-02-16T01:17:07.043+0000] {dag.py:3823} INFO - Setting next_dagrun for ecommerce_etl_v2 to 2026-02-15 13:00:00+00:00, run_after=2026-02-16 13:00:00+00:00
[2026-02-16T01:17:07.051+0000] {processor.py:183} INFO - Processing /opt/airflow/dags/etl_dag.py took 0.156 seconds
[2026-02-16T01:17:37.285+0000] {processor.py:161} INFO - Started process (PID=32150) to work on /opt/airflow/dags/etl_dag.py
[2026-02-16T01:17:37.286+0000] {processor.py:830} INFO - Processing file /opt/airflow/dags/etl_dag.py for tasks to queue
[2026-02-16T01:17:37.287+0000] {logging_mixin.py:188} INFO - [2026-02-16T01:17:37.286+0000] {dagbag.py:538} INFO - Filling up the DagBag from /opt/airflow/dags/etl_dag.py
[2026-02-16T01:17:37.328+0000] {logging_mixin.py:188} INFO - Warning: Your Kaggle API key is readable by other users on this system! To fix this, you can run 'chmod 600 /home/airflow/.kaggle/kaggle.json'
[2026-02-16T01:17:37.389+0000] {logging_mixin.py:188} WARNING - /home/airflow/.local/lib/python3.8/site-packages/airflow/models/baseoperator.py:437 AirflowProviderDeprecationWarning: `exists_ok` parameter is deprecated, please use `if_exists`
[2026-02-16T01:17:37.398+0000] {processor.py:840} INFO - DAG(s) 'ecommerce_etl_v2' retrieved from /opt/airflow/dags/etl_dag.py
[2026-02-16T01:17:37.418+0000] {logging_mixin.py:188} INFO - [2026-02-16T01:17:37.418+0000] {dag.py:3036} INFO - Sync 1 DAGs
[2026-02-16T01:17:37.429+0000] {logging_mixin.py:188} INFO - [2026-02-16T01:17:37.429+0000] {dag.py:3823} INFO - Setting next_dagrun for ecommerce_etl_v2 to 2026-02-15 13:00:00+00:00, run_after=2026-02-16 13:00:00+00:00
[2026-02-16T01:17:37.438+0000] {processor.py:183} INFO - Processing /opt/airflow/dags/etl_dag.py took 0.155 seconds
[2026-02-16T01:18:07.681+0000] {processor.py:161} INFO - Started process (PID=32181) to work on /opt/airflow/dags/etl_dag.py
[2026-02-16T01:18:07.682+0000] {processor.py:830} INFO - Processing file /opt/airflow/dags/etl_dag.py for tasks to queue
[2026-02-16T01:18:07.683+0000] {logging_mixin.py:188} INFO - [2026-02-16T01:18:07.683+0000] {dagbag.py:538} INFO - Filling up the DagBag from /opt/airflow/dags/etl_dag.py
[2026-02-16T01:18:07.730+0000] {logging_mixin.py:188} INFO - Warning: Your Kaggle API key is readable by other users on this system! To fix this, you can run 'chmod 600 /home/airflow/.kaggle/kaggle.json'
[2026-02-16T01:18:07.790+0000] {logging_mixin.py:188} WARNING - /home/airflow/.local/lib/python3.8/site-packages/airflow/models/baseoperator.py:437 AirflowProviderDeprecationWarning: `exists_ok` parameter is deprecated, please use `if_exists`
[2026-02-16T01:18:07.799+0000] {processor.py:840} INFO - DAG(s) 'ecommerce_etl_v2' retrieved from /opt/airflow/dags/etl_dag.py
[2026-02-16T01:18:07.818+0000] {logging_mixin.py:188} INFO - [2026-02-16T01:18:07.817+0000] {dag.py:3036} INFO - Sync 1 DAGs
[2026-02-16T01:18:07.828+0000] {logging_mixin.py:188} INFO - [2026-02-16T01:18:07.828+0000] {dag.py:3823} INFO - Setting next_dagrun for ecommerce_etl_v2 to 2026-02-15 13:00:00+00:00, run_after=2026-02-16 13:00:00+00:00
[2026-02-16T01:18:07.837+0000] {processor.py:183} INFO - Processing /opt/airflow/dags/etl_dag.py took 0.161 seconds
[2026-02-16T01:33:36.085+0000] {processor.py:161} INFO - Started process (PID=32213) to work on /opt/airflow/dags/etl_dag.py
[2026-02-16T01:33:36.085+0000] {processor.py:830} INFO - Processing file /opt/airflow/dags/etl_dag.py for tasks to queue
[2026-02-16T01:33:36.086+0000] {logging_mixin.py:188} INFO - [2026-02-16T01:33:36.086+0000] {dagbag.py:538} INFO - Filling up the DagBag from /opt/airflow/dags/etl_dag.py
[2026-02-16T01:33:36.123+0000] {logging_mixin.py:188} INFO - Warning: Your Kaggle API key is readable by other users on this system! To fix this, you can run 'chmod 600 /home/airflow/.kaggle/kaggle.json'
[2026-02-16T01:33:36.184+0000] {logging_mixin.py:188} WARNING - /home/airflow/.local/lib/python3.8/site-packages/airflow/models/baseoperator.py:437 AirflowProviderDeprecationWarning: `exists_ok` parameter is deprecated, please use `if_exists`
[2026-02-16T01:33:36.192+0000] {processor.py:840} INFO - DAG(s) 'ecommerce_etl_v2' retrieved from /opt/airflow/dags/etl_dag.py
[2026-02-16T01:33:36.211+0000] {logging_mixin.py:188} INFO - [2026-02-16T01:33:36.211+0000] {dag.py:3036} INFO - Sync 1 DAGs
[2026-02-16T01:33:36.222+0000] {logging_mixin.py:188} INFO - [2026-02-16T01:33:36.222+0000] {dag.py:3823} INFO - Setting next_dagrun for ecommerce_etl_v2 to 2026-02-15 13:00:00+00:00, run_after=2026-02-16 13:00:00+00:00
[2026-02-16T01:33:36.231+0000] {processor.py:183} INFO - Processing /opt/airflow/dags/etl_dag.py took 0.148 seconds
[2026-02-16T01:34:06.474+0000] {processor.py:161} INFO - Started process (PID=32245) to work on /opt/airflow/dags/etl_dag.py
[2026-02-16T01:34:06.475+0000] {processor.py:830} INFO - Processing file /opt/airflow/dags/etl_dag.py for tasks to queue
[2026-02-16T01:34:06.476+0000] {logging_mixin.py:188} INFO - [2026-02-16T01:34:06.476+0000] {dagbag.py:538} INFO - Filling up the DagBag from /opt/airflow/dags/etl_dag.py
[2026-02-16T01:34:06.523+0000] {logging_mixin.py:188} INFO - Warning: Your Kaggle API key is readable by other users on this system! To fix this, you can run 'chmod 600 /home/airflow/.kaggle/kaggle.json'
[2026-02-16T01:34:06.584+0000] {logging_mixin.py:188} WARNING - /home/airflow/.local/lib/python3.8/site-packages/airflow/models/baseoperator.py:437 AirflowProviderDeprecationWarning: `exists_ok` parameter is deprecated, please use `if_exists`
[2026-02-16T01:34:06.592+0000] {processor.py:840} INFO - DAG(s) 'ecommerce_etl_v2' retrieved from /opt/airflow/dags/etl_dag.py
[2026-02-16T01:34:06.612+0000] {logging_mixin.py:188} INFO - [2026-02-16T01:34:06.612+0000] {dag.py:3036} INFO - Sync 1 DAGs
[2026-02-16T01:34:06.622+0000] {logging_mixin.py:188} INFO - [2026-02-16T01:34:06.622+0000] {dag.py:3823} INFO - Setting next_dagrun for ecommerce_etl_v2 to 2026-02-15 13:00:00+00:00, run_after=2026-02-16 13:00:00+00:00
[2026-02-16T01:34:06.631+0000] {processor.py:183} INFO - Processing /opt/airflow/dags/etl_dag.py took 0.162 seconds
[2026-02-16T01:34:36.915+0000] {processor.py:161} INFO - Started process (PID=32276) to work on /opt/airflow/dags/etl_dag.py
[2026-02-16T01:34:36.916+0000] {processor.py:830} INFO - Processing file /opt/airflow/dags/etl_dag.py for tasks to queue
[2026-02-16T01:34:36.917+0000] {logging_mixin.py:188} INFO - [2026-02-16T01:34:36.917+0000] {dagbag.py:538} INFO - Filling up the DagBag from /opt/airflow/dags/etl_dag.py
[2026-02-16T01:34:36.961+0000] {logging_mixin.py:188} INFO - Warning: Your Kaggle API key is readable by other users on this system! To fix this, you can run 'chmod 600 /home/airflow/.kaggle/kaggle.json'
[2026-02-16T01:34:37.020+0000] {logging_mixin.py:188} WARNING - /home/airflow/.local/lib/python3.8/site-packages/airflow/models/baseoperator.py:437 AirflowProviderDeprecationWarning: `exists_ok` parameter is deprecated, please use `if_exists`
[2026-02-16T01:34:37.029+0000] {processor.py:840} INFO - DAG(s) 'ecommerce_etl_v2' retrieved from /opt/airflow/dags/etl_dag.py
[2026-02-16T01:34:37.047+0000] {logging_mixin.py:188} INFO - [2026-02-16T01:34:37.047+0000] {dag.py:3036} INFO - Sync 1 DAGs
[2026-02-16T01:34:37.058+0000] {logging_mixin.py:188} INFO - [2026-02-16T01:34:37.058+0000] {dag.py:3823} INFO - Setting next_dagrun for ecommerce_etl_v2 to 2026-02-15 13:00:00+00:00, run_after=2026-02-16 13:00:00+00:00
[2026-02-16T01:34:37.067+0000] {processor.py:183} INFO - Processing /opt/airflow/dags/etl_dag.py took 0.156 seconds
[2026-02-16T01:35:07.278+0000] {processor.py:161} INFO - Started process (PID=32307) to work on /opt/airflow/dags/etl_dag.py
[2026-02-16T01:35:07.279+0000] {processor.py:830} INFO - Processing file /opt/airflow/dags/etl_dag.py for tasks to queue
[2026-02-16T01:35:07.281+0000] {logging_mixin.py:188} INFO - [2026-02-16T01:35:07.280+0000] {dagbag.py:538} INFO - Filling up the DagBag from /opt/airflow/dags/etl_dag.py
[2026-02-16T01:35:07.328+0000] {logging_mixin.py:188} INFO - Warning: Your Kaggle API key is readable by other users on this system! To fix this, you can run 'chmod 600 /home/airflow/.kaggle/kaggle.json'
[2026-02-16T01:35:07.387+0000] {logging_mixin.py:188} WARNING - /home/airflow/.local/lib/python3.8/site-packages/airflow/models/baseoperator.py:437 AirflowProviderDeprecationWarning: `exists_ok` parameter is deprecated, please use `if_exists`
[2026-02-16T01:35:07.397+0000] {processor.py:840} INFO - DAG(s) 'ecommerce_etl_v2' retrieved from /opt/airflow/dags/etl_dag.py
[2026-02-16T01:35:07.415+0000] {logging_mixin.py:188} INFO - [2026-02-16T01:35:07.415+0000] {dag.py:3036} INFO - Sync 1 DAGs
[2026-02-16T01:35:07.426+0000] {logging_mixin.py:188} INFO - [2026-02-16T01:35:07.426+0000] {dag.py:3823} INFO - Setting next_dagrun for ecommerce_etl_v2 to 2026-02-15 13:00:00+00:00, run_after=2026-02-16 13:00:00+00:00
[2026-02-16T01:35:07.434+0000] {processor.py:183} INFO - Processing /opt/airflow/dags/etl_dag.py took 0.161 seconds
[2026-02-16T01:35:37.733+0000] {processor.py:161} INFO - Started process (PID=32338) to work on /opt/airflow/dags/etl_dag.py
[2026-02-16T01:35:37.734+0000] {processor.py:830} INFO - Processing file /opt/airflow/dags/etl_dag.py for tasks to queue
[2026-02-16T01:35:37.735+0000] {logging_mixin.py:188} INFO - [2026-02-16T01:35:37.735+0000] {dagbag.py:538} INFO - Filling up the DagBag from /opt/airflow/dags/etl_dag.py
[2026-02-16T01:35:37.786+0000] {logging_mixin.py:188} INFO - Warning: Your Kaggle API key is readable by other users on this system! To fix this, you can run 'chmod 600 /home/airflow/.kaggle/kaggle.json'
[2026-02-16T01:35:37.850+0000] {logging_mixin.py:188} WARNING - /home/airflow/.local/lib/python3.8/site-packages/airflow/models/baseoperator.py:437 AirflowProviderDeprecationWarning: `exists_ok` parameter is deprecated, please use `if_exists`
[2026-02-16T01:35:37.859+0000] {processor.py:840} INFO - DAG(s) 'ecommerce_etl_v2' retrieved from /opt/airflow/dags/etl_dag.py
[2026-02-16T01:35:37.880+0000] {logging_mixin.py:188} INFO - [2026-02-16T01:35:37.879+0000] {dag.py:3036} INFO - Sync 1 DAGs
[2026-02-16T01:35:37.892+0000] {logging_mixin.py:188} INFO - [2026-02-16T01:35:37.891+0000] {dag.py:3823} INFO - Setting next_dagrun for ecommerce_etl_v2 to 2026-02-15 13:00:00+00:00, run_after=2026-02-16 13:00:00+00:00
[2026-02-16T01:35:37.902+0000] {processor.py:183} INFO - Processing /opt/airflow/dags/etl_dag.py took 0.171 seconds
[2026-02-16T01:51:06.124+0000] {processor.py:161} INFO - Started process (PID=32371) to work on /opt/airflow/dags/etl_dag.py
[2026-02-16T01:51:06.125+0000] {processor.py:830} INFO - Processing file /opt/airflow/dags/etl_dag.py for tasks to queue
[2026-02-16T01:51:06.125+0000] {logging_mixin.py:188} INFO - [2026-02-16T01:51:06.125+0000] {dagbag.py:538} INFO - Filling up the DagBag from /opt/airflow/dags/etl_dag.py
[2026-02-16T01:51:06.169+0000] {logging_mixin.py:188} INFO - Warning: Your Kaggle API key is readable by other users on this system! To fix this, you can run 'chmod 600 /home/airflow/.kaggle/kaggle.json'
[2026-02-16T01:51:06.228+0000] {logging_mixin.py:188} WARNING - /home/airflow/.local/lib/python3.8/site-packages/airflow/models/baseoperator.py:437 AirflowProviderDeprecationWarning: `exists_ok` parameter is deprecated, please use `if_exists`
[2026-02-16T01:51:06.237+0000] {processor.py:840} INFO - DAG(s) 'ecommerce_etl_v2' retrieved from /opt/airflow/dags/etl_dag.py
[2026-02-16T01:51:06.256+0000] {logging_mixin.py:188} INFO - [2026-02-16T01:51:06.256+0000] {dag.py:3036} INFO - Sync 1 DAGs
[2026-02-16T01:51:06.267+0000] {logging_mixin.py:188} INFO - [2026-02-16T01:51:06.267+0000] {dag.py:3823} INFO - Setting next_dagrun for ecommerce_etl_v2 to 2026-02-15 13:00:00+00:00, run_after=2026-02-16 13:00:00+00:00
[2026-02-16T01:51:06.275+0000] {processor.py:183} INFO - Processing /opt/airflow/dags/etl_dag.py took 0.155 seconds
[2026-02-16T01:51:36.634+0000] {processor.py:161} INFO - Started process (PID=32402) to work on /opt/airflow/dags/etl_dag.py
[2026-02-16T01:51:36.635+0000] {processor.py:830} INFO - Processing file /opt/airflow/dags/etl_dag.py for tasks to queue
[2026-02-16T01:51:36.635+0000] {logging_mixin.py:188} INFO - [2026-02-16T01:51:36.635+0000] {dagbag.py:538} INFO - Filling up the DagBag from /opt/airflow/dags/etl_dag.py
[2026-02-16T01:51:36.671+0000] {logging_mixin.py:188} INFO - Warning: Your Kaggle API key is readable by other users on this system! To fix this, you can run 'chmod 600 /home/airflow/.kaggle/kaggle.json'
[2026-02-16T01:51:36.732+0000] {logging_mixin.py:188} WARNING - /home/airflow/.local/lib/python3.8/site-packages/airflow/models/baseoperator.py:437 AirflowProviderDeprecationWarning: `exists_ok` parameter is deprecated, please use `if_exists`
[2026-02-16T01:51:36.742+0000] {processor.py:840} INFO - DAG(s) 'ecommerce_etl_v2' retrieved from /opt/airflow/dags/etl_dag.py
[2026-02-16T01:51:36.761+0000] {logging_mixin.py:188} INFO - [2026-02-16T01:51:36.760+0000] {dag.py:3036} INFO - Sync 1 DAGs
[2026-02-16T01:51:36.771+0000] {logging_mixin.py:188} INFO - [2026-02-16T01:51:36.771+0000] {dag.py:3823} INFO - Setting next_dagrun for ecommerce_etl_v2 to 2026-02-15 13:00:00+00:00, run_after=2026-02-16 13:00:00+00:00
[2026-02-16T01:51:36.780+0000] {processor.py:183} INFO - Processing /opt/airflow/dags/etl_dag.py took 0.148 seconds
[2026-02-16T01:52:07.042+0000] {processor.py:161} INFO - Started process (PID=32433) to work on /opt/airflow/dags/etl_dag.py
[2026-02-16T01:52:07.043+0000] {processor.py:830} INFO - Processing file /opt/airflow/dags/etl_dag.py for tasks to queue
[2026-02-16T01:52:07.043+0000] {logging_mixin.py:188} INFO - [2026-02-16T01:52:07.043+0000] {dagbag.py:538} INFO - Filling up the DagBag from /opt/airflow/dags/etl_dag.py
[2026-02-16T01:52:07.082+0000] {logging_mixin.py:188} INFO - Warning: Your Kaggle API key is readable by other users on this system! To fix this, you can run 'chmod 600 /home/airflow/.kaggle/kaggle.json'
[2026-02-16T01:52:07.142+0000] {logging_mixin.py:188} WARNING - /home/airflow/.local/lib/python3.8/site-packages/airflow/models/baseoperator.py:437 AirflowProviderDeprecationWarning: `exists_ok` parameter is deprecated, please use `if_exists`
[2026-02-16T01:52:07.152+0000] {processor.py:840} INFO - DAG(s) 'ecommerce_etl_v2' retrieved from /opt/airflow/dags/etl_dag.py
[2026-02-16T01:52:07.171+0000] {logging_mixin.py:188} INFO - [2026-02-16T01:52:07.171+0000] {dag.py:3036} INFO - Sync 1 DAGs
[2026-02-16T01:52:07.183+0000] {logging_mixin.py:188} INFO - [2026-02-16T01:52:07.183+0000] {dag.py:3823} INFO - Setting next_dagrun for ecommerce_etl_v2 to 2026-02-15 13:00:00+00:00, run_after=2026-02-16 13:00:00+00:00
[2026-02-16T01:52:07.191+0000] {processor.py:183} INFO - Processing /opt/airflow/dags/etl_dag.py took 0.152 seconds
[2026-02-16T01:52:37.327+0000] {processor.py:161} INFO - Started process (PID=32464) to work on /opt/airflow/dags/etl_dag.py
[2026-02-16T01:52:37.328+0000] {processor.py:830} INFO - Processing file /opt/airflow/dags/etl_dag.py for tasks to queue
[2026-02-16T01:52:37.328+0000] {logging_mixin.py:188} INFO - [2026-02-16T01:52:37.328+0000] {dagbag.py:538} INFO - Filling up the DagBag from /opt/airflow/dags/etl_dag.py
[2026-02-16T01:52:37.365+0000] {logging_mixin.py:188} INFO - Warning: Your Kaggle API key is readable by other users on this system! To fix this, you can run 'chmod 600 /home/airflow/.kaggle/kaggle.json'
[2026-02-16T01:52:37.424+0000] {logging_mixin.py:188} WARNING - /home/airflow/.local/lib/python3.8/site-packages/airflow/models/baseoperator.py:437 AirflowProviderDeprecationWarning: `exists_ok` parameter is deprecated, please use `if_exists`
[2026-02-16T01:52:37.433+0000] {processor.py:840} INFO - DAG(s) 'ecommerce_etl_v2' retrieved from /opt/airflow/dags/etl_dag.py
[2026-02-16T01:52:37.452+0000] {logging_mixin.py:188} INFO - [2026-02-16T01:52:37.452+0000] {dag.py:3036} INFO - Sync 1 DAGs
[2026-02-16T01:52:37.462+0000] {logging_mixin.py:188} INFO - [2026-02-16T01:52:37.462+0000] {dag.py:3823} INFO - Setting next_dagrun for ecommerce_etl_v2 to 2026-02-15 13:00:00+00:00, run_after=2026-02-16 13:00:00+00:00
[2026-02-16T01:52:37.471+0000] {processor.py:183} INFO - Processing /opt/airflow/dags/etl_dag.py took 0.145 seconds
[2026-02-16T02:08:05.170+0000] {processor.py:161} INFO - Started process (PID=32497) to work on /opt/airflow/dags/etl_dag.py
[2026-02-16T02:08:05.171+0000] {processor.py:830} INFO - Processing file /opt/airflow/dags/etl_dag.py for tasks to queue
[2026-02-16T02:08:05.171+0000] {logging_mixin.py:188} INFO - [2026-02-16T02:08:05.171+0000] {dagbag.py:538} INFO - Filling up the DagBag from /opt/airflow/dags/etl_dag.py
[2026-02-16T02:08:05.217+0000] {logging_mixin.py:188} INFO - Warning: Your Kaggle API key is readable by other users on this system! To fix this, you can run 'chmod 600 /home/airflow/.kaggle/kaggle.json'
[2026-02-16T02:08:05.287+0000] {logging_mixin.py:188} WARNING - /home/airflow/.local/lib/python3.8/site-packages/airflow/models/baseoperator.py:437 AirflowProviderDeprecationWarning: `exists_ok` parameter is deprecated, please use `if_exists`
[2026-02-16T02:08:05.299+0000] {processor.py:840} INFO - DAG(s) 'ecommerce_etl_v2' retrieved from /opt/airflow/dags/etl_dag.py
[2026-02-16T02:08:05.324+0000] {logging_mixin.py:188} INFO - [2026-02-16T02:08:05.323+0000] {dag.py:3036} INFO - Sync 1 DAGs
[2026-02-16T02:08:05.338+0000] {logging_mixin.py:188} INFO - [2026-02-16T02:08:05.338+0000] {dag.py:3823} INFO - Setting next_dagrun for ecommerce_etl_v2 to 2026-02-15 13:00:00+00:00, run_after=2026-02-16 13:00:00+00:00
[2026-02-16T02:08:05.352+0000] {processor.py:183} INFO - Processing /opt/airflow/dags/etl_dag.py took 0.184 seconds
[2026-02-16T02:08:35.514+0000] {processor.py:161} INFO - Started process (PID=32528) to work on /opt/airflow/dags/etl_dag.py
[2026-02-16T02:08:35.515+0000] {processor.py:830} INFO - Processing file /opt/airflow/dags/etl_dag.py for tasks to queue
[2026-02-16T02:08:35.516+0000] {logging_mixin.py:188} INFO - [2026-02-16T02:08:35.516+0000] {dagbag.py:538} INFO - Filling up the DagBag from /opt/airflow/dags/etl_dag.py
[2026-02-16T02:08:35.561+0000] {logging_mixin.py:188} INFO - Warning: Your Kaggle API key is readable by other users on this system! To fix this, you can run 'chmod 600 /home/airflow/.kaggle/kaggle.json'
[2026-02-16T02:08:35.621+0000] {logging_mixin.py:188} WARNING - /home/airflow/.local/lib/python3.8/site-packages/airflow/models/baseoperator.py:437 AirflowProviderDeprecationWarning: `exists_ok` parameter is deprecated, please use `if_exists`
[2026-02-16T02:08:35.629+0000] {processor.py:840} INFO - DAG(s) 'ecommerce_etl_v2' retrieved from /opt/airflow/dags/etl_dag.py
[2026-02-16T02:08:35.648+0000] {logging_mixin.py:188} INFO - [2026-02-16T02:08:35.648+0000] {dag.py:3036} INFO - Sync 1 DAGs
[2026-02-16T02:08:35.659+0000] {logging_mixin.py:188} INFO - [2026-02-16T02:08:35.659+0000] {dag.py:3823} INFO - Setting next_dagrun for ecommerce_etl_v2 to 2026-02-15 13:00:00+00:00, run_after=2026-02-16 13:00:00+00:00
[2026-02-16T02:08:35.667+0000] {processor.py:183} INFO - Processing /opt/airflow/dags/etl_dag.py took 0.157 seconds
[2026-02-16T02:09:06.043+0000] {processor.py:161} INFO - Started process (PID=32559) to work on /opt/airflow/dags/etl_dag.py
[2026-02-16T02:09:06.044+0000] {processor.py:830} INFO - Processing file /opt/airflow/dags/etl_dag.py for tasks to queue
[2026-02-16T02:09:06.045+0000] {logging_mixin.py:188} INFO - [2026-02-16T02:09:06.045+0000] {dagbag.py:538} INFO - Filling up the DagBag from /opt/airflow/dags/etl_dag.py
[2026-02-16T02:09:06.090+0000] {logging_mixin.py:188} INFO - Warning: Your Kaggle API key is readable by other users on this system! To fix this, you can run 'chmod 600 /home/airflow/.kaggle/kaggle.json'
[2026-02-16T02:09:06.149+0000] {logging_mixin.py:188} WARNING - /home/airflow/.local/lib/python3.8/site-packages/airflow/models/baseoperator.py:437 AirflowProviderDeprecationWarning: `exists_ok` parameter is deprecated, please use `if_exists`
[2026-02-16T02:09:06.157+0000] {processor.py:840} INFO - DAG(s) 'ecommerce_etl_v2' retrieved from /opt/airflow/dags/etl_dag.py
[2026-02-16T02:09:06.175+0000] {logging_mixin.py:188} INFO - [2026-02-16T02:09:06.175+0000] {dag.py:3036} INFO - Sync 1 DAGs
[2026-02-16T02:09:06.186+0000] {logging_mixin.py:188} INFO - [2026-02-16T02:09:06.185+0000] {dag.py:3823} INFO - Setting next_dagrun for ecommerce_etl_v2 to 2026-02-15 13:00:00+00:00, run_after=2026-02-16 13:00:00+00:00
[2026-02-16T02:09:06.195+0000] {processor.py:183} INFO - Processing /opt/airflow/dags/etl_dag.py took 0.155 seconds
[2026-02-16T02:09:36.407+0000] {processor.py:161} INFO - Started process (PID=32590) to work on /opt/airflow/dags/etl_dag.py
[2026-02-16T02:09:36.408+0000] {processor.py:830} INFO - Processing file /opt/airflow/dags/etl_dag.py for tasks to queue
[2026-02-16T02:09:36.409+0000] {logging_mixin.py:188} INFO - [2026-02-16T02:09:36.409+0000] {dagbag.py:538} INFO - Filling up the DagBag from /opt/airflow/dags/etl_dag.py
[2026-02-16T02:09:36.461+0000] {logging_mixin.py:188} INFO - Warning: Your Kaggle API key is readable by other users on this system! To fix this, you can run 'chmod 600 /home/airflow/.kaggle/kaggle.json'
[2026-02-16T02:09:36.521+0000] {logging_mixin.py:188} WARNING - /home/airflow/.local/lib/python3.8/site-packages/airflow/models/baseoperator.py:437 AirflowProviderDeprecationWarning: `exists_ok` parameter is deprecated, please use `if_exists`
[2026-02-16T02:09:36.529+0000] {processor.py:840} INFO - DAG(s) 'ecommerce_etl_v2' retrieved from /opt/airflow/dags/etl_dag.py
[2026-02-16T02:09:36.548+0000] {logging_mixin.py:188} INFO - [2026-02-16T02:09:36.548+0000] {dag.py:3036} INFO - Sync 1 DAGs
[2026-02-16T02:09:36.559+0000] {logging_mixin.py:188} INFO - [2026-02-16T02:09:36.558+0000] {dag.py:3823} INFO - Setting next_dagrun for ecommerce_etl_v2 to 2026-02-15 13:00:00+00:00, run_after=2026-02-16 13:00:00+00:00
[2026-02-16T02:09:36.568+0000] {processor.py:183} INFO - Processing /opt/airflow/dags/etl_dag.py took 0.165 seconds
[2026-02-16T02:20:40.078+0000] {processor.py:161} INFO - Started process (PID=32623) to work on /opt/airflow/dags/etl_dag.py
[2026-02-16T02:20:40.078+0000] {processor.py:830} INFO - Processing file /opt/airflow/dags/etl_dag.py for tasks to queue
[2026-02-16T02:20:40.079+0000] {logging_mixin.py:188} INFO - [2026-02-16T02:20:40.079+0000] {dagbag.py:538} INFO - Filling up the DagBag from /opt/airflow/dags/etl_dag.py
[2026-02-16T02:20:40.129+0000] {logging_mixin.py:188} INFO - Warning: Your Kaggle API key is readable by other users on this system! To fix this, you can run 'chmod 600 /home/airflow/.kaggle/kaggle.json'
[2026-02-16T02:20:40.200+0000] {logging_mixin.py:188} WARNING - /home/airflow/.local/lib/python3.8/site-packages/airflow/models/baseoperator.py:437 AirflowProviderDeprecationWarning: `exists_ok` parameter is deprecated, please use `if_exists`
[2026-02-16T02:20:40.211+0000] {processor.py:840} INFO - DAG(s) 'ecommerce_etl_v2' retrieved from /opt/airflow/dags/etl_dag.py
[2026-02-16T02:20:40.235+0000] {logging_mixin.py:188} INFO - [2026-02-16T02:20:40.235+0000] {dag.py:3036} INFO - Sync 1 DAGs
[2026-02-16T02:20:40.249+0000] {logging_mixin.py:188} INFO - [2026-02-16T02:20:40.249+0000] {dag.py:3823} INFO - Setting next_dagrun for ecommerce_etl_v2 to 2026-02-15 13:00:00+00:00, run_after=2026-02-16 13:00:00+00:00
[2026-02-16T02:20:40.263+0000] {processor.py:183} INFO - Processing /opt/airflow/dags/etl_dag.py took 0.188 seconds
[2026-02-16T02:21:10.381+0000] {processor.py:161} INFO - Started process (PID=32654) to work on /opt/airflow/dags/etl_dag.py
[2026-02-16T02:21:10.383+0000] {processor.py:830} INFO - Processing file /opt/airflow/dags/etl_dag.py for tasks to queue
[2026-02-16T02:21:10.384+0000] {logging_mixin.py:188} INFO - [2026-02-16T02:21:10.383+0000] {dagbag.py:538} INFO - Filling up the DagBag from /opt/airflow/dags/etl_dag.py
[2026-02-16T02:21:10.428+0000] {logging_mixin.py:188} INFO - Warning: Your Kaggle API key is readable by other users on this system! To fix this, you can run 'chmod 600 /home/airflow/.kaggle/kaggle.json'
[2026-02-16T02:21:10.488+0000] {logging_mixin.py:188} WARNING - /home/airflow/.local/lib/python3.8/site-packages/airflow/models/baseoperator.py:437 AirflowProviderDeprecationWarning: `exists_ok` parameter is deprecated, please use `if_exists`
[2026-02-16T02:21:10.497+0000] {processor.py:840} INFO - DAG(s) 'ecommerce_etl_v2' retrieved from /opt/airflow/dags/etl_dag.py
[2026-02-16T02:21:10.516+0000] {logging_mixin.py:188} INFO - [2026-02-16T02:21:10.516+0000] {dag.py:3036} INFO - Sync 1 DAGs
[2026-02-16T02:21:10.527+0000] {logging_mixin.py:188} INFO - [2026-02-16T02:21:10.527+0000] {dag.py:3823} INFO - Setting next_dagrun for ecommerce_etl_v2 to 2026-02-15 13:00:00+00:00, run_after=2026-02-16 13:00:00+00:00
[2026-02-16T02:21:10.536+0000] {processor.py:183} INFO - Processing /opt/airflow/dags/etl_dag.py took 0.158 seconds
[2026-02-16T02:21:40.851+0000] {processor.py:161} INFO - Started process (PID=32685) to work on /opt/airflow/dags/etl_dag.py
[2026-02-16T02:21:40.853+0000] {processor.py:830} INFO - Processing file /opt/airflow/dags/etl_dag.py for tasks to queue
[2026-02-16T02:21:40.853+0000] {logging_mixin.py:188} INFO - [2026-02-16T02:21:40.853+0000] {dagbag.py:538} INFO - Filling up the DagBag from /opt/airflow/dags/etl_dag.py
[2026-02-16T02:21:40.899+0000] {logging_mixin.py:188} INFO - Warning: Your Kaggle API key is readable by other users on this system! To fix this, you can run 'chmod 600 /home/airflow/.kaggle/kaggle.json'
[2026-02-16T02:21:40.958+0000] {logging_mixin.py:188} WARNING - /home/airflow/.local/lib/python3.8/site-packages/airflow/models/baseoperator.py:437 AirflowProviderDeprecationWarning: `exists_ok` parameter is deprecated, please use `if_exists`
[2026-02-16T02:21:40.967+0000] {processor.py:840} INFO - DAG(s) 'ecommerce_etl_v2' retrieved from /opt/airflow/dags/etl_dag.py
[2026-02-16T02:21:40.986+0000] {logging_mixin.py:188} INFO - [2026-02-16T02:21:40.986+0000] {dag.py:3036} INFO - Sync 1 DAGs
[2026-02-16T02:21:40.996+0000] {logging_mixin.py:188} INFO - [2026-02-16T02:21:40.996+0000] {dag.py:3823} INFO - Setting next_dagrun for ecommerce_etl_v2 to 2026-02-15 13:00:00+00:00, run_after=2026-02-16 13:00:00+00:00
[2026-02-16T02:21:41.004+0000] {processor.py:183} INFO - Processing /opt/airflow/dags/etl_dag.py took 0.157 seconds
[2026-02-16T02:22:11.301+0000] {processor.py:161} INFO - Started process (PID=32716) to work on /opt/airflow/dags/etl_dag.py
[2026-02-16T02:22:11.302+0000] {processor.py:830} INFO - Processing file /opt/airflow/dags/etl_dag.py for tasks to queue
[2026-02-16T02:22:11.303+0000] {logging_mixin.py:188} INFO - [2026-02-16T02:22:11.303+0000] {dagbag.py:538} INFO - Filling up the DagBag from /opt/airflow/dags/etl_dag.py
[2026-02-16T02:22:11.349+0000] {logging_mixin.py:188} INFO - Warning: Your Kaggle API key is readable by other users on this system! To fix this, you can run 'chmod 600 /home/airflow/.kaggle/kaggle.json'
[2026-02-16T02:22:11.409+0000] {logging_mixin.py:188} WARNING - /home/airflow/.local/lib/python3.8/site-packages/airflow/models/baseoperator.py:437 AirflowProviderDeprecationWarning: `exists_ok` parameter is deprecated, please use `if_exists`
[2026-02-16T02:22:11.417+0000] {processor.py:840} INFO - DAG(s) 'ecommerce_etl_v2' retrieved from /opt/airflow/dags/etl_dag.py
[2026-02-16T02:22:11.436+0000] {logging_mixin.py:188} INFO - [2026-02-16T02:22:11.436+0000] {dag.py:3036} INFO - Sync 1 DAGs
[2026-02-16T02:22:11.446+0000] {logging_mixin.py:188} INFO - [2026-02-16T02:22:11.446+0000] {dag.py:3823} INFO - Setting next_dagrun for ecommerce_etl_v2 to 2026-02-15 13:00:00+00:00, run_after=2026-02-16 13:00:00+00:00
[2026-02-16T02:22:11.454+0000] {processor.py:183} INFO - Processing /opt/airflow/dags/etl_dag.py took 0.158 seconds
[2026-02-16T02:22:41.717+0000] {processor.py:161} INFO - Started process (PID=32747) to work on /opt/airflow/dags/etl_dag.py
[2026-02-16T02:22:41.718+0000] {processor.py:830} INFO - Processing file /opt/airflow/dags/etl_dag.py for tasks to queue
[2026-02-16T02:22:41.719+0000] {logging_mixin.py:188} INFO - [2026-02-16T02:22:41.719+0000] {dagbag.py:538} INFO - Filling up the DagBag from /opt/airflow/dags/etl_dag.py
[2026-02-16T02:22:41.764+0000] {logging_mixin.py:188} INFO - Warning: Your Kaggle API key is readable by other users on this system! To fix this, you can run 'chmod 600 /home/airflow/.kaggle/kaggle.json'
[2026-02-16T02:22:41.823+0000] {logging_mixin.py:188} WARNING - /home/airflow/.local/lib/python3.8/site-packages/airflow/models/baseoperator.py:437 AirflowProviderDeprecationWarning: `exists_ok` parameter is deprecated, please use `if_exists`
[2026-02-16T02:22:41.832+0000] {processor.py:840} INFO - DAG(s) 'ecommerce_etl_v2' retrieved from /opt/airflow/dags/etl_dag.py
[2026-02-16T02:22:41.850+0000] {logging_mixin.py:188} INFO - [2026-02-16T02:22:41.850+0000] {dag.py:3036} INFO - Sync 1 DAGs
[2026-02-16T02:22:41.861+0000] {logging_mixin.py:188} INFO - [2026-02-16T02:22:41.861+0000] {dag.py:3823} INFO - Setting next_dagrun for ecommerce_etl_v2 to 2026-02-15 13:00:00+00:00, run_after=2026-02-16 13:00:00+00:00
[2026-02-16T02:22:41.869+0000] {processor.py:183} INFO - Processing /opt/airflow/dags/etl_dag.py took 0.156 seconds
[2026-02-16T02:23:12.182+0000] {processor.py:161} INFO - Started process (PID=32778) to work on /opt/airflow/dags/etl_dag.py
[2026-02-16T02:23:12.183+0000] {processor.py:830} INFO - Processing file /opt/airflow/dags/etl_dag.py for tasks to queue
[2026-02-16T02:23:12.184+0000] {logging_mixin.py:188} INFO - [2026-02-16T02:23:12.183+0000] {dagbag.py:538} INFO - Filling up the DagBag from /opt/airflow/dags/etl_dag.py
[2026-02-16T02:23:12.231+0000] {logging_mixin.py:188} INFO - Warning: Your Kaggle API key is readable by other users on this system! To fix this, you can run 'chmod 600 /home/airflow/.kaggle/kaggle.json'
[2026-02-16T02:23:12.290+0000] {logging_mixin.py:188} WARNING - /home/airflow/.local/lib/python3.8/site-packages/airflow/models/baseoperator.py:437 AirflowProviderDeprecationWarning: `exists_ok` parameter is deprecated, please use `if_exists`
[2026-02-16T02:23:12.299+0000] {processor.py:840} INFO - DAG(s) 'ecommerce_etl_v2' retrieved from /opt/airflow/dags/etl_dag.py
[2026-02-16T02:23:12.318+0000] {logging_mixin.py:188} INFO - [2026-02-16T02:23:12.318+0000] {dag.py:3036} INFO - Sync 1 DAGs
[2026-02-16T02:23:12.328+0000] {logging_mixin.py:188} INFO - [2026-02-16T02:23:12.328+0000] {dag.py:3823} INFO - Setting next_dagrun for ecommerce_etl_v2 to 2026-02-15 13:00:00+00:00, run_after=2026-02-16 13:00:00+00:00
[2026-02-16T02:23:12.337+0000] {processor.py:183} INFO - Processing /opt/airflow/dags/etl_dag.py took 0.159 seconds
[2026-02-16T02:31:43.997+0000] {processor.py:161} INFO - Started process (PID=32811) to work on /opt/airflow/dags/etl_dag.py
[2026-02-16T02:31:43.998+0000] {processor.py:830} INFO - Processing file /opt/airflow/dags/etl_dag.py for tasks to queue
[2026-02-16T02:31:43.999+0000] {logging_mixin.py:188} INFO - [2026-02-16T02:31:43.998+0000] {dagbag.py:538} INFO - Filling up the DagBag from /opt/airflow/dags/etl_dag.py
[2026-02-16T02:31:44.050+0000] {logging_mixin.py:188} INFO - Warning: Your Kaggle API key is readable by other users on this system! To fix this, you can run 'chmod 600 /home/airflow/.kaggle/kaggle.json'
[2026-02-16T02:31:44.120+0000] {logging_mixin.py:188} WARNING - /home/airflow/.local/lib/python3.8/site-packages/airflow/models/baseoperator.py:437 AirflowProviderDeprecationWarning: `exists_ok` parameter is deprecated, please use `if_exists`
[2026-02-16T02:31:44.133+0000] {processor.py:840} INFO - DAG(s) 'ecommerce_etl_v2' retrieved from /opt/airflow/dags/etl_dag.py
[2026-02-16T02:31:44.158+0000] {logging_mixin.py:188} INFO - [2026-02-16T02:31:44.158+0000] {dag.py:3036} INFO - Sync 1 DAGs
[2026-02-16T02:31:44.176+0000] {logging_mixin.py:188} INFO - [2026-02-16T02:31:44.176+0000] {dag.py:3823} INFO - Setting next_dagrun for ecommerce_etl_v2 to 2026-02-15 13:00:00+00:00, run_after=2026-02-16 13:00:00+00:00
[2026-02-16T02:31:44.194+0000] {processor.py:183} INFO - Processing /opt/airflow/dags/etl_dag.py took 0.200 seconds
[2026-02-16T02:32:14.343+0000] {processor.py:161} INFO - Started process (PID=32842) to work on /opt/airflow/dags/etl_dag.py
[2026-02-16T02:32:14.345+0000] {processor.py:830} INFO - Processing file /opt/airflow/dags/etl_dag.py for tasks to queue
[2026-02-16T02:32:14.346+0000] {logging_mixin.py:188} INFO - [2026-02-16T02:32:14.345+0000] {dagbag.py:538} INFO - Filling up the DagBag from /opt/airflow/dags/etl_dag.py
[2026-02-16T02:32:14.392+0000] {logging_mixin.py:188} INFO - Warning: Your Kaggle API key is readable by other users on this system! To fix this, you can run 'chmod 600 /home/airflow/.kaggle/kaggle.json'
[2026-02-16T02:32:14.452+0000] {logging_mixin.py:188} WARNING - /home/airflow/.local/lib/python3.8/site-packages/airflow/models/baseoperator.py:437 AirflowProviderDeprecationWarning: `exists_ok` parameter is deprecated, please use `if_exists`
[2026-02-16T02:32:14.461+0000] {processor.py:840} INFO - DAG(s) 'ecommerce_etl_v2' retrieved from /opt/airflow/dags/etl_dag.py
[2026-02-16T02:32:14.479+0000] {logging_mixin.py:188} INFO - [2026-02-16T02:32:14.479+0000] {dag.py:3036} INFO - Sync 1 DAGs
[2026-02-16T02:32:14.489+0000] {logging_mixin.py:188} INFO - [2026-02-16T02:32:14.489+0000] {dag.py:3823} INFO - Setting next_dagrun for ecommerce_etl_v2 to 2026-02-15 13:00:00+00:00, run_after=2026-02-16 13:00:00+00:00
[2026-02-16T02:32:14.498+0000] {processor.py:183} INFO - Processing /opt/airflow/dags/etl_dag.py took 0.160 seconds
[2026-02-16T02:32:44.699+0000] {processor.py:161} INFO - Started process (PID=32873) to work on /opt/airflow/dags/etl_dag.py
[2026-02-16T02:32:44.701+0000] {processor.py:830} INFO - Processing file /opt/airflow/dags/etl_dag.py for tasks to queue
[2026-02-16T02:32:44.702+0000] {logging_mixin.py:188} INFO - [2026-02-16T02:32:44.701+0000] {dagbag.py:538} INFO - Filling up the DagBag from /opt/airflow/dags/etl_dag.py
[2026-02-16T02:32:44.744+0000] {logging_mixin.py:188} INFO - Warning: Your Kaggle API key is readable by other users on this system! To fix this, you can run 'chmod 600 /home/airflow/.kaggle/kaggle.json'
[2026-02-16T02:32:44.804+0000] {logging_mixin.py:188} WARNING - /home/airflow/.local/lib/python3.8/site-packages/airflow/models/baseoperator.py:437 AirflowProviderDeprecationWarning: `exists_ok` parameter is deprecated, please use `if_exists`
[2026-02-16T02:32:44.813+0000] {processor.py:840} INFO - DAG(s) 'ecommerce_etl_v2' retrieved from /opt/airflow/dags/etl_dag.py
[2026-02-16T02:32:44.832+0000] {logging_mixin.py:188} INFO - [2026-02-16T02:32:44.832+0000] {dag.py:3036} INFO - Sync 1 DAGs
[2026-02-16T02:32:44.842+0000] {logging_mixin.py:188} INFO - [2026-02-16T02:32:44.842+0000] {dag.py:3823} INFO - Setting next_dagrun for ecommerce_etl_v2 to 2026-02-15 13:00:00+00:00, run_after=2026-02-16 13:00:00+00:00
[2026-02-16T02:32:44.851+0000] {processor.py:183} INFO - Processing /opt/airflow/dags/etl_dag.py took 0.155 seconds
[2026-02-16T02:33:15.247+0000] {processor.py:161} INFO - Started process (PID=32904) to work on /opt/airflow/dags/etl_dag.py
[2026-02-16T02:33:15.248+0000] {processor.py:830} INFO - Processing file /opt/airflow/dags/etl_dag.py for tasks to queue
[2026-02-16T02:33:15.249+0000] {logging_mixin.py:188} INFO - [2026-02-16T02:33:15.249+0000] {dagbag.py:538} INFO - Filling up the DagBag from /opt/airflow/dags/etl_dag.py
[2026-02-16T02:33:15.295+0000] {logging_mixin.py:188} INFO - Warning: Your Kaggle API key is readable by other users on this system! To fix this, you can run 'chmod 600 /home/airflow/.kaggle/kaggle.json'
[2026-02-16T02:33:15.357+0000] {logging_mixin.py:188} WARNING - /home/airflow/.local/lib/python3.8/site-packages/airflow/models/baseoperator.py:437 AirflowProviderDeprecationWarning: `exists_ok` parameter is deprecated, please use `if_exists`
[2026-02-16T02:33:15.366+0000] {processor.py:840} INFO - DAG(s) 'ecommerce_etl_v2' retrieved from /opt/airflow/dags/etl_dag.py
[2026-02-16T02:33:15.385+0000] {logging_mixin.py:188} INFO - [2026-02-16T02:33:15.384+0000] {dag.py:3036} INFO - Sync 1 DAGs
[2026-02-16T02:33:15.395+0000] {logging_mixin.py:188} INFO - [2026-02-16T02:33:15.395+0000] {dag.py:3823} INFO - Setting next_dagrun for ecommerce_etl_v2 to 2026-02-15 13:00:00+00:00, run_after=2026-02-16 13:00:00+00:00
[2026-02-16T02:33:15.404+0000] {processor.py:183} INFO - Processing /opt/airflow/dags/etl_dag.py took 0.160 seconds
[2026-02-16T02:33:45.746+0000] {processor.py:161} INFO - Started process (PID=32935) to work on /opt/airflow/dags/etl_dag.py
[2026-02-16T02:33:45.748+0000] {processor.py:830} INFO - Processing file /opt/airflow/dags/etl_dag.py for tasks to queue
[2026-02-16T02:33:45.750+0000] {logging_mixin.py:188} INFO - [2026-02-16T02:33:45.749+0000] {dagbag.py:538} INFO - Filling up the DagBag from /opt/airflow/dags/etl_dag.py
[2026-02-16T02:33:45.851+0000] {logging_mixin.py:188} INFO - Warning: Your Kaggle API key is readable by other users on this system! To fix this, you can run 'chmod 600 /home/airflow/.kaggle/kaggle.json'
[2026-02-16T02:33:45.922+0000] {logging_mixin.py:188} WARNING - /home/airflow/.local/lib/python3.8/site-packages/airflow/models/baseoperator.py:437 AirflowProviderDeprecationWarning: `exists_ok` parameter is deprecated, please use `if_exists`
[2026-02-16T02:33:45.933+0000] {processor.py:840} INFO - DAG(s) 'ecommerce_etl_v2' retrieved from /opt/airflow/dags/etl_dag.py
[2026-02-16T02:33:45.955+0000] {logging_mixin.py:188} INFO - [2026-02-16T02:33:45.954+0000] {dag.py:3036} INFO - Sync 1 DAGs
[2026-02-16T02:33:45.966+0000] {logging_mixin.py:188} INFO - [2026-02-16T02:33:45.966+0000] {dag.py:3823} INFO - Setting next_dagrun for ecommerce_etl_v2 to 2026-02-15 13:00:00+00:00, run_after=2026-02-16 13:00:00+00:00
[2026-02-16T02:33:45.977+0000] {processor.py:183} INFO - Processing /opt/airflow/dags/etl_dag.py took 0.235 seconds
[2026-02-16T02:49:14.160+0000] {processor.py:161} INFO - Started process (PID=32968) to work on /opt/airflow/dags/etl_dag.py
[2026-02-16T02:49:14.161+0000] {processor.py:830} INFO - Processing file /opt/airflow/dags/etl_dag.py for tasks to queue
[2026-02-16T02:49:14.162+0000] {logging_mixin.py:188} INFO - [2026-02-16T02:49:14.162+0000] {dagbag.py:538} INFO - Filling up the DagBag from /opt/airflow/dags/etl_dag.py
[2026-02-16T02:49:14.207+0000] {logging_mixin.py:188} INFO - Warning: Your Kaggle API key is readable by other users on this system! To fix this, you can run 'chmod 600 /home/airflow/.kaggle/kaggle.json'
[2026-02-16T02:49:14.274+0000] {logging_mixin.py:188} WARNING - /home/airflow/.local/lib/python3.8/site-packages/airflow/models/baseoperator.py:437 AirflowProviderDeprecationWarning: `exists_ok` parameter is deprecated, please use `if_exists`
[2026-02-16T02:49:14.285+0000] {processor.py:840} INFO - DAG(s) 'ecommerce_etl_v2' retrieved from /opt/airflow/dags/etl_dag.py
[2026-02-16T02:49:14.313+0000] {logging_mixin.py:188} INFO - [2026-02-16T02:49:14.313+0000] {dag.py:3036} INFO - Sync 1 DAGs
[2026-02-16T02:49:14.332+0000] {logging_mixin.py:188} INFO - [2026-02-16T02:49:14.332+0000] {dag.py:3823} INFO - Setting next_dagrun for ecommerce_etl_v2 to 2026-02-15 13:00:00+00:00, run_after=2026-02-16 13:00:00+00:00
[2026-02-16T02:49:14.345+0000] {processor.py:183} INFO - Processing /opt/airflow/dags/etl_dag.py took 0.187 seconds
[2026-02-16T02:49:44.690+0000] {processor.py:161} INFO - Started process (PID=32999) to work on /opt/airflow/dags/etl_dag.py
[2026-02-16T02:49:44.692+0000] {processor.py:830} INFO - Processing file /opt/airflow/dags/etl_dag.py for tasks to queue
[2026-02-16T02:49:44.693+0000] {logging_mixin.py:188} INFO - [2026-02-16T02:49:44.692+0000] {dagbag.py:538} INFO - Filling up the DagBag from /opt/airflow/dags/etl_dag.py
[2026-02-16T02:49:44.739+0000] {logging_mixin.py:188} INFO - Warning: Your Kaggle API key is readable by other users on this system! To fix this, you can run 'chmod 600 /home/airflow/.kaggle/kaggle.json'
[2026-02-16T02:49:44.799+0000] {logging_mixin.py:188} WARNING - /home/airflow/.local/lib/python3.8/site-packages/airflow/models/baseoperator.py:437 AirflowProviderDeprecationWarning: `exists_ok` parameter is deprecated, please use `if_exists`
[2026-02-16T02:49:44.809+0000] {processor.py:840} INFO - DAG(s) 'ecommerce_etl_v2' retrieved from /opt/airflow/dags/etl_dag.py
[2026-02-16T02:49:44.828+0000] {logging_mixin.py:188} INFO - [2026-02-16T02:49:44.828+0000] {dag.py:3036} INFO - Sync 1 DAGs
[2026-02-16T02:49:44.838+0000] {logging_mixin.py:188} INFO - [2026-02-16T02:49:44.838+0000] {dag.py:3823} INFO - Setting next_dagrun for ecommerce_etl_v2 to 2026-02-15 13:00:00+00:00, run_after=2026-02-16 13:00:00+00:00
[2026-02-16T02:49:44.847+0000] {processor.py:183} INFO - Processing /opt/airflow/dags/etl_dag.py took 0.160 seconds
[2026-02-16T02:50:15.036+0000] {processor.py:161} INFO - Started process (PID=33030) to work on /opt/airflow/dags/etl_dag.py
[2026-02-16T02:50:15.038+0000] {processor.py:830} INFO - Processing file /opt/airflow/dags/etl_dag.py for tasks to queue
[2026-02-16T02:50:15.038+0000] {logging_mixin.py:188} INFO - [2026-02-16T02:50:15.038+0000] {dagbag.py:538} INFO - Filling up the DagBag from /opt/airflow/dags/etl_dag.py
[2026-02-16T02:50:15.085+0000] {logging_mixin.py:188} INFO - Warning: Your Kaggle API key is readable by other users on this system! To fix this, you can run 'chmod 600 /home/airflow/.kaggle/kaggle.json'
[2026-02-16T02:50:15.144+0000] {logging_mixin.py:188} WARNING - /home/airflow/.local/lib/python3.8/site-packages/airflow/models/baseoperator.py:437 AirflowProviderDeprecationWarning: `exists_ok` parameter is deprecated, please use `if_exists`
[2026-02-16T02:50:15.153+0000] {processor.py:840} INFO - DAG(s) 'ecommerce_etl_v2' retrieved from /opt/airflow/dags/etl_dag.py
[2026-02-16T02:50:15.171+0000] {logging_mixin.py:188} INFO - [2026-02-16T02:50:15.171+0000] {dag.py:3036} INFO - Sync 1 DAGs
[2026-02-16T02:50:15.182+0000] {logging_mixin.py:188} INFO - [2026-02-16T02:50:15.182+0000] {dag.py:3823} INFO - Setting next_dagrun for ecommerce_etl_v2 to 2026-02-15 13:00:00+00:00, run_after=2026-02-16 13:00:00+00:00
[2026-02-16T02:50:15.191+0000] {processor.py:183} INFO - Processing /opt/airflow/dags/etl_dag.py took 0.159 seconds
[2026-02-16T02:50:45.469+0000] {processor.py:161} INFO - Started process (PID=33061) to work on /opt/airflow/dags/etl_dag.py
[2026-02-16T02:50:45.471+0000] {processor.py:830} INFO - Processing file /opt/airflow/dags/etl_dag.py for tasks to queue
[2026-02-16T02:50:45.472+0000] {logging_mixin.py:188} INFO - [2026-02-16T02:50:45.471+0000] {dagbag.py:538} INFO - Filling up the DagBag from /opt/airflow/dags/etl_dag.py
[2026-02-16T02:50:45.517+0000] {logging_mixin.py:188} INFO - Warning: Your Kaggle API key is readable by other users on this system! To fix this, you can run 'chmod 600 /home/airflow/.kaggle/kaggle.json'
[2026-02-16T02:50:45.577+0000] {logging_mixin.py:188} WARNING - /home/airflow/.local/lib/python3.8/site-packages/airflow/models/baseoperator.py:437 AirflowProviderDeprecationWarning: `exists_ok` parameter is deprecated, please use `if_exists`
[2026-02-16T02:50:45.585+0000] {processor.py:840} INFO - DAG(s) 'ecommerce_etl_v2' retrieved from /opt/airflow/dags/etl_dag.py
[2026-02-16T02:50:45.605+0000] {logging_mixin.py:188} INFO - [2026-02-16T02:50:45.604+0000] {dag.py:3036} INFO - Sync 1 DAGs
[2026-02-16T02:50:45.615+0000] {logging_mixin.py:188} INFO - [2026-02-16T02:50:45.615+0000] {dag.py:3823} INFO - Setting next_dagrun for ecommerce_etl_v2 to 2026-02-15 13:00:00+00:00, run_after=2026-02-16 13:00:00+00:00
[2026-02-16T02:50:45.624+0000] {processor.py:183} INFO - Processing /opt/airflow/dags/etl_dag.py took 0.158 seconds
[2026-02-16T03:06:13.929+0000] {processor.py:161} INFO - Started process (PID=33092) to work on /opt/airflow/dags/etl_dag.py
[2026-02-16T03:06:13.929+0000] {processor.py:830} INFO - Processing file /opt/airflow/dags/etl_dag.py for tasks to queue
[2026-02-16T03:06:13.930+0000] {logging_mixin.py:188} INFO - [2026-02-16T03:06:13.930+0000] {dagbag.py:538} INFO - Filling up the DagBag from /opt/airflow/dags/etl_dag.py
[2026-02-16T03:06:13.968+0000] {logging_mixin.py:188} INFO - Warning: Your Kaggle API key is readable by other users on this system! To fix this, you can run 'chmod 600 /home/airflow/.kaggle/kaggle.json'
[2026-02-16T03:06:14.028+0000] {logging_mixin.py:188} WARNING - /home/airflow/.local/lib/python3.8/site-packages/airflow/models/baseoperator.py:437 AirflowProviderDeprecationWarning: `exists_ok` parameter is deprecated, please use `if_exists`
[2026-02-16T03:06:14.037+0000] {processor.py:840} INFO - DAG(s) 'ecommerce_etl_v2' retrieved from /opt/airflow/dags/etl_dag.py
[2026-02-16T03:06:14.056+0000] {logging_mixin.py:188} INFO - [2026-02-16T03:06:14.056+0000] {dag.py:3036} INFO - Sync 1 DAGs
[2026-02-16T03:06:14.066+0000] {logging_mixin.py:188} INFO - [2026-02-16T03:06:14.066+0000] {dag.py:3823} INFO - Setting next_dagrun for ecommerce_etl_v2 to 2026-02-15 13:00:00+00:00, run_after=2026-02-16 13:00:00+00:00
[2026-02-16T03:06:14.076+0000] {processor.py:183} INFO - Processing /opt/airflow/dags/etl_dag.py took 0.149 seconds
[2026-02-16T03:06:44.389+0000] {processor.py:161} INFO - Started process (PID=33125) to work on /opt/airflow/dags/etl_dag.py
[2026-02-16T03:06:44.390+0000] {processor.py:830} INFO - Processing file /opt/airflow/dags/etl_dag.py for tasks to queue
[2026-02-16T03:06:44.391+0000] {logging_mixin.py:188} INFO - [2026-02-16T03:06:44.391+0000] {dagbag.py:538} INFO - Filling up the DagBag from /opt/airflow/dags/etl_dag.py
[2026-02-16T03:06:44.439+0000] {logging_mixin.py:188} INFO - Warning: Your Kaggle API key is readable by other users on this system! To fix this, you can run 'chmod 600 /home/airflow/.kaggle/kaggle.json'
[2026-02-16T03:06:44.499+0000] {logging_mixin.py:188} WARNING - /home/airflow/.local/lib/python3.8/site-packages/airflow/models/baseoperator.py:437 AirflowProviderDeprecationWarning: `exists_ok` parameter is deprecated, please use `if_exists`
[2026-02-16T03:06:44.509+0000] {processor.py:840} INFO - DAG(s) 'ecommerce_etl_v2' retrieved from /opt/airflow/dags/etl_dag.py
[2026-02-16T03:06:44.528+0000] {logging_mixin.py:188} INFO - [2026-02-16T03:06:44.528+0000] {dag.py:3036} INFO - Sync 1 DAGs
[2026-02-16T03:06:44.538+0000] {logging_mixin.py:188} INFO - [2026-02-16T03:06:44.538+0000] {dag.py:3823} INFO - Setting next_dagrun for ecommerce_etl_v2 to 2026-02-15 13:00:00+00:00, run_after=2026-02-16 13:00:00+00:00
[2026-02-16T03:06:44.546+0000] {processor.py:183} INFO - Processing /opt/airflow/dags/etl_dag.py took 0.161 seconds
[2026-02-16T03:07:14.789+0000] {processor.py:161} INFO - Started process (PID=33156) to work on /opt/airflow/dags/etl_dag.py
[2026-02-16T03:07:14.790+0000] {processor.py:830} INFO - Processing file /opt/airflow/dags/etl_dag.py for tasks to queue
[2026-02-16T03:07:14.791+0000] {logging_mixin.py:188} INFO - [2026-02-16T03:07:14.791+0000] {dagbag.py:538} INFO - Filling up the DagBag from /opt/airflow/dags/etl_dag.py
[2026-02-16T03:07:14.837+0000] {logging_mixin.py:188} INFO - Warning: Your Kaggle API key is readable by other users on this system! To fix this, you can run 'chmod 600 /home/airflow/.kaggle/kaggle.json'
[2026-02-16T03:07:14.897+0000] {logging_mixin.py:188} WARNING - /home/airflow/.local/lib/python3.8/site-packages/airflow/models/baseoperator.py:437 AirflowProviderDeprecationWarning: `exists_ok` parameter is deprecated, please use `if_exists`
[2026-02-16T03:07:14.905+0000] {processor.py:840} INFO - DAG(s) 'ecommerce_etl_v2' retrieved from /opt/airflow/dags/etl_dag.py
[2026-02-16T03:07:14.923+0000] {logging_mixin.py:188} INFO - [2026-02-16T03:07:14.923+0000] {dag.py:3036} INFO - Sync 1 DAGs
[2026-02-16T03:07:14.933+0000] {logging_mixin.py:188} INFO - [2026-02-16T03:07:14.933+0000] {dag.py:3823} INFO - Setting next_dagrun for ecommerce_etl_v2 to 2026-02-15 13:00:00+00:00, run_after=2026-02-16 13:00:00+00:00
[2026-02-16T03:07:14.943+0000] {processor.py:183} INFO - Processing /opt/airflow/dags/etl_dag.py took 0.158 seconds
[2026-02-16T03:07:45.273+0000] {processor.py:161} INFO - Started process (PID=33187) to work on /opt/airflow/dags/etl_dag.py
[2026-02-16T03:07:45.274+0000] {processor.py:830} INFO - Processing file /opt/airflow/dags/etl_dag.py for tasks to queue
[2026-02-16T03:07:45.275+0000] {logging_mixin.py:188} INFO - [2026-02-16T03:07:45.274+0000] {dagbag.py:538} INFO - Filling up the DagBag from /opt/airflow/dags/etl_dag.py
[2026-02-16T03:07:45.320+0000] {logging_mixin.py:188} INFO - Warning: Your Kaggle API key is readable by other users on this system! To fix this, you can run 'chmod 600 /home/airflow/.kaggle/kaggle.json'
[2026-02-16T03:07:45.380+0000] {logging_mixin.py:188} WARNING - /home/airflow/.local/lib/python3.8/site-packages/airflow/models/baseoperator.py:437 AirflowProviderDeprecationWarning: `exists_ok` parameter is deprecated, please use `if_exists`
[2026-02-16T03:07:45.388+0000] {processor.py:840} INFO - DAG(s) 'ecommerce_etl_v2' retrieved from /opt/airflow/dags/etl_dag.py
[2026-02-16T03:07:45.407+0000] {logging_mixin.py:188} INFO - [2026-02-16T03:07:45.407+0000] {dag.py:3036} INFO - Sync 1 DAGs
[2026-02-16T03:07:45.418+0000] {logging_mixin.py:188} INFO - [2026-02-16T03:07:45.418+0000] {dag.py:3823} INFO - Setting next_dagrun for ecommerce_etl_v2 to 2026-02-15 13:00:00+00:00, run_after=2026-02-16 13:00:00+00:00
[2026-02-16T03:07:45.427+0000] {processor.py:183} INFO - Processing /opt/airflow/dags/etl_dag.py took 0.158 seconds
[2026-02-16T03:08:15.572+0000] {processor.py:161} INFO - Started process (PID=33218) to work on /opt/airflow/dags/etl_dag.py
[2026-02-16T03:08:15.573+0000] {processor.py:830} INFO - Processing file /opt/airflow/dags/etl_dag.py for tasks to queue
[2026-02-16T03:08:15.574+0000] {logging_mixin.py:188} INFO - [2026-02-16T03:08:15.574+0000] {dagbag.py:538} INFO - Filling up the DagBag from /opt/airflow/dags/etl_dag.py
[2026-02-16T03:08:15.620+0000] {logging_mixin.py:188} INFO - Warning: Your Kaggle API key is readable by other users on this system! To fix this, you can run 'chmod 600 /home/airflow/.kaggle/kaggle.json'
[2026-02-16T03:08:15.681+0000] {logging_mixin.py:188} WARNING - /home/airflow/.local/lib/python3.8/site-packages/airflow/models/baseoperator.py:437 AirflowProviderDeprecationWarning: `exists_ok` parameter is deprecated, please use `if_exists`
[2026-02-16T03:08:15.690+0000] {processor.py:840} INFO - DAG(s) 'ecommerce_etl_v2' retrieved from /opt/airflow/dags/etl_dag.py
[2026-02-16T03:08:15.709+0000] {logging_mixin.py:188} INFO - [2026-02-16T03:08:15.709+0000] {dag.py:3036} INFO - Sync 1 DAGs
[2026-02-16T03:08:15.719+0000] {logging_mixin.py:188} INFO - [2026-02-16T03:08:15.719+0000] {dag.py:3823} INFO - Setting next_dagrun for ecommerce_etl_v2 to 2026-02-15 13:00:00+00:00, run_after=2026-02-16 13:00:00+00:00
[2026-02-16T03:08:15.728+0000] {processor.py:183} INFO - Processing /opt/airflow/dags/etl_dag.py took 0.161 seconds
[2026-02-16T03:08:46.017+0000] {processor.py:161} INFO - Started process (PID=33249) to work on /opt/airflow/dags/etl_dag.py
[2026-02-16T03:08:46.018+0000] {processor.py:830} INFO - Processing file /opt/airflow/dags/etl_dag.py for tasks to queue
[2026-02-16T03:08:46.019+0000] {logging_mixin.py:188} INFO - [2026-02-16T03:08:46.019+0000] {dagbag.py:538} INFO - Filling up the DagBag from /opt/airflow/dags/etl_dag.py
[2026-02-16T03:08:46.066+0000] {logging_mixin.py:188} INFO - Warning: Your Kaggle API key is readable by other users on this system! To fix this, you can run 'chmod 600 /home/airflow/.kaggle/kaggle.json'
[2026-02-16T03:08:46.124+0000] {logging_mixin.py:188} WARNING - /home/airflow/.local/lib/python3.8/site-packages/airflow/models/baseoperator.py:437 AirflowProviderDeprecationWarning: `exists_ok` parameter is deprecated, please use `if_exists`
[2026-02-16T03:08:46.133+0000] {processor.py:840} INFO - DAG(s) 'ecommerce_etl_v2' retrieved from /opt/airflow/dags/etl_dag.py
[2026-02-16T03:08:46.152+0000] {logging_mixin.py:188} INFO - [2026-02-16T03:08:46.152+0000] {dag.py:3036} INFO - Sync 1 DAGs
[2026-02-16T03:08:46.162+0000] {logging_mixin.py:188} INFO - [2026-02-16T03:08:46.162+0000] {dag.py:3823} INFO - Setting next_dagrun for ecommerce_etl_v2 to 2026-02-15 13:00:00+00:00, run_after=2026-02-16 13:00:00+00:00
[2026-02-16T03:08:46.172+0000] {processor.py:183} INFO - Processing /opt/airflow/dags/etl_dag.py took 0.158 seconds
[2026-02-16T03:09:16.365+0000] {processor.py:161} INFO - Started process (PID=33280) to work on /opt/airflow/dags/etl_dag.py
[2026-02-16T03:09:16.366+0000] {processor.py:830} INFO - Processing file /opt/airflow/dags/etl_dag.py for tasks to queue
[2026-02-16T03:09:16.366+0000] {logging_mixin.py:188} INFO - [2026-02-16T03:09:16.366+0000] {dagbag.py:538} INFO - Filling up the DagBag from /opt/airflow/dags/etl_dag.py
[2026-02-16T03:09:16.408+0000] {logging_mixin.py:188} INFO - Warning: Your Kaggle API key is readable by other users on this system! To fix this, you can run 'chmod 600 /home/airflow/.kaggle/kaggle.json'
[2026-02-16T03:09:16.468+0000] {logging_mixin.py:188} WARNING - /home/airflow/.local/lib/python3.8/site-packages/airflow/models/baseoperator.py:437 AirflowProviderDeprecationWarning: `exists_ok` parameter is deprecated, please use `if_exists`
[2026-02-16T03:09:16.477+0000] {processor.py:840} INFO - DAG(s) 'ecommerce_etl_v2' retrieved from /opt/airflow/dags/etl_dag.py
[2026-02-16T03:09:16.496+0000] {logging_mixin.py:188} INFO - [2026-02-16T03:09:16.496+0000] {dag.py:3036} INFO - Sync 1 DAGs
[2026-02-16T03:09:16.506+0000] {logging_mixin.py:188} INFO - [2026-02-16T03:09:16.506+0000] {dag.py:3823} INFO - Setting next_dagrun for ecommerce_etl_v2 to 2026-02-15 13:00:00+00:00, run_after=2026-02-16 13:00:00+00:00
[2026-02-16T03:09:16.516+0000] {processor.py:183} INFO - Processing /opt/airflow/dags/etl_dag.py took 0.154 seconds
[2026-02-16T03:09:46.842+0000] {processor.py:161} INFO - Started process (PID=33311) to work on /opt/airflow/dags/etl_dag.py
[2026-02-16T03:09:46.844+0000] {processor.py:830} INFO - Processing file /opt/airflow/dags/etl_dag.py for tasks to queue
[2026-02-16T03:09:46.844+0000] {logging_mixin.py:188} INFO - [2026-02-16T03:09:46.844+0000] {dagbag.py:538} INFO - Filling up the DagBag from /opt/airflow/dags/etl_dag.py
[2026-02-16T03:09:46.894+0000] {logging_mixin.py:188} INFO - Warning: Your Kaggle API key is readable by other users on this system! To fix this, you can run 'chmod 600 /home/airflow/.kaggle/kaggle.json'
[2026-02-16T03:09:46.953+0000] {logging_mixin.py:188} WARNING - /home/airflow/.local/lib/python3.8/site-packages/airflow/models/baseoperator.py:437 AirflowProviderDeprecationWarning: `exists_ok` parameter is deprecated, please use `if_exists`
[2026-02-16T03:09:46.963+0000] {processor.py:840} INFO - DAG(s) 'ecommerce_etl_v2' retrieved from /opt/airflow/dags/etl_dag.py
[2026-02-16T03:09:46.982+0000] {logging_mixin.py:188} INFO - [2026-02-16T03:09:46.982+0000] {dag.py:3036} INFO - Sync 1 DAGs
[2026-02-16T03:09:46.992+0000] {logging_mixin.py:188} INFO - [2026-02-16T03:09:46.992+0000] {dag.py:3823} INFO - Setting next_dagrun for ecommerce_etl_v2 to 2026-02-15 13:00:00+00:00, run_after=2026-02-16 13:00:00+00:00
[2026-02-16T03:09:47.001+0000] {processor.py:183} INFO - Processing /opt/airflow/dags/etl_dag.py took 0.162 seconds
[2026-02-16T03:26:50.651+0000] {processor.py:161} INFO - Started process (PID=33342) to work on /opt/airflow/dags/etl_dag.py
[2026-02-16T03:26:50.652+0000] {processor.py:830} INFO - Processing file /opt/airflow/dags/etl_dag.py for tasks to queue
[2026-02-16T03:26:50.653+0000] {logging_mixin.py:188} INFO - [2026-02-16T03:26:50.653+0000] {dagbag.py:538} INFO - Filling up the DagBag from /opt/airflow/dags/etl_dag.py
[2026-02-16T03:26:50.695+0000] {logging_mixin.py:188} INFO - Warning: Your Kaggle API key is readable by other users on this system! To fix this, you can run 'chmod 600 /home/airflow/.kaggle/kaggle.json'
[2026-02-16T03:26:50.754+0000] {logging_mixin.py:188} WARNING - /home/airflow/.local/lib/python3.8/site-packages/airflow/models/baseoperator.py:437 AirflowProviderDeprecationWarning: `exists_ok` parameter is deprecated, please use `if_exists`
[2026-02-16T03:26:50.763+0000] {processor.py:840} INFO - DAG(s) 'ecommerce_etl_v2' retrieved from /opt/airflow/dags/etl_dag.py
[2026-02-16T03:26:50.781+0000] {logging_mixin.py:188} INFO - [2026-02-16T03:26:50.781+0000] {dag.py:3036} INFO - Sync 1 DAGs
[2026-02-16T03:26:50.793+0000] {logging_mixin.py:188} INFO - [2026-02-16T03:26:50.793+0000] {dag.py:3823} INFO - Setting next_dagrun for ecommerce_etl_v2 to 2026-02-15 13:00:00+00:00, run_after=2026-02-16 13:00:00+00:00
[2026-02-16T03:26:50.801+0000] {processor.py:183} INFO - Processing /opt/airflow/dags/etl_dag.py took 0.154 seconds
[2026-02-16T03:27:21.127+0000] {processor.py:161} INFO - Started process (PID=33373) to work on /opt/airflow/dags/etl_dag.py
[2026-02-16T03:27:21.128+0000] {processor.py:830} INFO - Processing file /opt/airflow/dags/etl_dag.py for tasks to queue
[2026-02-16T03:27:21.129+0000] {logging_mixin.py:188} INFO - [2026-02-16T03:27:21.129+0000] {dagbag.py:538} INFO - Filling up the DagBag from /opt/airflow/dags/etl_dag.py
[2026-02-16T03:27:21.178+0000] {logging_mixin.py:188} INFO - Warning: Your Kaggle API key is readable by other users on this system! To fix this, you can run 'chmod 600 /home/airflow/.kaggle/kaggle.json'
[2026-02-16T03:27:21.237+0000] {logging_mixin.py:188} WARNING - /home/airflow/.local/lib/python3.8/site-packages/airflow/models/baseoperator.py:437 AirflowProviderDeprecationWarning: `exists_ok` parameter is deprecated, please use `if_exists`
[2026-02-16T03:27:21.247+0000] {processor.py:840} INFO - DAG(s) 'ecommerce_etl_v2' retrieved from /opt/airflow/dags/etl_dag.py
[2026-02-16T03:27:21.267+0000] {logging_mixin.py:188} INFO - [2026-02-16T03:27:21.267+0000] {dag.py:3036} INFO - Sync 1 DAGs
[2026-02-16T03:27:21.278+0000] {logging_mixin.py:188} INFO - [2026-02-16T03:27:21.278+0000] {dag.py:3823} INFO - Setting next_dagrun for ecommerce_etl_v2 to 2026-02-15 13:00:00+00:00, run_after=2026-02-16 13:00:00+00:00
[2026-02-16T03:27:21.287+0000] {processor.py:183} INFO - Processing /opt/airflow/dags/etl_dag.py took 0.163 seconds
[2026-02-16T03:27:51.485+0000] {processor.py:161} INFO - Started process (PID=33404) to work on /opt/airflow/dags/etl_dag.py
[2026-02-16T03:27:51.486+0000] {processor.py:830} INFO - Processing file /opt/airflow/dags/etl_dag.py for tasks to queue
[2026-02-16T03:27:51.487+0000] {logging_mixin.py:188} INFO - [2026-02-16T03:27:51.486+0000] {dagbag.py:538} INFO - Filling up the DagBag from /opt/airflow/dags/etl_dag.py
[2026-02-16T03:27:51.529+0000] {logging_mixin.py:188} INFO - Warning: Your Kaggle API key is readable by other users on this system! To fix this, you can run 'chmod 600 /home/airflow/.kaggle/kaggle.json'
[2026-02-16T03:27:51.589+0000] {logging_mixin.py:188} WARNING - /home/airflow/.local/lib/python3.8/site-packages/airflow/models/baseoperator.py:437 AirflowProviderDeprecationWarning: `exists_ok` parameter is deprecated, please use `if_exists`
[2026-02-16T03:27:51.598+0000] {processor.py:840} INFO - DAG(s) 'ecommerce_etl_v2' retrieved from /opt/airflow/dags/etl_dag.py
[2026-02-16T03:27:51.616+0000] {logging_mixin.py:188} INFO - [2026-02-16T03:27:51.616+0000] {dag.py:3036} INFO - Sync 1 DAGs
[2026-02-16T03:27:51.626+0000] {logging_mixin.py:188} INFO - [2026-02-16T03:27:51.626+0000] {dag.py:3823} INFO - Setting next_dagrun for ecommerce_etl_v2 to 2026-02-15 13:00:00+00:00, run_after=2026-02-16 13:00:00+00:00
[2026-02-16T03:27:51.634+0000] {processor.py:183} INFO - Processing /opt/airflow/dags/etl_dag.py took 0.153 seconds
[2026-02-16T03:28:21.878+0000] {processor.py:161} INFO - Started process (PID=33435) to work on /opt/airflow/dags/etl_dag.py
[2026-02-16T03:28:21.879+0000] {processor.py:830} INFO - Processing file /opt/airflow/dags/etl_dag.py for tasks to queue
[2026-02-16T03:28:21.879+0000] {logging_mixin.py:188} INFO - [2026-02-16T03:28:21.879+0000] {dagbag.py:538} INFO - Filling up the DagBag from /opt/airflow/dags/etl_dag.py
[2026-02-16T03:28:21.917+0000] {logging_mixin.py:188} INFO - Warning: Your Kaggle API key is readable by other users on this system! To fix this, you can run 'chmod 600 /home/airflow/.kaggle/kaggle.json'
[2026-02-16T03:28:21.977+0000] {logging_mixin.py:188} WARNING - /home/airflow/.local/lib/python3.8/site-packages/airflow/models/baseoperator.py:437 AirflowProviderDeprecationWarning: `exists_ok` parameter is deprecated, please use `if_exists`
[2026-02-16T03:28:21.986+0000] {processor.py:840} INFO - DAG(s) 'ecommerce_etl_v2' retrieved from /opt/airflow/dags/etl_dag.py
[2026-02-16T03:28:22.005+0000] {logging_mixin.py:188} INFO - [2026-02-16T03:28:22.005+0000] {dag.py:3036} INFO - Sync 1 DAGs
[2026-02-16T03:28:22.015+0000] {logging_mixin.py:188} INFO - [2026-02-16T03:28:22.015+0000] {dag.py:3823} INFO - Setting next_dagrun for ecommerce_etl_v2 to 2026-02-15 13:00:00+00:00, run_after=2026-02-16 13:00:00+00:00
[2026-02-16T03:28:22.024+0000] {processor.py:183} INFO - Processing /opt/airflow/dags/etl_dag.py took 0.148 seconds
[2026-02-16T03:28:52.142+0000] {processor.py:161} INFO - Started process (PID=33466) to work on /opt/airflow/dags/etl_dag.py
[2026-02-16T03:28:52.143+0000] {processor.py:830} INFO - Processing file /opt/airflow/dags/etl_dag.py for tasks to queue
[2026-02-16T03:28:52.144+0000] {logging_mixin.py:188} INFO - [2026-02-16T03:28:52.144+0000] {dagbag.py:538} INFO - Filling up the DagBag from /opt/airflow/dags/etl_dag.py
[2026-02-16T03:28:52.185+0000] {logging_mixin.py:188} INFO - Warning: Your Kaggle API key is readable by other users on this system! To fix this, you can run 'chmod 600 /home/airflow/.kaggle/kaggle.json'
[2026-02-16T03:28:52.245+0000] {logging_mixin.py:188} WARNING - /home/airflow/.local/lib/python3.8/site-packages/airflow/models/baseoperator.py:437 AirflowProviderDeprecationWarning: `exists_ok` parameter is deprecated, please use `if_exists`
[2026-02-16T03:28:52.254+0000] {processor.py:840} INFO - DAG(s) 'ecommerce_etl_v2' retrieved from /opt/airflow/dags/etl_dag.py
[2026-02-16T03:28:52.274+0000] {logging_mixin.py:188} INFO - [2026-02-16T03:28:52.274+0000] {dag.py:3036} INFO - Sync 1 DAGs
[2026-02-16T03:28:52.285+0000] {logging_mixin.py:188} INFO - [2026-02-16T03:28:52.284+0000] {dag.py:3823} INFO - Setting next_dagrun for ecommerce_etl_v2 to 2026-02-15 13:00:00+00:00, run_after=2026-02-16 13:00:00+00:00
[2026-02-16T03:28:52.294+0000] {processor.py:183} INFO - Processing /opt/airflow/dags/etl_dag.py took 0.156 seconds
[2026-02-16T03:44:20.514+0000] {processor.py:161} INFO - Started process (PID=33497) to work on /opt/airflow/dags/etl_dag.py
[2026-02-16T03:44:20.514+0000] {processor.py:830} INFO - Processing file /opt/airflow/dags/etl_dag.py for tasks to queue
[2026-02-16T03:44:20.515+0000] {logging_mixin.py:188} INFO - [2026-02-16T03:44:20.515+0000] {dagbag.py:538} INFO - Filling up the DagBag from /opt/airflow/dags/etl_dag.py
[2026-02-16T03:44:20.558+0000] {logging_mixin.py:188} INFO - Warning: Your Kaggle API key is readable by other users on this system! To fix this, you can run 'chmod 600 /home/airflow/.kaggle/kaggle.json'
[2026-02-16T03:44:20.628+0000] {logging_mixin.py:188} WARNING - /home/airflow/.local/lib/python3.8/site-packages/airflow/models/baseoperator.py:437 AirflowProviderDeprecationWarning: `exists_ok` parameter is deprecated, please use `if_exists`
[2026-02-16T03:44:20.640+0000] {processor.py:840} INFO - DAG(s) 'ecommerce_etl_v2' retrieved from /opt/airflow/dags/etl_dag.py
[2026-02-16T03:44:20.671+0000] {logging_mixin.py:188} INFO - [2026-02-16T03:44:20.670+0000] {dag.py:3036} INFO - Sync 1 DAGs
[2026-02-16T03:44:20.686+0000] {logging_mixin.py:188} INFO - [2026-02-16T03:44:20.686+0000] {dag.py:3823} INFO - Setting next_dagrun for ecommerce_etl_v2 to 2026-02-15 13:00:00+00:00, run_after=2026-02-16 13:00:00+00:00
[2026-02-16T03:44:20.699+0000] {processor.py:183} INFO - Processing /opt/airflow/dags/etl_dag.py took 0.188 seconds
[2026-02-16T03:44:50.855+0000] {processor.py:161} INFO - Started process (PID=33529) to work on /opt/airflow/dags/etl_dag.py
[2026-02-16T03:44:50.857+0000] {processor.py:830} INFO - Processing file /opt/airflow/dags/etl_dag.py for tasks to queue
[2026-02-16T03:44:50.857+0000] {logging_mixin.py:188} INFO - [2026-02-16T03:44:50.857+0000] {dagbag.py:538} INFO - Filling up the DagBag from /opt/airflow/dags/etl_dag.py
[2026-02-16T03:44:50.902+0000] {logging_mixin.py:188} INFO - Warning: Your Kaggle API key is readable by other users on this system! To fix this, you can run 'chmod 600 /home/airflow/.kaggle/kaggle.json'
[2026-02-16T03:44:50.962+0000] {logging_mixin.py:188} WARNING - /home/airflow/.local/lib/python3.8/site-packages/airflow/models/baseoperator.py:437 AirflowProviderDeprecationWarning: `exists_ok` parameter is deprecated, please use `if_exists`
[2026-02-16T03:44:50.970+0000] {processor.py:840} INFO - DAG(s) 'ecommerce_etl_v2' retrieved from /opt/airflow/dags/etl_dag.py
[2026-02-16T03:44:50.989+0000] {logging_mixin.py:188} INFO - [2026-02-16T03:44:50.989+0000] {dag.py:3036} INFO - Sync 1 DAGs
[2026-02-16T03:44:51.000+0000] {logging_mixin.py:188} INFO - [2026-02-16T03:44:51.000+0000] {dag.py:3823} INFO - Setting next_dagrun for ecommerce_etl_v2 to 2026-02-15 13:00:00+00:00, run_after=2026-02-16 13:00:00+00:00
[2026-02-16T03:44:51.009+0000] {processor.py:183} INFO - Processing /opt/airflow/dags/etl_dag.py took 0.158 seconds
[2026-02-16T03:45:21.188+0000] {processor.py:161} INFO - Started process (PID=33560) to work on /opt/airflow/dags/etl_dag.py
[2026-02-16T03:45:21.190+0000] {processor.py:830} INFO - Processing file /opt/airflow/dags/etl_dag.py for tasks to queue
[2026-02-16T03:45:21.190+0000] {logging_mixin.py:188} INFO - [2026-02-16T03:45:21.190+0000] {dagbag.py:538} INFO - Filling up the DagBag from /opt/airflow/dags/etl_dag.py
[2026-02-16T03:45:21.237+0000] {logging_mixin.py:188} INFO - Warning: Your Kaggle API key is readable by other users on this system! To fix this, you can run 'chmod 600 /home/airflow/.kaggle/kaggle.json'
[2026-02-16T03:45:21.296+0000] {logging_mixin.py:188} WARNING - /home/airflow/.local/lib/python3.8/site-packages/airflow/models/baseoperator.py:437 AirflowProviderDeprecationWarning: `exists_ok` parameter is deprecated, please use `if_exists`
[2026-02-16T03:45:21.305+0000] {processor.py:840} INFO - DAG(s) 'ecommerce_etl_v2' retrieved from /opt/airflow/dags/etl_dag.py
[2026-02-16T03:45:21.324+0000] {logging_mixin.py:188} INFO - [2026-02-16T03:45:21.324+0000] {dag.py:3036} INFO - Sync 1 DAGs
[2026-02-16T03:45:21.335+0000] {logging_mixin.py:188} INFO - [2026-02-16T03:45:21.335+0000] {dag.py:3823} INFO - Setting next_dagrun for ecommerce_etl_v2 to 2026-02-15 13:00:00+00:00, run_after=2026-02-16 13:00:00+00:00
[2026-02-16T03:45:21.343+0000] {processor.py:183} INFO - Processing /opt/airflow/dags/etl_dag.py took 0.159 seconds
[2026-02-16T03:45:51.678+0000] {processor.py:161} INFO - Started process (PID=33591) to work on /opt/airflow/dags/etl_dag.py
[2026-02-16T03:45:51.679+0000] {processor.py:830} INFO - Processing file /opt/airflow/dags/etl_dag.py for tasks to queue
[2026-02-16T03:45:51.680+0000] {logging_mixin.py:188} INFO - [2026-02-16T03:45:51.680+0000] {dagbag.py:538} INFO - Filling up the DagBag from /opt/airflow/dags/etl_dag.py
[2026-02-16T03:45:51.727+0000] {logging_mixin.py:188} INFO - Warning: Your Kaggle API key is readable by other users on this system! To fix this, you can run 'chmod 600 /home/airflow/.kaggle/kaggle.json'
[2026-02-16T03:45:51.787+0000] {logging_mixin.py:188} WARNING - /home/airflow/.local/lib/python3.8/site-packages/airflow/models/baseoperator.py:437 AirflowProviderDeprecationWarning: `exists_ok` parameter is deprecated, please use `if_exists`
[2026-02-16T03:45:51.796+0000] {processor.py:840} INFO - DAG(s) 'ecommerce_etl_v2' retrieved from /opt/airflow/dags/etl_dag.py
[2026-02-16T03:45:51.814+0000] {logging_mixin.py:188} INFO - [2026-02-16T03:45:51.814+0000] {dag.py:3036} INFO - Sync 1 DAGs
[2026-02-16T03:45:51.824+0000] {logging_mixin.py:188} INFO - [2026-02-16T03:45:51.824+0000] {dag.py:3823} INFO - Setting next_dagrun for ecommerce_etl_v2 to 2026-02-15 13:00:00+00:00, run_after=2026-02-16 13:00:00+00:00
[2026-02-16T03:45:51.833+0000] {processor.py:183} INFO - Processing /opt/airflow/dags/etl_dag.py took 0.159 seconds
[2026-02-16T03:46:22.055+0000] {processor.py:161} INFO - Started process (PID=33622) to work on /opt/airflow/dags/etl_dag.py
[2026-02-16T03:46:22.056+0000] {processor.py:830} INFO - Processing file /opt/airflow/dags/etl_dag.py for tasks to queue
[2026-02-16T03:46:22.056+0000] {logging_mixin.py:188} INFO - [2026-02-16T03:46:22.056+0000] {dagbag.py:538} INFO - Filling up the DagBag from /opt/airflow/dags/etl_dag.py
[2026-02-16T03:46:22.095+0000] {logging_mixin.py:188} INFO - Warning: Your Kaggle API key is readable by other users on this system! To fix this, you can run 'chmod 600 /home/airflow/.kaggle/kaggle.json'
[2026-02-16T03:46:22.155+0000] {logging_mixin.py:188} WARNING - /home/airflow/.local/lib/python3.8/site-packages/airflow/models/baseoperator.py:437 AirflowProviderDeprecationWarning: `exists_ok` parameter is deprecated, please use `if_exists`
[2026-02-16T03:46:22.163+0000] {processor.py:840} INFO - DAG(s) 'ecommerce_etl_v2' retrieved from /opt/airflow/dags/etl_dag.py
[2026-02-16T03:46:22.182+0000] {logging_mixin.py:188} INFO - [2026-02-16T03:46:22.182+0000] {dag.py:3036} INFO - Sync 1 DAGs
[2026-02-16T03:46:22.192+0000] {logging_mixin.py:188} INFO - [2026-02-16T03:46:22.192+0000] {dag.py:3823} INFO - Setting next_dagrun for ecommerce_etl_v2 to 2026-02-15 13:00:00+00:00, run_after=2026-02-16 13:00:00+00:00
[2026-02-16T03:46:22.201+0000] {processor.py:183} INFO - Processing /opt/airflow/dags/etl_dag.py took 0.149 seconds
[2026-02-16T03:50:01.411+0000] {processor.py:161} INFO - Started process (PID=33653) to work on /opt/airflow/dags/etl_dag.py
[2026-02-16T03:50:01.412+0000] {processor.py:830} INFO - Processing file /opt/airflow/dags/etl_dag.py for tasks to queue
[2026-02-16T03:50:01.413+0000] {logging_mixin.py:188} INFO - [2026-02-16T03:50:01.413+0000] {dagbag.py:538} INFO - Filling up the DagBag from /opt/airflow/dags/etl_dag.py
[2026-02-16T03:50:01.453+0000] {logging_mixin.py:188} INFO - Warning: Your Kaggle API key is readable by other users on this system! To fix this, you can run 'chmod 600 /home/airflow/.kaggle/kaggle.json'
[2026-02-16T03:50:01.514+0000] {logging_mixin.py:188} WARNING - /home/airflow/.local/lib/python3.8/site-packages/airflow/models/baseoperator.py:437 AirflowProviderDeprecationWarning: `exists_ok` parameter is deprecated, please use `if_exists`
[2026-02-16T03:50:01.526+0000] {processor.py:840} INFO - DAG(s) 'ecommerce_etl_v2' retrieved from /opt/airflow/dags/etl_dag.py
[2026-02-16T03:50:01.543+0000] {logging_mixin.py:188} INFO - [2026-02-16T03:50:01.543+0000] {dag.py:3036} INFO - Sync 1 DAGs
[2026-02-16T03:50:01.554+0000] {logging_mixin.py:188} INFO - [2026-02-16T03:50:01.554+0000] {dag.py:3823} INFO - Setting next_dagrun for ecommerce_etl_v2 to 2026-02-15 13:00:00+00:00, run_after=2026-02-16 13:00:00+00:00
[2026-02-16T03:50:01.562+0000] {processor.py:183} INFO - Processing /opt/airflow/dags/etl_dag.py took 0.154 seconds
[2026-02-16T03:50:31.745+0000] {processor.py:161} INFO - Started process (PID=33686) to work on /opt/airflow/dags/etl_dag.py
[2026-02-16T03:50:31.746+0000] {processor.py:830} INFO - Processing file /opt/airflow/dags/etl_dag.py for tasks to queue
[2026-02-16T03:50:31.747+0000] {logging_mixin.py:188} INFO - [2026-02-16T03:50:31.747+0000] {dagbag.py:538} INFO - Filling up the DagBag from /opt/airflow/dags/etl_dag.py
[2026-02-16T03:50:31.793+0000] {logging_mixin.py:188} INFO - Warning: Your Kaggle API key is readable by other users on this system! To fix this, you can run 'chmod 600 /home/airflow/.kaggle/kaggle.json'
[2026-02-16T03:50:31.853+0000] {logging_mixin.py:188} WARNING - /home/airflow/.local/lib/python3.8/site-packages/airflow/models/baseoperator.py:437 AirflowProviderDeprecationWarning: `exists_ok` parameter is deprecated, please use `if_exists`
[2026-02-16T03:50:31.862+0000] {processor.py:840} INFO - DAG(s) 'ecommerce_etl_v2' retrieved from /opt/airflow/dags/etl_dag.py
[2026-02-16T03:50:31.881+0000] {logging_mixin.py:188} INFO - [2026-02-16T03:50:31.881+0000] {dag.py:3036} INFO - Sync 1 DAGs
[2026-02-16T03:50:31.891+0000] {logging_mixin.py:188} INFO - [2026-02-16T03:50:31.891+0000] {dag.py:3823} INFO - Setting next_dagrun for ecommerce_etl_v2 to 2026-02-15 13:00:00+00:00, run_after=2026-02-16 13:00:00+00:00
[2026-02-16T03:50:31.900+0000] {processor.py:183} INFO - Processing /opt/airflow/dags/etl_dag.py took 0.159 seconds
[2026-02-16T03:51:02.192+0000] {processor.py:161} INFO - Started process (PID=33717) to work on /opt/airflow/dags/etl_dag.py
[2026-02-16T03:51:02.193+0000] {processor.py:830} INFO - Processing file /opt/airflow/dags/etl_dag.py for tasks to queue
[2026-02-16T03:51:02.194+0000] {logging_mixin.py:188} INFO - [2026-02-16T03:51:02.194+0000] {dagbag.py:538} INFO - Filling up the DagBag from /opt/airflow/dags/etl_dag.py
[2026-02-16T03:51:02.241+0000] {logging_mixin.py:188} INFO - Warning: Your Kaggle API key is readable by other users on this system! To fix this, you can run 'chmod 600 /home/airflow/.kaggle/kaggle.json'
[2026-02-16T03:51:02.301+0000] {logging_mixin.py:188} WARNING - /home/airflow/.local/lib/python3.8/site-packages/airflow/models/baseoperator.py:437 AirflowProviderDeprecationWarning: `exists_ok` parameter is deprecated, please use `if_exists`
[2026-02-16T03:51:02.309+0000] {processor.py:840} INFO - DAG(s) 'ecommerce_etl_v2' retrieved from /opt/airflow/dags/etl_dag.py
[2026-02-16T03:51:02.328+0000] {logging_mixin.py:188} INFO - [2026-02-16T03:51:02.328+0000] {dag.py:3036} INFO - Sync 1 DAGs
[2026-02-16T03:51:02.338+0000] {logging_mixin.py:188} INFO - [2026-02-16T03:51:02.338+0000] {dag.py:3823} INFO - Setting next_dagrun for ecommerce_etl_v2 to 2026-02-15 13:00:00+00:00, run_after=2026-02-16 13:00:00+00:00
[2026-02-16T03:51:02.348+0000] {processor.py:183} INFO - Processing /opt/airflow/dags/etl_dag.py took 0.159 seconds
[2026-02-16T03:51:32.598+0000] {processor.py:161} INFO - Started process (PID=33748) to work on /opt/airflow/dags/etl_dag.py
[2026-02-16T03:51:32.600+0000] {processor.py:830} INFO - Processing file /opt/airflow/dags/etl_dag.py for tasks to queue
[2026-02-16T03:51:32.601+0000] {logging_mixin.py:188} INFO - [2026-02-16T03:51:32.600+0000] {dagbag.py:538} INFO - Filling up the DagBag from /opt/airflow/dags/etl_dag.py
[2026-02-16T03:51:32.648+0000] {logging_mixin.py:188} INFO - Warning: Your Kaggle API key is readable by other users on this system! To fix this, you can run 'chmod 600 /home/airflow/.kaggle/kaggle.json'
[2026-02-16T03:51:32.708+0000] {logging_mixin.py:188} WARNING - /home/airflow/.local/lib/python3.8/site-packages/airflow/models/baseoperator.py:437 AirflowProviderDeprecationWarning: `exists_ok` parameter is deprecated, please use `if_exists`
[2026-02-16T03:51:32.717+0000] {processor.py:840} INFO - DAG(s) 'ecommerce_etl_v2' retrieved from /opt/airflow/dags/etl_dag.py
[2026-02-16T03:51:32.736+0000] {logging_mixin.py:188} INFO - [2026-02-16T03:51:32.736+0000] {dag.py:3036} INFO - Sync 1 DAGs
[2026-02-16T03:51:32.746+0000] {logging_mixin.py:188} INFO - [2026-02-16T03:51:32.746+0000] {dag.py:3823} INFO - Setting next_dagrun for ecommerce_etl_v2 to 2026-02-15 13:00:00+00:00, run_after=2026-02-16 13:00:00+00:00
[2026-02-16T03:51:32.754+0000] {processor.py:183} INFO - Processing /opt/airflow/dags/etl_dag.py took 0.160 seconds
[2026-02-16T03:52:13.634+0000] {processor.py:161} INFO - Started process (PID=33779) to work on /opt/airflow/dags/etl_dag.py
[2026-02-16T03:52:13.635+0000] {processor.py:830} INFO - Processing file /opt/airflow/dags/etl_dag.py for tasks to queue
[2026-02-16T03:52:13.636+0000] {logging_mixin.py:188} INFO - [2026-02-16T03:52:13.635+0000] {dagbag.py:538} INFO - Filling up the DagBag from /opt/airflow/dags/etl_dag.py
[2026-02-16T03:52:13.681+0000] {logging_mixin.py:188} INFO - Warning: Your Kaggle API key is readable by other users on this system! To fix this, you can run 'chmod 600 /home/airflow/.kaggle/kaggle.json'
[2026-02-16T03:52:13.741+0000] {logging_mixin.py:188} WARNING - /home/airflow/.local/lib/python3.8/site-packages/airflow/models/baseoperator.py:437 AirflowProviderDeprecationWarning: `exists_ok` parameter is deprecated, please use `if_exists`
[2026-02-16T03:52:13.750+0000] {processor.py:840} INFO - DAG(s) 'ecommerce_etl_v2' retrieved from /opt/airflow/dags/etl_dag.py
[2026-02-16T03:52:13.769+0000] {logging_mixin.py:188} INFO - [2026-02-16T03:52:13.769+0000] {dag.py:3036} INFO - Sync 1 DAGs
[2026-02-16T03:52:13.780+0000] {logging_mixin.py:188} INFO - [2026-02-16T03:52:13.780+0000] {dag.py:3823} INFO - Setting next_dagrun for ecommerce_etl_v2 to 2026-02-15 13:00:00+00:00, run_after=2026-02-16 13:00:00+00:00
[2026-02-16T03:52:13.789+0000] {processor.py:183} INFO - Processing /opt/airflow/dags/etl_dag.py took 0.159 seconds
[2026-02-16T03:52:43.927+0000] {processor.py:161} INFO - Started process (PID=33810) to work on /opt/airflow/dags/etl_dag.py
[2026-02-16T03:52:43.927+0000] {processor.py:830} INFO - Processing file /opt/airflow/dags/etl_dag.py for tasks to queue
[2026-02-16T03:52:43.928+0000] {logging_mixin.py:188} INFO - [2026-02-16T03:52:43.928+0000] {dagbag.py:538} INFO - Filling up the DagBag from /opt/airflow/dags/etl_dag.py
[2026-02-16T03:52:43.963+0000] {logging_mixin.py:188} INFO - Warning: Your Kaggle API key is readable by other users on this system! To fix this, you can run 'chmod 600 /home/airflow/.kaggle/kaggle.json'
[2026-02-16T03:52:44.024+0000] {logging_mixin.py:188} WARNING - /home/airflow/.local/lib/python3.8/site-packages/airflow/models/baseoperator.py:437 AirflowProviderDeprecationWarning: `exists_ok` parameter is deprecated, please use `if_exists`
[2026-02-16T03:52:44.034+0000] {processor.py:840} INFO - DAG(s) 'ecommerce_etl_v2' retrieved from /opt/airflow/dags/etl_dag.py
[2026-02-16T03:52:44.053+0000] {logging_mixin.py:188} INFO - [2026-02-16T03:52:44.053+0000] {dag.py:3036} INFO - Sync 1 DAGs
[2026-02-16T03:52:44.064+0000] {logging_mixin.py:188} INFO - [2026-02-16T03:52:44.064+0000] {dag.py:3823} INFO - Setting next_dagrun for ecommerce_etl_v2 to 2026-02-15 13:00:00+00:00, run_after=2026-02-16 13:00:00+00:00
[2026-02-16T03:52:44.072+0000] {processor.py:183} INFO - Processing /opt/airflow/dags/etl_dag.py took 0.148 seconds
[2026-02-16T03:53:14.302+0000] {processor.py:161} INFO - Started process (PID=33841) to work on /opt/airflow/dags/etl_dag.py
[2026-02-16T03:53:14.303+0000] {processor.py:830} INFO - Processing file /opt/airflow/dags/etl_dag.py for tasks to queue
[2026-02-16T03:53:14.304+0000] {logging_mixin.py:188} INFO - [2026-02-16T03:53:14.303+0000] {dagbag.py:538} INFO - Filling up the DagBag from /opt/airflow/dags/etl_dag.py
[2026-02-16T03:53:14.353+0000] {logging_mixin.py:188} INFO - Warning: Your Kaggle API key is readable by other users on this system! To fix this, you can run 'chmod 600 /home/airflow/.kaggle/kaggle.json'
[2026-02-16T03:53:14.414+0000] {logging_mixin.py:188} WARNING - /home/airflow/.local/lib/python3.8/site-packages/airflow/models/baseoperator.py:437 AirflowProviderDeprecationWarning: `exists_ok` parameter is deprecated, please use `if_exists`
[2026-02-16T03:53:14.423+0000] {processor.py:840} INFO - DAG(s) 'ecommerce_etl_v2' retrieved from /opt/airflow/dags/etl_dag.py
[2026-02-16T03:53:14.441+0000] {logging_mixin.py:188} INFO - [2026-02-16T03:53:14.440+0000] {dag.py:3036} INFO - Sync 1 DAGs
[2026-02-16T03:53:14.451+0000] {logging_mixin.py:188} INFO - [2026-02-16T03:53:14.451+0000] {dag.py:3823} INFO - Setting next_dagrun for ecommerce_etl_v2 to 2026-02-15 13:00:00+00:00, run_after=2026-02-16 13:00:00+00:00
[2026-02-16T03:53:14.460+0000] {processor.py:183} INFO - Processing /opt/airflow/dags/etl_dag.py took 0.162 seconds
[2026-02-16T03:53:44.704+0000] {processor.py:161} INFO - Started process (PID=33872) to work on /opt/airflow/dags/etl_dag.py
[2026-02-16T03:53:44.705+0000] {processor.py:830} INFO - Processing file /opt/airflow/dags/etl_dag.py for tasks to queue
[2026-02-16T03:53:44.706+0000] {logging_mixin.py:188} INFO - [2026-02-16T03:53:44.706+0000] {dagbag.py:538} INFO - Filling up the DagBag from /opt/airflow/dags/etl_dag.py
[2026-02-16T03:53:44.749+0000] {logging_mixin.py:188} INFO - Warning: Your Kaggle API key is readable by other users on this system! To fix this, you can run 'chmod 600 /home/airflow/.kaggle/kaggle.json'
[2026-02-16T03:53:44.811+0000] {logging_mixin.py:188} WARNING - /home/airflow/.local/lib/python3.8/site-packages/airflow/models/baseoperator.py:437 AirflowProviderDeprecationWarning: `exists_ok` parameter is deprecated, please use `if_exists`
[2026-02-16T03:53:44.821+0000] {processor.py:840} INFO - DAG(s) 'ecommerce_etl_v2' retrieved from /opt/airflow/dags/etl_dag.py
[2026-02-16T03:53:44.840+0000] {logging_mixin.py:188} INFO - [2026-02-16T03:53:44.840+0000] {dag.py:3036} INFO - Sync 1 DAGs
[2026-02-16T03:53:44.852+0000] {logging_mixin.py:188} INFO - [2026-02-16T03:53:44.852+0000] {dag.py:3823} INFO - Setting next_dagrun for ecommerce_etl_v2 to 2026-02-15 13:00:00+00:00, run_after=2026-02-16 13:00:00+00:00
[2026-02-16T03:53:44.861+0000] {processor.py:183} INFO - Processing /opt/airflow/dags/etl_dag.py took 0.162 seconds
[2026-02-16T03:59:38.280+0000] {processor.py:161} INFO - Started process (PID=33905) to work on /opt/airflow/dags/etl_dag.py
[2026-02-16T03:59:38.281+0000] {processor.py:830} INFO - Processing file /opt/airflow/dags/etl_dag.py for tasks to queue
[2026-02-16T03:59:38.281+0000] {logging_mixin.py:188} INFO - [2026-02-16T03:59:38.281+0000] {dagbag.py:538} INFO - Filling up the DagBag from /opt/airflow/dags/etl_dag.py
[2026-02-16T03:59:38.320+0000] {logging_mixin.py:188} INFO - Warning: Your Kaggle API key is readable by other users on this system! To fix this, you can run 'chmod 600 /home/airflow/.kaggle/kaggle.json'
[2026-02-16T03:59:38.380+0000] {logging_mixin.py:188} WARNING - /home/airflow/.local/lib/python3.8/site-packages/airflow/models/baseoperator.py:437 AirflowProviderDeprecationWarning: `exists_ok` parameter is deprecated, please use `if_exists`
[2026-02-16T03:59:38.388+0000] {processor.py:840} INFO - DAG(s) 'ecommerce_etl_v2' retrieved from /opt/airflow/dags/etl_dag.py
[2026-02-16T03:59:38.407+0000] {logging_mixin.py:188} INFO - [2026-02-16T03:59:38.407+0000] {dag.py:3036} INFO - Sync 1 DAGs
[2026-02-16T03:59:38.417+0000] {logging_mixin.py:188} INFO - [2026-02-16T03:59:38.417+0000] {dag.py:3823} INFO - Setting next_dagrun for ecommerce_etl_v2 to 2026-02-15 13:00:00+00:00, run_after=2026-02-16 13:00:00+00:00
[2026-02-16T03:59:38.426+0000] {processor.py:183} INFO - Processing /opt/airflow/dags/etl_dag.py took 0.149 seconds
[2026-02-16T04:00:08.762+0000] {processor.py:161} INFO - Started process (PID=33936) to work on /opt/airflow/dags/etl_dag.py
[2026-02-16T04:00:08.764+0000] {processor.py:830} INFO - Processing file /opt/airflow/dags/etl_dag.py for tasks to queue
[2026-02-16T04:00:08.765+0000] {logging_mixin.py:188} INFO - [2026-02-16T04:00:08.764+0000] {dagbag.py:538} INFO - Filling up the DagBag from /opt/airflow/dags/etl_dag.py
[2026-02-16T04:00:08.824+0000] {logging_mixin.py:188} INFO - Warning: Your Kaggle API key is readable by other users on this system! To fix this, you can run 'chmod 600 /home/airflow/.kaggle/kaggle.json'
[2026-02-16T04:00:08.890+0000] {logging_mixin.py:188} WARNING - /home/airflow/.local/lib/python3.8/site-packages/airflow/models/baseoperator.py:437 AirflowProviderDeprecationWarning: `exists_ok` parameter is deprecated, please use `if_exists`
[2026-02-16T04:00:08.901+0000] {processor.py:840} INFO - DAG(s) 'ecommerce_etl_v2' retrieved from /opt/airflow/dags/etl_dag.py
[2026-02-16T04:00:08.926+0000] {logging_mixin.py:188} INFO - [2026-02-16T04:00:08.926+0000] {dag.py:3036} INFO - Sync 1 DAGs
[2026-02-16T04:00:08.940+0000] {logging_mixin.py:188} INFO - [2026-02-16T04:00:08.940+0000] {dag.py:3823} INFO - Setting next_dagrun for ecommerce_etl_v2 to 2026-02-15 13:00:00+00:00, run_after=2026-02-16 13:00:00+00:00
[2026-02-16T04:00:08.950+0000] {processor.py:183} INFO - Processing /opt/airflow/dags/etl_dag.py took 0.194 seconds
[2026-02-16T04:00:39.146+0000] {processor.py:161} INFO - Started process (PID=33967) to work on /opt/airflow/dags/etl_dag.py
[2026-02-16T04:00:39.148+0000] {processor.py:830} INFO - Processing file /opt/airflow/dags/etl_dag.py for tasks to queue
[2026-02-16T04:00:39.149+0000] {logging_mixin.py:188} INFO - [2026-02-16T04:00:39.148+0000] {dagbag.py:538} INFO - Filling up the DagBag from /opt/airflow/dags/etl_dag.py
[2026-02-16T04:00:39.202+0000] {logging_mixin.py:188} INFO - Warning: Your Kaggle API key is readable by other users on this system! To fix this, you can run 'chmod 600 /home/airflow/.kaggle/kaggle.json'
[2026-02-16T04:00:39.263+0000] {logging_mixin.py:188} WARNING - /home/airflow/.local/lib/python3.8/site-packages/airflow/models/baseoperator.py:437 AirflowProviderDeprecationWarning: `exists_ok` parameter is deprecated, please use `if_exists`
[2026-02-16T04:00:39.272+0000] {processor.py:840} INFO - DAG(s) 'ecommerce_etl_v2' retrieved from /opt/airflow/dags/etl_dag.py
[2026-02-16T04:00:39.291+0000] {logging_mixin.py:188} INFO - [2026-02-16T04:00:39.291+0000] {dag.py:3036} INFO - Sync 1 DAGs
[2026-02-16T04:00:39.302+0000] {logging_mixin.py:188} INFO - [2026-02-16T04:00:39.301+0000] {dag.py:3823} INFO - Setting next_dagrun for ecommerce_etl_v2 to 2026-02-15 13:00:00+00:00, run_after=2026-02-16 13:00:00+00:00
[2026-02-16T04:00:39.310+0000] {processor.py:183} INFO - Processing /opt/airflow/dags/etl_dag.py took 0.170 seconds
[2026-02-16T04:01:09.493+0000] {processor.py:161} INFO - Started process (PID=33998) to work on /opt/airflow/dags/etl_dag.py
[2026-02-16T04:01:09.494+0000] {processor.py:830} INFO - Processing file /opt/airflow/dags/etl_dag.py for tasks to queue
[2026-02-16T04:01:09.495+0000] {logging_mixin.py:188} INFO - [2026-02-16T04:01:09.494+0000] {dagbag.py:538} INFO - Filling up the DagBag from /opt/airflow/dags/etl_dag.py
[2026-02-16T04:01:09.545+0000] {logging_mixin.py:188} INFO - Warning: Your Kaggle API key is readable by other users on this system! To fix this, you can run 'chmod 600 /home/airflow/.kaggle/kaggle.json'
[2026-02-16T04:01:09.607+0000] {logging_mixin.py:188} WARNING - /home/airflow/.local/lib/python3.8/site-packages/airflow/models/baseoperator.py:437 AirflowProviderDeprecationWarning: `exists_ok` parameter is deprecated, please use `if_exists`
[2026-02-16T04:01:09.615+0000] {processor.py:840} INFO - DAG(s) 'ecommerce_etl_v2' retrieved from /opt/airflow/dags/etl_dag.py
[2026-02-16T04:01:09.635+0000] {logging_mixin.py:188} INFO - [2026-02-16T04:01:09.635+0000] {dag.py:3036} INFO - Sync 1 DAGs
[2026-02-16T04:01:09.647+0000] {logging_mixin.py:188} INFO - [2026-02-16T04:01:09.647+0000] {dag.py:3823} INFO - Setting next_dagrun for ecommerce_etl_v2 to 2026-02-15 13:00:00+00:00, run_after=2026-02-16 13:00:00+00:00
[2026-02-16T04:01:09.657+0000] {processor.py:183} INFO - Processing /opt/airflow/dags/etl_dag.py took 0.170 seconds
[2026-02-16T04:01:39.955+0000] {processor.py:161} INFO - Started process (PID=34029) to work on /opt/airflow/dags/etl_dag.py
[2026-02-16T04:01:39.956+0000] {processor.py:830} INFO - Processing file /opt/airflow/dags/etl_dag.py for tasks to queue
[2026-02-16T04:01:39.957+0000] {logging_mixin.py:188} INFO - [2026-02-16T04:01:39.956+0000] {dagbag.py:538} INFO - Filling up the DagBag from /opt/airflow/dags/etl_dag.py
[2026-02-16T04:01:40.004+0000] {logging_mixin.py:188} INFO - Warning: Your Kaggle API key is readable by other users on this system! To fix this, you can run 'chmod 600 /home/airflow/.kaggle/kaggle.json'
[2026-02-16T04:01:40.066+0000] {logging_mixin.py:188} WARNING - /home/airflow/.local/lib/python3.8/site-packages/airflow/models/baseoperator.py:437 AirflowProviderDeprecationWarning: `exists_ok` parameter is deprecated, please use `if_exists`
[2026-02-16T04:01:40.075+0000] {processor.py:840} INFO - DAG(s) 'ecommerce_etl_v2' retrieved from /opt/airflow/dags/etl_dag.py
[2026-02-16T04:01:40.095+0000] {logging_mixin.py:188} INFO - [2026-02-16T04:01:40.094+0000] {dag.py:3036} INFO - Sync 1 DAGs
[2026-02-16T04:01:40.106+0000] {logging_mixin.py:188} INFO - [2026-02-16T04:01:40.106+0000] {dag.py:3823} INFO - Setting next_dagrun for ecommerce_etl_v2 to 2026-02-15 13:00:00+00:00, run_after=2026-02-16 13:00:00+00:00
[2026-02-16T04:01:40.116+0000] {processor.py:183} INFO - Processing /opt/airflow/dags/etl_dag.py took 0.165 seconds
[2026-02-16T04:03:53.381+0000] {processor.py:161} INFO - Started process (PID=34060) to work on /opt/airflow/dags/etl_dag.py
[2026-02-16T04:03:53.382+0000] {processor.py:830} INFO - Processing file /opt/airflow/dags/etl_dag.py for tasks to queue
[2026-02-16T04:03:53.383+0000] {logging_mixin.py:188} INFO - [2026-02-16T04:03:53.383+0000] {dagbag.py:538} INFO - Filling up the DagBag from /opt/airflow/dags/etl_dag.py
[2026-02-16T04:03:53.424+0000] {logging_mixin.py:188} INFO - Warning: Your Kaggle API key is readable by other users on this system! To fix this, you can run 'chmod 600 /home/airflow/.kaggle/kaggle.json'
[2026-02-16T04:03:53.484+0000] {logging_mixin.py:188} WARNING - /home/airflow/.local/lib/python3.8/site-packages/airflow/models/baseoperator.py:437 AirflowProviderDeprecationWarning: `exists_ok` parameter is deprecated, please use `if_exists`
[2026-02-16T04:03:53.493+0000] {processor.py:840} INFO - DAG(s) 'ecommerce_etl_v2' retrieved from /opt/airflow/dags/etl_dag.py
[2026-02-16T04:03:53.514+0000] {logging_mixin.py:188} INFO - [2026-02-16T04:03:53.514+0000] {dag.py:3036} INFO - Sync 1 DAGs
[2026-02-16T04:03:53.527+0000] {logging_mixin.py:188} INFO - [2026-02-16T04:03:53.527+0000] {dag.py:3823} INFO - Setting next_dagrun for ecommerce_etl_v2 to 2026-02-15 13:00:00+00:00, run_after=2026-02-16 13:00:00+00:00
[2026-02-16T04:03:53.537+0000] {processor.py:183} INFO - Processing /opt/airflow/dags/etl_dag.py took 0.159 seconds
[2026-02-16T04:04:23.861+0000] {processor.py:161} INFO - Started process (PID=34091) to work on /opt/airflow/dags/etl_dag.py
[2026-02-16T04:04:23.862+0000] {processor.py:830} INFO - Processing file /opt/airflow/dags/etl_dag.py for tasks to queue
[2026-02-16T04:04:23.863+0000] {logging_mixin.py:188} INFO - [2026-02-16T04:04:23.863+0000] {dagbag.py:538} INFO - Filling up the DagBag from /opt/airflow/dags/etl_dag.py
[2026-02-16T04:04:23.911+0000] {logging_mixin.py:188} INFO - Warning: Your Kaggle API key is readable by other users on this system! To fix this, you can run 'chmod 600 /home/airflow/.kaggle/kaggle.json'
[2026-02-16T04:04:23.971+0000] {logging_mixin.py:188} WARNING - /home/airflow/.local/lib/python3.8/site-packages/airflow/models/baseoperator.py:437 AirflowProviderDeprecationWarning: `exists_ok` parameter is deprecated, please use `if_exists`
[2026-02-16T04:04:23.980+0000] {processor.py:840} INFO - DAG(s) 'ecommerce_etl_v2' retrieved from /opt/airflow/dags/etl_dag.py
[2026-02-16T04:04:23.999+0000] {logging_mixin.py:188} INFO - [2026-02-16T04:04:23.999+0000] {dag.py:3036} INFO - Sync 1 DAGs
[2026-02-16T04:04:24.009+0000] {logging_mixin.py:188} INFO - [2026-02-16T04:04:24.009+0000] {dag.py:3823} INFO - Setting next_dagrun for ecommerce_etl_v2 to 2026-02-15 13:00:00+00:00, run_after=2026-02-16 13:00:00+00:00
[2026-02-16T04:04:24.017+0000] {processor.py:183} INFO - Processing /opt/airflow/dags/etl_dag.py took 0.160 seconds
[2026-02-16T04:04:54.345+0000] {processor.py:161} INFO - Started process (PID=34122) to work on /opt/airflow/dags/etl_dag.py
[2026-02-16T04:04:54.345+0000] {processor.py:830} INFO - Processing file /opt/airflow/dags/etl_dag.py for tasks to queue
[2026-02-16T04:04:54.346+0000] {logging_mixin.py:188} INFO - [2026-02-16T04:04:54.346+0000] {dagbag.py:538} INFO - Filling up the DagBag from /opt/airflow/dags/etl_dag.py
[2026-02-16T04:04:54.383+0000] {logging_mixin.py:188} INFO - Warning: Your Kaggle API key is readable by other users on this system! To fix this, you can run 'chmod 600 /home/airflow/.kaggle/kaggle.json'
[2026-02-16T04:04:54.442+0000] {logging_mixin.py:188} WARNING - /home/airflow/.local/lib/python3.8/site-packages/airflow/models/baseoperator.py:437 AirflowProviderDeprecationWarning: `exists_ok` parameter is deprecated, please use `if_exists`
[2026-02-16T04:04:54.451+0000] {processor.py:840} INFO - DAG(s) 'ecommerce_etl_v2' retrieved from /opt/airflow/dags/etl_dag.py
[2026-02-16T04:04:54.472+0000] {logging_mixin.py:188} INFO - [2026-02-16T04:04:54.472+0000] {dag.py:3036} INFO - Sync 1 DAGs
[2026-02-16T04:04:54.482+0000] {logging_mixin.py:188} INFO - [2026-02-16T04:04:54.482+0000] {dag.py:3823} INFO - Setting next_dagrun for ecommerce_etl_v2 to 2026-02-15 13:00:00+00:00, run_after=2026-02-16 13:00:00+00:00
[2026-02-16T04:04:54.490+0000] {processor.py:183} INFO - Processing /opt/airflow/dags/etl_dag.py took 0.147 seconds
[2026-02-16T04:05:24.667+0000] {processor.py:161} INFO - Started process (PID=34153) to work on /opt/airflow/dags/etl_dag.py
[2026-02-16T04:05:24.669+0000] {processor.py:830} INFO - Processing file /opt/airflow/dags/etl_dag.py for tasks to queue
[2026-02-16T04:05:24.669+0000] {logging_mixin.py:188} INFO - [2026-02-16T04:05:24.669+0000] {dagbag.py:538} INFO - Filling up the DagBag from /opt/airflow/dags/etl_dag.py
[2026-02-16T04:05:24.715+0000] {logging_mixin.py:188} INFO - Warning: Your Kaggle API key is readable by other users on this system! To fix this, you can run 'chmod 600 /home/airflow/.kaggle/kaggle.json'
[2026-02-16T04:05:24.775+0000] {logging_mixin.py:188} WARNING - /home/airflow/.local/lib/python3.8/site-packages/airflow/models/baseoperator.py:437 AirflowProviderDeprecationWarning: `exists_ok` parameter is deprecated, please use `if_exists`
[2026-02-16T04:05:24.784+0000] {processor.py:840} INFO - DAG(s) 'ecommerce_etl_v2' retrieved from /opt/airflow/dags/etl_dag.py
[2026-02-16T04:05:24.803+0000] {logging_mixin.py:188} INFO - [2026-02-16T04:05:24.803+0000] {dag.py:3036} INFO - Sync 1 DAGs
[2026-02-16T04:05:24.813+0000] {logging_mixin.py:188} INFO - [2026-02-16T04:05:24.813+0000] {dag.py:3823} INFO - Setting next_dagrun for ecommerce_etl_v2 to 2026-02-15 13:00:00+00:00, run_after=2026-02-16 13:00:00+00:00
[2026-02-16T04:05:24.821+0000] {processor.py:183} INFO - Processing /opt/airflow/dags/etl_dag.py took 0.157 seconds
[2026-02-16T04:08:12.517+0000] {processor.py:161} INFO - Started process (PID=34184) to work on /opt/airflow/dags/etl_dag.py
[2026-02-16T04:08:12.519+0000] {processor.py:830} INFO - Processing file /opt/airflow/dags/etl_dag.py for tasks to queue
[2026-02-16T04:08:12.520+0000] {logging_mixin.py:188} INFO - [2026-02-16T04:08:12.520+0000] {dagbag.py:538} INFO - Filling up the DagBag from /opt/airflow/dags/etl_dag.py
[2026-02-16T04:08:12.566+0000] {logging_mixin.py:188} INFO - Warning: Your Kaggle API key is readable by other users on this system! To fix this, you can run 'chmod 600 /home/airflow/.kaggle/kaggle.json'
[2026-02-16T04:08:12.627+0000] {logging_mixin.py:188} WARNING - /home/airflow/.local/lib/python3.8/site-packages/airflow/models/baseoperator.py:437 AirflowProviderDeprecationWarning: `exists_ok` parameter is deprecated, please use `if_exists`
[2026-02-16T04:08:12.636+0000] {processor.py:840} INFO - DAG(s) 'ecommerce_etl_v2' retrieved from /opt/airflow/dags/etl_dag.py
[2026-02-16T04:08:12.655+0000] {logging_mixin.py:188} INFO - [2026-02-16T04:08:12.655+0000] {dag.py:3036} INFO - Sync 1 DAGs
[2026-02-16T04:08:12.666+0000] {logging_mixin.py:188} INFO - [2026-02-16T04:08:12.666+0000] {dag.py:3823} INFO - Setting next_dagrun for ecommerce_etl_v2 to 2026-02-15 13:00:00+00:00, run_after=2026-02-16 13:00:00+00:00
[2026-02-16T04:08:12.675+0000] {processor.py:183} INFO - Processing /opt/airflow/dags/etl_dag.py took 0.163 seconds
[2026-02-16T04:08:42.874+0000] {processor.py:161} INFO - Started process (PID=34215) to work on /opt/airflow/dags/etl_dag.py
[2026-02-16T04:08:42.876+0000] {processor.py:830} INFO - Processing file /opt/airflow/dags/etl_dag.py for tasks to queue
[2026-02-16T04:08:42.877+0000] {logging_mixin.py:188} INFO - [2026-02-16T04:08:42.877+0000] {dagbag.py:538} INFO - Filling up the DagBag from /opt/airflow/dags/etl_dag.py
[2026-02-16T04:08:42.925+0000] {logging_mixin.py:188} INFO - Warning: Your Kaggle API key is readable by other users on this system! To fix this, you can run 'chmod 600 /home/airflow/.kaggle/kaggle.json'
[2026-02-16T04:08:42.984+0000] {logging_mixin.py:188} WARNING - /home/airflow/.local/lib/python3.8/site-packages/airflow/models/baseoperator.py:437 AirflowProviderDeprecationWarning: `exists_ok` parameter is deprecated, please use `if_exists`
[2026-02-16T04:08:42.994+0000] {processor.py:840} INFO - DAG(s) 'ecommerce_etl_v2' retrieved from /opt/airflow/dags/etl_dag.py
[2026-02-16T04:08:43.011+0000] {logging_mixin.py:188} INFO - [2026-02-16T04:08:43.011+0000] {dag.py:3036} INFO - Sync 1 DAGs
[2026-02-16T04:08:43.021+0000] {logging_mixin.py:188} INFO - [2026-02-16T04:08:43.021+0000] {dag.py:3823} INFO - Setting next_dagrun for ecommerce_etl_v2 to 2026-02-15 13:00:00+00:00, run_after=2026-02-16 13:00:00+00:00
[2026-02-16T04:08:43.029+0000] {processor.py:183} INFO - Processing /opt/airflow/dags/etl_dag.py took 0.160 seconds
[2026-02-16T04:09:13.311+0000] {processor.py:161} INFO - Started process (PID=34246) to work on /opt/airflow/dags/etl_dag.py
[2026-02-16T04:09:13.312+0000] {processor.py:830} INFO - Processing file /opt/airflow/dags/etl_dag.py for tasks to queue
[2026-02-16T04:09:13.313+0000] {logging_mixin.py:188} INFO - [2026-02-16T04:09:13.313+0000] {dagbag.py:538} INFO - Filling up the DagBag from /opt/airflow/dags/etl_dag.py
[2026-02-16T04:09:13.361+0000] {logging_mixin.py:188} INFO - Warning: Your Kaggle API key is readable by other users on this system! To fix this, you can run 'chmod 600 /home/airflow/.kaggle/kaggle.json'
[2026-02-16T04:09:13.421+0000] {logging_mixin.py:188} WARNING - /home/airflow/.local/lib/python3.8/site-packages/airflow/models/baseoperator.py:437 AirflowProviderDeprecationWarning: `exists_ok` parameter is deprecated, please use `if_exists`
[2026-02-16T04:09:13.429+0000] {processor.py:840} INFO - DAG(s) 'ecommerce_etl_v2' retrieved from /opt/airflow/dags/etl_dag.py
[2026-02-16T04:09:13.448+0000] {logging_mixin.py:188} INFO - [2026-02-16T04:09:13.448+0000] {dag.py:3036} INFO - Sync 1 DAGs
[2026-02-16T04:09:13.459+0000] {logging_mixin.py:188} INFO - [2026-02-16T04:09:13.458+0000] {dag.py:3823} INFO - Setting next_dagrun for ecommerce_etl_v2 to 2026-02-15 13:00:00+00:00, run_after=2026-02-16 13:00:00+00:00
[2026-02-16T04:09:13.467+0000] {processor.py:183} INFO - Processing /opt/airflow/dags/etl_dag.py took 0.160 seconds
[2026-02-16T04:09:43.696+0000] {processor.py:161} INFO - Started process (PID=34277) to work on /opt/airflow/dags/etl_dag.py
[2026-02-16T04:09:43.697+0000] {processor.py:830} INFO - Processing file /opt/airflow/dags/etl_dag.py for tasks to queue
[2026-02-16T04:09:43.698+0000] {logging_mixin.py:188} INFO - [2026-02-16T04:09:43.698+0000] {dagbag.py:538} INFO - Filling up the DagBag from /opt/airflow/dags/etl_dag.py
[2026-02-16T04:09:43.743+0000] {logging_mixin.py:188} INFO - Warning: Your Kaggle API key is readable by other users on this system! To fix this, you can run 'chmod 600 /home/airflow/.kaggle/kaggle.json'
[2026-02-16T04:09:43.802+0000] {logging_mixin.py:188} WARNING - /home/airflow/.local/lib/python3.8/site-packages/airflow/models/baseoperator.py:437 AirflowProviderDeprecationWarning: `exists_ok` parameter is deprecated, please use `if_exists`
[2026-02-16T04:09:43.814+0000] {processor.py:840} INFO - DAG(s) 'ecommerce_etl_v2' retrieved from /opt/airflow/dags/etl_dag.py
[2026-02-16T04:09:43.832+0000] {logging_mixin.py:188} INFO - [2026-02-16T04:09:43.832+0000] {dag.py:3036} INFO - Sync 1 DAGs
[2026-02-16T04:09:43.842+0000] {logging_mixin.py:188} INFO - [2026-02-16T04:09:43.842+0000] {dag.py:3823} INFO - Setting next_dagrun for ecommerce_etl_v2 to 2026-02-15 13:00:00+00:00, run_after=2026-02-16 13:00:00+00:00
[2026-02-16T04:09:43.850+0000] {processor.py:183} INFO - Processing /opt/airflow/dags/etl_dag.py took 0.158 seconds
[2026-02-16T04:10:14.185+0000] {processor.py:161} INFO - Started process (PID=34308) to work on /opt/airflow/dags/etl_dag.py
[2026-02-16T04:10:14.186+0000] {processor.py:830} INFO - Processing file /opt/airflow/dags/etl_dag.py for tasks to queue
[2026-02-16T04:10:14.187+0000] {logging_mixin.py:188} INFO - [2026-02-16T04:10:14.187+0000] {dagbag.py:538} INFO - Filling up the DagBag from /opt/airflow/dags/etl_dag.py
[2026-02-16T04:10:14.230+0000] {logging_mixin.py:188} INFO - Warning: Your Kaggle API key is readable by other users on this system! To fix this, you can run 'chmod 600 /home/airflow/.kaggle/kaggle.json'
[2026-02-16T04:10:14.289+0000] {logging_mixin.py:188} WARNING - /home/airflow/.local/lib/python3.8/site-packages/airflow/models/baseoperator.py:437 AirflowProviderDeprecationWarning: `exists_ok` parameter is deprecated, please use `if_exists`
[2026-02-16T04:10:14.298+0000] {processor.py:840} INFO - DAG(s) 'ecommerce_etl_v2' retrieved from /opt/airflow/dags/etl_dag.py
[2026-02-16T04:10:14.317+0000] {logging_mixin.py:188} INFO - [2026-02-16T04:10:14.317+0000] {dag.py:3036} INFO - Sync 1 DAGs
[2026-02-16T04:10:14.327+0000] {logging_mixin.py:188} INFO - [2026-02-16T04:10:14.327+0000] {dag.py:3823} INFO - Setting next_dagrun for ecommerce_etl_v2 to 2026-02-15 13:00:00+00:00, run_after=2026-02-16 13:00:00+00:00
[2026-02-16T04:10:14.337+0000] {processor.py:183} INFO - Processing /opt/airflow/dags/etl_dag.py took 0.154 seconds
[2026-02-16T04:12:15.525+0000] {processor.py:161} INFO - Started process (PID=34340) to work on /opt/airflow/dags/etl_dag.py
[2026-02-16T04:12:15.526+0000] {processor.py:830} INFO - Processing file /opt/airflow/dags/etl_dag.py for tasks to queue
[2026-02-16T04:12:15.526+0000] {logging_mixin.py:188} INFO - [2026-02-16T04:12:15.526+0000] {dagbag.py:538} INFO - Filling up the DagBag from /opt/airflow/dags/etl_dag.py
[2026-02-16T04:12:15.566+0000] {logging_mixin.py:188} INFO - Warning: Your Kaggle API key is readable by other users on this system! To fix this, you can run 'chmod 600 /home/airflow/.kaggle/kaggle.json'
[2026-02-16T04:12:15.625+0000] {logging_mixin.py:188} WARNING - /home/airflow/.local/lib/python3.8/site-packages/airflow/models/baseoperator.py:437 AirflowProviderDeprecationWarning: `exists_ok` parameter is deprecated, please use `if_exists`
[2026-02-16T04:12:15.634+0000] {processor.py:840} INFO - DAG(s) 'ecommerce_etl_v2' retrieved from /opt/airflow/dags/etl_dag.py
[2026-02-16T04:12:15.654+0000] {logging_mixin.py:188} INFO - [2026-02-16T04:12:15.654+0000] {dag.py:3036} INFO - Sync 1 DAGs
[2026-02-16T04:12:15.664+0000] {logging_mixin.py:188} INFO - [2026-02-16T04:12:15.664+0000] {dag.py:3823} INFO - Setting next_dagrun for ecommerce_etl_v2 to 2026-02-15 13:00:00+00:00, run_after=2026-02-16 13:00:00+00:00
[2026-02-16T04:12:15.674+0000] {processor.py:183} INFO - Processing /opt/airflow/dags/etl_dag.py took 0.151 seconds
[2026-02-16T04:12:45.872+0000] {processor.py:161} INFO - Started process (PID=34372) to work on /opt/airflow/dags/etl_dag.py
[2026-02-16T04:12:45.873+0000] {processor.py:830} INFO - Processing file /opt/airflow/dags/etl_dag.py for tasks to queue
[2026-02-16T04:12:45.873+0000] {logging_mixin.py:188} INFO - [2026-02-16T04:12:45.873+0000] {dagbag.py:538} INFO - Filling up the DagBag from /opt/airflow/dags/etl_dag.py
[2026-02-16T04:12:45.916+0000] {logging_mixin.py:188} INFO - Warning: Your Kaggle API key is readable by other users on this system! To fix this, you can run 'chmod 600 /home/airflow/.kaggle/kaggle.json'
[2026-02-16T04:12:45.977+0000] {logging_mixin.py:188} WARNING - /home/airflow/.local/lib/python3.8/site-packages/airflow/models/baseoperator.py:437 AirflowProviderDeprecationWarning: `exists_ok` parameter is deprecated, please use `if_exists`
[2026-02-16T04:12:45.986+0000] {processor.py:840} INFO - DAG(s) 'ecommerce_etl_v2' retrieved from /opt/airflow/dags/etl_dag.py
[2026-02-16T04:12:46.007+0000] {logging_mixin.py:188} INFO - [2026-02-16T04:12:46.007+0000] {dag.py:3036} INFO - Sync 1 DAGs
[2026-02-16T04:12:46.019+0000] {logging_mixin.py:188} INFO - [2026-02-16T04:12:46.019+0000] {dag.py:3823} INFO - Setting next_dagrun for ecommerce_etl_v2 to 2026-02-15 13:00:00+00:00, run_after=2026-02-16 13:00:00+00:00
[2026-02-16T04:12:46.028+0000] {processor.py:183} INFO - Processing /opt/airflow/dags/etl_dag.py took 0.159 seconds
[2026-02-16T04:13:16.385+0000] {processor.py:161} INFO - Started process (PID=34403) to work on /opt/airflow/dags/etl_dag.py
[2026-02-16T04:13:16.386+0000] {processor.py:830} INFO - Processing file /opt/airflow/dags/etl_dag.py for tasks to queue
[2026-02-16T04:13:16.387+0000] {logging_mixin.py:188} INFO - [2026-02-16T04:13:16.387+0000] {dagbag.py:538} INFO - Filling up the DagBag from /opt/airflow/dags/etl_dag.py
[2026-02-16T04:13:16.434+0000] {logging_mixin.py:188} INFO - Warning: Your Kaggle API key is readable by other users on this system! To fix this, you can run 'chmod 600 /home/airflow/.kaggle/kaggle.json'
[2026-02-16T04:13:16.496+0000] {logging_mixin.py:188} WARNING - /home/airflow/.local/lib/python3.8/site-packages/airflow/models/baseoperator.py:437 AirflowProviderDeprecationWarning: `exists_ok` parameter is deprecated, please use `if_exists`
[2026-02-16T04:13:16.505+0000] {processor.py:840} INFO - DAG(s) 'ecommerce_etl_v2' retrieved from /opt/airflow/dags/etl_dag.py
[2026-02-16T04:13:16.525+0000] {logging_mixin.py:188} INFO - [2026-02-16T04:13:16.525+0000] {dag.py:3036} INFO - Sync 1 DAGs
[2026-02-16T04:13:16.536+0000] {logging_mixin.py:188} INFO - [2026-02-16T04:13:16.536+0000] {dag.py:3823} INFO - Setting next_dagrun for ecommerce_etl_v2 to 2026-02-15 13:00:00+00:00, run_after=2026-02-16 13:00:00+00:00
[2026-02-16T04:13:16.546+0000] {processor.py:183} INFO - Processing /opt/airflow/dags/etl_dag.py took 0.165 seconds
[2026-02-16T04:13:46.803+0000] {processor.py:161} INFO - Started process (PID=34434) to work on /opt/airflow/dags/etl_dag.py
[2026-02-16T04:13:46.804+0000] {processor.py:830} INFO - Processing file /opt/airflow/dags/etl_dag.py for tasks to queue
[2026-02-16T04:13:46.805+0000] {logging_mixin.py:188} INFO - [2026-02-16T04:13:46.805+0000] {dagbag.py:538} INFO - Filling up the DagBag from /opt/airflow/dags/etl_dag.py
[2026-02-16T04:13:46.855+0000] {logging_mixin.py:188} INFO - Warning: Your Kaggle API key is readable by other users on this system! To fix this, you can run 'chmod 600 /home/airflow/.kaggle/kaggle.json'
[2026-02-16T04:13:46.915+0000] {logging_mixin.py:188} WARNING - /home/airflow/.local/lib/python3.8/site-packages/airflow/models/baseoperator.py:437 AirflowProviderDeprecationWarning: `exists_ok` parameter is deprecated, please use `if_exists`
[2026-02-16T04:13:46.924+0000] {processor.py:840} INFO - DAG(s) 'ecommerce_etl_v2' retrieved from /opt/airflow/dags/etl_dag.py
[2026-02-16T04:13:46.943+0000] {logging_mixin.py:188} INFO - [2026-02-16T04:13:46.943+0000] {dag.py:3036} INFO - Sync 1 DAGs
[2026-02-16T04:13:46.954+0000] {logging_mixin.py:188} INFO - [2026-02-16T04:13:46.954+0000] {dag.py:3823} INFO - Setting next_dagrun for ecommerce_etl_v2 to 2026-02-15 13:00:00+00:00, run_after=2026-02-16 13:00:00+00:00
[2026-02-16T04:13:46.963+0000] {processor.py:183} INFO - Processing /opt/airflow/dags/etl_dag.py took 0.165 seconds
[2026-02-16T04:14:17.225+0000] {processor.py:161} INFO - Started process (PID=34465) to work on /opt/airflow/dags/etl_dag.py
[2026-02-16T04:14:17.226+0000] {processor.py:830} INFO - Processing file /opt/airflow/dags/etl_dag.py for tasks to queue
[2026-02-16T04:14:17.227+0000] {logging_mixin.py:188} INFO - [2026-02-16T04:14:17.227+0000] {dagbag.py:538} INFO - Filling up the DagBag from /opt/airflow/dags/etl_dag.py
[2026-02-16T04:14:17.273+0000] {logging_mixin.py:188} INFO - Warning: Your Kaggle API key is readable by other users on this system! To fix this, you can run 'chmod 600 /home/airflow/.kaggle/kaggle.json'
[2026-02-16T04:14:17.333+0000] {logging_mixin.py:188} WARNING - /home/airflow/.local/lib/python3.8/site-packages/airflow/models/baseoperator.py:437 AirflowProviderDeprecationWarning: `exists_ok` parameter is deprecated, please use `if_exists`
[2026-02-16T04:14:17.341+0000] {processor.py:840} INFO - DAG(s) 'ecommerce_etl_v2' retrieved from /opt/airflow/dags/etl_dag.py
[2026-02-16T04:14:17.360+0000] {logging_mixin.py:188} INFO - [2026-02-16T04:14:17.360+0000] {dag.py:3036} INFO - Sync 1 DAGs
[2026-02-16T04:14:17.371+0000] {logging_mixin.py:188} INFO - [2026-02-16T04:14:17.371+0000] {dag.py:3823} INFO - Setting next_dagrun for ecommerce_etl_v2 to 2026-02-15 13:00:00+00:00, run_after=2026-02-16 13:00:00+00:00
[2026-02-16T04:14:17.380+0000] {processor.py:183} INFO - Processing /opt/airflow/dags/etl_dag.py took 0.159 seconds
[2026-02-16T04:23:49.668+0000] {processor.py:161} INFO - Started process (PID=34496) to work on /opt/airflow/dags/etl_dag.py
[2026-02-16T04:23:49.669+0000] {processor.py:830} INFO - Processing file /opt/airflow/dags/etl_dag.py for tasks to queue
[2026-02-16T04:23:49.670+0000] {logging_mixin.py:188} INFO - [2026-02-16T04:23:49.670+0000] {dagbag.py:538} INFO - Filling up the DagBag from /opt/airflow/dags/etl_dag.py
[2026-02-16T04:23:49.713+0000] {logging_mixin.py:188} INFO - Warning: Your Kaggle API key is readable by other users on this system! To fix this, you can run 'chmod 600 /home/airflow/.kaggle/kaggle.json'
[2026-02-16T04:23:49.772+0000] {logging_mixin.py:188} WARNING - /home/airflow/.local/lib/python3.8/site-packages/airflow/models/baseoperator.py:437 AirflowProviderDeprecationWarning: `exists_ok` parameter is deprecated, please use `if_exists`
[2026-02-16T04:23:49.781+0000] {processor.py:840} INFO - DAG(s) 'ecommerce_etl_v2' retrieved from /opt/airflow/dags/etl_dag.py
[2026-02-16T04:23:49.800+0000] {logging_mixin.py:188} INFO - [2026-02-16T04:23:49.800+0000] {dag.py:3036} INFO - Sync 1 DAGs
[2026-02-16T04:23:49.811+0000] {logging_mixin.py:188} INFO - [2026-02-16T04:23:49.811+0000] {dag.py:3823} INFO - Setting next_dagrun for ecommerce_etl_v2 to 2026-02-15 13:00:00+00:00, run_after=2026-02-16 13:00:00+00:00
[2026-02-16T04:23:49.821+0000] {processor.py:183} INFO - Processing /opt/airflow/dags/etl_dag.py took 0.157 seconds
[2026-02-16T04:24:20.021+0000] {processor.py:161} INFO - Started process (PID=34527) to work on /opt/airflow/dags/etl_dag.py
[2026-02-16T04:24:20.023+0000] {processor.py:830} INFO - Processing file /opt/airflow/dags/etl_dag.py for tasks to queue
[2026-02-16T04:24:20.024+0000] {logging_mixin.py:188} INFO - [2026-02-16T04:24:20.024+0000] {dagbag.py:538} INFO - Filling up the DagBag from /opt/airflow/dags/etl_dag.py
[2026-02-16T04:24:20.071+0000] {logging_mixin.py:188} INFO - Warning: Your Kaggle API key is readable by other users on this system! To fix this, you can run 'chmod 600 /home/airflow/.kaggle/kaggle.json'
[2026-02-16T04:24:20.132+0000] {logging_mixin.py:188} WARNING - /home/airflow/.local/lib/python3.8/site-packages/airflow/models/baseoperator.py:437 AirflowProviderDeprecationWarning: `exists_ok` parameter is deprecated, please use `if_exists`
[2026-02-16T04:24:20.141+0000] {processor.py:840} INFO - DAG(s) 'ecommerce_etl_v2' retrieved from /opt/airflow/dags/etl_dag.py
[2026-02-16T04:24:20.160+0000] {logging_mixin.py:188} INFO - [2026-02-16T04:24:20.160+0000] {dag.py:3036} INFO - Sync 1 DAGs
[2026-02-16T04:24:20.174+0000] {logging_mixin.py:188} INFO - [2026-02-16T04:24:20.174+0000] {dag.py:3823} INFO - Setting next_dagrun for ecommerce_etl_v2 to 2026-02-15 13:00:00+00:00, run_after=2026-02-16 13:00:00+00:00
[2026-02-16T04:24:20.185+0000] {processor.py:183} INFO - Processing /opt/airflow/dags/etl_dag.py took 0.168 seconds
[2026-02-16T04:24:50.487+0000] {processor.py:161} INFO - Started process (PID=34558) to work on /opt/airflow/dags/etl_dag.py
[2026-02-16T04:24:50.488+0000] {processor.py:830} INFO - Processing file /opt/airflow/dags/etl_dag.py for tasks to queue
[2026-02-16T04:24:50.489+0000] {logging_mixin.py:188} INFO - [2026-02-16T04:24:50.489+0000] {dagbag.py:538} INFO - Filling up the DagBag from /opt/airflow/dags/etl_dag.py
[2026-02-16T04:24:50.536+0000] {logging_mixin.py:188} INFO - Warning: Your Kaggle API key is readable by other users on this system! To fix this, you can run 'chmod 600 /home/airflow/.kaggle/kaggle.json'
[2026-02-16T04:24:50.595+0000] {logging_mixin.py:188} WARNING - /home/airflow/.local/lib/python3.8/site-packages/airflow/models/baseoperator.py:437 AirflowProviderDeprecationWarning: `exists_ok` parameter is deprecated, please use `if_exists`
[2026-02-16T04:24:50.604+0000] {processor.py:840} INFO - DAG(s) 'ecommerce_etl_v2' retrieved from /opt/airflow/dags/etl_dag.py
[2026-02-16T04:24:50.623+0000] {logging_mixin.py:188} INFO - [2026-02-16T04:24:50.623+0000] {dag.py:3036} INFO - Sync 1 DAGs
[2026-02-16T04:24:50.633+0000] {logging_mixin.py:188} INFO - [2026-02-16T04:24:50.633+0000] {dag.py:3823} INFO - Setting next_dagrun for ecommerce_etl_v2 to 2026-02-15 13:00:00+00:00, run_after=2026-02-16 13:00:00+00:00
[2026-02-16T04:24:50.642+0000] {processor.py:183} INFO - Processing /opt/airflow/dags/etl_dag.py took 0.159 seconds
[2026-02-16T04:25:20.938+0000] {processor.py:161} INFO - Started process (PID=34589) to work on /opt/airflow/dags/etl_dag.py
[2026-02-16T04:25:20.939+0000] {processor.py:830} INFO - Processing file /opt/airflow/dags/etl_dag.py for tasks to queue
[2026-02-16T04:25:20.940+0000] {logging_mixin.py:188} INFO - [2026-02-16T04:25:20.940+0000] {dagbag.py:538} INFO - Filling up the DagBag from /opt/airflow/dags/etl_dag.py
[2026-02-16T04:25:20.987+0000] {logging_mixin.py:188} INFO - Warning: Your Kaggle API key is readable by other users on this system! To fix this, you can run 'chmod 600 /home/airflow/.kaggle/kaggle.json'
[2026-02-16T04:25:21.047+0000] {logging_mixin.py:188} WARNING - /home/airflow/.local/lib/python3.8/site-packages/airflow/models/baseoperator.py:437 AirflowProviderDeprecationWarning: `exists_ok` parameter is deprecated, please use `if_exists`
[2026-02-16T04:25:21.057+0000] {processor.py:840} INFO - DAG(s) 'ecommerce_etl_v2' retrieved from /opt/airflow/dags/etl_dag.py
[2026-02-16T04:25:21.076+0000] {logging_mixin.py:188} INFO - [2026-02-16T04:25:21.075+0000] {dag.py:3036} INFO - Sync 1 DAGs
[2026-02-16T04:25:21.086+0000] {logging_mixin.py:188} INFO - [2026-02-16T04:25:21.086+0000] {dag.py:3823} INFO - Setting next_dagrun for ecommerce_etl_v2 to 2026-02-15 13:00:00+00:00, run_after=2026-02-16 13:00:00+00:00
[2026-02-16T04:25:21.095+0000] {processor.py:183} INFO - Processing /opt/airflow/dags/etl_dag.py took 0.161 seconds
[2026-02-16T04:30:01.495+0000] {processor.py:161} INFO - Started process (PID=34620) to work on /opt/airflow/dags/etl_dag.py
[2026-02-16T04:30:01.495+0000] {processor.py:830} INFO - Processing file /opt/airflow/dags/etl_dag.py for tasks to queue
[2026-02-16T04:30:01.496+0000] {logging_mixin.py:188} INFO - [2026-02-16T04:30:01.496+0000] {dagbag.py:538} INFO - Filling up the DagBag from /opt/airflow/dags/etl_dag.py
[2026-02-16T04:30:01.552+0000] {logging_mixin.py:188} INFO - Warning: Your Kaggle API key is readable by other users on this system! To fix this, you can run 'chmod 600 /home/airflow/.kaggle/kaggle.json'
[2026-02-16T04:30:01.622+0000] {logging_mixin.py:188} WARNING - /home/airflow/.local/lib/python3.8/site-packages/airflow/models/baseoperator.py:437 AirflowProviderDeprecationWarning: `exists_ok` parameter is deprecated, please use `if_exists`
[2026-02-16T04:30:01.634+0000] {processor.py:840} INFO - DAG(s) 'ecommerce_etl_v2' retrieved from /opt/airflow/dags/etl_dag.py
[2026-02-16T04:30:01.658+0000] {logging_mixin.py:188} INFO - [2026-02-16T04:30:01.658+0000] {dag.py:3036} INFO - Sync 1 DAGs
[2026-02-16T04:30:01.673+0000] {logging_mixin.py:188} INFO - [2026-02-16T04:30:01.673+0000] {dag.py:3823} INFO - Setting next_dagrun for ecommerce_etl_v2 to 2026-02-15 13:00:00+00:00, run_after=2026-02-16 13:00:00+00:00
[2026-02-16T04:30:01.689+0000] {processor.py:183} INFO - Processing /opt/airflow/dags/etl_dag.py took 0.198 seconds
[2026-02-16T04:30:31.916+0000] {processor.py:161} INFO - Started process (PID=34651) to work on /opt/airflow/dags/etl_dag.py
[2026-02-16T04:30:31.918+0000] {processor.py:830} INFO - Processing file /opt/airflow/dags/etl_dag.py for tasks to queue
[2026-02-16T04:30:31.918+0000] {logging_mixin.py:188} INFO - [2026-02-16T04:30:31.918+0000] {dagbag.py:538} INFO - Filling up the DagBag from /opt/airflow/dags/etl_dag.py
[2026-02-16T04:30:31.961+0000] {logging_mixin.py:188} INFO - Warning: Your Kaggle API key is readable by other users on this system! To fix this, you can run 'chmod 600 /home/airflow/.kaggle/kaggle.json'
[2026-02-16T04:30:32.021+0000] {logging_mixin.py:188} WARNING - /home/airflow/.local/lib/python3.8/site-packages/airflow/models/baseoperator.py:437 AirflowProviderDeprecationWarning: `exists_ok` parameter is deprecated, please use `if_exists`
[2026-02-16T04:30:32.030+0000] {processor.py:840} INFO - DAG(s) 'ecommerce_etl_v2' retrieved from /opt/airflow/dags/etl_dag.py
[2026-02-16T04:30:32.047+0000] {logging_mixin.py:188} INFO - [2026-02-16T04:30:32.047+0000] {dag.py:3036} INFO - Sync 1 DAGs
[2026-02-16T04:30:32.058+0000] {logging_mixin.py:188} INFO - [2026-02-16T04:30:32.058+0000] {dag.py:3823} INFO - Setting next_dagrun for ecommerce_etl_v2 to 2026-02-15 13:00:00+00:00, run_after=2026-02-16 13:00:00+00:00
[2026-02-16T04:30:32.067+0000] {processor.py:183} INFO - Processing /opt/airflow/dags/etl_dag.py took 0.154 seconds
[2026-02-16T04:31:02.320+0000] {processor.py:161} INFO - Started process (PID=34682) to work on /opt/airflow/dags/etl_dag.py
[2026-02-16T04:31:02.321+0000] {processor.py:830} INFO - Processing file /opt/airflow/dags/etl_dag.py for tasks to queue
[2026-02-16T04:31:02.322+0000] {logging_mixin.py:188} INFO - [2026-02-16T04:31:02.322+0000] {dagbag.py:538} INFO - Filling up the DagBag from /opt/airflow/dags/etl_dag.py
[2026-02-16T04:31:02.368+0000] {logging_mixin.py:188} INFO - Warning: Your Kaggle API key is readable by other users on this system! To fix this, you can run 'chmod 600 /home/airflow/.kaggle/kaggle.json'
[2026-02-16T04:31:02.428+0000] {logging_mixin.py:188} WARNING - /home/airflow/.local/lib/python3.8/site-packages/airflow/models/baseoperator.py:437 AirflowProviderDeprecationWarning: `exists_ok` parameter is deprecated, please use `if_exists`
[2026-02-16T04:31:02.437+0000] {processor.py:840} INFO - DAG(s) 'ecommerce_etl_v2' retrieved from /opt/airflow/dags/etl_dag.py
[2026-02-16T04:31:02.456+0000] {logging_mixin.py:188} INFO - [2026-02-16T04:31:02.456+0000] {dag.py:3036} INFO - Sync 1 DAGs
[2026-02-16T04:31:02.466+0000] {logging_mixin.py:188} INFO - [2026-02-16T04:31:02.466+0000] {dag.py:3823} INFO - Setting next_dagrun for ecommerce_etl_v2 to 2026-02-15 13:00:00+00:00, run_after=2026-02-16 13:00:00+00:00
[2026-02-16T04:31:02.475+0000] {processor.py:183} INFO - Processing /opt/airflow/dags/etl_dag.py took 0.159 seconds
[2026-02-16T04:31:32.721+0000] {processor.py:161} INFO - Started process (PID=34713) to work on /opt/airflow/dags/etl_dag.py
[2026-02-16T04:31:32.722+0000] {processor.py:830} INFO - Processing file /opt/airflow/dags/etl_dag.py for tasks to queue
[2026-02-16T04:31:32.723+0000] {logging_mixin.py:188} INFO - [2026-02-16T04:31:32.723+0000] {dagbag.py:538} INFO - Filling up the DagBag from /opt/airflow/dags/etl_dag.py
[2026-02-16T04:31:32.771+0000] {logging_mixin.py:188} INFO - Warning: Your Kaggle API key is readable by other users on this system! To fix this, you can run 'chmod 600 /home/airflow/.kaggle/kaggle.json'
[2026-02-16T04:31:32.832+0000] {logging_mixin.py:188} WARNING - /home/airflow/.local/lib/python3.8/site-packages/airflow/models/baseoperator.py:437 AirflowProviderDeprecationWarning: `exists_ok` parameter is deprecated, please use `if_exists`
[2026-02-16T04:31:32.840+0000] {processor.py:840} INFO - DAG(s) 'ecommerce_etl_v2' retrieved from /opt/airflow/dags/etl_dag.py
[2026-02-16T04:31:32.859+0000] {logging_mixin.py:188} INFO - [2026-02-16T04:31:32.859+0000] {dag.py:3036} INFO - Sync 1 DAGs
[2026-02-16T04:31:32.870+0000] {logging_mixin.py:188} INFO - [2026-02-16T04:31:32.870+0000] {dag.py:3823} INFO - Setting next_dagrun for ecommerce_etl_v2 to 2026-02-15 13:00:00+00:00, run_after=2026-02-16 13:00:00+00:00
[2026-02-16T04:31:32.879+0000] {processor.py:183} INFO - Processing /opt/airflow/dags/etl_dag.py took 0.162 seconds
[2026-02-16T04:32:03.201+0000] {processor.py:161} INFO - Started process (PID=34744) to work on /opt/airflow/dags/etl_dag.py
[2026-02-16T04:32:03.202+0000] {processor.py:830} INFO - Processing file /opt/airflow/dags/etl_dag.py for tasks to queue
[2026-02-16T04:32:03.203+0000] {logging_mixin.py:188} INFO - [2026-02-16T04:32:03.202+0000] {dagbag.py:538} INFO - Filling up the DagBag from /opt/airflow/dags/etl_dag.py
[2026-02-16T04:32:03.250+0000] {logging_mixin.py:188} INFO - Warning: Your Kaggle API key is readable by other users on this system! To fix this, you can run 'chmod 600 /home/airflow/.kaggle/kaggle.json'
[2026-02-16T04:32:03.310+0000] {logging_mixin.py:188} WARNING - /home/airflow/.local/lib/python3.8/site-packages/airflow/models/baseoperator.py:437 AirflowProviderDeprecationWarning: `exists_ok` parameter is deprecated, please use `if_exists`
[2026-02-16T04:32:03.319+0000] {processor.py:840} INFO - DAG(s) 'ecommerce_etl_v2' retrieved from /opt/airflow/dags/etl_dag.py
[2026-02-16T04:32:03.338+0000] {logging_mixin.py:188} INFO - [2026-02-16T04:32:03.338+0000] {dag.py:3036} INFO - Sync 1 DAGs
[2026-02-16T04:32:03.348+0000] {logging_mixin.py:188} INFO - [2026-02-16T04:32:03.348+0000] {dag.py:3823} INFO - Setting next_dagrun for ecommerce_etl_v2 to 2026-02-15 13:00:00+00:00, run_after=2026-02-16 13:00:00+00:00
[2026-02-16T04:32:03.357+0000] {processor.py:183} INFO - Processing /opt/airflow/dags/etl_dag.py took 0.160 seconds
[2026-02-16T04:35:26.895+0000] {processor.py:161} INFO - Started process (PID=34775) to work on /opt/airflow/dags/etl_dag.py
[2026-02-16T04:35:26.896+0000] {processor.py:830} INFO - Processing file /opt/airflow/dags/etl_dag.py for tasks to queue
[2026-02-16T04:35:26.896+0000] {logging_mixin.py:188} INFO - [2026-02-16T04:35:26.896+0000] {dagbag.py:538} INFO - Filling up the DagBag from /opt/airflow/dags/etl_dag.py
[2026-02-16T04:35:26.940+0000] {logging_mixin.py:188} INFO - Warning: Your Kaggle API key is readable by other users on this system! To fix this, you can run 'chmod 600 /home/airflow/.kaggle/kaggle.json'
[2026-02-16T04:35:27.008+0000] {logging_mixin.py:188} WARNING - /home/airflow/.local/lib/python3.8/site-packages/airflow/models/baseoperator.py:437 AirflowProviderDeprecationWarning: `exists_ok` parameter is deprecated, please use `if_exists`
[2026-02-16T04:35:27.020+0000] {processor.py:840} INFO - DAG(s) 'ecommerce_etl_v2' retrieved from /opt/airflow/dags/etl_dag.py
[2026-02-16T04:35:27.047+0000] {logging_mixin.py:188} INFO - [2026-02-16T04:35:27.047+0000] {dag.py:3036} INFO - Sync 1 DAGs
[2026-02-16T04:35:27.061+0000] {logging_mixin.py:188} INFO - [2026-02-16T04:35:27.060+0000] {dag.py:3823} INFO - Setting next_dagrun for ecommerce_etl_v2 to 2026-02-15 13:00:00+00:00, run_after=2026-02-16 13:00:00+00:00
[2026-02-16T04:35:27.075+0000] {processor.py:183} INFO - Processing /opt/airflow/dags/etl_dag.py took 0.182 seconds
[2026-02-16T04:35:57.209+0000] {processor.py:161} INFO - Started process (PID=34806) to work on /opt/airflow/dags/etl_dag.py
[2026-02-16T04:35:57.210+0000] {processor.py:830} INFO - Processing file /opt/airflow/dags/etl_dag.py for tasks to queue
[2026-02-16T04:35:57.211+0000] {logging_mixin.py:188} INFO - [2026-02-16T04:35:57.210+0000] {dagbag.py:538} INFO - Filling up the DagBag from /opt/airflow/dags/etl_dag.py
[2026-02-16T04:35:57.253+0000] {logging_mixin.py:188} INFO - Warning: Your Kaggle API key is readable by other users on this system! To fix this, you can run 'chmod 600 /home/airflow/.kaggle/kaggle.json'
[2026-02-16T04:35:57.312+0000] {logging_mixin.py:188} WARNING - /home/airflow/.local/lib/python3.8/site-packages/airflow/models/baseoperator.py:437 AirflowProviderDeprecationWarning: `exists_ok` parameter is deprecated, please use `if_exists`
[2026-02-16T04:35:57.321+0000] {processor.py:840} INFO - DAG(s) 'ecommerce_etl_v2' retrieved from /opt/airflow/dags/etl_dag.py
[2026-02-16T04:35:57.340+0000] {logging_mixin.py:188} INFO - [2026-02-16T04:35:57.340+0000] {dag.py:3036} INFO - Sync 1 DAGs
[2026-02-16T04:35:57.350+0000] {logging_mixin.py:188} INFO - [2026-02-16T04:35:57.350+0000] {dag.py:3823} INFO - Setting next_dagrun for ecommerce_etl_v2 to 2026-02-15 13:00:00+00:00, run_after=2026-02-16 13:00:00+00:00
[2026-02-16T04:35:57.359+0000] {processor.py:183} INFO - Processing /opt/airflow/dags/etl_dag.py took 0.154 seconds
[2026-02-16T04:36:27.715+0000] {processor.py:161} INFO - Started process (PID=34837) to work on /opt/airflow/dags/etl_dag.py
[2026-02-16T04:36:27.716+0000] {processor.py:830} INFO - Processing file /opt/airflow/dags/etl_dag.py for tasks to queue
[2026-02-16T04:36:27.717+0000] {logging_mixin.py:188} INFO - [2026-02-16T04:36:27.717+0000] {dagbag.py:538} INFO - Filling up the DagBag from /opt/airflow/dags/etl_dag.py
[2026-02-16T04:36:27.764+0000] {logging_mixin.py:188} INFO - Warning: Your Kaggle API key is readable by other users on this system! To fix this, you can run 'chmod 600 /home/airflow/.kaggle/kaggle.json'
[2026-02-16T04:36:27.823+0000] {logging_mixin.py:188} WARNING - /home/airflow/.local/lib/python3.8/site-packages/airflow/models/baseoperator.py:437 AirflowProviderDeprecationWarning: `exists_ok` parameter is deprecated, please use `if_exists`
[2026-02-16T04:36:27.833+0000] {processor.py:840} INFO - DAG(s) 'ecommerce_etl_v2' retrieved from /opt/airflow/dags/etl_dag.py
[2026-02-16T04:36:27.852+0000] {logging_mixin.py:188} INFO - [2026-02-16T04:36:27.852+0000] {dag.py:3036} INFO - Sync 1 DAGs
[2026-02-16T04:36:27.862+0000] {logging_mixin.py:188} INFO - [2026-02-16T04:36:27.861+0000] {dag.py:3823} INFO - Setting next_dagrun for ecommerce_etl_v2 to 2026-02-15 13:00:00+00:00, run_after=2026-02-16 13:00:00+00:00
[2026-02-16T04:36:27.870+0000] {processor.py:183} INFO - Processing /opt/airflow/dags/etl_dag.py took 0.159 seconds
[2026-02-16T04:36:58.142+0000] {processor.py:161} INFO - Started process (PID=34868) to work on /opt/airflow/dags/etl_dag.py
[2026-02-16T04:36:58.143+0000] {processor.py:830} INFO - Processing file /opt/airflow/dags/etl_dag.py for tasks to queue
[2026-02-16T04:36:58.144+0000] {logging_mixin.py:188} INFO - [2026-02-16T04:36:58.144+0000] {dagbag.py:538} INFO - Filling up the DagBag from /opt/airflow/dags/etl_dag.py
[2026-02-16T04:36:58.189+0000] {logging_mixin.py:188} INFO - Warning: Your Kaggle API key is readable by other users on this system! To fix this, you can run 'chmod 600 /home/airflow/.kaggle/kaggle.json'
[2026-02-16T04:36:58.250+0000] {logging_mixin.py:188} WARNING - /home/airflow/.local/lib/python3.8/site-packages/airflow/models/baseoperator.py:437 AirflowProviderDeprecationWarning: `exists_ok` parameter is deprecated, please use `if_exists`
[2026-02-16T04:36:58.259+0000] {processor.py:840} INFO - DAG(s) 'ecommerce_etl_v2' retrieved from /opt/airflow/dags/etl_dag.py
[2026-02-16T04:36:58.277+0000] {logging_mixin.py:188} INFO - [2026-02-16T04:36:58.277+0000] {dag.py:3036} INFO - Sync 1 DAGs
[2026-02-16T04:36:58.288+0000] {logging_mixin.py:188} INFO - [2026-02-16T04:36:58.288+0000] {dag.py:3823} INFO - Setting next_dagrun for ecommerce_etl_v2 to 2026-02-15 13:00:00+00:00, run_after=2026-02-16 13:00:00+00:00
[2026-02-16T04:36:58.297+0000] {processor.py:183} INFO - Processing /opt/airflow/dags/etl_dag.py took 0.158 seconds
[2026-02-16T04:45:53.536+0000] {processor.py:161} INFO - Started process (PID=34899) to work on /opt/airflow/dags/etl_dag.py
[2026-02-16T04:45:53.537+0000] {processor.py:830} INFO - Processing file /opt/airflow/dags/etl_dag.py for tasks to queue
[2026-02-16T04:45:53.538+0000] {logging_mixin.py:188} INFO - [2026-02-16T04:45:53.537+0000] {dagbag.py:538} INFO - Filling up the DagBag from /opt/airflow/dags/etl_dag.py
[2026-02-16T04:45:53.583+0000] {logging_mixin.py:188} INFO - Warning: Your Kaggle API key is readable by other users on this system! To fix this, you can run 'chmod 600 /home/airflow/.kaggle/kaggle.json'
[2026-02-16T04:45:53.654+0000] {logging_mixin.py:188} WARNING - /home/airflow/.local/lib/python3.8/site-packages/airflow/models/baseoperator.py:437 AirflowProviderDeprecationWarning: `exists_ok` parameter is deprecated, please use `if_exists`
[2026-02-16T04:45:53.665+0000] {processor.py:840} INFO - DAG(s) 'ecommerce_etl_v2' retrieved from /opt/airflow/dags/etl_dag.py
[2026-02-16T04:45:53.698+0000] {logging_mixin.py:188} INFO - [2026-02-16T04:45:53.697+0000] {dag.py:3036} INFO - Sync 1 DAGs
[2026-02-16T04:45:53.715+0000] {logging_mixin.py:188} INFO - [2026-02-16T04:45:53.714+0000] {dag.py:3823} INFO - Setting next_dagrun for ecommerce_etl_v2 to 2026-02-15 13:00:00+00:00, run_after=2026-02-16 13:00:00+00:00
[2026-02-16T04:45:53.729+0000] {processor.py:183} INFO - Processing /opt/airflow/dags/etl_dag.py took 0.195 seconds
[2026-02-16T04:46:23.875+0000] {processor.py:161} INFO - Started process (PID=34930) to work on /opt/airflow/dags/etl_dag.py
[2026-02-16T04:46:23.876+0000] {processor.py:830} INFO - Processing file /opt/airflow/dags/etl_dag.py for tasks to queue
[2026-02-16T04:46:23.877+0000] {logging_mixin.py:188} INFO - [2026-02-16T04:46:23.877+0000] {dagbag.py:538} INFO - Filling up the DagBag from /opt/airflow/dags/etl_dag.py
[2026-02-16T04:46:23.925+0000] {logging_mixin.py:188} INFO - Warning: Your Kaggle API key is readable by other users on this system! To fix this, you can run 'chmod 600 /home/airflow/.kaggle/kaggle.json'
[2026-02-16T04:46:23.985+0000] {logging_mixin.py:188} WARNING - /home/airflow/.local/lib/python3.8/site-packages/airflow/models/baseoperator.py:437 AirflowProviderDeprecationWarning: `exists_ok` parameter is deprecated, please use `if_exists`
[2026-02-16T04:46:23.996+0000] {processor.py:840} INFO - DAG(s) 'ecommerce_etl_v2' retrieved from /opt/airflow/dags/etl_dag.py
[2026-02-16T04:46:24.015+0000] {logging_mixin.py:188} INFO - [2026-02-16T04:46:24.015+0000] {dag.py:3036} INFO - Sync 1 DAGs
[2026-02-16T04:46:24.026+0000] {logging_mixin.py:188} INFO - [2026-02-16T04:46:24.026+0000] {dag.py:3823} INFO - Setting next_dagrun for ecommerce_etl_v2 to 2026-02-15 13:00:00+00:00, run_after=2026-02-16 13:00:00+00:00
[2026-02-16T04:46:24.034+0000] {processor.py:183} INFO - Processing /opt/airflow/dags/etl_dag.py took 0.164 seconds
[2026-02-16T04:46:54.406+0000] {processor.py:161} INFO - Started process (PID=34961) to work on /opt/airflow/dags/etl_dag.py
[2026-02-16T04:46:54.407+0000] {processor.py:830} INFO - Processing file /opt/airflow/dags/etl_dag.py for tasks to queue
[2026-02-16T04:46:54.408+0000] {logging_mixin.py:188} INFO - [2026-02-16T04:46:54.408+0000] {dagbag.py:538} INFO - Filling up the DagBag from /opt/airflow/dags/etl_dag.py
[2026-02-16T04:46:54.457+0000] {logging_mixin.py:188} INFO - Warning: Your Kaggle API key is readable by other users on this system! To fix this, you can run 'chmod 600 /home/airflow/.kaggle/kaggle.json'
[2026-02-16T04:46:54.517+0000] {logging_mixin.py:188} WARNING - /home/airflow/.local/lib/python3.8/site-packages/airflow/models/baseoperator.py:437 AirflowProviderDeprecationWarning: `exists_ok` parameter is deprecated, please use `if_exists`
[2026-02-16T04:46:54.526+0000] {processor.py:840} INFO - DAG(s) 'ecommerce_etl_v2' retrieved from /opt/airflow/dags/etl_dag.py
[2026-02-16T04:46:54.544+0000] {logging_mixin.py:188} INFO - [2026-02-16T04:46:54.544+0000] {dag.py:3036} INFO - Sync 1 DAGs
[2026-02-16T04:46:54.554+0000] {logging_mixin.py:188} INFO - [2026-02-16T04:46:54.554+0000] {dag.py:3823} INFO - Setting next_dagrun for ecommerce_etl_v2 to 2026-02-15 13:00:00+00:00, run_after=2026-02-16 13:00:00+00:00
[2026-02-16T04:46:54.563+0000] {processor.py:183} INFO - Processing /opt/airflow/dags/etl_dag.py took 0.161 seconds
[2026-02-16T04:47:24.735+0000] {processor.py:161} INFO - Started process (PID=34992) to work on /opt/airflow/dags/etl_dag.py
[2026-02-16T04:47:24.736+0000] {processor.py:830} INFO - Processing file /opt/airflow/dags/etl_dag.py for tasks to queue
[2026-02-16T04:47:24.737+0000] {logging_mixin.py:188} INFO - [2026-02-16T04:47:24.737+0000] {dagbag.py:538} INFO - Filling up the DagBag from /opt/airflow/dags/etl_dag.py
[2026-02-16T04:47:24.784+0000] {logging_mixin.py:188} INFO - Warning: Your Kaggle API key is readable by other users on this system! To fix this, you can run 'chmod 600 /home/airflow/.kaggle/kaggle.json'
[2026-02-16T04:47:24.844+0000] {logging_mixin.py:188} WARNING - /home/airflow/.local/lib/python3.8/site-packages/airflow/models/baseoperator.py:437 AirflowProviderDeprecationWarning: `exists_ok` parameter is deprecated, please use `if_exists`
[2026-02-16T04:47:24.853+0000] {processor.py:840} INFO - DAG(s) 'ecommerce_etl_v2' retrieved from /opt/airflow/dags/etl_dag.py
[2026-02-16T04:47:24.871+0000] {logging_mixin.py:188} INFO - [2026-02-16T04:47:24.871+0000] {dag.py:3036} INFO - Sync 1 DAGs
[2026-02-16T04:47:24.882+0000] {logging_mixin.py:188} INFO - [2026-02-16T04:47:24.881+0000] {dag.py:3823} INFO - Setting next_dagrun for ecommerce_etl_v2 to 2026-02-15 13:00:00+00:00, run_after=2026-02-16 13:00:00+00:00
[2026-02-16T04:47:24.890+0000] {processor.py:183} INFO - Processing /opt/airflow/dags/etl_dag.py took 0.159 seconds
[2026-02-16T04:47:55.172+0000] {processor.py:161} INFO - Started process (PID=35023) to work on /opt/airflow/dags/etl_dag.py
[2026-02-16T04:47:55.173+0000] {processor.py:830} INFO - Processing file /opt/airflow/dags/etl_dag.py for tasks to queue
[2026-02-16T04:47:55.174+0000] {logging_mixin.py:188} INFO - [2026-02-16T04:47:55.173+0000] {dagbag.py:538} INFO - Filling up the DagBag from /opt/airflow/dags/etl_dag.py
[2026-02-16T04:47:55.216+0000] {logging_mixin.py:188} INFO - Warning: Your Kaggle API key is readable by other users on this system! To fix this, you can run 'chmod 600 /home/airflow/.kaggle/kaggle.json'
[2026-02-16T04:47:55.277+0000] {logging_mixin.py:188} WARNING - /home/airflow/.local/lib/python3.8/site-packages/airflow/models/baseoperator.py:437 AirflowProviderDeprecationWarning: `exists_ok` parameter is deprecated, please use `if_exists`
[2026-02-16T04:47:55.288+0000] {processor.py:840} INFO - DAG(s) 'ecommerce_etl_v2' retrieved from /opt/airflow/dags/etl_dag.py
[2026-02-16T04:47:55.306+0000] {logging_mixin.py:188} INFO - [2026-02-16T04:47:55.306+0000] {dag.py:3036} INFO - Sync 1 DAGs
[2026-02-16T04:47:55.317+0000] {logging_mixin.py:188} INFO - [2026-02-16T04:47:55.317+0000] {dag.py:3823} INFO - Setting next_dagrun for ecommerce_etl_v2 to 2026-02-15 13:00:00+00:00, run_after=2026-02-16 13:00:00+00:00
[2026-02-16T04:47:55.328+0000] {processor.py:183} INFO - Processing /opt/airflow/dags/etl_dag.py took 0.159 seconds
[2026-02-16T05:03:23.647+0000] {processor.py:161} INFO - Started process (PID=35054) to work on /opt/airflow/dags/etl_dag.py
[2026-02-16T05:03:23.648+0000] {processor.py:830} INFO - Processing file /opt/airflow/dags/etl_dag.py for tasks to queue
[2026-02-16T05:03:23.649+0000] {logging_mixin.py:188} INFO - [2026-02-16T05:03:23.649+0000] {dagbag.py:538} INFO - Filling up the DagBag from /opt/airflow/dags/etl_dag.py
[2026-02-16T05:03:23.690+0000] {logging_mixin.py:188} INFO - Warning: Your Kaggle API key is readable by other users on this system! To fix this, you can run 'chmod 600 /home/airflow/.kaggle/kaggle.json'
[2026-02-16T05:03:23.758+0000] {logging_mixin.py:188} WARNING - /home/airflow/.local/lib/python3.8/site-packages/airflow/models/baseoperator.py:437 AirflowProviderDeprecationWarning: `exists_ok` parameter is deprecated, please use `if_exists`
[2026-02-16T05:03:23.769+0000] {processor.py:840} INFO - DAG(s) 'ecommerce_etl_v2' retrieved from /opt/airflow/dags/etl_dag.py
[2026-02-16T05:03:23.801+0000] {logging_mixin.py:188} INFO - [2026-02-16T05:03:23.801+0000] {dag.py:3036} INFO - Sync 1 DAGs
[2026-02-16T05:03:23.822+0000] {logging_mixin.py:188} INFO - [2026-02-16T05:03:23.822+0000] {dag.py:3823} INFO - Setting next_dagrun for ecommerce_etl_v2 to 2026-02-15 13:00:00+00:00, run_after=2026-02-16 13:00:00+00:00
[2026-02-16T05:03:23.838+0000] {processor.py:183} INFO - Processing /opt/airflow/dags/etl_dag.py took 0.193 seconds
[2026-02-16T05:03:54.051+0000] {processor.py:161} INFO - Started process (PID=35085) to work on /opt/airflow/dags/etl_dag.py
[2026-02-16T05:03:54.052+0000] {processor.py:830} INFO - Processing file /opt/airflow/dags/etl_dag.py for tasks to queue
[2026-02-16T05:03:54.052+0000] {logging_mixin.py:188} INFO - [2026-02-16T05:03:54.052+0000] {dagbag.py:538} INFO - Filling up the DagBag from /opt/airflow/dags/etl_dag.py
[2026-02-16T05:03:54.088+0000] {logging_mixin.py:188} INFO - Warning: Your Kaggle API key is readable by other users on this system! To fix this, you can run 'chmod 600 /home/airflow/.kaggle/kaggle.json'
[2026-02-16T05:03:54.148+0000] {logging_mixin.py:188} WARNING - /home/airflow/.local/lib/python3.8/site-packages/airflow/models/baseoperator.py:437 AirflowProviderDeprecationWarning: `exists_ok` parameter is deprecated, please use `if_exists`
[2026-02-16T05:03:54.156+0000] {processor.py:840} INFO - DAG(s) 'ecommerce_etl_v2' retrieved from /opt/airflow/dags/etl_dag.py
[2026-02-16T05:03:54.175+0000] {logging_mixin.py:188} INFO - [2026-02-16T05:03:54.175+0000] {dag.py:3036} INFO - Sync 1 DAGs
[2026-02-16T05:03:54.186+0000] {logging_mixin.py:188} INFO - [2026-02-16T05:03:54.186+0000] {dag.py:3823} INFO - Setting next_dagrun for ecommerce_etl_v2 to 2026-02-15 13:00:00+00:00, run_after=2026-02-16 13:00:00+00:00
[2026-02-16T05:03:54.195+0000] {processor.py:183} INFO - Processing /opt/airflow/dags/etl_dag.py took 0.146 seconds
[2026-02-16T05:04:24.531+0000] {processor.py:161} INFO - Started process (PID=35116) to work on /opt/airflow/dags/etl_dag.py
[2026-02-16T05:04:24.532+0000] {processor.py:830} INFO - Processing file /opt/airflow/dags/etl_dag.py for tasks to queue
[2026-02-16T05:04:24.533+0000] {logging_mixin.py:188} INFO - [2026-02-16T05:04:24.533+0000] {dagbag.py:538} INFO - Filling up the DagBag from /opt/airflow/dags/etl_dag.py
[2026-02-16T05:04:24.579+0000] {logging_mixin.py:188} INFO - Warning: Your Kaggle API key is readable by other users on this system! To fix this, you can run 'chmod 600 /home/airflow/.kaggle/kaggle.json'
[2026-02-16T05:04:24.638+0000] {logging_mixin.py:188} WARNING - /home/airflow/.local/lib/python3.8/site-packages/airflow/models/baseoperator.py:437 AirflowProviderDeprecationWarning: `exists_ok` parameter is deprecated, please use `if_exists`
[2026-02-16T05:04:24.647+0000] {processor.py:840} INFO - DAG(s) 'ecommerce_etl_v2' retrieved from /opt/airflow/dags/etl_dag.py
[2026-02-16T05:04:24.666+0000] {logging_mixin.py:188} INFO - [2026-02-16T05:04:24.665+0000] {dag.py:3036} INFO - Sync 1 DAGs
[2026-02-16T05:04:24.676+0000] {logging_mixin.py:188} INFO - [2026-02-16T05:04:24.676+0000] {dag.py:3823} INFO - Setting next_dagrun for ecommerce_etl_v2 to 2026-02-15 13:00:00+00:00, run_after=2026-02-16 13:00:00+00:00
[2026-02-16T05:04:24.685+0000] {processor.py:183} INFO - Processing /opt/airflow/dags/etl_dag.py took 0.157 seconds
[2026-02-16T05:04:54.956+0000] {processor.py:161} INFO - Started process (PID=35147) to work on /opt/airflow/dags/etl_dag.py
[2026-02-16T05:04:54.957+0000] {processor.py:830} INFO - Processing file /opt/airflow/dags/etl_dag.py for tasks to queue
[2026-02-16T05:04:54.959+0000] {logging_mixin.py:188} INFO - [2026-02-16T05:04:54.958+0000] {dagbag.py:538} INFO - Filling up the DagBag from /opt/airflow/dags/etl_dag.py
[2026-02-16T05:04:55.002+0000] {logging_mixin.py:188} INFO - Warning: Your Kaggle API key is readable by other users on this system! To fix this, you can run 'chmod 600 /home/airflow/.kaggle/kaggle.json'
[2026-02-16T05:04:55.062+0000] {logging_mixin.py:188} WARNING - /home/airflow/.local/lib/python3.8/site-packages/airflow/models/baseoperator.py:437 AirflowProviderDeprecationWarning: `exists_ok` parameter is deprecated, please use `if_exists`
[2026-02-16T05:04:55.072+0000] {processor.py:840} INFO - DAG(s) 'ecommerce_etl_v2' retrieved from /opt/airflow/dags/etl_dag.py
[2026-02-16T05:04:55.090+0000] {logging_mixin.py:188} INFO - [2026-02-16T05:04:55.090+0000] {dag.py:3036} INFO - Sync 1 DAGs
[2026-02-16T05:04:55.100+0000] {logging_mixin.py:188} INFO - [2026-02-16T05:04:55.100+0000] {dag.py:3823} INFO - Setting next_dagrun for ecommerce_etl_v2 to 2026-02-15 13:00:00+00:00, run_after=2026-02-16 13:00:00+00:00
[2026-02-16T05:04:55.109+0000] {processor.py:183} INFO - Processing /opt/airflow/dags/etl_dag.py took 0.158 seconds
[2026-02-16T05:21:33.110+0000] {processor.py:161} INFO - Started process (PID=35179) to work on /opt/airflow/dags/etl_dag.py
[2026-02-16T05:21:33.110+0000] {processor.py:830} INFO - Processing file /opt/airflow/dags/etl_dag.py for tasks to queue
[2026-02-16T05:21:33.111+0000] {logging_mixin.py:188} INFO - [2026-02-16T05:21:33.111+0000] {dagbag.py:538} INFO - Filling up the DagBag from /opt/airflow/dags/etl_dag.py
[2026-02-16T05:21:33.157+0000] {logging_mixin.py:188} INFO - Warning: Your Kaggle API key is readable by other users on this system! To fix this, you can run 'chmod 600 /home/airflow/.kaggle/kaggle.json'
[2026-02-16T05:21:33.228+0000] {logging_mixin.py:188} WARNING - /home/airflow/.local/lib/python3.8/site-packages/airflow/models/baseoperator.py:437 AirflowProviderDeprecationWarning: `exists_ok` parameter is deprecated, please use `if_exists`
[2026-02-16T05:21:33.241+0000] {processor.py:840} INFO - DAG(s) 'ecommerce_etl_v2' retrieved from /opt/airflow/dags/etl_dag.py
[2026-02-16T05:21:33.265+0000] {logging_mixin.py:188} INFO - [2026-02-16T05:21:33.265+0000] {dag.py:3036} INFO - Sync 1 DAGs
[2026-02-16T05:21:33.281+0000] {logging_mixin.py:188} INFO - [2026-02-16T05:21:33.281+0000] {dag.py:3823} INFO - Setting next_dagrun for ecommerce_etl_v2 to 2026-02-15 13:00:00+00:00, run_after=2026-02-16 13:00:00+00:00
[2026-02-16T05:21:33.296+0000] {processor.py:183} INFO - Processing /opt/airflow/dags/etl_dag.py took 0.189 seconds
[2026-02-16T05:22:03.443+0000] {processor.py:161} INFO - Started process (PID=35211) to work on /opt/airflow/dags/etl_dag.py
[2026-02-16T05:22:03.444+0000] {processor.py:830} INFO - Processing file /opt/airflow/dags/etl_dag.py for tasks to queue
[2026-02-16T05:22:03.445+0000] {logging_mixin.py:188} INFO - [2026-02-16T05:22:03.445+0000] {dagbag.py:538} INFO - Filling up the DagBag from /opt/airflow/dags/etl_dag.py
[2026-02-16T05:22:03.492+0000] {logging_mixin.py:188} INFO - Warning: Your Kaggle API key is readable by other users on this system! To fix this, you can run 'chmod 600 /home/airflow/.kaggle/kaggle.json'
[2026-02-16T05:22:03.552+0000] {logging_mixin.py:188} WARNING - /home/airflow/.local/lib/python3.8/site-packages/airflow/models/baseoperator.py:437 AirflowProviderDeprecationWarning: `exists_ok` parameter is deprecated, please use `if_exists`
[2026-02-16T05:22:03.561+0000] {processor.py:840} INFO - DAG(s) 'ecommerce_etl_v2' retrieved from /opt/airflow/dags/etl_dag.py
[2026-02-16T05:22:03.580+0000] {logging_mixin.py:188} INFO - [2026-02-16T05:22:03.580+0000] {dag.py:3036} INFO - Sync 1 DAGs
[2026-02-16T05:22:03.591+0000] {logging_mixin.py:188} INFO - [2026-02-16T05:22:03.591+0000] {dag.py:3823} INFO - Setting next_dagrun for ecommerce_etl_v2 to 2026-02-15 13:00:00+00:00, run_after=2026-02-16 13:00:00+00:00
[2026-02-16T05:22:03.601+0000] {processor.py:183} INFO - Processing /opt/airflow/dags/etl_dag.py took 0.163 seconds
[2026-02-16T05:22:33.855+0000] {processor.py:161} INFO - Started process (PID=35242) to work on /opt/airflow/dags/etl_dag.py
[2026-02-16T05:22:33.855+0000] {processor.py:830} INFO - Processing file /opt/airflow/dags/etl_dag.py for tasks to queue
[2026-02-16T05:22:33.856+0000] {logging_mixin.py:188} INFO - [2026-02-16T05:22:33.856+0000] {dagbag.py:538} INFO - Filling up the DagBag from /opt/airflow/dags/etl_dag.py
[2026-02-16T05:22:33.895+0000] {logging_mixin.py:188} INFO - Warning: Your Kaggle API key is readable by other users on this system! To fix this, you can run 'chmod 600 /home/airflow/.kaggle/kaggle.json'
[2026-02-16T05:22:33.955+0000] {logging_mixin.py:188} WARNING - /home/airflow/.local/lib/python3.8/site-packages/airflow/models/baseoperator.py:437 AirflowProviderDeprecationWarning: `exists_ok` parameter is deprecated, please use `if_exists`
[2026-02-16T05:22:33.964+0000] {processor.py:840} INFO - DAG(s) 'ecommerce_etl_v2' retrieved from /opt/airflow/dags/etl_dag.py
[2026-02-16T05:22:33.983+0000] {logging_mixin.py:188} INFO - [2026-02-16T05:22:33.983+0000] {dag.py:3036} INFO - Sync 1 DAGs
[2026-02-16T05:22:33.993+0000] {logging_mixin.py:188} INFO - [2026-02-16T05:22:33.993+0000] {dag.py:3823} INFO - Setting next_dagrun for ecommerce_etl_v2 to 2026-02-15 13:00:00+00:00, run_after=2026-02-16 13:00:00+00:00
[2026-02-16T05:22:34.001+0000] {processor.py:183} INFO - Processing /opt/airflow/dags/etl_dag.py took 0.149 seconds
[2026-02-16T05:23:04.384+0000] {processor.py:161} INFO - Started process (PID=35273) to work on /opt/airflow/dags/etl_dag.py
[2026-02-16T05:23:04.385+0000] {processor.py:830} INFO - Processing file /opt/airflow/dags/etl_dag.py for tasks to queue
[2026-02-16T05:23:04.386+0000] {logging_mixin.py:188} INFO - [2026-02-16T05:23:04.386+0000] {dagbag.py:538} INFO - Filling up the DagBag from /opt/airflow/dags/etl_dag.py
[2026-02-16T05:23:04.433+0000] {logging_mixin.py:188} INFO - Warning: Your Kaggle API key is readable by other users on this system! To fix this, you can run 'chmod 600 /home/airflow/.kaggle/kaggle.json'
[2026-02-16T05:23:04.492+0000] {logging_mixin.py:188} WARNING - /home/airflow/.local/lib/python3.8/site-packages/airflow/models/baseoperator.py:437 AirflowProviderDeprecationWarning: `exists_ok` parameter is deprecated, please use `if_exists`
[2026-02-16T05:23:04.501+0000] {processor.py:840} INFO - DAG(s) 'ecommerce_etl_v2' retrieved from /opt/airflow/dags/etl_dag.py
[2026-02-16T05:23:04.520+0000] {logging_mixin.py:188} INFO - [2026-02-16T05:23:04.520+0000] {dag.py:3036} INFO - Sync 1 DAGs
[2026-02-16T05:23:04.530+0000] {logging_mixin.py:188} INFO - [2026-02-16T05:23:04.530+0000] {dag.py:3823} INFO - Setting next_dagrun for ecommerce_etl_v2 to 2026-02-15 13:00:00+00:00, run_after=2026-02-16 13:00:00+00:00
[2026-02-16T05:23:04.540+0000] {processor.py:183} INFO - Processing /opt/airflow/dags/etl_dag.py took 0.160 seconds
[2026-02-16T05:23:34.758+0000] {processor.py:161} INFO - Started process (PID=35304) to work on /opt/airflow/dags/etl_dag.py
[2026-02-16T05:23:34.760+0000] {processor.py:830} INFO - Processing file /opt/airflow/dags/etl_dag.py for tasks to queue
[2026-02-16T05:23:34.761+0000] {logging_mixin.py:188} INFO - [2026-02-16T05:23:34.760+0000] {dagbag.py:538} INFO - Filling up the DagBag from /opt/airflow/dags/etl_dag.py
[2026-02-16T05:23:34.806+0000] {logging_mixin.py:188} INFO - Warning: Your Kaggle API key is readable by other users on this system! To fix this, you can run 'chmod 600 /home/airflow/.kaggle/kaggle.json'
[2026-02-16T05:23:34.866+0000] {logging_mixin.py:188} WARNING - /home/airflow/.local/lib/python3.8/site-packages/airflow/models/baseoperator.py:437 AirflowProviderDeprecationWarning: `exists_ok` parameter is deprecated, please use `if_exists`
[2026-02-16T05:23:34.875+0000] {processor.py:840} INFO - DAG(s) 'ecommerce_etl_v2' retrieved from /opt/airflow/dags/etl_dag.py
[2026-02-16T05:23:34.893+0000] {logging_mixin.py:188} INFO - [2026-02-16T05:23:34.893+0000] {dag.py:3036} INFO - Sync 1 DAGs
[2026-02-16T05:23:34.904+0000] {logging_mixin.py:188} INFO - [2026-02-16T05:23:34.904+0000] {dag.py:3823} INFO - Setting next_dagrun for ecommerce_etl_v2 to 2026-02-15 13:00:00+00:00, run_after=2026-02-16 13:00:00+00:00
[2026-02-16T05:23:34.913+0000] {processor.py:183} INFO - Processing /opt/airflow/dags/etl_dag.py took 0.159 seconds
[2026-02-16T05:24:05.254+0000] {processor.py:161} INFO - Started process (PID=35335) to work on /opt/airflow/dags/etl_dag.py
[2026-02-16T05:24:05.256+0000] {processor.py:830} INFO - Processing file /opt/airflow/dags/etl_dag.py for tasks to queue
[2026-02-16T05:24:05.257+0000] {logging_mixin.py:188} INFO - [2026-02-16T05:24:05.256+0000] {dagbag.py:538} INFO - Filling up the DagBag from /opt/airflow/dags/etl_dag.py
[2026-02-16T05:24:05.305+0000] {logging_mixin.py:188} INFO - Warning: Your Kaggle API key is readable by other users on this system! To fix this, you can run 'chmod 600 /home/airflow/.kaggle/kaggle.json'
[2026-02-16T05:24:05.364+0000] {logging_mixin.py:188} WARNING - /home/airflow/.local/lib/python3.8/site-packages/airflow/models/baseoperator.py:437 AirflowProviderDeprecationWarning: `exists_ok` parameter is deprecated, please use `if_exists`
[2026-02-16T05:24:05.374+0000] {processor.py:840} INFO - DAG(s) 'ecommerce_etl_v2' retrieved from /opt/airflow/dags/etl_dag.py
[2026-02-16T05:24:05.392+0000] {logging_mixin.py:188} INFO - [2026-02-16T05:24:05.392+0000] {dag.py:3036} INFO - Sync 1 DAGs
[2026-02-16T05:24:05.403+0000] {logging_mixin.py:188} INFO - [2026-02-16T05:24:05.403+0000] {dag.py:3823} INFO - Setting next_dagrun for ecommerce_etl_v2 to 2026-02-15 13:00:00+00:00, run_after=2026-02-16 13:00:00+00:00
[2026-02-16T05:24:05.411+0000] {processor.py:183} INFO - Processing /opt/airflow/dags/etl_dag.py took 0.160 seconds
[2026-02-16T05:41:02.389+0000] {processor.py:161} INFO - Started process (PID=35368) to work on /opt/airflow/dags/etl_dag.py
[2026-02-16T05:41:02.390+0000] {processor.py:830} INFO - Processing file /opt/airflow/dags/etl_dag.py for tasks to queue
[2026-02-16T05:41:02.390+0000] {logging_mixin.py:188} INFO - [2026-02-16T05:41:02.390+0000] {dagbag.py:538} INFO - Filling up the DagBag from /opt/airflow/dags/etl_dag.py
[2026-02-16T05:41:02.440+0000] {logging_mixin.py:188} INFO - Warning: Your Kaggle API key is readable by other users on this system! To fix this, you can run 'chmod 600 /home/airflow/.kaggle/kaggle.json'
[2026-02-16T05:41:02.503+0000] {logging_mixin.py:188} WARNING - /home/airflow/.local/lib/python3.8/site-packages/airflow/models/baseoperator.py:437 AirflowProviderDeprecationWarning: `exists_ok` parameter is deprecated, please use `if_exists`
[2026-02-16T05:41:02.518+0000] {processor.py:840} INFO - DAG(s) 'ecommerce_etl_v2' retrieved from /opt/airflow/dags/etl_dag.py
[2026-02-16T05:41:02.544+0000] {logging_mixin.py:188} INFO - [2026-02-16T05:41:02.543+0000] {dag.py:3036} INFO - Sync 1 DAGs
[2026-02-16T05:41:02.560+0000] {logging_mixin.py:188} INFO - [2026-02-16T05:41:02.559+0000] {dag.py:3823} INFO - Setting next_dagrun for ecommerce_etl_v2 to 2026-02-15 13:00:00+00:00, run_after=2026-02-16 13:00:00+00:00
[2026-02-16T05:41:02.572+0000] {processor.py:183} INFO - Processing /opt/airflow/dags/etl_dag.py took 0.185 seconds
[2026-02-16T05:41:32.728+0000] {processor.py:161} INFO - Started process (PID=35399) to work on /opt/airflow/dags/etl_dag.py
[2026-02-16T05:41:32.729+0000] {processor.py:830} INFO - Processing file /opt/airflow/dags/etl_dag.py for tasks to queue
[2026-02-16T05:41:32.730+0000] {logging_mixin.py:188} INFO - [2026-02-16T05:41:32.730+0000] {dagbag.py:538} INFO - Filling up the DagBag from /opt/airflow/dags/etl_dag.py
[2026-02-16T05:41:32.776+0000] {logging_mixin.py:188} INFO - Warning: Your Kaggle API key is readable by other users on this system! To fix this, you can run 'chmod 600 /home/airflow/.kaggle/kaggle.json'
[2026-02-16T05:41:32.835+0000] {logging_mixin.py:188} WARNING - /home/airflow/.local/lib/python3.8/site-packages/airflow/models/baseoperator.py:437 AirflowProviderDeprecationWarning: `exists_ok` parameter is deprecated, please use `if_exists`
[2026-02-16T05:41:32.845+0000] {processor.py:840} INFO - DAG(s) 'ecommerce_etl_v2' retrieved from /opt/airflow/dags/etl_dag.py
[2026-02-16T05:41:32.863+0000] {logging_mixin.py:188} INFO - [2026-02-16T05:41:32.863+0000] {dag.py:3036} INFO - Sync 1 DAGs
[2026-02-16T05:41:32.873+0000] {logging_mixin.py:188} INFO - [2026-02-16T05:41:32.873+0000] {dag.py:3823} INFO - Setting next_dagrun for ecommerce_etl_v2 to 2026-02-15 13:00:00+00:00, run_after=2026-02-16 13:00:00+00:00
[2026-02-16T05:41:32.883+0000] {processor.py:183} INFO - Processing /opt/airflow/dags/etl_dag.py took 0.158 seconds
[2026-02-16T05:42:03.183+0000] {processor.py:161} INFO - Started process (PID=35430) to work on /opt/airflow/dags/etl_dag.py
[2026-02-16T05:42:03.184+0000] {processor.py:830} INFO - Processing file /opt/airflow/dags/etl_dag.py for tasks to queue
[2026-02-16T05:42:03.185+0000] {logging_mixin.py:188} INFO - [2026-02-16T05:42:03.184+0000] {dagbag.py:538} INFO - Filling up the DagBag from /opt/airflow/dags/etl_dag.py
[2026-02-16T05:42:03.229+0000] {logging_mixin.py:188} INFO - Warning: Your Kaggle API key is readable by other users on this system! To fix this, you can run 'chmod 600 /home/airflow/.kaggle/kaggle.json'
[2026-02-16T05:42:03.288+0000] {logging_mixin.py:188} WARNING - /home/airflow/.local/lib/python3.8/site-packages/airflow/models/baseoperator.py:437 AirflowProviderDeprecationWarning: `exists_ok` parameter is deprecated, please use `if_exists`
[2026-02-16T05:42:03.297+0000] {processor.py:840} INFO - DAG(s) 'ecommerce_etl_v2' retrieved from /opt/airflow/dags/etl_dag.py
[2026-02-16T05:42:03.315+0000] {logging_mixin.py:188} INFO - [2026-02-16T05:42:03.315+0000] {dag.py:3036} INFO - Sync 1 DAGs
[2026-02-16T05:42:03.326+0000] {logging_mixin.py:188} INFO - [2026-02-16T05:42:03.326+0000] {dag.py:3823} INFO - Setting next_dagrun for ecommerce_etl_v2 to 2026-02-15 13:00:00+00:00, run_after=2026-02-16 13:00:00+00:00
[2026-02-16T05:42:03.334+0000] {processor.py:183} INFO - Processing /opt/airflow/dags/etl_dag.py took 0.155 seconds
[2026-02-16T05:42:33.548+0000] {processor.py:161} INFO - Started process (PID=35461) to work on /opt/airflow/dags/etl_dag.py
[2026-02-16T05:42:33.550+0000] {processor.py:830} INFO - Processing file /opt/airflow/dags/etl_dag.py for tasks to queue
[2026-02-16T05:42:33.551+0000] {logging_mixin.py:188} INFO - [2026-02-16T05:42:33.550+0000] {dagbag.py:538} INFO - Filling up the DagBag from /opt/airflow/dags/etl_dag.py
[2026-02-16T05:42:33.597+0000] {logging_mixin.py:188} INFO - Warning: Your Kaggle API key is readable by other users on this system! To fix this, you can run 'chmod 600 /home/airflow/.kaggle/kaggle.json'
[2026-02-16T05:42:33.657+0000] {logging_mixin.py:188} WARNING - /home/airflow/.local/lib/python3.8/site-packages/airflow/models/baseoperator.py:437 AirflowProviderDeprecationWarning: `exists_ok` parameter is deprecated, please use `if_exists`
[2026-02-16T05:42:33.666+0000] {processor.py:840} INFO - DAG(s) 'ecommerce_etl_v2' retrieved from /opt/airflow/dags/etl_dag.py
[2026-02-16T05:42:33.685+0000] {logging_mixin.py:188} INFO - [2026-02-16T05:42:33.685+0000] {dag.py:3036} INFO - Sync 1 DAGs
[2026-02-16T05:42:33.695+0000] {logging_mixin.py:188} INFO - [2026-02-16T05:42:33.695+0000] {dag.py:3823} INFO - Setting next_dagrun for ecommerce_etl_v2 to 2026-02-15 13:00:00+00:00, run_after=2026-02-16 13:00:00+00:00
[2026-02-16T05:42:33.704+0000] {processor.py:183} INFO - Processing /opt/airflow/dags/etl_dag.py took 0.160 seconds
[2026-02-16T06:00:10.711+0000] {processor.py:161} INFO - Started process (PID=35492) to work on /opt/airflow/dags/etl_dag.py
[2026-02-16T06:00:10.712+0000] {processor.py:830} INFO - Processing file /opt/airflow/dags/etl_dag.py for tasks to queue
[2026-02-16T06:00:10.712+0000] {logging_mixin.py:188} INFO - [2026-02-16T06:00:10.712+0000] {dagbag.py:538} INFO - Filling up the DagBag from /opt/airflow/dags/etl_dag.py
[2026-02-16T06:00:10.760+0000] {logging_mixin.py:188} INFO - Warning: Your Kaggle API key is readable by other users on this system! To fix this, you can run 'chmod 600 /home/airflow/.kaggle/kaggle.json'
[2026-02-16T06:00:10.828+0000] {logging_mixin.py:188} WARNING - /home/airflow/.local/lib/python3.8/site-packages/airflow/models/baseoperator.py:437 AirflowProviderDeprecationWarning: `exists_ok` parameter is deprecated, please use `if_exists`
[2026-02-16T06:00:10.838+0000] {processor.py:840} INFO - DAG(s) 'ecommerce_etl_v2' retrieved from /opt/airflow/dags/etl_dag.py
[2026-02-16T06:00:10.861+0000] {logging_mixin.py:188} INFO - [2026-02-16T06:00:10.861+0000] {dag.py:3036} INFO - Sync 1 DAGs
[2026-02-16T06:00:10.874+0000] {logging_mixin.py:188} INFO - [2026-02-16T06:00:10.873+0000] {dag.py:3823} INFO - Setting next_dagrun for ecommerce_etl_v2 to 2026-02-15 13:00:00+00:00, run_after=2026-02-16 13:00:00+00:00
[2026-02-16T06:00:10.884+0000] {processor.py:183} INFO - Processing /opt/airflow/dags/etl_dag.py took 0.177 seconds
[2026-02-16T06:00:41.084+0000] {processor.py:161} INFO - Started process (PID=35523) to work on /opt/airflow/dags/etl_dag.py
[2026-02-16T06:00:41.084+0000] {processor.py:830} INFO - Processing file /opt/airflow/dags/etl_dag.py for tasks to queue
[2026-02-16T06:00:41.085+0000] {logging_mixin.py:188} INFO - [2026-02-16T06:00:41.085+0000] {dagbag.py:538} INFO - Filling up the DagBag from /opt/airflow/dags/etl_dag.py
[2026-02-16T06:00:41.128+0000] {logging_mixin.py:188} INFO - Warning: Your Kaggle API key is readable by other users on this system! To fix this, you can run 'chmod 600 /home/airflow/.kaggle/kaggle.json'
[2026-02-16T06:00:41.194+0000] {logging_mixin.py:188} WARNING - /home/airflow/.local/lib/python3.8/site-packages/airflow/models/baseoperator.py:437 AirflowProviderDeprecationWarning: `exists_ok` parameter is deprecated, please use `if_exists`
[2026-02-16T06:00:41.202+0000] {processor.py:840} INFO - DAG(s) 'ecommerce_etl_v2' retrieved from /opt/airflow/dags/etl_dag.py
[2026-02-16T06:00:41.220+0000] {logging_mixin.py:188} INFO - [2026-02-16T06:00:41.220+0000] {dag.py:3036} INFO - Sync 1 DAGs
[2026-02-16T06:00:41.231+0000] {logging_mixin.py:188} INFO - [2026-02-16T06:00:41.231+0000] {dag.py:3823} INFO - Setting next_dagrun for ecommerce_etl_v2 to 2026-02-15 13:00:00+00:00, run_after=2026-02-16 13:00:00+00:00
[2026-02-16T06:00:41.240+0000] {processor.py:183} INFO - Processing /opt/airflow/dags/etl_dag.py took 0.159 seconds
[2026-02-16T06:01:11.466+0000] {processor.py:161} INFO - Started process (PID=35554) to work on /opt/airflow/dags/etl_dag.py
[2026-02-16T06:01:11.467+0000] {processor.py:830} INFO - Processing file /opt/airflow/dags/etl_dag.py for tasks to queue
[2026-02-16T06:01:11.467+0000] {logging_mixin.py:188} INFO - [2026-02-16T06:01:11.467+0000] {dagbag.py:538} INFO - Filling up the DagBag from /opt/airflow/dags/etl_dag.py
[2026-02-16T06:01:11.508+0000] {logging_mixin.py:188} INFO - Warning: Your Kaggle API key is readable by other users on this system! To fix this, you can run 'chmod 600 /home/airflow/.kaggle/kaggle.json'
[2026-02-16T06:01:11.569+0000] {logging_mixin.py:188} WARNING - /home/airflow/.local/lib/python3.8/site-packages/airflow/models/baseoperator.py:437 AirflowProviderDeprecationWarning: `exists_ok` parameter is deprecated, please use `if_exists`
[2026-02-16T06:01:11.579+0000] {processor.py:840} INFO - DAG(s) 'ecommerce_etl_v2' retrieved from /opt/airflow/dags/etl_dag.py
[2026-02-16T06:01:11.601+0000] {logging_mixin.py:188} INFO - [2026-02-16T06:01:11.600+0000] {dag.py:3036} INFO - Sync 1 DAGs
[2026-02-16T06:01:11.611+0000] {logging_mixin.py:188} INFO - [2026-02-16T06:01:11.611+0000] {dag.py:3823} INFO - Setting next_dagrun for ecommerce_etl_v2 to 2026-02-15 13:00:00+00:00, run_after=2026-02-16 13:00:00+00:00
[2026-02-16T06:01:11.621+0000] {processor.py:183} INFO - Processing /opt/airflow/dags/etl_dag.py took 0.158 seconds
[2026-02-16T06:01:41.924+0000] {processor.py:161} INFO - Started process (PID=35585) to work on /opt/airflow/dags/etl_dag.py
[2026-02-16T06:01:41.926+0000] {processor.py:830} INFO - Processing file /opt/airflow/dags/etl_dag.py for tasks to queue
[2026-02-16T06:01:41.926+0000] {logging_mixin.py:188} INFO - [2026-02-16T06:01:41.926+0000] {dagbag.py:538} INFO - Filling up the DagBag from /opt/airflow/dags/etl_dag.py
[2026-02-16T06:01:41.972+0000] {logging_mixin.py:188} INFO - Warning: Your Kaggle API key is readable by other users on this system! To fix this, you can run 'chmod 600 /home/airflow/.kaggle/kaggle.json'
[2026-02-16T06:01:42.031+0000] {logging_mixin.py:188} WARNING - /home/airflow/.local/lib/python3.8/site-packages/airflow/models/baseoperator.py:437 AirflowProviderDeprecationWarning: `exists_ok` parameter is deprecated, please use `if_exists`
[2026-02-16T06:01:42.040+0000] {processor.py:840} INFO - DAG(s) 'ecommerce_etl_v2' retrieved from /opt/airflow/dags/etl_dag.py
[2026-02-16T06:01:42.059+0000] {logging_mixin.py:188} INFO - [2026-02-16T06:01:42.059+0000] {dag.py:3036} INFO - Sync 1 DAGs
[2026-02-16T06:01:42.069+0000] {logging_mixin.py:188} INFO - [2026-02-16T06:01:42.069+0000] {dag.py:3823} INFO - Setting next_dagrun for ecommerce_etl_v2 to 2026-02-15 13:00:00+00:00, run_after=2026-02-16 13:00:00+00:00
[2026-02-16T06:01:42.079+0000] {processor.py:183} INFO - Processing /opt/airflow/dags/etl_dag.py took 0.158 seconds
[2026-02-16T06:02:12.321+0000] {processor.py:161} INFO - Started process (PID=35616) to work on /opt/airflow/dags/etl_dag.py
[2026-02-16T06:02:12.323+0000] {processor.py:830} INFO - Processing file /opt/airflow/dags/etl_dag.py for tasks to queue
[2026-02-16T06:02:12.324+0000] {logging_mixin.py:188} INFO - [2026-02-16T06:02:12.323+0000] {dagbag.py:538} INFO - Filling up the DagBag from /opt/airflow/dags/etl_dag.py
[2026-02-16T06:02:12.370+0000] {logging_mixin.py:188} INFO - Warning: Your Kaggle API key is readable by other users on this system! To fix this, you can run 'chmod 600 /home/airflow/.kaggle/kaggle.json'
[2026-02-16T06:02:12.429+0000] {logging_mixin.py:188} WARNING - /home/airflow/.local/lib/python3.8/site-packages/airflow/models/baseoperator.py:437 AirflowProviderDeprecationWarning: `exists_ok` parameter is deprecated, please use `if_exists`
[2026-02-16T06:02:12.438+0000] {processor.py:840} INFO - DAG(s) 'ecommerce_etl_v2' retrieved from /opt/airflow/dags/etl_dag.py
[2026-02-16T06:02:12.456+0000] {logging_mixin.py:188} INFO - [2026-02-16T06:02:12.456+0000] {dag.py:3036} INFO - Sync 1 DAGs
[2026-02-16T06:02:12.467+0000] {logging_mixin.py:188} INFO - [2026-02-16T06:02:12.467+0000] {dag.py:3823} INFO - Setting next_dagrun for ecommerce_etl_v2 to 2026-02-15 13:00:00+00:00, run_after=2026-02-16 13:00:00+00:00
[2026-02-16T06:02:12.476+0000] {processor.py:183} INFO - Processing /opt/airflow/dags/etl_dag.py took 0.159 seconds
[2026-02-16T06:13:19.353+0000] {processor.py:161} INFO - Started process (PID=35647) to work on /opt/airflow/dags/etl_dag.py
[2026-02-16T06:13:19.353+0000] {processor.py:830} INFO - Processing file /opt/airflow/dags/etl_dag.py for tasks to queue
[2026-02-16T06:13:19.354+0000] {logging_mixin.py:188} INFO - [2026-02-16T06:13:19.354+0000] {dagbag.py:538} INFO - Filling up the DagBag from /opt/airflow/dags/etl_dag.py
[2026-02-16T06:13:19.398+0000] {logging_mixin.py:188} INFO - Warning: Your Kaggle API key is readable by other users on this system! To fix this, you can run 'chmod 600 /home/airflow/.kaggle/kaggle.json'
[2026-02-16T06:13:19.464+0000] {logging_mixin.py:188} WARNING - /home/airflow/.local/lib/python3.8/site-packages/airflow/models/baseoperator.py:437 AirflowProviderDeprecationWarning: `exists_ok` parameter is deprecated, please use `if_exists`
[2026-02-16T06:13:19.475+0000] {processor.py:840} INFO - DAG(s) 'ecommerce_etl_v2' retrieved from /opt/airflow/dags/etl_dag.py
[2026-02-16T06:13:19.502+0000] {logging_mixin.py:188} INFO - [2026-02-16T06:13:19.502+0000] {dag.py:3036} INFO - Sync 1 DAGs
[2026-02-16T06:13:19.521+0000] {logging_mixin.py:188} INFO - [2026-02-16T06:13:19.521+0000] {dag.py:3823} INFO - Setting next_dagrun for ecommerce_etl_v2 to 2026-02-15 13:00:00+00:00, run_after=2026-02-16 13:00:00+00:00
[2026-02-16T06:13:19.536+0000] {processor.py:183} INFO - Processing /opt/airflow/dags/etl_dag.py took 0.186 seconds
[2026-02-16T06:13:49.839+0000] {processor.py:161} INFO - Started process (PID=35678) to work on /opt/airflow/dags/etl_dag.py
[2026-02-16T06:13:49.840+0000] {processor.py:830} INFO - Processing file /opt/airflow/dags/etl_dag.py for tasks to queue
[2026-02-16T06:13:49.841+0000] {logging_mixin.py:188} INFO - [2026-02-16T06:13:49.841+0000] {dagbag.py:538} INFO - Filling up the DagBag from /opt/airflow/dags/etl_dag.py
[2026-02-16T06:13:49.888+0000] {logging_mixin.py:188} INFO - Warning: Your Kaggle API key is readable by other users on this system! To fix this, you can run 'chmod 600 /home/airflow/.kaggle/kaggle.json'
[2026-02-16T06:13:49.947+0000] {logging_mixin.py:188} WARNING - /home/airflow/.local/lib/python3.8/site-packages/airflow/models/baseoperator.py:437 AirflowProviderDeprecationWarning: `exists_ok` parameter is deprecated, please use `if_exists`
[2026-02-16T06:13:49.957+0000] {processor.py:840} INFO - DAG(s) 'ecommerce_etl_v2' retrieved from /opt/airflow/dags/etl_dag.py
[2026-02-16T06:13:49.975+0000] {logging_mixin.py:188} INFO - [2026-02-16T06:13:49.975+0000] {dag.py:3036} INFO - Sync 1 DAGs
[2026-02-16T06:13:49.985+0000] {logging_mixin.py:188} INFO - [2026-02-16T06:13:49.985+0000] {dag.py:3823} INFO - Setting next_dagrun for ecommerce_etl_v2 to 2026-02-15 13:00:00+00:00, run_after=2026-02-16 13:00:00+00:00
[2026-02-16T06:13:49.993+0000] {processor.py:183} INFO - Processing /opt/airflow/dags/etl_dag.py took 0.158 seconds
[2026-02-16T06:14:20.231+0000] {processor.py:161} INFO - Started process (PID=35709) to work on /opt/airflow/dags/etl_dag.py
[2026-02-16T06:14:20.232+0000] {processor.py:830} INFO - Processing file /opt/airflow/dags/etl_dag.py for tasks to queue
[2026-02-16T06:14:20.233+0000] {logging_mixin.py:188} INFO - [2026-02-16T06:14:20.233+0000] {dagbag.py:538} INFO - Filling up the DagBag from /opt/airflow/dags/etl_dag.py
[2026-02-16T06:14:20.279+0000] {logging_mixin.py:188} INFO - Warning: Your Kaggle API key is readable by other users on this system! To fix this, you can run 'chmod 600 /home/airflow/.kaggle/kaggle.json'
[2026-02-16T06:14:20.337+0000] {logging_mixin.py:188} WARNING - /home/airflow/.local/lib/python3.8/site-packages/airflow/models/baseoperator.py:437 AirflowProviderDeprecationWarning: `exists_ok` parameter is deprecated, please use `if_exists`
[2026-02-16T06:14:20.346+0000] {processor.py:840} INFO - DAG(s) 'ecommerce_etl_v2' retrieved from /opt/airflow/dags/etl_dag.py
[2026-02-16T06:14:20.365+0000] {logging_mixin.py:188} INFO - [2026-02-16T06:14:20.365+0000] {dag.py:3036} INFO - Sync 1 DAGs
[2026-02-16T06:14:20.375+0000] {logging_mixin.py:188} INFO - [2026-02-16T06:14:20.375+0000] {dag.py:3823} INFO - Setting next_dagrun for ecommerce_etl_v2 to 2026-02-15 13:00:00+00:00, run_after=2026-02-16 13:00:00+00:00
[2026-02-16T06:14:20.384+0000] {processor.py:183} INFO - Processing /opt/airflow/dags/etl_dag.py took 0.157 seconds
[2026-02-16T06:14:50.615+0000] {processor.py:161} INFO - Started process (PID=35740) to work on /opt/airflow/dags/etl_dag.py
[2026-02-16T06:14:50.615+0000] {processor.py:830} INFO - Processing file /opt/airflow/dags/etl_dag.py for tasks to queue
[2026-02-16T06:14:50.616+0000] {logging_mixin.py:188} INFO - [2026-02-16T06:14:50.616+0000] {dagbag.py:538} INFO - Filling up the DagBag from /opt/airflow/dags/etl_dag.py
[2026-02-16T06:14:50.655+0000] {logging_mixin.py:188} INFO - Warning: Your Kaggle API key is readable by other users on this system! To fix this, you can run 'chmod 600 /home/airflow/.kaggle/kaggle.json'
[2026-02-16T06:14:50.715+0000] {logging_mixin.py:188} WARNING - /home/airflow/.local/lib/python3.8/site-packages/airflow/models/baseoperator.py:437 AirflowProviderDeprecationWarning: `exists_ok` parameter is deprecated, please use `if_exists`
[2026-02-16T06:14:50.724+0000] {processor.py:840} INFO - DAG(s) 'ecommerce_etl_v2' retrieved from /opt/airflow/dags/etl_dag.py
[2026-02-16T06:14:50.742+0000] {logging_mixin.py:188} INFO - [2026-02-16T06:14:50.742+0000] {dag.py:3036} INFO - Sync 1 DAGs
[2026-02-16T06:14:50.752+0000] {logging_mixin.py:188} INFO - [2026-02-16T06:14:50.752+0000] {dag.py:3823} INFO - Setting next_dagrun for ecommerce_etl_v2 to 2026-02-15 13:00:00+00:00, run_after=2026-02-16 13:00:00+00:00
[2026-02-16T06:14:50.760+0000] {processor.py:183} INFO - Processing /opt/airflow/dags/etl_dag.py took 0.148 seconds
[2026-02-16T06:15:21.040+0000] {processor.py:161} INFO - Started process (PID=35771) to work on /opt/airflow/dags/etl_dag.py
[2026-02-16T06:15:21.040+0000] {processor.py:830} INFO - Processing file /opt/airflow/dags/etl_dag.py for tasks to queue
[2026-02-16T06:15:21.041+0000] {logging_mixin.py:188} INFO - [2026-02-16T06:15:21.041+0000] {dagbag.py:538} INFO - Filling up the DagBag from /opt/airflow/dags/etl_dag.py
[2026-02-16T06:15:21.080+0000] {logging_mixin.py:188} INFO - Warning: Your Kaggle API key is readable by other users on this system! To fix this, you can run 'chmod 600 /home/airflow/.kaggle/kaggle.json'
[2026-02-16T06:15:21.141+0000] {logging_mixin.py:188} WARNING - /home/airflow/.local/lib/python3.8/site-packages/airflow/models/baseoperator.py:437 AirflowProviderDeprecationWarning: `exists_ok` parameter is deprecated, please use `if_exists`
[2026-02-16T06:15:21.150+0000] {processor.py:840} INFO - DAG(s) 'ecommerce_etl_v2' retrieved from /opt/airflow/dags/etl_dag.py
[2026-02-16T06:15:21.170+0000] {logging_mixin.py:188} INFO - [2026-02-16T06:15:21.170+0000] {dag.py:3036} INFO - Sync 1 DAGs
[2026-02-16T06:15:21.180+0000] {logging_mixin.py:188} INFO - [2026-02-16T06:15:21.180+0000] {dag.py:3823} INFO - Setting next_dagrun for ecommerce_etl_v2 to 2026-02-15 13:00:00+00:00, run_after=2026-02-16 13:00:00+00:00
[2026-02-16T06:15:21.189+0000] {processor.py:183} INFO - Processing /opt/airflow/dags/etl_dag.py took 0.151 seconds
[2026-02-16T06:32:08.771+0000] {processor.py:161} INFO - Started process (PID=35802) to work on /opt/airflow/dags/etl_dag.py
[2026-02-16T06:32:08.772+0000] {processor.py:830} INFO - Processing file /opt/airflow/dags/etl_dag.py for tasks to queue
[2026-02-16T06:32:08.772+0000] {logging_mixin.py:188} INFO - [2026-02-16T06:32:08.772+0000] {dagbag.py:538} INFO - Filling up the DagBag from /opt/airflow/dags/etl_dag.py
[2026-02-16T06:32:08.817+0000] {logging_mixin.py:188} INFO - Warning: Your Kaggle API key is readable by other users on this system! To fix this, you can run 'chmod 600 /home/airflow/.kaggle/kaggle.json'
[2026-02-16T06:32:08.884+0000] {logging_mixin.py:188} WARNING - /home/airflow/.local/lib/python3.8/site-packages/airflow/models/baseoperator.py:437 AirflowProviderDeprecationWarning: `exists_ok` parameter is deprecated, please use `if_exists`
[2026-02-16T06:32:08.896+0000] {processor.py:840} INFO - DAG(s) 'ecommerce_etl_v2' retrieved from /opt/airflow/dags/etl_dag.py
[2026-02-16T06:32:08.921+0000] {logging_mixin.py:188} INFO - [2026-02-16T06:32:08.921+0000] {dag.py:3036} INFO - Sync 1 DAGs
[2026-02-16T06:32:08.936+0000] {logging_mixin.py:188} INFO - [2026-02-16T06:32:08.936+0000] {dag.py:3823} INFO - Setting next_dagrun for ecommerce_etl_v2 to 2026-02-15 13:00:00+00:00, run_after=2026-02-16 13:00:00+00:00
[2026-02-16T06:32:08.948+0000] {processor.py:183} INFO - Processing /opt/airflow/dags/etl_dag.py took 0.180 seconds
[2026-02-16T06:32:39.246+0000] {processor.py:161} INFO - Started process (PID=35833) to work on /opt/airflow/dags/etl_dag.py
[2026-02-16T06:32:39.248+0000] {processor.py:830} INFO - Processing file /opt/airflow/dags/etl_dag.py for tasks to queue
[2026-02-16T06:32:39.248+0000] {logging_mixin.py:188} INFO - [2026-02-16T06:32:39.248+0000] {dagbag.py:538} INFO - Filling up the DagBag from /opt/airflow/dags/etl_dag.py
[2026-02-16T06:32:39.294+0000] {logging_mixin.py:188} INFO - Warning: Your Kaggle API key is readable by other users on this system! To fix this, you can run 'chmod 600 /home/airflow/.kaggle/kaggle.json'
[2026-02-16T06:32:39.353+0000] {logging_mixin.py:188} WARNING - /home/airflow/.local/lib/python3.8/site-packages/airflow/models/baseoperator.py:437 AirflowProviderDeprecationWarning: `exists_ok` parameter is deprecated, please use `if_exists`
[2026-02-16T06:32:39.362+0000] {processor.py:840} INFO - DAG(s) 'ecommerce_etl_v2' retrieved from /opt/airflow/dags/etl_dag.py
[2026-02-16T06:32:39.380+0000] {logging_mixin.py:188} INFO - [2026-02-16T06:32:39.380+0000] {dag.py:3036} INFO - Sync 1 DAGs
[2026-02-16T06:32:39.390+0000] {logging_mixin.py:188} INFO - [2026-02-16T06:32:39.390+0000] {dag.py:3823} INFO - Setting next_dagrun for ecommerce_etl_v2 to 2026-02-15 13:00:00+00:00, run_after=2026-02-16 13:00:00+00:00
[2026-02-16T06:32:39.399+0000] {processor.py:183} INFO - Processing /opt/airflow/dags/etl_dag.py took 0.156 seconds
[2026-02-16T06:49:31.317+0000] {processor.py:161} INFO - Started process (PID=35864) to work on /opt/airflow/dags/etl_dag.py
[2026-02-16T06:49:31.318+0000] {processor.py:830} INFO - Processing file /opt/airflow/dags/etl_dag.py for tasks to queue
[2026-02-16T06:49:31.319+0000] {logging_mixin.py:188} INFO - [2026-02-16T06:49:31.318+0000] {dagbag.py:538} INFO - Filling up the DagBag from /opt/airflow/dags/etl_dag.py
[2026-02-16T06:49:31.369+0000] {logging_mixin.py:188} INFO - Warning: Your Kaggle API key is readable by other users on this system! To fix this, you can run 'chmod 600 /home/airflow/.kaggle/kaggle.json'
[2026-02-16T06:49:31.439+0000] {logging_mixin.py:188} WARNING - /home/airflow/.local/lib/python3.8/site-packages/airflow/models/baseoperator.py:437 AirflowProviderDeprecationWarning: `exists_ok` parameter is deprecated, please use `if_exists`
[2026-02-16T06:49:31.451+0000] {processor.py:840} INFO - DAG(s) 'ecommerce_etl_v2' retrieved from /opt/airflow/dags/etl_dag.py
[2026-02-16T06:49:31.471+0000] {logging_mixin.py:188} INFO - [2026-02-16T06:49:31.471+0000] {dag.py:3036} INFO - Sync 1 DAGs
[2026-02-16T06:49:31.482+0000] {logging_mixin.py:188} INFO - [2026-02-16T06:49:31.482+0000] {dag.py:3823} INFO - Setting next_dagrun for ecommerce_etl_v2 to 2026-02-15 13:00:00+00:00, run_after=2026-02-16 13:00:00+00:00
[2026-02-16T06:49:31.493+0000] {processor.py:183} INFO - Processing /opt/airflow/dags/etl_dag.py took 0.180 seconds
[2026-02-16T06:50:01.782+0000] {processor.py:161} INFO - Started process (PID=35895) to work on /opt/airflow/dags/etl_dag.py
[2026-02-16T06:50:01.783+0000] {processor.py:830} INFO - Processing file /opt/airflow/dags/etl_dag.py for tasks to queue
[2026-02-16T06:50:01.783+0000] {logging_mixin.py:188} INFO - [2026-02-16T06:50:01.783+0000] {dagbag.py:538} INFO - Filling up the DagBag from /opt/airflow/dags/etl_dag.py
[2026-02-16T06:50:01.829+0000] {logging_mixin.py:188} INFO - Warning: Your Kaggle API key is readable by other users on this system! To fix this, you can run 'chmod 600 /home/airflow/.kaggle/kaggle.json'
[2026-02-16T06:50:01.889+0000] {logging_mixin.py:188} WARNING - /home/airflow/.local/lib/python3.8/site-packages/airflow/models/baseoperator.py:437 AirflowProviderDeprecationWarning: `exists_ok` parameter is deprecated, please use `if_exists`
[2026-02-16T06:50:01.899+0000] {processor.py:840} INFO - DAG(s) 'ecommerce_etl_v2' retrieved from /opt/airflow/dags/etl_dag.py
[2026-02-16T06:50:01.917+0000] {logging_mixin.py:188} INFO - [2026-02-16T06:50:01.917+0000] {dag.py:3036} INFO - Sync 1 DAGs
[2026-02-16T06:50:01.928+0000] {logging_mixin.py:188} INFO - [2026-02-16T06:50:01.927+0000] {dag.py:3823} INFO - Setting next_dagrun for ecommerce_etl_v2 to 2026-02-15 13:00:00+00:00, run_after=2026-02-16 13:00:00+00:00
[2026-02-16T06:50:01.936+0000] {processor.py:183} INFO - Processing /opt/airflow/dags/etl_dag.py took 0.157 seconds
[2026-02-16T06:50:32.114+0000] {processor.py:161} INFO - Started process (PID=35926) to work on /opt/airflow/dags/etl_dag.py
[2026-02-16T06:50:32.116+0000] {processor.py:830} INFO - Processing file /opt/airflow/dags/etl_dag.py for tasks to queue
[2026-02-16T06:50:32.116+0000] {logging_mixin.py:188} INFO - [2026-02-16T06:50:32.116+0000] {dagbag.py:538} INFO - Filling up the DagBag from /opt/airflow/dags/etl_dag.py
[2026-02-16T06:50:32.164+0000] {logging_mixin.py:188} INFO - Warning: Your Kaggle API key is readable by other users on this system! To fix this, you can run 'chmod 600 /home/airflow/.kaggle/kaggle.json'
[2026-02-16T06:50:32.223+0000] {logging_mixin.py:188} WARNING - /home/airflow/.local/lib/python3.8/site-packages/airflow/models/baseoperator.py:437 AirflowProviderDeprecationWarning: `exists_ok` parameter is deprecated, please use `if_exists`
[2026-02-16T06:50:32.232+0000] {processor.py:840} INFO - DAG(s) 'ecommerce_etl_v2' retrieved from /opt/airflow/dags/etl_dag.py
[2026-02-16T06:50:32.251+0000] {logging_mixin.py:188} INFO - [2026-02-16T06:50:32.251+0000] {dag.py:3036} INFO - Sync 1 DAGs
[2026-02-16T06:50:32.262+0000] {logging_mixin.py:188} INFO - [2026-02-16T06:50:32.262+0000] {dag.py:3823} INFO - Setting next_dagrun for ecommerce_etl_v2 to 2026-02-15 13:00:00+00:00, run_after=2026-02-16 13:00:00+00:00
[2026-02-16T06:50:32.270+0000] {processor.py:183} INFO - Processing /opt/airflow/dags/etl_dag.py took 0.160 seconds
[2026-02-16T06:51:02.515+0000] {processor.py:161} INFO - Started process (PID=35957) to work on /opt/airflow/dags/etl_dag.py
[2026-02-16T06:51:02.516+0000] {processor.py:830} INFO - Processing file /opt/airflow/dags/etl_dag.py for tasks to queue
[2026-02-16T06:51:02.516+0000] {logging_mixin.py:188} INFO - [2026-02-16T06:51:02.516+0000] {dagbag.py:538} INFO - Filling up the DagBag from /opt/airflow/dags/etl_dag.py
[2026-02-16T06:51:02.559+0000] {logging_mixin.py:188} INFO - Warning: Your Kaggle API key is readable by other users on this system! To fix this, you can run 'chmod 600 /home/airflow/.kaggle/kaggle.json'
[2026-02-16T06:51:02.626+0000] {logging_mixin.py:188} WARNING - /home/airflow/.local/lib/python3.8/site-packages/airflow/models/baseoperator.py:437 AirflowProviderDeprecationWarning: `exists_ok` parameter is deprecated, please use `if_exists`
[2026-02-16T06:51:02.635+0000] {processor.py:840} INFO - DAG(s) 'ecommerce_etl_v2' retrieved from /opt/airflow/dags/etl_dag.py
[2026-02-16T06:51:02.654+0000] {logging_mixin.py:188} INFO - [2026-02-16T06:51:02.654+0000] {dag.py:3036} INFO - Sync 1 DAGs
[2026-02-16T06:51:02.664+0000] {logging_mixin.py:188} INFO - [2026-02-16T06:51:02.664+0000] {dag.py:3823} INFO - Setting next_dagrun for ecommerce_etl_v2 to 2026-02-15 13:00:00+00:00, run_after=2026-02-16 13:00:00+00:00
[2026-02-16T06:51:02.674+0000] {processor.py:183} INFO - Processing /opt/airflow/dags/etl_dag.py took 0.162 seconds
[2026-02-16T06:51:32.857+0000] {processor.py:161} INFO - Started process (PID=35988) to work on /opt/airflow/dags/etl_dag.py
[2026-02-16T06:51:32.858+0000] {processor.py:830} INFO - Processing file /opt/airflow/dags/etl_dag.py for tasks to queue
[2026-02-16T06:51:32.859+0000] {logging_mixin.py:188} INFO - [2026-02-16T06:51:32.858+0000] {dagbag.py:538} INFO - Filling up the DagBag from /opt/airflow/dags/etl_dag.py
[2026-02-16T06:51:32.904+0000] {logging_mixin.py:188} INFO - Warning: Your Kaggle API key is readable by other users on this system! To fix this, you can run 'chmod 600 /home/airflow/.kaggle/kaggle.json'
[2026-02-16T06:51:32.962+0000] {logging_mixin.py:188} WARNING - /home/airflow/.local/lib/python3.8/site-packages/airflow/models/baseoperator.py:437 AirflowProviderDeprecationWarning: `exists_ok` parameter is deprecated, please use `if_exists`
[2026-02-16T06:51:32.972+0000] {processor.py:840} INFO - DAG(s) 'ecommerce_etl_v2' retrieved from /opt/airflow/dags/etl_dag.py
[2026-02-16T06:51:32.992+0000] {logging_mixin.py:188} INFO - [2026-02-16T06:51:32.992+0000] {dag.py:3036} INFO - Sync 1 DAGs
[2026-02-16T06:51:33.003+0000] {logging_mixin.py:188} INFO - [2026-02-16T06:51:33.002+0000] {dag.py:3823} INFO - Setting next_dagrun for ecommerce_etl_v2 to 2026-02-15 13:00:00+00:00, run_after=2026-02-16 13:00:00+00:00
[2026-02-16T06:51:33.012+0000] {processor.py:183} INFO - Processing /opt/airflow/dags/etl_dag.py took 0.159 seconds
[2026-02-16T06:52:03.290+0000] {processor.py:161} INFO - Started process (PID=36019) to work on /opt/airflow/dags/etl_dag.py
[2026-02-16T06:52:03.291+0000] {processor.py:830} INFO - Processing file /opt/airflow/dags/etl_dag.py for tasks to queue
[2026-02-16T06:52:03.292+0000] {logging_mixin.py:188} INFO - [2026-02-16T06:52:03.291+0000] {dagbag.py:538} INFO - Filling up the DagBag from /opt/airflow/dags/etl_dag.py
[2026-02-16T06:52:03.334+0000] {logging_mixin.py:188} INFO - Warning: Your Kaggle API key is readable by other users on this system! To fix this, you can run 'chmod 600 /home/airflow/.kaggle/kaggle.json'
[2026-02-16T06:52:03.393+0000] {logging_mixin.py:188} WARNING - /home/airflow/.local/lib/python3.8/site-packages/airflow/models/baseoperator.py:437 AirflowProviderDeprecationWarning: `exists_ok` parameter is deprecated, please use `if_exists`
[2026-02-16T06:52:03.402+0000] {processor.py:840} INFO - DAG(s) 'ecommerce_etl_v2' retrieved from /opt/airflow/dags/etl_dag.py
[2026-02-16T06:52:03.422+0000] {logging_mixin.py:188} INFO - [2026-02-16T06:52:03.421+0000] {dag.py:3036} INFO - Sync 1 DAGs
[2026-02-16T06:52:03.433+0000] {logging_mixin.py:188} INFO - [2026-02-16T06:52:03.432+0000] {dag.py:3823} INFO - Setting next_dagrun for ecommerce_etl_v2 to 2026-02-15 13:00:00+00:00, run_after=2026-02-16 13:00:00+00:00
[2026-02-16T06:52:03.443+0000] {processor.py:183} INFO - Processing /opt/airflow/dags/etl_dag.py took 0.156 seconds
[2026-02-16T06:52:33.645+0000] {processor.py:161} INFO - Started process (PID=36050) to work on /opt/airflow/dags/etl_dag.py
[2026-02-16T06:52:33.646+0000] {processor.py:830} INFO - Processing file /opt/airflow/dags/etl_dag.py for tasks to queue
[2026-02-16T06:52:33.647+0000] {logging_mixin.py:188} INFO - [2026-02-16T06:52:33.647+0000] {dagbag.py:538} INFO - Filling up the DagBag from /opt/airflow/dags/etl_dag.py
[2026-02-16T06:52:33.694+0000] {logging_mixin.py:188} INFO - Warning: Your Kaggle API key is readable by other users on this system! To fix this, you can run 'chmod 600 /home/airflow/.kaggle/kaggle.json'
[2026-02-16T06:52:33.754+0000] {logging_mixin.py:188} WARNING - /home/airflow/.local/lib/python3.8/site-packages/airflow/models/baseoperator.py:437 AirflowProviderDeprecationWarning: `exists_ok` parameter is deprecated, please use `if_exists`
[2026-02-16T06:52:33.763+0000] {processor.py:840} INFO - DAG(s) 'ecommerce_etl_v2' retrieved from /opt/airflow/dags/etl_dag.py
[2026-02-16T06:52:33.782+0000] {logging_mixin.py:188} INFO - [2026-02-16T06:52:33.782+0000] {dag.py:3036} INFO - Sync 1 DAGs
[2026-02-16T06:52:33.793+0000] {logging_mixin.py:188} INFO - [2026-02-16T06:52:33.793+0000] {dag.py:3823} INFO - Setting next_dagrun for ecommerce_etl_v2 to 2026-02-15 13:00:00+00:00, run_after=2026-02-16 13:00:00+00:00
[2026-02-16T06:52:33.801+0000] {processor.py:183} INFO - Processing /opt/airflow/dags/etl_dag.py took 0.160 seconds
[2026-02-16T06:53:04.152+0000] {processor.py:161} INFO - Started process (PID=36081) to work on /opt/airflow/dags/etl_dag.py
[2026-02-16T06:53:04.153+0000] {processor.py:830} INFO - Processing file /opt/airflow/dags/etl_dag.py for tasks to queue
[2026-02-16T06:53:04.154+0000] {logging_mixin.py:188} INFO - [2026-02-16T06:53:04.154+0000] {dagbag.py:538} INFO - Filling up the DagBag from /opt/airflow/dags/etl_dag.py
[2026-02-16T06:53:04.196+0000] {logging_mixin.py:188} INFO - Warning: Your Kaggle API key is readable by other users on this system! To fix this, you can run 'chmod 600 /home/airflow/.kaggle/kaggle.json'
[2026-02-16T06:53:04.256+0000] {logging_mixin.py:188} WARNING - /home/airflow/.local/lib/python3.8/site-packages/airflow/models/baseoperator.py:437 AirflowProviderDeprecationWarning: `exists_ok` parameter is deprecated, please use `if_exists`
[2026-02-16T06:53:04.265+0000] {processor.py:840} INFO - DAG(s) 'ecommerce_etl_v2' retrieved from /opt/airflow/dags/etl_dag.py
[2026-02-16T06:53:04.285+0000] {logging_mixin.py:188} INFO - [2026-02-16T06:53:04.284+0000] {dag.py:3036} INFO - Sync 1 DAGs
[2026-02-16T06:53:04.295+0000] {logging_mixin.py:188} INFO - [2026-02-16T06:53:04.295+0000] {dag.py:3823} INFO - Setting next_dagrun for ecommerce_etl_v2 to 2026-02-15 13:00:00+00:00, run_after=2026-02-16 13:00:00+00:00
[2026-02-16T06:53:04.304+0000] {processor.py:183} INFO - Processing /opt/airflow/dags/etl_dag.py took 0.153 seconds
[2026-02-16T06:53:34.508+0000] {processor.py:161} INFO - Started process (PID=36112) to work on /opt/airflow/dags/etl_dag.py
[2026-02-16T06:53:34.509+0000] {processor.py:830} INFO - Processing file /opt/airflow/dags/etl_dag.py for tasks to queue
[2026-02-16T06:53:34.509+0000] {logging_mixin.py:188} INFO - [2026-02-16T06:53:34.509+0000] {dagbag.py:538} INFO - Filling up the DagBag from /opt/airflow/dags/etl_dag.py
[2026-02-16T06:53:34.553+0000] {logging_mixin.py:188} INFO - Warning: Your Kaggle API key is readable by other users on this system! To fix this, you can run 'chmod 600 /home/airflow/.kaggle/kaggle.json'
[2026-02-16T06:53:34.613+0000] {logging_mixin.py:188} WARNING - /home/airflow/.local/lib/python3.8/site-packages/airflow/models/baseoperator.py:437 AirflowProviderDeprecationWarning: `exists_ok` parameter is deprecated, please use `if_exists`
[2026-02-16T06:53:34.622+0000] {processor.py:840} INFO - DAG(s) 'ecommerce_etl_v2' retrieved from /opt/airflow/dags/etl_dag.py
[2026-02-16T06:53:34.641+0000] {logging_mixin.py:188} INFO - [2026-02-16T06:53:34.640+0000] {dag.py:3036} INFO - Sync 1 DAGs
[2026-02-16T06:53:34.651+0000] {logging_mixin.py:188} INFO - [2026-02-16T06:53:34.651+0000] {dag.py:3823} INFO - Setting next_dagrun for ecommerce_etl_v2 to 2026-02-15 13:00:00+00:00, run_after=2026-02-16 13:00:00+00:00
[2026-02-16T06:53:34.660+0000] {processor.py:183} INFO - Processing /opt/airflow/dags/etl_dag.py took 0.155 seconds
[2026-02-16T06:54:04.936+0000] {processor.py:161} INFO - Started process (PID=36143) to work on /opt/airflow/dags/etl_dag.py
[2026-02-16T06:54:04.936+0000] {processor.py:830} INFO - Processing file /opt/airflow/dags/etl_dag.py for tasks to queue
[2026-02-16T06:54:04.937+0000] {logging_mixin.py:188} INFO - [2026-02-16T06:54:04.937+0000] {dagbag.py:538} INFO - Filling up the DagBag from /opt/airflow/dags/etl_dag.py
[2026-02-16T06:54:04.977+0000] {logging_mixin.py:188} INFO - Warning: Your Kaggle API key is readable by other users on this system! To fix this, you can run 'chmod 600 /home/airflow/.kaggle/kaggle.json'
[2026-02-16T06:54:05.038+0000] {logging_mixin.py:188} WARNING - /home/airflow/.local/lib/python3.8/site-packages/airflow/models/baseoperator.py:437 AirflowProviderDeprecationWarning: `exists_ok` parameter is deprecated, please use `if_exists`
[2026-02-16T06:54:05.046+0000] {processor.py:840} INFO - DAG(s) 'ecommerce_etl_v2' retrieved from /opt/airflow/dags/etl_dag.py
[2026-02-16T06:54:05.065+0000] {logging_mixin.py:188} INFO - [2026-02-16T06:54:05.065+0000] {dag.py:3036} INFO - Sync 1 DAGs
[2026-02-16T06:54:05.075+0000] {logging_mixin.py:188} INFO - [2026-02-16T06:54:05.075+0000] {dag.py:3823} INFO - Setting next_dagrun for ecommerce_etl_v2 to 2026-02-15 13:00:00+00:00, run_after=2026-02-16 13:00:00+00:00
[2026-02-16T06:54:05.084+0000] {processor.py:183} INFO - Processing /opt/airflow/dags/etl_dag.py took 0.150 seconds
[2026-02-16T07:10:11.605+0000] {processor.py:161} INFO - Started process (PID=36174) to work on /opt/airflow/dags/etl_dag.py
[2026-02-16T07:10:11.606+0000] {processor.py:830} INFO - Processing file /opt/airflow/dags/etl_dag.py for tasks to queue
[2026-02-16T07:10:11.606+0000] {logging_mixin.py:188} INFO - [2026-02-16T07:10:11.606+0000] {dagbag.py:538} INFO - Filling up the DagBag from /opt/airflow/dags/etl_dag.py
[2026-02-16T07:10:11.646+0000] {logging_mixin.py:188} INFO - Warning: Your Kaggle API key is readable by other users on this system! To fix this, you can run 'chmod 600 /home/airflow/.kaggle/kaggle.json'
[2026-02-16T07:10:11.708+0000] {logging_mixin.py:188} WARNING - /home/airflow/.local/lib/python3.8/site-packages/airflow/models/baseoperator.py:437 AirflowProviderDeprecationWarning: `exists_ok` parameter is deprecated, please use `if_exists`
[2026-02-16T07:10:11.717+0000] {processor.py:840} INFO - DAG(s) 'ecommerce_etl_v2' retrieved from /opt/airflow/dags/etl_dag.py
[2026-02-16T07:10:11.737+0000] {logging_mixin.py:188} INFO - [2026-02-16T07:10:11.737+0000] {dag.py:3036} INFO - Sync 1 DAGs
[2026-02-16T07:10:11.747+0000] {logging_mixin.py:188} INFO - [2026-02-16T07:10:11.747+0000] {dag.py:3823} INFO - Setting next_dagrun for ecommerce_etl_v2 to 2026-02-15 13:00:00+00:00, run_after=2026-02-16 13:00:00+00:00
[2026-02-16T07:10:11.756+0000] {processor.py:183} INFO - Processing /opt/airflow/dags/etl_dag.py took 0.155 seconds
[2026-02-16T07:10:41.967+0000] {processor.py:161} INFO - Started process (PID=36205) to work on /opt/airflow/dags/etl_dag.py
[2026-02-16T07:10:41.968+0000] {processor.py:830} INFO - Processing file /opt/airflow/dags/etl_dag.py for tasks to queue
[2026-02-16T07:10:41.969+0000] {logging_mixin.py:188} INFO - [2026-02-16T07:10:41.968+0000] {dagbag.py:538} INFO - Filling up the DagBag from /opt/airflow/dags/etl_dag.py
[2026-02-16T07:10:42.007+0000] {logging_mixin.py:188} INFO - Warning: Your Kaggle API key is readable by other users on this system! To fix this, you can run 'chmod 600 /home/airflow/.kaggle/kaggle.json'
[2026-02-16T07:10:42.067+0000] {logging_mixin.py:188} WARNING - /home/airflow/.local/lib/python3.8/site-packages/airflow/models/baseoperator.py:437 AirflowProviderDeprecationWarning: `exists_ok` parameter is deprecated, please use `if_exists`
[2026-02-16T07:10:42.076+0000] {processor.py:840} INFO - DAG(s) 'ecommerce_etl_v2' retrieved from /opt/airflow/dags/etl_dag.py
[2026-02-16T07:10:42.096+0000] {logging_mixin.py:188} INFO - [2026-02-16T07:10:42.096+0000] {dag.py:3036} INFO - Sync 1 DAGs
[2026-02-16T07:10:42.106+0000] {logging_mixin.py:188} INFO - [2026-02-16T07:10:42.106+0000] {dag.py:3823} INFO - Setting next_dagrun for ecommerce_etl_v2 to 2026-02-15 13:00:00+00:00, run_after=2026-02-16 13:00:00+00:00
[2026-02-16T07:10:42.116+0000] {processor.py:183} INFO - Processing /opt/airflow/dags/etl_dag.py took 0.151 seconds
[2026-02-16T07:14:17.785+0000] {processor.py:161} INFO - Started process (PID=36236) to work on /opt/airflow/dags/etl_dag.py
[2026-02-16T07:14:17.786+0000] {processor.py:830} INFO - Processing file /opt/airflow/dags/etl_dag.py for tasks to queue
[2026-02-16T07:14:17.787+0000] {logging_mixin.py:188} INFO - [2026-02-16T07:14:17.786+0000] {dagbag.py:538} INFO - Filling up the DagBag from /opt/airflow/dags/etl_dag.py
[2026-02-16T07:14:17.833+0000] {logging_mixin.py:188} INFO - Warning: Your Kaggle API key is readable by other users on this system! To fix this, you can run 'chmod 600 /home/airflow/.kaggle/kaggle.json'
[2026-02-16T07:14:17.894+0000] {logging_mixin.py:188} WARNING - /home/airflow/.local/lib/python3.8/site-packages/airflow/models/baseoperator.py:437 AirflowProviderDeprecationWarning: `exists_ok` parameter is deprecated, please use `if_exists`
[2026-02-16T07:14:17.905+0000] {processor.py:840} INFO - DAG(s) 'ecommerce_etl_v2' retrieved from /opt/airflow/dags/etl_dag.py
[2026-02-16T07:14:17.924+0000] {logging_mixin.py:188} INFO - [2026-02-16T07:14:17.923+0000] {dag.py:3036} INFO - Sync 1 DAGs
[2026-02-16T07:14:17.934+0000] {logging_mixin.py:188} INFO - [2026-02-16T07:14:17.934+0000] {dag.py:3823} INFO - Setting next_dagrun for ecommerce_etl_v2 to 2026-02-15 13:00:00+00:00, run_after=2026-02-16 13:00:00+00:00
[2026-02-16T07:14:17.942+0000] {processor.py:183} INFO - Processing /opt/airflow/dags/etl_dag.py took 0.162 seconds
[2026-02-16T07:14:48.206+0000] {processor.py:161} INFO - Started process (PID=36269) to work on /opt/airflow/dags/etl_dag.py
[2026-02-16T07:14:48.207+0000] {processor.py:830} INFO - Processing file /opt/airflow/dags/etl_dag.py for tasks to queue
[2026-02-16T07:14:48.208+0000] {logging_mixin.py:188} INFO - [2026-02-16T07:14:48.208+0000] {dagbag.py:538} INFO - Filling up the DagBag from /opt/airflow/dags/etl_dag.py
[2026-02-16T07:14:48.252+0000] {logging_mixin.py:188} INFO - Warning: Your Kaggle API key is readable by other users on this system! To fix this, you can run 'chmod 600 /home/airflow/.kaggle/kaggle.json'
[2026-02-16T07:14:48.311+0000] {logging_mixin.py:188} WARNING - /home/airflow/.local/lib/python3.8/site-packages/airflow/models/baseoperator.py:437 AirflowProviderDeprecationWarning: `exists_ok` parameter is deprecated, please use `if_exists`
[2026-02-16T07:14:48.320+0000] {processor.py:840} INFO - DAG(s) 'ecommerce_etl_v2' retrieved from /opt/airflow/dags/etl_dag.py
[2026-02-16T07:14:48.338+0000] {logging_mixin.py:188} INFO - [2026-02-16T07:14:48.338+0000] {dag.py:3036} INFO - Sync 1 DAGs
[2026-02-16T07:14:48.348+0000] {logging_mixin.py:188} INFO - [2026-02-16T07:14:48.348+0000] {dag.py:3823} INFO - Setting next_dagrun for ecommerce_etl_v2 to 2026-02-15 13:00:00+00:00, run_after=2026-02-16 13:00:00+00:00
[2026-02-16T07:14:48.357+0000] {processor.py:183} INFO - Processing /opt/airflow/dags/etl_dag.py took 0.155 seconds
[2026-02-16T07:15:18.597+0000] {processor.py:161} INFO - Started process (PID=36300) to work on /opt/airflow/dags/etl_dag.py
[2026-02-16T07:15:18.598+0000] {processor.py:830} INFO - Processing file /opt/airflow/dags/etl_dag.py for tasks to queue
[2026-02-16T07:15:18.599+0000] {logging_mixin.py:188} INFO - [2026-02-16T07:15:18.599+0000] {dagbag.py:538} INFO - Filling up the DagBag from /opt/airflow/dags/etl_dag.py
[2026-02-16T07:15:18.645+0000] {logging_mixin.py:188} INFO - Warning: Your Kaggle API key is readable by other users on this system! To fix this, you can run 'chmod 600 /home/airflow/.kaggle/kaggle.json'
[2026-02-16T07:15:18.706+0000] {logging_mixin.py:188} WARNING - /home/airflow/.local/lib/python3.8/site-packages/airflow/models/baseoperator.py:437 AirflowProviderDeprecationWarning: `exists_ok` parameter is deprecated, please use `if_exists`
[2026-02-16T07:15:18.715+0000] {processor.py:840} INFO - DAG(s) 'ecommerce_etl_v2' retrieved from /opt/airflow/dags/etl_dag.py
[2026-02-16T07:15:18.733+0000] {logging_mixin.py:188} INFO - [2026-02-16T07:15:18.733+0000] {dag.py:3036} INFO - Sync 1 DAGs
[2026-02-16T07:15:18.743+0000] {logging_mixin.py:188} INFO - [2026-02-16T07:15:18.743+0000] {dag.py:3823} INFO - Setting next_dagrun for ecommerce_etl_v2 to 2026-02-15 13:00:00+00:00, run_after=2026-02-16 13:00:00+00:00
[2026-02-16T07:15:18.752+0000] {processor.py:183} INFO - Processing /opt/airflow/dags/etl_dag.py took 0.159 seconds
[2026-02-16T07:15:49.070+0000] {processor.py:161} INFO - Started process (PID=36331) to work on /opt/airflow/dags/etl_dag.py
[2026-02-16T07:15:49.072+0000] {processor.py:830} INFO - Processing file /opt/airflow/dags/etl_dag.py for tasks to queue
[2026-02-16T07:15:49.072+0000] {logging_mixin.py:188} INFO - [2026-02-16T07:15:49.072+0000] {dagbag.py:538} INFO - Filling up the DagBag from /opt/airflow/dags/etl_dag.py
[2026-02-16T07:15:49.119+0000] {logging_mixin.py:188} INFO - Warning: Your Kaggle API key is readable by other users on this system! To fix this, you can run 'chmod 600 /home/airflow/.kaggle/kaggle.json'
[2026-02-16T07:15:49.180+0000] {logging_mixin.py:188} WARNING - /home/airflow/.local/lib/python3.8/site-packages/airflow/models/baseoperator.py:437 AirflowProviderDeprecationWarning: `exists_ok` parameter is deprecated, please use `if_exists`
[2026-02-16T07:15:49.188+0000] {processor.py:840} INFO - DAG(s) 'ecommerce_etl_v2' retrieved from /opt/airflow/dags/etl_dag.py
[2026-02-16T07:15:49.207+0000] {logging_mixin.py:188} INFO - [2026-02-16T07:15:49.207+0000] {dag.py:3036} INFO - Sync 1 DAGs
[2026-02-16T07:15:49.217+0000] {logging_mixin.py:188} INFO - [2026-02-16T07:15:49.217+0000] {dag.py:3823} INFO - Setting next_dagrun for ecommerce_etl_v2 to 2026-02-15 13:00:00+00:00, run_after=2026-02-16 13:00:00+00:00
[2026-02-16T07:15:49.226+0000] {processor.py:183} INFO - Processing /opt/airflow/dags/etl_dag.py took 0.160 seconds
[2026-02-16T07:31:45.265+0000] {processor.py:161} INFO - Started process (PID=36362) to work on /opt/airflow/dags/etl_dag.py
[2026-02-16T07:31:45.265+0000] {processor.py:830} INFO - Processing file /opt/airflow/dags/etl_dag.py for tasks to queue
[2026-02-16T07:31:45.266+0000] {logging_mixin.py:188} INFO - [2026-02-16T07:31:45.266+0000] {dagbag.py:538} INFO - Filling up the DagBag from /opt/airflow/dags/etl_dag.py
[2026-02-16T07:31:45.304+0000] {logging_mixin.py:188} INFO - Warning: Your Kaggle API key is readable by other users on this system! To fix this, you can run 'chmod 600 /home/airflow/.kaggle/kaggle.json'
[2026-02-16T07:31:45.375+0000] {logging_mixin.py:188} WARNING - /home/airflow/.local/lib/python3.8/site-packages/airflow/models/baseoperator.py:437 AirflowProviderDeprecationWarning: `exists_ok` parameter is deprecated, please use `if_exists`
[2026-02-16T07:31:45.388+0000] {processor.py:840} INFO - DAG(s) 'ecommerce_etl_v2' retrieved from /opt/airflow/dags/etl_dag.py
[2026-02-16T07:31:45.411+0000] {logging_mixin.py:188} INFO - [2026-02-16T07:31:45.411+0000] {dag.py:3036} INFO - Sync 1 DAGs
[2026-02-16T07:31:45.424+0000] {logging_mixin.py:188} INFO - [2026-02-16T07:31:45.424+0000] {dag.py:3823} INFO - Setting next_dagrun for ecommerce_etl_v2 to 2026-02-15 13:00:00+00:00, run_after=2026-02-16 13:00:00+00:00
[2026-02-16T07:31:45.438+0000] {processor.py:183} INFO - Processing /opt/airflow/dags/etl_dag.py took 0.175 seconds
[2026-02-16T07:32:15.589+0000] {processor.py:161} INFO - Started process (PID=36393) to work on /opt/airflow/dags/etl_dag.py
[2026-02-16T07:32:15.590+0000] {processor.py:830} INFO - Processing file /opt/airflow/dags/etl_dag.py for tasks to queue
[2026-02-16T07:32:15.591+0000] {logging_mixin.py:188} INFO - [2026-02-16T07:32:15.591+0000] {dagbag.py:538} INFO - Filling up the DagBag from /opt/airflow/dags/etl_dag.py
[2026-02-16T07:32:15.634+0000] {logging_mixin.py:188} INFO - Warning: Your Kaggle API key is readable by other users on this system! To fix this, you can run 'chmod 600 /home/airflow/.kaggle/kaggle.json'
[2026-02-16T07:32:15.694+0000] {logging_mixin.py:188} WARNING - /home/airflow/.local/lib/python3.8/site-packages/airflow/models/baseoperator.py:437 AirflowProviderDeprecationWarning: `exists_ok` parameter is deprecated, please use `if_exists`
[2026-02-16T07:32:15.703+0000] {processor.py:840} INFO - DAG(s) 'ecommerce_etl_v2' retrieved from /opt/airflow/dags/etl_dag.py
[2026-02-16T07:32:15.723+0000] {logging_mixin.py:188} INFO - [2026-02-16T07:32:15.723+0000] {dag.py:3036} INFO - Sync 1 DAGs
[2026-02-16T07:32:15.733+0000] {logging_mixin.py:188} INFO - [2026-02-16T07:32:15.733+0000] {dag.py:3823} INFO - Setting next_dagrun for ecommerce_etl_v2 to 2026-02-15 13:00:00+00:00, run_after=2026-02-16 13:00:00+00:00
[2026-02-16T07:32:15.741+0000] {processor.py:183} INFO - Processing /opt/airflow/dags/etl_dag.py took 0.157 seconds
[2026-02-16T07:32:46.013+0000] {processor.py:161} INFO - Started process (PID=36424) to work on /opt/airflow/dags/etl_dag.py
[2026-02-16T07:32:46.013+0000] {processor.py:830} INFO - Processing file /opt/airflow/dags/etl_dag.py for tasks to queue
[2026-02-16T07:32:46.014+0000] {logging_mixin.py:188} INFO - [2026-02-16T07:32:46.014+0000] {dagbag.py:538} INFO - Filling up the DagBag from /opt/airflow/dags/etl_dag.py
[2026-02-16T07:32:46.056+0000] {logging_mixin.py:188} INFO - Warning: Your Kaggle API key is readable by other users on this system! To fix this, you can run 'chmod 600 /home/airflow/.kaggle/kaggle.json'
[2026-02-16T07:32:46.117+0000] {logging_mixin.py:188} WARNING - /home/airflow/.local/lib/python3.8/site-packages/airflow/models/baseoperator.py:437 AirflowProviderDeprecationWarning: `exists_ok` parameter is deprecated, please use `if_exists`
[2026-02-16T07:32:46.126+0000] {processor.py:840} INFO - DAG(s) 'ecommerce_etl_v2' retrieved from /opt/airflow/dags/etl_dag.py
[2026-02-16T07:32:46.144+0000] {logging_mixin.py:188} INFO - [2026-02-16T07:32:46.144+0000] {dag.py:3036} INFO - Sync 1 DAGs
[2026-02-16T07:32:46.154+0000] {logging_mixin.py:188} INFO - [2026-02-16T07:32:46.154+0000] {dag.py:3823} INFO - Setting next_dagrun for ecommerce_etl_v2 to 2026-02-15 13:00:00+00:00, run_after=2026-02-16 13:00:00+00:00
[2026-02-16T07:32:46.163+0000] {processor.py:183} INFO - Processing /opt/airflow/dags/etl_dag.py took 0.153 seconds
[2026-02-16T07:33:16.380+0000] {processor.py:161} INFO - Started process (PID=36455) to work on /opt/airflow/dags/etl_dag.py
[2026-02-16T07:33:16.383+0000] {processor.py:830} INFO - Processing file /opt/airflow/dags/etl_dag.py for tasks to queue
[2026-02-16T07:33:16.384+0000] {logging_mixin.py:188} INFO - [2026-02-16T07:33:16.384+0000] {dagbag.py:538} INFO - Filling up the DagBag from /opt/airflow/dags/etl_dag.py
[2026-02-16T07:33:16.427+0000] {logging_mixin.py:188} INFO - Warning: Your Kaggle API key is readable by other users on this system! To fix this, you can run 'chmod 600 /home/airflow/.kaggle/kaggle.json'
[2026-02-16T07:33:16.488+0000] {logging_mixin.py:188} WARNING - /home/airflow/.local/lib/python3.8/site-packages/airflow/models/baseoperator.py:437 AirflowProviderDeprecationWarning: `exists_ok` parameter is deprecated, please use `if_exists`
[2026-02-16T07:33:16.499+0000] {processor.py:840} INFO - DAG(s) 'ecommerce_etl_v2' retrieved from /opt/airflow/dags/etl_dag.py
[2026-02-16T07:33:16.518+0000] {logging_mixin.py:188} INFO - [2026-02-16T07:33:16.517+0000] {dag.py:3036} INFO - Sync 1 DAGs
[2026-02-16T07:33:16.528+0000] {logging_mixin.py:188} INFO - [2026-02-16T07:33:16.528+0000] {dag.py:3823} INFO - Setting next_dagrun for ecommerce_etl_v2 to 2026-02-15 13:00:00+00:00, run_after=2026-02-16 13:00:00+00:00
[2026-02-16T07:33:16.537+0000] {processor.py:183} INFO - Processing /opt/airflow/dags/etl_dag.py took 0.162 seconds
[2026-02-16T07:33:46.798+0000] {processor.py:161} INFO - Started process (PID=36486) to work on /opt/airflow/dags/etl_dag.py
[2026-02-16T07:33:46.799+0000] {processor.py:830} INFO - Processing file /opt/airflow/dags/etl_dag.py for tasks to queue
[2026-02-16T07:33:46.800+0000] {logging_mixin.py:188} INFO - [2026-02-16T07:33:46.800+0000] {dagbag.py:538} INFO - Filling up the DagBag from /opt/airflow/dags/etl_dag.py
[2026-02-16T07:33:46.840+0000] {logging_mixin.py:188} INFO - Warning: Your Kaggle API key is readable by other users on this system! To fix this, you can run 'chmod 600 /home/airflow/.kaggle/kaggle.json'
[2026-02-16T07:33:46.899+0000] {logging_mixin.py:188} WARNING - /home/airflow/.local/lib/python3.8/site-packages/airflow/models/baseoperator.py:437 AirflowProviderDeprecationWarning: `exists_ok` parameter is deprecated, please use `if_exists`
[2026-02-16T07:33:46.908+0000] {processor.py:840} INFO - DAG(s) 'ecommerce_etl_v2' retrieved from /opt/airflow/dags/etl_dag.py
[2026-02-16T07:33:46.927+0000] {logging_mixin.py:188} INFO - [2026-02-16T07:33:46.926+0000] {dag.py:3036} INFO - Sync 1 DAGs
[2026-02-16T07:33:46.937+0000] {logging_mixin.py:188} INFO - [2026-02-16T07:33:46.936+0000] {dag.py:3823} INFO - Setting next_dagrun for ecommerce_etl_v2 to 2026-02-15 13:00:00+00:00, run_after=2026-02-16 13:00:00+00:00
[2026-02-16T07:33:46.945+0000] {processor.py:183} INFO - Processing /opt/airflow/dags/etl_dag.py took 0.149 seconds
[2026-02-16T07:34:17.347+0000] {processor.py:161} INFO - Started process (PID=36517) to work on /opt/airflow/dags/etl_dag.py
[2026-02-16T07:34:17.348+0000] {processor.py:830} INFO - Processing file /opt/airflow/dags/etl_dag.py for tasks to queue
[2026-02-16T07:34:17.349+0000] {logging_mixin.py:188} INFO - [2026-02-16T07:34:17.349+0000] {dagbag.py:538} INFO - Filling up the DagBag from /opt/airflow/dags/etl_dag.py
[2026-02-16T07:34:17.396+0000] {logging_mixin.py:188} INFO - Warning: Your Kaggle API key is readable by other users on this system! To fix this, you can run 'chmod 600 /home/airflow/.kaggle/kaggle.json'
[2026-02-16T07:34:17.456+0000] {logging_mixin.py:188} WARNING - /home/airflow/.local/lib/python3.8/site-packages/airflow/models/baseoperator.py:437 AirflowProviderDeprecationWarning: `exists_ok` parameter is deprecated, please use `if_exists`
[2026-02-16T07:34:17.466+0000] {processor.py:840} INFO - DAG(s) 'ecommerce_etl_v2' retrieved from /opt/airflow/dags/etl_dag.py
[2026-02-16T07:34:17.485+0000] {logging_mixin.py:188} INFO - [2026-02-16T07:34:17.485+0000] {dag.py:3036} INFO - Sync 1 DAGs
[2026-02-16T07:34:17.496+0000] {logging_mixin.py:188} INFO - [2026-02-16T07:34:17.496+0000] {dag.py:3823} INFO - Setting next_dagrun for ecommerce_etl_v2 to 2026-02-15 13:00:00+00:00, run_after=2026-02-16 13:00:00+00:00
[2026-02-16T07:34:17.504+0000] {processor.py:183} INFO - Processing /opt/airflow/dags/etl_dag.py took 0.161 seconds
[2026-02-16T07:34:47.811+0000] {processor.py:161} INFO - Started process (PID=36548) to work on /opt/airflow/dags/etl_dag.py
[2026-02-16T07:34:47.812+0000] {processor.py:830} INFO - Processing file /opt/airflow/dags/etl_dag.py for tasks to queue
[2026-02-16T07:34:47.813+0000] {logging_mixin.py:188} INFO - [2026-02-16T07:34:47.812+0000] {dagbag.py:538} INFO - Filling up the DagBag from /opt/airflow/dags/etl_dag.py
[2026-02-16T07:34:47.859+0000] {logging_mixin.py:188} INFO - Warning: Your Kaggle API key is readable by other users on this system! To fix this, you can run 'chmod 600 /home/airflow/.kaggle/kaggle.json'
[2026-02-16T07:34:47.920+0000] {logging_mixin.py:188} WARNING - /home/airflow/.local/lib/python3.8/site-packages/airflow/models/baseoperator.py:437 AirflowProviderDeprecationWarning: `exists_ok` parameter is deprecated, please use `if_exists`
[2026-02-16T07:34:47.929+0000] {processor.py:840} INFO - DAG(s) 'ecommerce_etl_v2' retrieved from /opt/airflow/dags/etl_dag.py
[2026-02-16T07:34:47.948+0000] {logging_mixin.py:188} INFO - [2026-02-16T07:34:47.948+0000] {dag.py:3036} INFO - Sync 1 DAGs
[2026-02-16T07:34:47.959+0000] {logging_mixin.py:188} INFO - [2026-02-16T07:34:47.959+0000] {dag.py:3823} INFO - Setting next_dagrun for ecommerce_etl_v2 to 2026-02-15 13:00:00+00:00, run_after=2026-02-16 13:00:00+00:00
[2026-02-16T07:34:47.968+0000] {processor.py:183} INFO - Processing /opt/airflow/dags/etl_dag.py took 0.162 seconds
[2026-02-16T07:35:18.146+0000] {processor.py:161} INFO - Started process (PID=36579) to work on /opt/airflow/dags/etl_dag.py
[2026-02-16T07:35:18.147+0000] {processor.py:830} INFO - Processing file /opt/airflow/dags/etl_dag.py for tasks to queue
[2026-02-16T07:35:18.148+0000] {logging_mixin.py:188} INFO - [2026-02-16T07:35:18.148+0000] {dagbag.py:538} INFO - Filling up the DagBag from /opt/airflow/dags/etl_dag.py
[2026-02-16T07:35:18.191+0000] {logging_mixin.py:188} INFO - Warning: Your Kaggle API key is readable by other users on this system! To fix this, you can run 'chmod 600 /home/airflow/.kaggle/kaggle.json'
[2026-02-16T07:35:18.250+0000] {logging_mixin.py:188} WARNING - /home/airflow/.local/lib/python3.8/site-packages/airflow/models/baseoperator.py:437 AirflowProviderDeprecationWarning: `exists_ok` parameter is deprecated, please use `if_exists`
[2026-02-16T07:35:18.259+0000] {processor.py:840} INFO - DAG(s) 'ecommerce_etl_v2' retrieved from /opt/airflow/dags/etl_dag.py
[2026-02-16T07:35:18.278+0000] {logging_mixin.py:188} INFO - [2026-02-16T07:35:18.278+0000] {dag.py:3036} INFO - Sync 1 DAGs
[2026-02-16T07:35:18.289+0000] {logging_mixin.py:188} INFO - [2026-02-16T07:35:18.289+0000] {dag.py:3823} INFO - Setting next_dagrun for ecommerce_etl_v2 to 2026-02-15 13:00:00+00:00, run_after=2026-02-16 13:00:00+00:00
[2026-02-16T07:35:18.298+0000] {processor.py:183} INFO - Processing /opt/airflow/dags/etl_dag.py took 0.155 seconds
[2026-02-16T07:35:48.436+0000] {processor.py:161} INFO - Started process (PID=36610) to work on /opt/airflow/dags/etl_dag.py
[2026-02-16T07:35:48.437+0000] {processor.py:830} INFO - Processing file /opt/airflow/dags/etl_dag.py for tasks to queue
[2026-02-16T07:35:48.438+0000] {logging_mixin.py:188} INFO - [2026-02-16T07:35:48.438+0000] {dagbag.py:538} INFO - Filling up the DagBag from /opt/airflow/dags/etl_dag.py
[2026-02-16T07:35:48.479+0000] {logging_mixin.py:188} INFO - Warning: Your Kaggle API key is readable by other users on this system! To fix this, you can run 'chmod 600 /home/airflow/.kaggle/kaggle.json'
[2026-02-16T07:35:48.540+0000] {logging_mixin.py:188} WARNING - /home/airflow/.local/lib/python3.8/site-packages/airflow/models/baseoperator.py:437 AirflowProviderDeprecationWarning: `exists_ok` parameter is deprecated, please use `if_exists`
[2026-02-16T07:35:48.549+0000] {processor.py:840} INFO - DAG(s) 'ecommerce_etl_v2' retrieved from /opt/airflow/dags/etl_dag.py
[2026-02-16T07:35:48.568+0000] {logging_mixin.py:188} INFO - [2026-02-16T07:35:48.568+0000] {dag.py:3036} INFO - Sync 1 DAGs
[2026-02-16T07:35:48.579+0000] {logging_mixin.py:188} INFO - [2026-02-16T07:35:48.579+0000] {dag.py:3823} INFO - Setting next_dagrun for ecommerce_etl_v2 to 2026-02-15 13:00:00+00:00, run_after=2026-02-16 13:00:00+00:00
[2026-02-16T07:35:48.588+0000] {processor.py:183} INFO - Processing /opt/airflow/dags/etl_dag.py took 0.155 seconds
[2026-02-16T07:36:18.952+0000] {processor.py:161} INFO - Started process (PID=36641) to work on /opt/airflow/dags/etl_dag.py
[2026-02-16T07:36:18.953+0000] {processor.py:830} INFO - Processing file /opt/airflow/dags/etl_dag.py for tasks to queue
[2026-02-16T07:36:18.954+0000] {logging_mixin.py:188} INFO - [2026-02-16T07:36:18.954+0000] {dagbag.py:538} INFO - Filling up the DagBag from /opt/airflow/dags/etl_dag.py
[2026-02-16T07:36:19.001+0000] {logging_mixin.py:188} INFO - Warning: Your Kaggle API key is readable by other users on this system! To fix this, you can run 'chmod 600 /home/airflow/.kaggle/kaggle.json'
[2026-02-16T07:36:19.060+0000] {logging_mixin.py:188} WARNING - /home/airflow/.local/lib/python3.8/site-packages/airflow/models/baseoperator.py:437 AirflowProviderDeprecationWarning: `exists_ok` parameter is deprecated, please use `if_exists`
[2026-02-16T07:36:19.069+0000] {processor.py:840} INFO - DAG(s) 'ecommerce_etl_v2' retrieved from /opt/airflow/dags/etl_dag.py
[2026-02-16T07:36:19.088+0000] {logging_mixin.py:188} INFO - [2026-02-16T07:36:19.088+0000] {dag.py:3036} INFO - Sync 1 DAGs
[2026-02-16T07:36:19.098+0000] {logging_mixin.py:188} INFO - [2026-02-16T07:36:19.098+0000] {dag.py:3823} INFO - Setting next_dagrun for ecommerce_etl_v2 to 2026-02-15 13:00:00+00:00, run_after=2026-02-16 13:00:00+00:00
[2026-02-16T07:36:19.107+0000] {processor.py:183} INFO - Processing /opt/airflow/dags/etl_dag.py took 0.159 seconds
[2026-02-16T07:36:49.281+0000] {processor.py:161} INFO - Started process (PID=36672) to work on /opt/airflow/dags/etl_dag.py
[2026-02-16T07:36:49.282+0000] {processor.py:830} INFO - Processing file /opt/airflow/dags/etl_dag.py for tasks to queue
[2026-02-16T07:36:49.283+0000] {logging_mixin.py:188} INFO - [2026-02-16T07:36:49.283+0000] {dagbag.py:538} INFO - Filling up the DagBag from /opt/airflow/dags/etl_dag.py
[2026-02-16T07:36:49.329+0000] {logging_mixin.py:188} INFO - Warning: Your Kaggle API key is readable by other users on this system! To fix this, you can run 'chmod 600 /home/airflow/.kaggle/kaggle.json'
[2026-02-16T07:36:49.390+0000] {logging_mixin.py:188} WARNING - /home/airflow/.local/lib/python3.8/site-packages/airflow/models/baseoperator.py:437 AirflowProviderDeprecationWarning: `exists_ok` parameter is deprecated, please use `if_exists`
[2026-02-16T07:36:49.399+0000] {processor.py:840} INFO - DAG(s) 'ecommerce_etl_v2' retrieved from /opt/airflow/dags/etl_dag.py
[2026-02-16T07:36:49.418+0000] {logging_mixin.py:188} INFO - [2026-02-16T07:36:49.418+0000] {dag.py:3036} INFO - Sync 1 DAGs
[2026-02-16T07:36:49.555+0000] {logging_mixin.py:188} INFO - [2026-02-16T07:36:49.555+0000] {dag.py:3823} INFO - Setting next_dagrun for ecommerce_etl_v2 to 2026-02-15 13:00:00+00:00, run_after=2026-02-16 13:00:00+00:00
[2026-02-16T07:36:49.563+0000] {processor.py:183} INFO - Processing /opt/airflow/dags/etl_dag.py took 0.286 seconds
[2026-02-16T07:37:19.741+0000] {processor.py:161} INFO - Started process (PID=36703) to work on /opt/airflow/dags/etl_dag.py
[2026-02-16T07:37:19.742+0000] {processor.py:830} INFO - Processing file /opt/airflow/dags/etl_dag.py for tasks to queue
[2026-02-16T07:37:19.743+0000] {logging_mixin.py:188} INFO - [2026-02-16T07:37:19.743+0000] {dagbag.py:538} INFO - Filling up the DagBag from /opt/airflow/dags/etl_dag.py
[2026-02-16T07:37:19.792+0000] {logging_mixin.py:188} INFO - Warning: Your Kaggle API key is readable by other users on this system! To fix this, you can run 'chmod 600 /home/airflow/.kaggle/kaggle.json'
[2026-02-16T07:37:19.851+0000] {logging_mixin.py:188} WARNING - /home/airflow/.local/lib/python3.8/site-packages/airflow/models/baseoperator.py:437 AirflowProviderDeprecationWarning: `exists_ok` parameter is deprecated, please use `if_exists`
[2026-02-16T07:37:19.859+0000] {processor.py:840} INFO - DAG(s) 'ecommerce_etl_v2' retrieved from /opt/airflow/dags/etl_dag.py
[2026-02-16T07:37:19.879+0000] {logging_mixin.py:188} INFO - [2026-02-16T07:37:19.878+0000] {dag.py:3036} INFO - Sync 1 DAGs
[2026-02-16T07:37:19.889+0000] {logging_mixin.py:188} INFO - [2026-02-16T07:37:19.889+0000] {dag.py:3823} INFO - Setting next_dagrun for ecommerce_etl_v2 to 2026-02-15 13:00:00+00:00, run_after=2026-02-16 13:00:00+00:00
[2026-02-16T07:37:19.899+0000] {processor.py:183} INFO - Processing /opt/airflow/dags/etl_dag.py took 0.162 seconds
[2026-02-16T07:37:50.243+0000] {processor.py:161} INFO - Started process (PID=36734) to work on /opt/airflow/dags/etl_dag.py
[2026-02-16T07:37:50.245+0000] {processor.py:830} INFO - Processing file /opt/airflow/dags/etl_dag.py for tasks to queue
[2026-02-16T07:37:50.246+0000] {logging_mixin.py:188} INFO - [2026-02-16T07:37:50.245+0000] {dagbag.py:538} INFO - Filling up the DagBag from /opt/airflow/dags/etl_dag.py
[2026-02-16T07:37:50.295+0000] {logging_mixin.py:188} INFO - Warning: Your Kaggle API key is readable by other users on this system! To fix this, you can run 'chmod 600 /home/airflow/.kaggle/kaggle.json'
[2026-02-16T07:37:50.354+0000] {logging_mixin.py:188} WARNING - /home/airflow/.local/lib/python3.8/site-packages/airflow/models/baseoperator.py:437 AirflowProviderDeprecationWarning: `exists_ok` parameter is deprecated, please use `if_exists`
[2026-02-16T07:37:50.363+0000] {processor.py:840} INFO - DAG(s) 'ecommerce_etl_v2' retrieved from /opt/airflow/dags/etl_dag.py
[2026-02-16T07:37:50.382+0000] {logging_mixin.py:188} INFO - [2026-02-16T07:37:50.381+0000] {dag.py:3036} INFO - Sync 1 DAGs
[2026-02-16T07:37:50.392+0000] {logging_mixin.py:188} INFO - [2026-02-16T07:37:50.392+0000] {dag.py:3823} INFO - Setting next_dagrun for ecommerce_etl_v2 to 2026-02-15 13:00:00+00:00, run_after=2026-02-16 13:00:00+00:00
[2026-02-16T07:37:50.505+0000] {processor.py:183} INFO - Processing /opt/airflow/dags/etl_dag.py took 0.265 seconds
[2026-02-16T07:38:20.620+0000] {processor.py:161} INFO - Started process (PID=36765) to work on /opt/airflow/dags/etl_dag.py
[2026-02-16T07:38:20.621+0000] {processor.py:830} INFO - Processing file /opt/airflow/dags/etl_dag.py for tasks to queue
[2026-02-16T07:38:20.622+0000] {logging_mixin.py:188} INFO - [2026-02-16T07:38:20.622+0000] {dagbag.py:538} INFO - Filling up the DagBag from /opt/airflow/dags/etl_dag.py
[2026-02-16T07:38:20.669+0000] {logging_mixin.py:188} INFO - Warning: Your Kaggle API key is readable by other users on this system! To fix this, you can run 'chmod 600 /home/airflow/.kaggle/kaggle.json'
[2026-02-16T07:38:20.729+0000] {logging_mixin.py:188} WARNING - /home/airflow/.local/lib/python3.8/site-packages/airflow/models/baseoperator.py:437 AirflowProviderDeprecationWarning: `exists_ok` parameter is deprecated, please use `if_exists`
[2026-02-16T07:38:20.738+0000] {processor.py:840} INFO - DAG(s) 'ecommerce_etl_v2' retrieved from /opt/airflow/dags/etl_dag.py
[2026-02-16T07:38:20.857+0000] {logging_mixin.py:188} INFO - [2026-02-16T07:38:20.856+0000] {dag.py:3036} INFO - Sync 1 DAGs
[2026-02-16T07:38:20.866+0000] {logging_mixin.py:188} INFO - [2026-02-16T07:38:20.866+0000] {dag.py:3823} INFO - Setting next_dagrun for ecommerce_etl_v2 to 2026-02-15 13:00:00+00:00, run_after=2026-02-16 13:00:00+00:00
[2026-02-16T07:38:20.874+0000] {processor.py:183} INFO - Processing /opt/airflow/dags/etl_dag.py took 0.259 seconds
[2026-02-16T07:38:51.111+0000] {processor.py:161} INFO - Started process (PID=36796) to work on /opt/airflow/dags/etl_dag.py
[2026-02-16T07:38:51.112+0000] {processor.py:830} INFO - Processing file /opt/airflow/dags/etl_dag.py for tasks to queue
[2026-02-16T07:38:51.113+0000] {logging_mixin.py:188} INFO - [2026-02-16T07:38:51.112+0000] {dagbag.py:538} INFO - Filling up the DagBag from /opt/airflow/dags/etl_dag.py
[2026-02-16T07:38:51.158+0000] {logging_mixin.py:188} INFO - Warning: Your Kaggle API key is readable by other users on this system! To fix this, you can run 'chmod 600 /home/airflow/.kaggle/kaggle.json'
[2026-02-16T07:38:51.320+0000] {logging_mixin.py:188} WARNING - /home/airflow/.local/lib/python3.8/site-packages/airflow/models/baseoperator.py:437 AirflowProviderDeprecationWarning: `exists_ok` parameter is deprecated, please use `if_exists`
[2026-02-16T07:38:51.329+0000] {processor.py:840} INFO - DAG(s) 'ecommerce_etl_v2' retrieved from /opt/airflow/dags/etl_dag.py
[2026-02-16T07:38:51.346+0000] {logging_mixin.py:188} INFO - [2026-02-16T07:38:51.346+0000] {dag.py:3036} INFO - Sync 1 DAGs
[2026-02-16T07:38:51.355+0000] {logging_mixin.py:188} INFO - [2026-02-16T07:38:51.355+0000] {dag.py:3823} INFO - Setting next_dagrun for ecommerce_etl_v2 to 2026-02-15 13:00:00+00:00, run_after=2026-02-16 13:00:00+00:00
[2026-02-16T07:38:51.363+0000] {processor.py:183} INFO - Processing /opt/airflow/dags/etl_dag.py took 0.255 seconds
[2026-02-16T07:39:21.488+0000] {processor.py:161} INFO - Started process (PID=36827) to work on /opt/airflow/dags/etl_dag.py
[2026-02-16T07:39:21.489+0000] {processor.py:830} INFO - Processing file /opt/airflow/dags/etl_dag.py for tasks to queue
[2026-02-16T07:39:21.490+0000] {logging_mixin.py:188} INFO - [2026-02-16T07:39:21.490+0000] {dagbag.py:538} INFO - Filling up the DagBag from /opt/airflow/dags/etl_dag.py
[2026-02-16T07:39:21.538+0000] {logging_mixin.py:188} INFO - Warning: Your Kaggle API key is readable by other users on this system! To fix this, you can run 'chmod 600 /home/airflow/.kaggle/kaggle.json'
[2026-02-16T07:39:21.598+0000] {logging_mixin.py:188} WARNING - /home/airflow/.local/lib/python3.8/site-packages/airflow/models/baseoperator.py:437 AirflowProviderDeprecationWarning: `exists_ok` parameter is deprecated, please use `if_exists`
[2026-02-16T07:39:21.606+0000] {processor.py:840} INFO - DAG(s) 'ecommerce_etl_v2' retrieved from /opt/airflow/dags/etl_dag.py
[2026-02-16T07:39:21.731+0000] {logging_mixin.py:188} INFO - [2026-02-16T07:39:21.731+0000] {dag.py:3036} INFO - Sync 1 DAGs
[2026-02-16T07:39:21.741+0000] {logging_mixin.py:188} INFO - [2026-02-16T07:39:21.741+0000] {dag.py:3823} INFO - Setting next_dagrun for ecommerce_etl_v2 to 2026-02-15 13:00:00+00:00, run_after=2026-02-16 13:00:00+00:00
[2026-02-16T07:39:21.749+0000] {processor.py:183} INFO - Processing /opt/airflow/dags/etl_dag.py took 0.265 seconds
[2026-02-16T07:39:52.089+0000] {processor.py:161} INFO - Started process (PID=36858) to work on /opt/airflow/dags/etl_dag.py
[2026-02-16T07:39:52.091+0000] {processor.py:830} INFO - Processing file /opt/airflow/dags/etl_dag.py for tasks to queue
[2026-02-16T07:39:52.092+0000] {logging_mixin.py:188} INFO - [2026-02-16T07:39:52.092+0000] {dagbag.py:538} INFO - Filling up the DagBag from /opt/airflow/dags/etl_dag.py
[2026-02-16T07:39:52.136+0000] {logging_mixin.py:188} INFO - Warning: Your Kaggle API key is readable by other users on this system! To fix this, you can run 'chmod 600 /home/airflow/.kaggle/kaggle.json'
[2026-02-16T07:39:52.303+0000] {logging_mixin.py:188} WARNING - /home/airflow/.local/lib/python3.8/site-packages/airflow/models/baseoperator.py:437 AirflowProviderDeprecationWarning: `exists_ok` parameter is deprecated, please use `if_exists`
[2026-02-16T07:39:52.314+0000] {processor.py:840} INFO - DAG(s) 'ecommerce_etl_v2' retrieved from /opt/airflow/dags/etl_dag.py
[2026-02-16T07:39:52.330+0000] {logging_mixin.py:188} INFO - [2026-02-16T07:39:52.330+0000] {dag.py:3036} INFO - Sync 1 DAGs
[2026-02-16T07:39:52.339+0000] {logging_mixin.py:188} INFO - [2026-02-16T07:39:52.339+0000] {dag.py:3823} INFO - Setting next_dagrun for ecommerce_etl_v2 to 2026-02-15 13:00:00+00:00, run_after=2026-02-16 13:00:00+00:00
[2026-02-16T07:39:52.347+0000] {processor.py:183} INFO - Processing /opt/airflow/dags/etl_dag.py took 0.261 seconds
[2026-02-16T07:40:22.511+0000] {processor.py:161} INFO - Started process (PID=36889) to work on /opt/airflow/dags/etl_dag.py
[2026-02-16T07:40:22.513+0000] {processor.py:830} INFO - Processing file /opt/airflow/dags/etl_dag.py for tasks to queue
[2026-02-16T07:40:22.514+0000] {logging_mixin.py:188} INFO - [2026-02-16T07:40:22.513+0000] {dagbag.py:538} INFO - Filling up the DagBag from /opt/airflow/dags/etl_dag.py
[2026-02-16T07:40:22.561+0000] {logging_mixin.py:188} INFO - Warning: Your Kaggle API key is readable by other users on this system! To fix this, you can run 'chmod 600 /home/airflow/.kaggle/kaggle.json'
[2026-02-16T07:40:22.620+0000] {logging_mixin.py:188} WARNING - /home/airflow/.local/lib/python3.8/site-packages/airflow/models/baseoperator.py:437 AirflowProviderDeprecationWarning: `exists_ok` parameter is deprecated, please use `if_exists`
[2026-02-16T07:40:22.628+0000] {processor.py:840} INFO - DAG(s) 'ecommerce_etl_v2' retrieved from /opt/airflow/dags/etl_dag.py
[2026-02-16T07:40:22.746+0000] {logging_mixin.py:188} INFO - [2026-02-16T07:40:22.746+0000] {dag.py:3036} INFO - Sync 1 DAGs
[2026-02-16T07:40:22.755+0000] {logging_mixin.py:188} INFO - [2026-02-16T07:40:22.755+0000] {dag.py:3823} INFO - Setting next_dagrun for ecommerce_etl_v2 to 2026-02-15 13:00:00+00:00, run_after=2026-02-16 13:00:00+00:00
[2026-02-16T07:40:22.763+0000] {processor.py:183} INFO - Processing /opt/airflow/dags/etl_dag.py took 0.257 seconds
[2026-02-16T07:40:53.109+0000] {processor.py:161} INFO - Started process (PID=36920) to work on /opt/airflow/dags/etl_dag.py
[2026-02-16T07:40:53.110+0000] {processor.py:830} INFO - Processing file /opt/airflow/dags/etl_dag.py for tasks to queue
[2026-02-16T07:40:53.111+0000] {logging_mixin.py:188} INFO - [2026-02-16T07:40:53.111+0000] {dagbag.py:538} INFO - Filling up the DagBag from /opt/airflow/dags/etl_dag.py
[2026-02-16T07:40:53.159+0000] {logging_mixin.py:188} INFO - Warning: Your Kaggle API key is readable by other users on this system! To fix this, you can run 'chmod 600 /home/airflow/.kaggle/kaggle.json'
[2026-02-16T07:40:53.326+0000] {logging_mixin.py:188} WARNING - /home/airflow/.local/lib/python3.8/site-packages/airflow/models/baseoperator.py:437 AirflowProviderDeprecationWarning: `exists_ok` parameter is deprecated, please use `if_exists`
[2026-02-16T07:40:53.334+0000] {processor.py:840} INFO - DAG(s) 'ecommerce_etl_v2' retrieved from /opt/airflow/dags/etl_dag.py
[2026-02-16T07:40:53.351+0000] {logging_mixin.py:188} INFO - [2026-02-16T07:40:53.350+0000] {dag.py:3036} INFO - Sync 1 DAGs
[2026-02-16T07:40:53.360+0000] {logging_mixin.py:188} INFO - [2026-02-16T07:40:53.360+0000] {dag.py:3823} INFO - Setting next_dagrun for ecommerce_etl_v2 to 2026-02-15 13:00:00+00:00, run_after=2026-02-16 13:00:00+00:00
[2026-02-16T07:40:53.368+0000] {processor.py:183} INFO - Processing /opt/airflow/dags/etl_dag.py took 0.263 seconds
[2026-02-16T07:41:23.448+0000] {processor.py:161} INFO - Started process (PID=36951) to work on /opt/airflow/dags/etl_dag.py
[2026-02-16T07:41:23.449+0000] {processor.py:830} INFO - Processing file /opt/airflow/dags/etl_dag.py for tasks to queue
[2026-02-16T07:41:23.450+0000] {logging_mixin.py:188} INFO - [2026-02-16T07:41:23.449+0000] {dagbag.py:538} INFO - Filling up the DagBag from /opt/airflow/dags/etl_dag.py
[2026-02-16T07:41:23.498+0000] {logging_mixin.py:188} INFO - Warning: Your Kaggle API key is readable by other users on this system! To fix this, you can run 'chmod 600 /home/airflow/.kaggle/kaggle.json'
[2026-02-16T07:41:23.559+0000] {logging_mixin.py:188} WARNING - /home/airflow/.local/lib/python3.8/site-packages/airflow/models/baseoperator.py:437 AirflowProviderDeprecationWarning: `exists_ok` parameter is deprecated, please use `if_exists`
[2026-02-16T07:41:23.568+0000] {processor.py:840} INFO - DAG(s) 'ecommerce_etl_v2' retrieved from /opt/airflow/dags/etl_dag.py
[2026-02-16T07:41:23.696+0000] {logging_mixin.py:188} INFO - [2026-02-16T07:41:23.696+0000] {dag.py:3036} INFO - Sync 1 DAGs
[2026-02-16T07:41:23.706+0000] {logging_mixin.py:188} INFO - [2026-02-16T07:41:23.706+0000] {dag.py:3823} INFO - Setting next_dagrun for ecommerce_etl_v2 to 2026-02-15 13:00:00+00:00, run_after=2026-02-16 13:00:00+00:00
[2026-02-16T07:41:23.714+0000] {processor.py:183} INFO - Processing /opt/airflow/dags/etl_dag.py took 0.271 seconds
[2026-02-16T07:41:53.842+0000] {processor.py:161} INFO - Started process (PID=36982) to work on /opt/airflow/dags/etl_dag.py
[2026-02-16T07:41:53.843+0000] {processor.py:830} INFO - Processing file /opt/airflow/dags/etl_dag.py for tasks to queue
[2026-02-16T07:41:53.844+0000] {logging_mixin.py:188} INFO - [2026-02-16T07:41:53.844+0000] {dagbag.py:538} INFO - Filling up the DagBag from /opt/airflow/dags/etl_dag.py
[2026-02-16T07:41:53.890+0000] {logging_mixin.py:188} INFO - Warning: Your Kaggle API key is readable by other users on this system! To fix this, you can run 'chmod 600 /home/airflow/.kaggle/kaggle.json'
[2026-02-16T07:41:54.057+0000] {logging_mixin.py:188} WARNING - /home/airflow/.local/lib/python3.8/site-packages/airflow/models/baseoperator.py:437 AirflowProviderDeprecationWarning: `exists_ok` parameter is deprecated, please use `if_exists`
[2026-02-16T07:41:54.066+0000] {processor.py:840} INFO - DAG(s) 'ecommerce_etl_v2' retrieved from /opt/airflow/dags/etl_dag.py
[2026-02-16T07:41:54.082+0000] {logging_mixin.py:188} INFO - [2026-02-16T07:41:54.082+0000] {dag.py:3036} INFO - Sync 1 DAGs
[2026-02-16T07:41:54.092+0000] {logging_mixin.py:188} INFO - [2026-02-16T07:41:54.092+0000] {dag.py:3823} INFO - Setting next_dagrun for ecommerce_etl_v2 to 2026-02-15 13:00:00+00:00, run_after=2026-02-16 13:00:00+00:00
[2026-02-16T07:41:54.100+0000] {processor.py:183} INFO - Processing /opt/airflow/dags/etl_dag.py took 0.262 seconds
[2026-02-16T07:42:24.356+0000] {processor.py:161} INFO - Started process (PID=37013) to work on /opt/airflow/dags/etl_dag.py
[2026-02-16T07:42:24.357+0000] {processor.py:830} INFO - Processing file /opt/airflow/dags/etl_dag.py for tasks to queue
[2026-02-16T07:42:24.357+0000] {logging_mixin.py:188} INFO - [2026-02-16T07:42:24.357+0000] {dagbag.py:538} INFO - Filling up the DagBag from /opt/airflow/dags/etl_dag.py
[2026-02-16T07:42:24.393+0000] {logging_mixin.py:188} INFO - Warning: Your Kaggle API key is readable by other users on this system! To fix this, you can run 'chmod 600 /home/airflow/.kaggle/kaggle.json'
[2026-02-16T07:42:24.452+0000] {logging_mixin.py:188} WARNING - /home/airflow/.local/lib/python3.8/site-packages/airflow/models/baseoperator.py:437 AirflowProviderDeprecationWarning: `exists_ok` parameter is deprecated, please use `if_exists`
[2026-02-16T07:42:24.461+0000] {processor.py:840} INFO - DAG(s) 'ecommerce_etl_v2' retrieved from /opt/airflow/dags/etl_dag.py
[2026-02-16T07:42:24.586+0000] {logging_mixin.py:188} INFO - [2026-02-16T07:42:24.586+0000] {dag.py:3036} INFO - Sync 1 DAGs
[2026-02-16T07:42:24.595+0000] {logging_mixin.py:188} INFO - [2026-02-16T07:42:24.595+0000] {dag.py:3823} INFO - Setting next_dagrun for ecommerce_etl_v2 to 2026-02-15 13:00:00+00:00, run_after=2026-02-16 13:00:00+00:00
[2026-02-16T07:42:24.603+0000] {processor.py:183} INFO - Processing /opt/airflow/dags/etl_dag.py took 0.249 seconds
[2026-02-16T07:42:54.779+0000] {processor.py:161} INFO - Started process (PID=37044) to work on /opt/airflow/dags/etl_dag.py
[2026-02-16T07:42:54.781+0000] {processor.py:830} INFO - Processing file /opt/airflow/dags/etl_dag.py for tasks to queue
[2026-02-16T07:42:54.782+0000] {logging_mixin.py:188} INFO - [2026-02-16T07:42:54.781+0000] {dagbag.py:538} INFO - Filling up the DagBag from /opt/airflow/dags/etl_dag.py
[2026-02-16T07:42:54.829+0000] {logging_mixin.py:188} INFO - Warning: Your Kaggle API key is readable by other users on this system! To fix this, you can run 'chmod 600 /home/airflow/.kaggle/kaggle.json'
[2026-02-16T07:42:54.996+0000] {logging_mixin.py:188} WARNING - /home/airflow/.local/lib/python3.8/site-packages/airflow/models/baseoperator.py:437 AirflowProviderDeprecationWarning: `exists_ok` parameter is deprecated, please use `if_exists`
[2026-02-16T07:42:55.005+0000] {processor.py:840} INFO - DAG(s) 'ecommerce_etl_v2' retrieved from /opt/airflow/dags/etl_dag.py
[2026-02-16T07:42:55.021+0000] {logging_mixin.py:188} INFO - [2026-02-16T07:42:55.021+0000] {dag.py:3036} INFO - Sync 1 DAGs
[2026-02-16T07:42:55.031+0000] {logging_mixin.py:188} INFO - [2026-02-16T07:42:55.031+0000] {dag.py:3823} INFO - Setting next_dagrun for ecommerce_etl_v2 to 2026-02-15 13:00:00+00:00, run_after=2026-02-16 13:00:00+00:00
[2026-02-16T07:42:55.038+0000] {processor.py:183} INFO - Processing /opt/airflow/dags/etl_dag.py took 0.264 seconds
[2026-02-16T07:43:25.321+0000] {processor.py:161} INFO - Started process (PID=37075) to work on /opt/airflow/dags/etl_dag.py
[2026-02-16T07:43:25.322+0000] {processor.py:830} INFO - Processing file /opt/airflow/dags/etl_dag.py for tasks to queue
[2026-02-16T07:43:25.323+0000] {logging_mixin.py:188} INFO - [2026-02-16T07:43:25.322+0000] {dagbag.py:538} INFO - Filling up the DagBag from /opt/airflow/dags/etl_dag.py
[2026-02-16T07:43:25.367+0000] {logging_mixin.py:188} INFO - Warning: Your Kaggle API key is readable by other users on this system! To fix this, you can run 'chmod 600 /home/airflow/.kaggle/kaggle.json'
[2026-02-16T07:43:25.426+0000] {logging_mixin.py:188} WARNING - /home/airflow/.local/lib/python3.8/site-packages/airflow/models/baseoperator.py:437 AirflowProviderDeprecationWarning: `exists_ok` parameter is deprecated, please use `if_exists`
[2026-02-16T07:43:25.435+0000] {processor.py:840} INFO - DAG(s) 'ecommerce_etl_v2' retrieved from /opt/airflow/dags/etl_dag.py
[2026-02-16T07:43:25.563+0000] {logging_mixin.py:188} INFO - [2026-02-16T07:43:25.563+0000] {dag.py:3036} INFO - Sync 1 DAGs
[2026-02-16T07:43:25.572+0000] {logging_mixin.py:188} INFO - [2026-02-16T07:43:25.572+0000] {dag.py:3823} INFO - Setting next_dagrun for ecommerce_etl_v2 to 2026-02-15 13:00:00+00:00, run_after=2026-02-16 13:00:00+00:00
[2026-02-16T07:43:25.580+0000] {processor.py:183} INFO - Processing /opt/airflow/dags/etl_dag.py took 0.262 seconds
[2026-02-16T07:43:55.677+0000] {processor.py:161} INFO - Started process (PID=37106) to work on /opt/airflow/dags/etl_dag.py
[2026-02-16T07:43:55.677+0000] {processor.py:830} INFO - Processing file /opt/airflow/dags/etl_dag.py for tasks to queue
[2026-02-16T07:43:55.678+0000] {logging_mixin.py:188} INFO - [2026-02-16T07:43:55.678+0000] {dagbag.py:538} INFO - Filling up the DagBag from /opt/airflow/dags/etl_dag.py
[2026-02-16T07:43:55.722+0000] {logging_mixin.py:188} INFO - Warning: Your Kaggle API key is readable by other users on this system! To fix this, you can run 'chmod 600 /home/airflow/.kaggle/kaggle.json'
[2026-02-16T07:43:55.887+0000] {logging_mixin.py:188} WARNING - /home/airflow/.local/lib/python3.8/site-packages/airflow/models/baseoperator.py:437 AirflowProviderDeprecationWarning: `exists_ok` parameter is deprecated, please use `if_exists`
[2026-02-16T07:43:55.895+0000] {processor.py:840} INFO - DAG(s) 'ecommerce_etl_v2' retrieved from /opt/airflow/dags/etl_dag.py
[2026-02-16T07:43:55.912+0000] {logging_mixin.py:188} INFO - [2026-02-16T07:43:55.912+0000] {dag.py:3036} INFO - Sync 1 DAGs
[2026-02-16T07:43:55.921+0000] {logging_mixin.py:188} INFO - [2026-02-16T07:43:55.921+0000] {dag.py:3823} INFO - Setting next_dagrun for ecommerce_etl_v2 to 2026-02-15 13:00:00+00:00, run_after=2026-02-16 13:00:00+00:00
[2026-02-16T07:43:55.930+0000] {processor.py:183} INFO - Processing /opt/airflow/dags/etl_dag.py took 0.256 seconds
[2026-02-16T07:44:26.380+0000] {processor.py:161} INFO - Started process (PID=37137) to work on /opt/airflow/dags/etl_dag.py
[2026-02-16T07:44:26.381+0000] {processor.py:830} INFO - Processing file /opt/airflow/dags/etl_dag.py for tasks to queue
[2026-02-16T07:44:26.382+0000] {logging_mixin.py:188} INFO - [2026-02-16T07:44:26.382+0000] {dagbag.py:538} INFO - Filling up the DagBag from /opt/airflow/dags/etl_dag.py
[2026-02-16T07:44:26.427+0000] {logging_mixin.py:188} INFO - Warning: Your Kaggle API key is readable by other users on this system! To fix this, you can run 'chmod 600 /home/airflow/.kaggle/kaggle.json'
[2026-02-16T07:44:26.487+0000] {logging_mixin.py:188} WARNING - /home/airflow/.local/lib/python3.8/site-packages/airflow/models/baseoperator.py:437 AirflowProviderDeprecationWarning: `exists_ok` parameter is deprecated, please use `if_exists`
[2026-02-16T07:44:26.496+0000] {processor.py:840} INFO - DAG(s) 'ecommerce_etl_v2' retrieved from /opt/airflow/dags/etl_dag.py
[2026-02-16T07:44:26.623+0000] {logging_mixin.py:188} INFO - [2026-02-16T07:44:26.623+0000] {dag.py:3036} INFO - Sync 1 DAGs
[2026-02-16T07:44:26.632+0000] {logging_mixin.py:188} INFO - [2026-02-16T07:44:26.632+0000] {dag.py:3823} INFO - Setting next_dagrun for ecommerce_etl_v2 to 2026-02-15 13:00:00+00:00, run_after=2026-02-16 13:00:00+00:00
[2026-02-16T07:44:26.641+0000] {processor.py:183} INFO - Processing /opt/airflow/dags/etl_dag.py took 0.263 seconds
[2026-02-16T07:44:56.806+0000] {processor.py:161} INFO - Started process (PID=37168) to work on /opt/airflow/dags/etl_dag.py
[2026-02-16T07:44:56.808+0000] {processor.py:830} INFO - Processing file /opt/airflow/dags/etl_dag.py for tasks to queue
[2026-02-16T07:44:56.809+0000] {logging_mixin.py:188} INFO - [2026-02-16T07:44:56.808+0000] {dagbag.py:538} INFO - Filling up the DagBag from /opt/airflow/dags/etl_dag.py
[2026-02-16T07:44:56.855+0000] {logging_mixin.py:188} INFO - Warning: Your Kaggle API key is readable by other users on this system! To fix this, you can run 'chmod 600 /home/airflow/.kaggle/kaggle.json'
[2026-02-16T07:44:57.024+0000] {logging_mixin.py:188} WARNING - /home/airflow/.local/lib/python3.8/site-packages/airflow/models/baseoperator.py:437 AirflowProviderDeprecationWarning: `exists_ok` parameter is deprecated, please use `if_exists`
[2026-02-16T07:44:57.035+0000] {processor.py:840} INFO - DAG(s) 'ecommerce_etl_v2' retrieved from /opt/airflow/dags/etl_dag.py
[2026-02-16T07:44:57.051+0000] {logging_mixin.py:188} INFO - [2026-02-16T07:44:57.051+0000] {dag.py:3036} INFO - Sync 1 DAGs
[2026-02-16T07:44:57.060+0000] {logging_mixin.py:188} INFO - [2026-02-16T07:44:57.060+0000] {dag.py:3823} INFO - Setting next_dagrun for ecommerce_etl_v2 to 2026-02-15 13:00:00+00:00, run_after=2026-02-16 13:00:00+00:00
[2026-02-16T07:44:57.067+0000] {processor.py:183} INFO - Processing /opt/airflow/dags/etl_dag.py took 0.266 seconds
[2026-02-16T07:45:27.396+0000] {processor.py:161} INFO - Started process (PID=37199) to work on /opt/airflow/dags/etl_dag.py
[2026-02-16T07:45:27.396+0000] {processor.py:830} INFO - Processing file /opt/airflow/dags/etl_dag.py for tasks to queue
[2026-02-16T07:45:27.397+0000] {logging_mixin.py:188} INFO - [2026-02-16T07:45:27.397+0000] {dagbag.py:538} INFO - Filling up the DagBag from /opt/airflow/dags/etl_dag.py
[2026-02-16T07:45:27.442+0000] {logging_mixin.py:188} INFO - Warning: Your Kaggle API key is readable by other users on this system! To fix this, you can run 'chmod 600 /home/airflow/.kaggle/kaggle.json'
[2026-02-16T07:45:27.607+0000] {logging_mixin.py:188} WARNING - /home/airflow/.local/lib/python3.8/site-packages/airflow/models/baseoperator.py:437 AirflowProviderDeprecationWarning: `exists_ok` parameter is deprecated, please use `if_exists`
[2026-02-16T07:45:27.615+0000] {processor.py:840} INFO - DAG(s) 'ecommerce_etl_v2' retrieved from /opt/airflow/dags/etl_dag.py
[2026-02-16T07:45:27.632+0000] {logging_mixin.py:188} INFO - [2026-02-16T07:45:27.632+0000] {dag.py:3036} INFO - Sync 1 DAGs
[2026-02-16T07:45:27.641+0000] {logging_mixin.py:188} INFO - [2026-02-16T07:45:27.641+0000] {dag.py:3823} INFO - Setting next_dagrun for ecommerce_etl_v2 to 2026-02-15 13:00:00+00:00, run_after=2026-02-16 13:00:00+00:00
[2026-02-16T07:45:27.648+0000] {processor.py:183} INFO - Processing /opt/airflow/dags/etl_dag.py took 0.255 seconds
[2026-02-16T07:45:57.797+0000] {processor.py:161} INFO - Started process (PID=37230) to work on /opt/airflow/dags/etl_dag.py
[2026-02-16T07:45:57.798+0000] {processor.py:830} INFO - Processing file /opt/airflow/dags/etl_dag.py for tasks to queue
[2026-02-16T07:45:57.799+0000] {logging_mixin.py:188} INFO - [2026-02-16T07:45:57.799+0000] {dagbag.py:538} INFO - Filling up the DagBag from /opt/airflow/dags/etl_dag.py
[2026-02-16T07:45:57.842+0000] {logging_mixin.py:188} INFO - Warning: Your Kaggle API key is readable by other users on this system! To fix this, you can run 'chmod 600 /home/airflow/.kaggle/kaggle.json'
[2026-02-16T07:45:58.009+0000] {logging_mixin.py:188} WARNING - /home/airflow/.local/lib/python3.8/site-packages/airflow/models/baseoperator.py:437 AirflowProviderDeprecationWarning: `exists_ok` parameter is deprecated, please use `if_exists`
[2026-02-16T07:45:58.017+0000] {processor.py:840} INFO - DAG(s) 'ecommerce_etl_v2' retrieved from /opt/airflow/dags/etl_dag.py
[2026-02-16T07:45:58.034+0000] {logging_mixin.py:188} INFO - [2026-02-16T07:45:58.034+0000] {dag.py:3036} INFO - Sync 1 DAGs
[2026-02-16T07:45:58.044+0000] {logging_mixin.py:188} INFO - [2026-02-16T07:45:58.044+0000] {dag.py:3823} INFO - Setting next_dagrun for ecommerce_etl_v2 to 2026-02-15 13:00:00+00:00, run_after=2026-02-16 13:00:00+00:00
[2026-02-16T07:45:58.052+0000] {processor.py:183} INFO - Processing /opt/airflow/dags/etl_dag.py took 0.259 seconds
[2026-02-16T07:46:28.411+0000] {processor.py:161} INFO - Started process (PID=37261) to work on /opt/airflow/dags/etl_dag.py
[2026-02-16T07:46:28.412+0000] {processor.py:830} INFO - Processing file /opt/airflow/dags/etl_dag.py for tasks to queue
[2026-02-16T07:46:28.413+0000] {logging_mixin.py:188} INFO - [2026-02-16T07:46:28.413+0000] {dagbag.py:538} INFO - Filling up the DagBag from /opt/airflow/dags/etl_dag.py
[2026-02-16T07:46:28.460+0000] {logging_mixin.py:188} INFO - Warning: Your Kaggle API key is readable by other users on this system! To fix this, you can run 'chmod 600 /home/airflow/.kaggle/kaggle.json'
[2026-02-16T07:46:28.626+0000] {logging_mixin.py:188} WARNING - /home/airflow/.local/lib/python3.8/site-packages/airflow/models/baseoperator.py:437 AirflowProviderDeprecationWarning: `exists_ok` parameter is deprecated, please use `if_exists`
[2026-02-16T07:46:28.635+0000] {processor.py:840} INFO - DAG(s) 'ecommerce_etl_v2' retrieved from /opt/airflow/dags/etl_dag.py
[2026-02-16T07:46:28.652+0000] {logging_mixin.py:188} INFO - [2026-02-16T07:46:28.652+0000] {dag.py:3036} INFO - Sync 1 DAGs
[2026-02-16T07:46:28.661+0000] {logging_mixin.py:188} INFO - [2026-02-16T07:46:28.661+0000] {dag.py:3823} INFO - Setting next_dagrun for ecommerce_etl_v2 to 2026-02-15 13:00:00+00:00, run_after=2026-02-16 13:00:00+00:00
[2026-02-16T07:46:28.669+0000] {processor.py:183} INFO - Processing /opt/airflow/dags/etl_dag.py took 0.262 seconds
[2026-02-16T07:46:58.782+0000] {processor.py:161} INFO - Started process (PID=37292) to work on /opt/airflow/dags/etl_dag.py
[2026-02-16T07:46:58.783+0000] {processor.py:830} INFO - Processing file /opt/airflow/dags/etl_dag.py for tasks to queue
[2026-02-16T07:46:58.784+0000] {logging_mixin.py:188} INFO - [2026-02-16T07:46:58.784+0000] {dagbag.py:538} INFO - Filling up the DagBag from /opt/airflow/dags/etl_dag.py
[2026-02-16T07:46:58.831+0000] {logging_mixin.py:188} INFO - Warning: Your Kaggle API key is readable by other users on this system! To fix this, you can run 'chmod 600 /home/airflow/.kaggle/kaggle.json'
[2026-02-16T07:46:59.000+0000] {logging_mixin.py:188} WARNING - /home/airflow/.local/lib/python3.8/site-packages/airflow/models/baseoperator.py:437 AirflowProviderDeprecationWarning: `exists_ok` parameter is deprecated, please use `if_exists`
[2026-02-16T07:46:59.009+0000] {processor.py:840} INFO - DAG(s) 'ecommerce_etl_v2' retrieved from /opt/airflow/dags/etl_dag.py
[2026-02-16T07:46:59.026+0000] {logging_mixin.py:188} INFO - [2026-02-16T07:46:59.026+0000] {dag.py:3036} INFO - Sync 1 DAGs
[2026-02-16T07:46:59.036+0000] {logging_mixin.py:188} INFO - [2026-02-16T07:46:59.036+0000] {dag.py:3823} INFO - Setting next_dagrun for ecommerce_etl_v2 to 2026-02-15 13:00:00+00:00, run_after=2026-02-16 13:00:00+00:00
[2026-02-16T07:46:59.044+0000] {processor.py:183} INFO - Processing /opt/airflow/dags/etl_dag.py took 0.266 seconds
[2026-02-16T07:47:29.307+0000] {processor.py:161} INFO - Started process (PID=37323) to work on /opt/airflow/dags/etl_dag.py
[2026-02-16T07:47:29.308+0000] {processor.py:830} INFO - Processing file /opt/airflow/dags/etl_dag.py for tasks to queue
[2026-02-16T07:47:29.309+0000] {logging_mixin.py:188} INFO - [2026-02-16T07:47:29.308+0000] {dagbag.py:538} INFO - Filling up the DagBag from /opt/airflow/dags/etl_dag.py
[2026-02-16T07:47:29.356+0000] {logging_mixin.py:188} INFO - Warning: Your Kaggle API key is readable by other users on this system! To fix this, you can run 'chmod 600 /home/airflow/.kaggle/kaggle.json'
[2026-02-16T07:47:29.518+0000] {logging_mixin.py:188} WARNING - /home/airflow/.local/lib/python3.8/site-packages/airflow/models/baseoperator.py:437 AirflowProviderDeprecationWarning: `exists_ok` parameter is deprecated, please use `if_exists`
[2026-02-16T07:47:29.527+0000] {processor.py:840} INFO - DAG(s) 'ecommerce_etl_v2' retrieved from /opt/airflow/dags/etl_dag.py
[2026-02-16T07:47:29.544+0000] {logging_mixin.py:188} INFO - [2026-02-16T07:47:29.544+0000] {dag.py:3036} INFO - Sync 1 DAGs
[2026-02-16T07:47:29.553+0000] {logging_mixin.py:188} INFO - [2026-02-16T07:47:29.553+0000] {dag.py:3823} INFO - Setting next_dagrun for ecommerce_etl_v2 to 2026-02-15 13:00:00+00:00, run_after=2026-02-16 13:00:00+00:00
[2026-02-16T07:47:29.562+0000] {processor.py:183} INFO - Processing /opt/airflow/dags/etl_dag.py took 0.259 seconds
[2026-02-16T07:47:59.653+0000] {processor.py:161} INFO - Started process (PID=37354) to work on /opt/airflow/dags/etl_dag.py
[2026-02-16T07:47:59.654+0000] {processor.py:830} INFO - Processing file /opt/airflow/dags/etl_dag.py for tasks to queue
[2026-02-16T07:47:59.655+0000] {logging_mixin.py:188} INFO - [2026-02-16T07:47:59.655+0000] {dagbag.py:538} INFO - Filling up the DagBag from /opt/airflow/dags/etl_dag.py
[2026-02-16T07:47:59.703+0000] {logging_mixin.py:188} INFO - Warning: Your Kaggle API key is readable by other users on this system! To fix this, you can run 'chmod 600 /home/airflow/.kaggle/kaggle.json'
[2026-02-16T07:47:59.871+0000] {logging_mixin.py:188} WARNING - /home/airflow/.local/lib/python3.8/site-packages/airflow/models/baseoperator.py:437 AirflowProviderDeprecationWarning: `exists_ok` parameter is deprecated, please use `if_exists`
[2026-02-16T07:47:59.879+0000] {processor.py:840} INFO - DAG(s) 'ecommerce_etl_v2' retrieved from /opt/airflow/dags/etl_dag.py
[2026-02-16T07:47:59.896+0000] {logging_mixin.py:188} INFO - [2026-02-16T07:47:59.896+0000] {dag.py:3036} INFO - Sync 1 DAGs
[2026-02-16T07:47:59.905+0000] {logging_mixin.py:188} INFO - [2026-02-16T07:47:59.905+0000] {dag.py:3823} INFO - Setting next_dagrun for ecommerce_etl_v2 to 2026-02-15 13:00:00+00:00, run_after=2026-02-16 13:00:00+00:00
[2026-02-16T07:47:59.913+0000] {processor.py:183} INFO - Processing /opt/airflow/dags/etl_dag.py took 0.264 seconds
[2026-02-16T07:48:30.154+0000] {processor.py:161} INFO - Started process (PID=37385) to work on /opt/airflow/dags/etl_dag.py
[2026-02-16T07:48:30.156+0000] {processor.py:830} INFO - Processing file /opt/airflow/dags/etl_dag.py for tasks to queue
[2026-02-16T07:48:30.156+0000] {logging_mixin.py:188} INFO - [2026-02-16T07:48:30.156+0000] {dagbag.py:538} INFO - Filling up the DagBag from /opt/airflow/dags/etl_dag.py
[2026-02-16T07:48:30.203+0000] {logging_mixin.py:188} INFO - Warning: Your Kaggle API key is readable by other users on this system! To fix this, you can run 'chmod 600 /home/airflow/.kaggle/kaggle.json'
[2026-02-16T07:48:30.369+0000] {logging_mixin.py:188} WARNING - /home/airflow/.local/lib/python3.8/site-packages/airflow/models/baseoperator.py:437 AirflowProviderDeprecationWarning: `exists_ok` parameter is deprecated, please use `if_exists`
[2026-02-16T07:48:30.377+0000] {processor.py:840} INFO - DAG(s) 'ecommerce_etl_v2' retrieved from /opt/airflow/dags/etl_dag.py
[2026-02-16T07:48:30.394+0000] {logging_mixin.py:188} INFO - [2026-02-16T07:48:30.394+0000] {dag.py:3036} INFO - Sync 1 DAGs
[2026-02-16T07:48:30.403+0000] {logging_mixin.py:188} INFO - [2026-02-16T07:48:30.403+0000] {dag.py:3823} INFO - Setting next_dagrun for ecommerce_etl_v2 to 2026-02-15 13:00:00+00:00, run_after=2026-02-16 13:00:00+00:00
[2026-02-16T07:48:30.411+0000] {processor.py:183} INFO - Processing /opt/airflow/dags/etl_dag.py took 0.261 seconds
[2026-02-16T07:49:00.625+0000] {processor.py:161} INFO - Started process (PID=37416) to work on /opt/airflow/dags/etl_dag.py
[2026-02-16T07:49:00.627+0000] {processor.py:830} INFO - Processing file /opt/airflow/dags/etl_dag.py for tasks to queue
[2026-02-16T07:49:00.628+0000] {logging_mixin.py:188} INFO - [2026-02-16T07:49:00.628+0000] {dagbag.py:538} INFO - Filling up the DagBag from /opt/airflow/dags/etl_dag.py
[2026-02-16T07:49:00.674+0000] {logging_mixin.py:188} INFO - Warning: Your Kaggle API key is readable by other users on this system! To fix this, you can run 'chmod 600 /home/airflow/.kaggle/kaggle.json'
[2026-02-16T07:49:00.833+0000] {logging_mixin.py:188} WARNING - /home/airflow/.local/lib/python3.8/site-packages/airflow/models/baseoperator.py:437 AirflowProviderDeprecationWarning: `exists_ok` parameter is deprecated, please use `if_exists`
[2026-02-16T07:49:00.842+0000] {processor.py:840} INFO - DAG(s) 'ecommerce_etl_v2' retrieved from /opt/airflow/dags/etl_dag.py
[2026-02-16T07:49:00.858+0000] {logging_mixin.py:188} INFO - [2026-02-16T07:49:00.858+0000] {dag.py:3036} INFO - Sync 1 DAGs
[2026-02-16T07:49:00.867+0000] {logging_mixin.py:188} INFO - [2026-02-16T07:49:00.867+0000] {dag.py:3823} INFO - Setting next_dagrun for ecommerce_etl_v2 to 2026-02-15 13:00:00+00:00, run_after=2026-02-16 13:00:00+00:00
[2026-02-16T07:49:00.874+0000] {processor.py:183} INFO - Processing /opt/airflow/dags/etl_dag.py took 0.253 seconds
[2026-02-16T07:54:01.724+0000] {processor.py:161} INFO - Started process (PID=37449) to work on /opt/airflow/dags/etl_dag.py
[2026-02-16T07:54:01.725+0000] {processor.py:830} INFO - Processing file /opt/airflow/dags/etl_dag.py for tasks to queue
[2026-02-16T07:54:01.725+0000] {logging_mixin.py:188} INFO - [2026-02-16T07:54:01.725+0000] {dagbag.py:538} INFO - Filling up the DagBag from /opt/airflow/dags/etl_dag.py
[2026-02-16T07:54:01.762+0000] {logging_mixin.py:188} INFO - Warning: Your Kaggle API key is readable by other users on this system! To fix this, you can run 'chmod 600 /home/airflow/.kaggle/kaggle.json'
[2026-02-16T07:54:01.929+0000] {logging_mixin.py:188} WARNING - /home/airflow/.local/lib/python3.8/site-packages/airflow/models/baseoperator.py:437 AirflowProviderDeprecationWarning: `exists_ok` parameter is deprecated, please use `if_exists`
[2026-02-16T07:54:01.937+0000] {processor.py:840} INFO - DAG(s) 'ecommerce_etl_v2' retrieved from /opt/airflow/dags/etl_dag.py
[2026-02-16T07:54:01.954+0000] {logging_mixin.py:188} INFO - [2026-02-16T07:54:01.954+0000] {dag.py:3036} INFO - Sync 1 DAGs
[2026-02-16T07:54:01.964+0000] {logging_mixin.py:188} INFO - [2026-02-16T07:54:01.963+0000] {dag.py:3823} INFO - Setting next_dagrun for ecommerce_etl_v2 to 2026-02-15 13:00:00+00:00, run_after=2026-02-16 13:00:00+00:00
[2026-02-16T07:54:01.971+0000] {processor.py:183} INFO - Processing /opt/airflow/dags/etl_dag.py took 0.249 seconds
[2026-02-16T08:10:18.547+0000] {processor.py:161} INFO - Started process (PID=37480) to work on /opt/airflow/dags/etl_dag.py
[2026-02-16T08:10:18.548+0000] {processor.py:830} INFO - Processing file /opt/airflow/dags/etl_dag.py for tasks to queue
[2026-02-16T08:10:18.548+0000] {logging_mixin.py:188} INFO - [2026-02-16T08:10:18.548+0000] {dagbag.py:538} INFO - Filling up the DagBag from /opt/airflow/dags/etl_dag.py
[2026-02-16T08:10:18.593+0000] {logging_mixin.py:188} INFO - Warning: Your Kaggle API key is readable by other users on this system! To fix this, you can run 'chmod 600 /home/airflow/.kaggle/kaggle.json'
[2026-02-16T08:10:18.842+0000] {logging_mixin.py:188} WARNING - /home/airflow/.local/lib/python3.8/site-packages/airflow/models/baseoperator.py:437 AirflowProviderDeprecationWarning: `exists_ok` parameter is deprecated, please use `if_exists`
[2026-02-16T08:10:18.854+0000] {processor.py:840} INFO - DAG(s) 'ecommerce_etl_v2' retrieved from /opt/airflow/dags/etl_dag.py
[2026-02-16T08:10:18.877+0000] {logging_mixin.py:188} INFO - [2026-02-16T08:10:18.877+0000] {dag.py:3036} INFO - Sync 1 DAGs
[2026-02-16T08:10:18.890+0000] {logging_mixin.py:188} INFO - [2026-02-16T08:10:18.890+0000] {dag.py:3823} INFO - Setting next_dagrun for ecommerce_etl_v2 to 2026-02-15 13:00:00+00:00, run_after=2026-02-16 13:00:00+00:00
[2026-02-16T08:10:18.901+0000] {processor.py:183} INFO - Processing /opt/airflow/dags/etl_dag.py took 0.357 seconds
[2026-02-16T08:10:49.237+0000] {processor.py:161} INFO - Started process (PID=37511) to work on /opt/airflow/dags/etl_dag.py
[2026-02-16T08:10:49.239+0000] {processor.py:830} INFO - Processing file /opt/airflow/dags/etl_dag.py for tasks to queue
[2026-02-16T08:10:49.240+0000] {logging_mixin.py:188} INFO - [2026-02-16T08:10:49.239+0000] {dagbag.py:538} INFO - Filling up the DagBag from /opt/airflow/dags/etl_dag.py
[2026-02-16T08:10:49.285+0000] {logging_mixin.py:188} INFO - Warning: Your Kaggle API key is readable by other users on this system! To fix this, you can run 'chmod 600 /home/airflow/.kaggle/kaggle.json'
[2026-02-16T08:10:49.446+0000] {logging_mixin.py:188} WARNING - /home/airflow/.local/lib/python3.8/site-packages/airflow/models/baseoperator.py:437 AirflowProviderDeprecationWarning: `exists_ok` parameter is deprecated, please use `if_exists`
[2026-02-16T08:10:49.457+0000] {processor.py:840} INFO - DAG(s) 'ecommerce_etl_v2' retrieved from /opt/airflow/dags/etl_dag.py
[2026-02-16T08:10:49.474+0000] {logging_mixin.py:188} INFO - [2026-02-16T08:10:49.474+0000] {dag.py:3036} INFO - Sync 1 DAGs
[2026-02-16T08:10:49.483+0000] {logging_mixin.py:188} INFO - [2026-02-16T08:10:49.483+0000] {dag.py:3823} INFO - Setting next_dagrun for ecommerce_etl_v2 to 2026-02-15 13:00:00+00:00, run_after=2026-02-16 13:00:00+00:00
[2026-02-16T08:10:49.490+0000] {processor.py:183} INFO - Processing /opt/airflow/dags/etl_dag.py took 0.257 seconds
[2026-02-16T08:11:19.587+0000] {processor.py:161} INFO - Started process (PID=37542) to work on /opt/airflow/dags/etl_dag.py
[2026-02-16T08:11:19.588+0000] {processor.py:830} INFO - Processing file /opt/airflow/dags/etl_dag.py for tasks to queue
[2026-02-16T08:11:19.589+0000] {logging_mixin.py:188} INFO - [2026-02-16T08:11:19.589+0000] {dagbag.py:538} INFO - Filling up the DagBag from /opt/airflow/dags/etl_dag.py
[2026-02-16T08:11:19.636+0000] {logging_mixin.py:188} INFO - Warning: Your Kaggle API key is readable by other users on this system! To fix this, you can run 'chmod 600 /home/airflow/.kaggle/kaggle.json'
[2026-02-16T08:11:19.800+0000] {logging_mixin.py:188} WARNING - /home/airflow/.local/lib/python3.8/site-packages/airflow/models/baseoperator.py:437 AirflowProviderDeprecationWarning: `exists_ok` parameter is deprecated, please use `if_exists`
[2026-02-16T08:11:19.809+0000] {processor.py:840} INFO - DAG(s) 'ecommerce_etl_v2' retrieved from /opt/airflow/dags/etl_dag.py
[2026-02-16T08:11:19.826+0000] {logging_mixin.py:188} INFO - [2026-02-16T08:11:19.826+0000] {dag.py:3036} INFO - Sync 1 DAGs
[2026-02-16T08:11:19.835+0000] {logging_mixin.py:188} INFO - [2026-02-16T08:11:19.835+0000] {dag.py:3823} INFO - Setting next_dagrun for ecommerce_etl_v2 to 2026-02-15 13:00:00+00:00, run_after=2026-02-16 13:00:00+00:00
[2026-02-16T08:11:19.843+0000] {processor.py:183} INFO - Processing /opt/airflow/dags/etl_dag.py took 0.260 seconds
[2026-02-16T08:11:50.192+0000] {processor.py:161} INFO - Started process (PID=37573) to work on /opt/airflow/dags/etl_dag.py
[2026-02-16T08:11:50.193+0000] {processor.py:830} INFO - Processing file /opt/airflow/dags/etl_dag.py for tasks to queue
[2026-02-16T08:11:50.194+0000] {logging_mixin.py:188} INFO - [2026-02-16T08:11:50.194+0000] {dagbag.py:538} INFO - Filling up the DagBag from /opt/airflow/dags/etl_dag.py
[2026-02-16T08:11:50.242+0000] {logging_mixin.py:188} INFO - Warning: Your Kaggle API key is readable by other users on this system! To fix this, you can run 'chmod 600 /home/airflow/.kaggle/kaggle.json'
[2026-02-16T08:11:50.402+0000] {logging_mixin.py:188} WARNING - /home/airflow/.local/lib/python3.8/site-packages/airflow/models/baseoperator.py:437 AirflowProviderDeprecationWarning: `exists_ok` parameter is deprecated, please use `if_exists`
[2026-02-16T08:11:50.410+0000] {processor.py:840} INFO - DAG(s) 'ecommerce_etl_v2' retrieved from /opt/airflow/dags/etl_dag.py
[2026-02-16T08:11:50.426+0000] {logging_mixin.py:188} INFO - [2026-02-16T08:11:50.426+0000] {dag.py:3036} INFO - Sync 1 DAGs
[2026-02-16T08:11:50.435+0000] {logging_mixin.py:188} INFO - [2026-02-16T08:11:50.435+0000] {dag.py:3823} INFO - Setting next_dagrun for ecommerce_etl_v2 to 2026-02-15 13:00:00+00:00, run_after=2026-02-16 13:00:00+00:00
[2026-02-16T08:11:50.443+0000] {processor.py:183} INFO - Processing /opt/airflow/dags/etl_dag.py took 0.254 seconds
[2026-02-16T08:12:20.546+0000] {processor.py:161} INFO - Started process (PID=37604) to work on /opt/airflow/dags/etl_dag.py
[2026-02-16T08:12:20.548+0000] {processor.py:830} INFO - Processing file /opt/airflow/dags/etl_dag.py for tasks to queue
[2026-02-16T08:12:20.548+0000] {logging_mixin.py:188} INFO - [2026-02-16T08:12:20.548+0000] {dagbag.py:538} INFO - Filling up the DagBag from /opt/airflow/dags/etl_dag.py
[2026-02-16T08:12:20.592+0000] {logging_mixin.py:188} INFO - Warning: Your Kaggle API key is readable by other users on this system! To fix this, you can run 'chmod 600 /home/airflow/.kaggle/kaggle.json'
[2026-02-16T08:12:20.755+0000] {logging_mixin.py:188} WARNING - /home/airflow/.local/lib/python3.8/site-packages/airflow/models/baseoperator.py:437 AirflowProviderDeprecationWarning: `exists_ok` parameter is deprecated, please use `if_exists`
[2026-02-16T08:12:20.765+0000] {processor.py:840} INFO - DAG(s) 'ecommerce_etl_v2' retrieved from /opt/airflow/dags/etl_dag.py
[2026-02-16T08:12:20.781+0000] {logging_mixin.py:188} INFO - [2026-02-16T08:12:20.781+0000] {dag.py:3036} INFO - Sync 1 DAGs
[2026-02-16T08:12:20.790+0000] {logging_mixin.py:188} INFO - [2026-02-16T08:12:20.790+0000] {dag.py:3823} INFO - Setting next_dagrun for ecommerce_etl_v2 to 2026-02-15 13:00:00+00:00, run_after=2026-02-16 13:00:00+00:00
[2026-02-16T08:12:20.797+0000] {processor.py:183} INFO - Processing /opt/airflow/dags/etl_dag.py took 0.255 seconds
[2026-02-16T08:12:51.147+0000] {processor.py:161} INFO - Started process (PID=37635) to work on /opt/airflow/dags/etl_dag.py
[2026-02-16T08:12:51.149+0000] {processor.py:830} INFO - Processing file /opt/airflow/dags/etl_dag.py for tasks to queue
[2026-02-16T08:12:51.150+0000] {logging_mixin.py:188} INFO - [2026-02-16T08:12:51.149+0000] {dagbag.py:538} INFO - Filling up the DagBag from /opt/airflow/dags/etl_dag.py
[2026-02-16T08:12:51.193+0000] {logging_mixin.py:188} INFO - Warning: Your Kaggle API key is readable by other users on this system! To fix this, you can run 'chmod 600 /home/airflow/.kaggle/kaggle.json'
[2026-02-16T08:12:51.353+0000] {logging_mixin.py:188} WARNING - /home/airflow/.local/lib/python3.8/site-packages/airflow/models/baseoperator.py:437 AirflowProviderDeprecationWarning: `exists_ok` parameter is deprecated, please use `if_exists`
[2026-02-16T08:12:51.362+0000] {processor.py:840} INFO - DAG(s) 'ecommerce_etl_v2' retrieved from /opt/airflow/dags/etl_dag.py
[2026-02-16T08:12:51.379+0000] {logging_mixin.py:188} INFO - [2026-02-16T08:12:51.379+0000] {dag.py:3036} INFO - Sync 1 DAGs
[2026-02-16T08:12:51.389+0000] {logging_mixin.py:188} INFO - [2026-02-16T08:12:51.389+0000] {dag.py:3823} INFO - Setting next_dagrun for ecommerce_etl_v2 to 2026-02-15 13:00:00+00:00, run_after=2026-02-16 13:00:00+00:00
[2026-02-16T08:12:51.397+0000] {processor.py:183} INFO - Processing /opt/airflow/dags/etl_dag.py took 0.253 seconds
[2026-02-16T08:15:17.359+0000] {processor.py:161} INFO - Started process (PID=37666) to work on /opt/airflow/dags/etl_dag.py
[2026-02-16T08:15:17.360+0000] {processor.py:830} INFO - Processing file /opt/airflow/dags/etl_dag.py for tasks to queue
[2026-02-16T08:15:17.360+0000] {logging_mixin.py:188} INFO - [2026-02-16T08:15:17.360+0000] {dagbag.py:538} INFO - Filling up the DagBag from /opt/airflow/dags/etl_dag.py
[2026-02-16T08:15:17.407+0000] {logging_mixin.py:188} INFO - Warning: Your Kaggle API key is readable by other users on this system! To fix this, you can run 'chmod 600 /home/airflow/.kaggle/kaggle.json'
[2026-02-16T08:15:17.639+0000] {logging_mixin.py:188} WARNING - /home/airflow/.local/lib/python3.8/site-packages/airflow/models/baseoperator.py:437 AirflowProviderDeprecationWarning: `exists_ok` parameter is deprecated, please use `if_exists`
[2026-02-16T08:15:17.651+0000] {processor.py:840} INFO - DAG(s) 'ecommerce_etl_v2' retrieved from /opt/airflow/dags/etl_dag.py
[2026-02-16T08:15:17.674+0000] {logging_mixin.py:188} INFO - [2026-02-16T08:15:17.674+0000] {dag.py:3036} INFO - Sync 1 DAGs
[2026-02-16T08:15:17.686+0000] {logging_mixin.py:188} INFO - [2026-02-16T08:15:17.686+0000] {dag.py:3823} INFO - Setting next_dagrun for ecommerce_etl_v2 to 2026-02-15 13:00:00+00:00, run_after=2026-02-16 13:00:00+00:00
[2026-02-16T08:15:17.696+0000] {processor.py:183} INFO - Processing /opt/airflow/dags/etl_dag.py took 0.340 seconds
[2026-02-16T08:15:48.038+0000] {processor.py:161} INFO - Started process (PID=37697) to work on /opt/airflow/dags/etl_dag.py
[2026-02-16T08:15:48.040+0000] {processor.py:830} INFO - Processing file /opt/airflow/dags/etl_dag.py for tasks to queue
[2026-02-16T08:15:48.041+0000] {logging_mixin.py:188} INFO - [2026-02-16T08:15:48.041+0000] {dagbag.py:538} INFO - Filling up the DagBag from /opt/airflow/dags/etl_dag.py
[2026-02-16T08:15:48.079+0000] {logging_mixin.py:188} INFO - Warning: Your Kaggle API key is readable by other users on this system! To fix this, you can run 'chmod 600 /home/airflow/.kaggle/kaggle.json'
[2026-02-16T08:15:48.244+0000] {logging_mixin.py:188} WARNING - /home/airflow/.local/lib/python3.8/site-packages/airflow/models/baseoperator.py:437 AirflowProviderDeprecationWarning: `exists_ok` parameter is deprecated, please use `if_exists`
[2026-02-16T08:15:48.254+0000] {processor.py:840} INFO - DAG(s) 'ecommerce_etl_v2' retrieved from /opt/airflow/dags/etl_dag.py
[2026-02-16T08:15:48.270+0000] {logging_mixin.py:188} INFO - [2026-02-16T08:15:48.270+0000] {dag.py:3036} INFO - Sync 1 DAGs
[2026-02-16T08:15:48.279+0000] {logging_mixin.py:188} INFO - [2026-02-16T08:15:48.279+0000] {dag.py:3823} INFO - Setting next_dagrun for ecommerce_etl_v2 to 2026-02-15 13:00:00+00:00, run_after=2026-02-16 13:00:00+00:00
[2026-02-16T08:15:48.286+0000] {processor.py:183} INFO - Processing /opt/airflow/dags/etl_dag.py took 0.250 seconds
[2026-02-16T08:16:18.464+0000] {processor.py:161} INFO - Started process (PID=37728) to work on /opt/airflow/dags/etl_dag.py
[2026-02-16T08:16:18.466+0000] {processor.py:830} INFO - Processing file /opt/airflow/dags/etl_dag.py for tasks to queue
[2026-02-16T08:16:18.466+0000] {logging_mixin.py:188} INFO - [2026-02-16T08:16:18.466+0000] {dagbag.py:538} INFO - Filling up the DagBag from /opt/airflow/dags/etl_dag.py
[2026-02-16T08:16:18.616+0000] {logging_mixin.py:188} INFO - Warning: Your Kaggle API key is readable by other users on this system! To fix this, you can run 'chmod 600 /home/airflow/.kaggle/kaggle.json'
[2026-02-16T08:16:18.673+0000] {logging_mixin.py:188} WARNING - /home/airflow/.local/lib/python3.8/site-packages/airflow/models/baseoperator.py:437 AirflowProviderDeprecationWarning: `exists_ok` parameter is deprecated, please use `if_exists`
[2026-02-16T08:16:18.682+0000] {processor.py:840} INFO - DAG(s) 'ecommerce_etl_v2' retrieved from /opt/airflow/dags/etl_dag.py
[2026-02-16T08:16:18.700+0000] {logging_mixin.py:188} INFO - [2026-02-16T08:16:18.700+0000] {dag.py:3036} INFO - Sync 1 DAGs
[2026-02-16T08:16:18.710+0000] {logging_mixin.py:188} INFO - [2026-02-16T08:16:18.710+0000] {dag.py:3823} INFO - Setting next_dagrun for ecommerce_etl_v2 to 2026-02-15 13:00:00+00:00, run_after=2026-02-16 13:00:00+00:00
[2026-02-16T08:16:18.718+0000] {processor.py:183} INFO - Processing /opt/airflow/dags/etl_dag.py took 0.258 seconds
[2026-02-16T08:16:49.113+0000] {processor.py:161} INFO - Started process (PID=37759) to work on /opt/airflow/dags/etl_dag.py
[2026-02-16T08:16:49.114+0000] {processor.py:830} INFO - Processing file /opt/airflow/dags/etl_dag.py for tasks to queue
[2026-02-16T08:16:49.115+0000] {logging_mixin.py:188} INFO - [2026-02-16T08:16:49.115+0000] {dagbag.py:538} INFO - Filling up the DagBag from /opt/airflow/dags/etl_dag.py
[2026-02-16T08:16:49.159+0000] {logging_mixin.py:188} INFO - Warning: Your Kaggle API key is readable by other users on this system! To fix this, you can run 'chmod 600 /home/airflow/.kaggle/kaggle.json'
[2026-02-16T08:16:49.319+0000] {logging_mixin.py:188} WARNING - /home/airflow/.local/lib/python3.8/site-packages/airflow/models/baseoperator.py:437 AirflowProviderDeprecationWarning: `exists_ok` parameter is deprecated, please use `if_exists`
[2026-02-16T08:16:49.328+0000] {processor.py:840} INFO - DAG(s) 'ecommerce_etl_v2' retrieved from /opt/airflow/dags/etl_dag.py
[2026-02-16T08:16:49.345+0000] {logging_mixin.py:188} INFO - [2026-02-16T08:16:49.344+0000] {dag.py:3036} INFO - Sync 1 DAGs
[2026-02-16T08:16:49.354+0000] {logging_mixin.py:188} INFO - [2026-02-16T08:16:49.354+0000] {dag.py:3823} INFO - Setting next_dagrun for ecommerce_etl_v2 to 2026-02-15 13:00:00+00:00, run_after=2026-02-16 13:00:00+00:00
[2026-02-16T08:16:49.362+0000] {processor.py:183} INFO - Processing /opt/airflow/dags/etl_dag.py took 0.253 seconds
[2026-02-16T08:33:18.082+0000] {processor.py:161} INFO - Started process (PID=37790) to work on /opt/airflow/dags/etl_dag.py
[2026-02-16T08:33:18.082+0000] {processor.py:830} INFO - Processing file /opt/airflow/dags/etl_dag.py for tasks to queue
[2026-02-16T08:33:18.083+0000] {logging_mixin.py:188} INFO - [2026-02-16T08:33:18.083+0000] {dagbag.py:538} INFO - Filling up the DagBag from /opt/airflow/dags/etl_dag.py
[2026-02-16T08:33:18.130+0000] {logging_mixin.py:188} INFO - Warning: Your Kaggle API key is readable by other users on this system! To fix this, you can run 'chmod 600 /home/airflow/.kaggle/kaggle.json'
[2026-02-16T08:33:18.336+0000] {logging_mixin.py:188} WARNING - /home/airflow/.local/lib/python3.8/site-packages/airflow/models/baseoperator.py:437 AirflowProviderDeprecationWarning: `exists_ok` parameter is deprecated, please use `if_exists`
[2026-02-16T08:33:18.347+0000] {processor.py:840} INFO - DAG(s) 'ecommerce_etl_v2' retrieved from /opt/airflow/dags/etl_dag.py
[2026-02-16T08:33:18.371+0000] {logging_mixin.py:188} INFO - [2026-02-16T08:33:18.371+0000] {dag.py:3036} INFO - Sync 1 DAGs
[2026-02-16T08:33:18.385+0000] {logging_mixin.py:188} INFO - [2026-02-16T08:33:18.385+0000] {dag.py:3823} INFO - Setting next_dagrun for ecommerce_etl_v2 to 2026-02-15 13:00:00+00:00, run_after=2026-02-16 13:00:00+00:00
[2026-02-16T08:33:18.399+0000] {processor.py:183} INFO - Processing /opt/airflow/dags/etl_dag.py took 0.320 seconds
[2026-02-16T08:33:48.735+0000] {processor.py:161} INFO - Started process (PID=37821) to work on /opt/airflow/dags/etl_dag.py
[2026-02-16T08:33:48.736+0000] {processor.py:830} INFO - Processing file /opt/airflow/dags/etl_dag.py for tasks to queue
[2026-02-16T08:33:48.736+0000] {logging_mixin.py:188} INFO - [2026-02-16T08:33:48.736+0000] {dagbag.py:538} INFO - Filling up the DagBag from /opt/airflow/dags/etl_dag.py
[2026-02-16T08:33:48.779+0000] {logging_mixin.py:188} INFO - Warning: Your Kaggle API key is readable by other users on this system! To fix this, you can run 'chmod 600 /home/airflow/.kaggle/kaggle.json'
[2026-02-16T08:33:48.941+0000] {logging_mixin.py:188} WARNING - /home/airflow/.local/lib/python3.8/site-packages/airflow/models/baseoperator.py:437 AirflowProviderDeprecationWarning: `exists_ok` parameter is deprecated, please use `if_exists`
[2026-02-16T08:33:48.950+0000] {processor.py:840} INFO - DAG(s) 'ecommerce_etl_v2' retrieved from /opt/airflow/dags/etl_dag.py
[2026-02-16T08:33:48.967+0000] {logging_mixin.py:188} INFO - [2026-02-16T08:33:48.966+0000] {dag.py:3036} INFO - Sync 1 DAGs
[2026-02-16T08:33:48.976+0000] {logging_mixin.py:188} INFO - [2026-02-16T08:33:48.976+0000] {dag.py:3823} INFO - Setting next_dagrun for ecommerce_etl_v2 to 2026-02-15 13:00:00+00:00, run_after=2026-02-16 13:00:00+00:00
[2026-02-16T08:33:48.985+0000] {processor.py:183} INFO - Processing /opt/airflow/dags/etl_dag.py took 0.252 seconds
[2026-02-16T08:34:19.060+0000] {processor.py:161} INFO - Started process (PID=37852) to work on /opt/airflow/dags/etl_dag.py
[2026-02-16T08:34:19.061+0000] {processor.py:830} INFO - Processing file /opt/airflow/dags/etl_dag.py for tasks to queue
[2026-02-16T08:34:19.062+0000] {logging_mixin.py:188} INFO - [2026-02-16T08:34:19.062+0000] {dagbag.py:538} INFO - Filling up the DagBag from /opt/airflow/dags/etl_dag.py
[2026-02-16T08:34:19.110+0000] {logging_mixin.py:188} INFO - Warning: Your Kaggle API key is readable by other users on this system! To fix this, you can run 'chmod 600 /home/airflow/.kaggle/kaggle.json'
[2026-02-16T08:34:19.274+0000] {logging_mixin.py:188} WARNING - /home/airflow/.local/lib/python3.8/site-packages/airflow/models/baseoperator.py:437 AirflowProviderDeprecationWarning: `exists_ok` parameter is deprecated, please use `if_exists`
[2026-02-16T08:34:19.285+0000] {processor.py:840} INFO - DAG(s) 'ecommerce_etl_v2' retrieved from /opt/airflow/dags/etl_dag.py
[2026-02-16T08:34:19.302+0000] {logging_mixin.py:188} INFO - [2026-02-16T08:34:19.302+0000] {dag.py:3036} INFO - Sync 1 DAGs
[2026-02-16T08:34:19.311+0000] {logging_mixin.py:188} INFO - [2026-02-16T08:34:19.311+0000] {dag.py:3823} INFO - Setting next_dagrun for ecommerce_etl_v2 to 2026-02-15 13:00:00+00:00, run_after=2026-02-16 13:00:00+00:00
[2026-02-16T08:34:19.319+0000] {processor.py:183} INFO - Processing /opt/airflow/dags/etl_dag.py took 0.263 seconds
[2026-02-16T08:34:49.583+0000] {processor.py:161} INFO - Started process (PID=37883) to work on /opt/airflow/dags/etl_dag.py
[2026-02-16T08:34:49.585+0000] {processor.py:830} INFO - Processing file /opt/airflow/dags/etl_dag.py for tasks to queue
[2026-02-16T08:34:49.586+0000] {logging_mixin.py:188} INFO - [2026-02-16T08:34:49.585+0000] {dagbag.py:538} INFO - Filling up the DagBag from /opt/airflow/dags/etl_dag.py
[2026-02-16T08:34:49.632+0000] {logging_mixin.py:188} INFO - Warning: Your Kaggle API key is readable by other users on this system! To fix this, you can run 'chmod 600 /home/airflow/.kaggle/kaggle.json'
[2026-02-16T08:34:49.791+0000] {logging_mixin.py:188} WARNING - /home/airflow/.local/lib/python3.8/site-packages/airflow/models/baseoperator.py:437 AirflowProviderDeprecationWarning: `exists_ok` parameter is deprecated, please use `if_exists`
[2026-02-16T08:34:49.800+0000] {processor.py:840} INFO - DAG(s) 'ecommerce_etl_v2' retrieved from /opt/airflow/dags/etl_dag.py
[2026-02-16T08:34:49.816+0000] {logging_mixin.py:188} INFO - [2026-02-16T08:34:49.816+0000] {dag.py:3036} INFO - Sync 1 DAGs
[2026-02-16T08:34:49.825+0000] {logging_mixin.py:188} INFO - [2026-02-16T08:34:49.825+0000] {dag.py:3823} INFO - Setting next_dagrun for ecommerce_etl_v2 to 2026-02-15 13:00:00+00:00, run_after=2026-02-16 13:00:00+00:00
[2026-02-16T08:34:49.833+0000] {processor.py:183} INFO - Processing /opt/airflow/dags/etl_dag.py took 0.253 seconds
[2026-02-16T08:50:53.120+0000] {processor.py:161} INFO - Started process (PID=37914) to work on /opt/airflow/dags/etl_dag.py
[2026-02-16T08:50:53.121+0000] {processor.py:830} INFO - Processing file /opt/airflow/dags/etl_dag.py for tasks to queue
[2026-02-16T08:50:53.121+0000] {logging_mixin.py:188} INFO - [2026-02-16T08:50:53.121+0000] {dagbag.py:538} INFO - Filling up the DagBag from /opt/airflow/dags/etl_dag.py
[2026-02-16T08:50:53.167+0000] {logging_mixin.py:188} INFO - Warning: Your Kaggle API key is readable by other users on this system! To fix this, you can run 'chmod 600 /home/airflow/.kaggle/kaggle.json'
[2026-02-16T08:50:53.361+0000] {logging_mixin.py:188} WARNING - /home/airflow/.local/lib/python3.8/site-packages/airflow/models/baseoperator.py:437 AirflowProviderDeprecationWarning: `exists_ok` parameter is deprecated, please use `if_exists`
[2026-02-16T08:50:53.373+0000] {processor.py:840} INFO - DAG(s) 'ecommerce_etl_v2' retrieved from /opt/airflow/dags/etl_dag.py
[2026-02-16T08:50:53.399+0000] {logging_mixin.py:188} INFO - [2026-02-16T08:50:53.399+0000] {dag.py:3036} INFO - Sync 1 DAGs
[2026-02-16T08:50:53.413+0000] {logging_mixin.py:188} INFO - [2026-02-16T08:50:53.413+0000] {dag.py:3823} INFO - Setting next_dagrun for ecommerce_etl_v2 to 2026-02-15 13:00:00+00:00, run_after=2026-02-16 13:00:00+00:00
[2026-02-16T08:50:53.423+0000] {processor.py:183} INFO - Processing /opt/airflow/dags/etl_dag.py took 0.305 seconds
[2026-02-16T08:51:23.639+0000] {processor.py:161} INFO - Started process (PID=37945) to work on /opt/airflow/dags/etl_dag.py
[2026-02-16T08:51:23.640+0000] {processor.py:830} INFO - Processing file /opt/airflow/dags/etl_dag.py for tasks to queue
[2026-02-16T08:51:23.641+0000] {logging_mixin.py:188} INFO - [2026-02-16T08:51:23.641+0000] {dagbag.py:538} INFO - Filling up the DagBag from /opt/airflow/dags/etl_dag.py
[2026-02-16T08:51:23.688+0000] {logging_mixin.py:188} INFO - Warning: Your Kaggle API key is readable by other users on this system! To fix this, you can run 'chmod 600 /home/airflow/.kaggle/kaggle.json'
[2026-02-16T08:51:23.847+0000] {logging_mixin.py:188} WARNING - /home/airflow/.local/lib/python3.8/site-packages/airflow/models/baseoperator.py:437 AirflowProviderDeprecationWarning: `exists_ok` parameter is deprecated, please use `if_exists`
[2026-02-16T08:51:23.856+0000] {processor.py:840} INFO - DAG(s) 'ecommerce_etl_v2' retrieved from /opt/airflow/dags/etl_dag.py
[2026-02-16T08:51:23.872+0000] {logging_mixin.py:188} INFO - [2026-02-16T08:51:23.872+0000] {dag.py:3036} INFO - Sync 1 DAGs
[2026-02-16T08:51:23.881+0000] {logging_mixin.py:188} INFO - [2026-02-16T08:51:23.881+0000] {dag.py:3823} INFO - Setting next_dagrun for ecommerce_etl_v2 to 2026-02-15 13:00:00+00:00, run_after=2026-02-16 13:00:00+00:00
[2026-02-16T08:51:23.890+0000] {processor.py:183} INFO - Processing /opt/airflow/dags/etl_dag.py took 0.256 seconds
[2026-02-16T08:51:54.009+0000] {processor.py:161} INFO - Started process (PID=37976) to work on /opt/airflow/dags/etl_dag.py
[2026-02-16T08:51:54.011+0000] {processor.py:830} INFO - Processing file /opt/airflow/dags/etl_dag.py for tasks to queue
[2026-02-16T08:51:54.011+0000] {logging_mixin.py:188} INFO - [2026-02-16T08:51:54.011+0000] {dagbag.py:538} INFO - Filling up the DagBag from /opt/airflow/dags/etl_dag.py
[2026-02-16T08:51:54.053+0000] {logging_mixin.py:188} INFO - Warning: Your Kaggle API key is readable by other users on this system! To fix this, you can run 'chmod 600 /home/airflow/.kaggle/kaggle.json'
[2026-02-16T08:51:54.221+0000] {logging_mixin.py:188} WARNING - /home/airflow/.local/lib/python3.8/site-packages/airflow/models/baseoperator.py:437 AirflowProviderDeprecationWarning: `exists_ok` parameter is deprecated, please use `if_exists`
[2026-02-16T08:51:54.230+0000] {processor.py:840} INFO - DAG(s) 'ecommerce_etl_v2' retrieved from /opt/airflow/dags/etl_dag.py
[2026-02-16T08:51:54.248+0000] {logging_mixin.py:188} INFO - [2026-02-16T08:51:54.248+0000] {dag.py:3036} INFO - Sync 1 DAGs
[2026-02-16T08:51:54.257+0000] {logging_mixin.py:188} INFO - [2026-02-16T08:51:54.257+0000] {dag.py:3823} INFO - Setting next_dagrun for ecommerce_etl_v2 to 2026-02-15 13:00:00+00:00, run_after=2026-02-16 13:00:00+00:00
[2026-02-16T08:51:54.265+0000] {processor.py:183} INFO - Processing /opt/airflow/dags/etl_dag.py took 0.259 seconds
[2026-02-16T08:52:24.483+0000] {processor.py:161} INFO - Started process (PID=38007) to work on /opt/airflow/dags/etl_dag.py
[2026-02-16T08:52:24.484+0000] {processor.py:830} INFO - Processing file /opt/airflow/dags/etl_dag.py for tasks to queue
[2026-02-16T08:52:24.485+0000] {logging_mixin.py:188} INFO - [2026-02-16T08:52:24.485+0000] {dagbag.py:538} INFO - Filling up the DagBag from /opt/airflow/dags/etl_dag.py
[2026-02-16T08:52:24.530+0000] {logging_mixin.py:188} INFO - Warning: Your Kaggle API key is readable by other users on this system! To fix this, you can run 'chmod 600 /home/airflow/.kaggle/kaggle.json'
[2026-02-16T08:52:24.693+0000] {logging_mixin.py:188} WARNING - /home/airflow/.local/lib/python3.8/site-packages/airflow/models/baseoperator.py:437 AirflowProviderDeprecationWarning: `exists_ok` parameter is deprecated, please use `if_exists`
[2026-02-16T08:52:24.702+0000] {processor.py:840} INFO - DAG(s) 'ecommerce_etl_v2' retrieved from /opt/airflow/dags/etl_dag.py
[2026-02-16T08:52:24.719+0000] {logging_mixin.py:188} INFO - [2026-02-16T08:52:24.719+0000] {dag.py:3036} INFO - Sync 1 DAGs
[2026-02-16T08:52:24.729+0000] {logging_mixin.py:188} INFO - [2026-02-16T08:52:24.728+0000] {dag.py:3823} INFO - Setting next_dagrun for ecommerce_etl_v2 to 2026-02-15 13:00:00+00:00, run_after=2026-02-16 13:00:00+00:00
[2026-02-16T08:52:24.737+0000] {processor.py:183} INFO - Processing /opt/airflow/dags/etl_dag.py took 0.258 seconds
[2026-02-16T08:52:54.924+0000] {processor.py:161} INFO - Started process (PID=38038) to work on /opt/airflow/dags/etl_dag.py
[2026-02-16T08:52:54.926+0000] {processor.py:830} INFO - Processing file /opt/airflow/dags/etl_dag.py for tasks to queue
[2026-02-16T08:52:54.927+0000] {logging_mixin.py:188} INFO - [2026-02-16T08:52:54.926+0000] {dagbag.py:538} INFO - Filling up the DagBag from /opt/airflow/dags/etl_dag.py
[2026-02-16T08:52:54.972+0000] {logging_mixin.py:188} INFO - Warning: Your Kaggle API key is readable by other users on this system! To fix this, you can run 'chmod 600 /home/airflow/.kaggle/kaggle.json'
[2026-02-16T08:52:55.132+0000] {logging_mixin.py:188} WARNING - /home/airflow/.local/lib/python3.8/site-packages/airflow/models/baseoperator.py:437 AirflowProviderDeprecationWarning: `exists_ok` parameter is deprecated, please use `if_exists`
[2026-02-16T08:52:55.141+0000] {processor.py:840} INFO - DAG(s) 'ecommerce_etl_v2' retrieved from /opt/airflow/dags/etl_dag.py
[2026-02-16T08:52:55.158+0000] {logging_mixin.py:188} INFO - [2026-02-16T08:52:55.158+0000] {dag.py:3036} INFO - Sync 1 DAGs
[2026-02-16T08:52:55.167+0000] {logging_mixin.py:188} INFO - [2026-02-16T08:52:55.167+0000] {dag.py:3823} INFO - Setting next_dagrun for ecommerce_etl_v2 to 2026-02-15 13:00:00+00:00, run_after=2026-02-16 13:00:00+00:00
[2026-02-16T08:52:55.176+0000] {processor.py:183} INFO - Processing /opt/airflow/dags/etl_dag.py took 0.256 seconds
[2026-02-16T09:08:23.327+0000] {processor.py:161} INFO - Started process (PID=38071) to work on /opt/airflow/dags/etl_dag.py
[2026-02-16T09:08:23.328+0000] {processor.py:830} INFO - Processing file /opt/airflow/dags/etl_dag.py for tasks to queue
[2026-02-16T09:08:23.328+0000] {logging_mixin.py:188} INFO - [2026-02-16T09:08:23.328+0000] {dagbag.py:538} INFO - Filling up the DagBag from /opt/airflow/dags/etl_dag.py
[2026-02-16T09:08:23.374+0000] {logging_mixin.py:188} INFO - Warning: Your Kaggle API key is readable by other users on this system! To fix this, you can run 'chmod 600 /home/airflow/.kaggle/kaggle.json'
[2026-02-16T09:08:23.623+0000] {logging_mixin.py:188} WARNING - /home/airflow/.local/lib/python3.8/site-packages/airflow/models/baseoperator.py:437 AirflowProviderDeprecationWarning: `exists_ok` parameter is deprecated, please use `if_exists`
[2026-02-16T09:08:23.633+0000] {processor.py:840} INFO - DAG(s) 'ecommerce_etl_v2' retrieved from /opt/airflow/dags/etl_dag.py
[2026-02-16T09:08:23.657+0000] {logging_mixin.py:188} INFO - [2026-02-16T09:08:23.657+0000] {dag.py:3036} INFO - Sync 1 DAGs
[2026-02-16T09:08:23.672+0000] {logging_mixin.py:188} INFO - [2026-02-16T09:08:23.671+0000] {dag.py:3823} INFO - Setting next_dagrun for ecommerce_etl_v2 to 2026-02-15 13:00:00+00:00, run_after=2026-02-16 13:00:00+00:00
[2026-02-16T09:08:23.683+0000] {processor.py:183} INFO - Processing /opt/airflow/dags/etl_dag.py took 0.358 seconds
[2026-02-16T09:08:53.855+0000] {processor.py:161} INFO - Started process (PID=38102) to work on /opt/airflow/dags/etl_dag.py
[2026-02-16T09:08:53.856+0000] {processor.py:830} INFO - Processing file /opt/airflow/dags/etl_dag.py for tasks to queue
[2026-02-16T09:08:53.857+0000] {logging_mixin.py:188} INFO - [2026-02-16T09:08:53.857+0000] {dagbag.py:538} INFO - Filling up the DagBag from /opt/airflow/dags/etl_dag.py
[2026-02-16T09:08:53.907+0000] {logging_mixin.py:188} INFO - Warning: Your Kaggle API key is readable by other users on this system! To fix this, you can run 'chmod 600 /home/airflow/.kaggle/kaggle.json'
[2026-02-16T09:08:54.076+0000] {logging_mixin.py:188} WARNING - /home/airflow/.local/lib/python3.8/site-packages/airflow/models/baseoperator.py:437 AirflowProviderDeprecationWarning: `exists_ok` parameter is deprecated, please use `if_exists`
[2026-02-16T09:08:54.086+0000] {processor.py:840} INFO - DAG(s) 'ecommerce_etl_v2' retrieved from /opt/airflow/dags/etl_dag.py
[2026-02-16T09:08:54.106+0000] {logging_mixin.py:188} INFO - [2026-02-16T09:08:54.105+0000] {dag.py:3036} INFO - Sync 1 DAGs
[2026-02-16T09:08:54.118+0000] {logging_mixin.py:188} INFO - [2026-02-16T09:08:54.118+0000] {dag.py:3823} INFO - Setting next_dagrun for ecommerce_etl_v2 to 2026-02-15 13:00:00+00:00, run_after=2026-02-16 13:00:00+00:00
[2026-02-16T09:08:54.128+0000] {processor.py:183} INFO - Processing /opt/airflow/dags/etl_dag.py took 0.275 seconds
[2026-02-16T09:09:24.302+0000] {processor.py:161} INFO - Started process (PID=38133) to work on /opt/airflow/dags/etl_dag.py
[2026-02-16T09:09:24.304+0000] {processor.py:830} INFO - Processing file /opt/airflow/dags/etl_dag.py for tasks to queue
[2026-02-16T09:09:24.306+0000] {logging_mixin.py:188} INFO - [2026-02-16T09:09:24.304+0000] {dagbag.py:538} INFO - Filling up the DagBag from /opt/airflow/dags/etl_dag.py
[2026-02-16T09:09:24.353+0000] {logging_mixin.py:188} INFO - Warning: Your Kaggle API key is readable by other users on this system! To fix this, you can run 'chmod 600 /home/airflow/.kaggle/kaggle.json'
[2026-02-16T09:09:24.517+0000] {logging_mixin.py:188} WARNING - /home/airflow/.local/lib/python3.8/site-packages/airflow/models/baseoperator.py:437 AirflowProviderDeprecationWarning: `exists_ok` parameter is deprecated, please use `if_exists`
[2026-02-16T09:09:24.525+0000] {processor.py:840} INFO - DAG(s) 'ecommerce_etl_v2' retrieved from /opt/airflow/dags/etl_dag.py
[2026-02-16T09:09:24.542+0000] {logging_mixin.py:188} INFO - [2026-02-16T09:09:24.542+0000] {dag.py:3036} INFO - Sync 1 DAGs
[2026-02-16T09:09:24.551+0000] {logging_mixin.py:188} INFO - [2026-02-16T09:09:24.551+0000] {dag.py:3823} INFO - Setting next_dagrun for ecommerce_etl_v2 to 2026-02-15 13:00:00+00:00, run_after=2026-02-16 13:00:00+00:00
[2026-02-16T09:09:24.560+0000] {processor.py:183} INFO - Processing /opt/airflow/dags/etl_dag.py took 0.263 seconds
[2026-02-16T09:09:54.818+0000] {processor.py:161} INFO - Started process (PID=38164) to work on /opt/airflow/dags/etl_dag.py
[2026-02-16T09:09:54.819+0000] {processor.py:830} INFO - Processing file /opt/airflow/dags/etl_dag.py for tasks to queue
[2026-02-16T09:09:54.820+0000] {logging_mixin.py:188} INFO - [2026-02-16T09:09:54.819+0000] {dagbag.py:538} INFO - Filling up the DagBag from /opt/airflow/dags/etl_dag.py
[2026-02-16T09:09:54.866+0000] {logging_mixin.py:188} INFO - Warning: Your Kaggle API key is readable by other users on this system! To fix this, you can run 'chmod 600 /home/airflow/.kaggle/kaggle.json'
[2026-02-16T09:09:55.025+0000] {logging_mixin.py:188} WARNING - /home/airflow/.local/lib/python3.8/site-packages/airflow/models/baseoperator.py:437 AirflowProviderDeprecationWarning: `exists_ok` parameter is deprecated, please use `if_exists`
[2026-02-16T09:09:55.035+0000] {processor.py:840} INFO - DAG(s) 'ecommerce_etl_v2' retrieved from /opt/airflow/dags/etl_dag.py
[2026-02-16T09:09:55.055+0000] {logging_mixin.py:188} INFO - [2026-02-16T09:09:55.055+0000] {dag.py:3036} INFO - Sync 1 DAGs
[2026-02-16T09:09:55.064+0000] {logging_mixin.py:188} INFO - [2026-02-16T09:09:55.064+0000] {dag.py:3823} INFO - Setting next_dagrun for ecommerce_etl_v2 to 2026-02-15 13:00:00+00:00, run_after=2026-02-16 13:00:00+00:00
[2026-02-16T09:09:55.071+0000] {processor.py:183} INFO - Processing /opt/airflow/dags/etl_dag.py took 0.258 seconds
[2026-02-16T09:10:25.267+0000] {processor.py:161} INFO - Started process (PID=38195) to work on /opt/airflow/dags/etl_dag.py
[2026-02-16T09:10:25.269+0000] {processor.py:830} INFO - Processing file /opt/airflow/dags/etl_dag.py for tasks to queue
[2026-02-16T09:10:25.270+0000] {logging_mixin.py:188} INFO - [2026-02-16T09:10:25.269+0000] {dagbag.py:538} INFO - Filling up the DagBag from /opt/airflow/dags/etl_dag.py
[2026-02-16T09:10:25.316+0000] {logging_mixin.py:188} INFO - Warning: Your Kaggle API key is readable by other users on this system! To fix this, you can run 'chmod 600 /home/airflow/.kaggle/kaggle.json'
[2026-02-16T09:10:25.474+0000] {logging_mixin.py:188} WARNING - /home/airflow/.local/lib/python3.8/site-packages/airflow/models/baseoperator.py:437 AirflowProviderDeprecationWarning: `exists_ok` parameter is deprecated, please use `if_exists`
[2026-02-16T09:10:25.483+0000] {processor.py:840} INFO - DAG(s) 'ecommerce_etl_v2' retrieved from /opt/airflow/dags/etl_dag.py
[2026-02-16T09:10:25.499+0000] {logging_mixin.py:188} INFO - [2026-02-16T09:10:25.499+0000] {dag.py:3036} INFO - Sync 1 DAGs
[2026-02-16T09:10:25.508+0000] {logging_mixin.py:188} INFO - [2026-02-16T09:10:25.508+0000] {dag.py:3823} INFO - Setting next_dagrun for ecommerce_etl_v2 to 2026-02-15 13:00:00+00:00, run_after=2026-02-16 13:00:00+00:00
[2026-02-16T09:10:25.517+0000] {processor.py:183} INFO - Processing /opt/airflow/dags/etl_dag.py took 0.255 seconds
[2026-02-16T09:16:16.140+0000] {processor.py:161} INFO - Started process (PID=38226) to work on /opt/airflow/dags/etl_dag.py
[2026-02-16T09:16:16.141+0000] {processor.py:830} INFO - Processing file /opt/airflow/dags/etl_dag.py for tasks to queue
[2026-02-16T09:16:16.142+0000] {logging_mixin.py:188} INFO - [2026-02-16T09:16:16.141+0000] {dagbag.py:538} INFO - Filling up the DagBag from /opt/airflow/dags/etl_dag.py
[2026-02-16T09:16:16.186+0000] {logging_mixin.py:188} INFO - Warning: Your Kaggle API key is readable by other users on this system! To fix this, you can run 'chmod 600 /home/airflow/.kaggle/kaggle.json'
[2026-02-16T09:16:16.345+0000] {logging_mixin.py:188} WARNING - /home/airflow/.local/lib/python3.8/site-packages/airflow/models/baseoperator.py:437 AirflowProviderDeprecationWarning: `exists_ok` parameter is deprecated, please use `if_exists`
[2026-02-16T09:16:16.354+0000] {processor.py:840} INFO - DAG(s) 'ecommerce_etl_v2' retrieved from /opt/airflow/dags/etl_dag.py
[2026-02-16T09:16:16.372+0000] {logging_mixin.py:188} INFO - [2026-02-16T09:16:16.372+0000] {dag.py:3036} INFO - Sync 1 DAGs
[2026-02-16T09:16:16.381+0000] {logging_mixin.py:188} INFO - [2026-02-16T09:16:16.381+0000] {dag.py:3823} INFO - Setting next_dagrun for ecommerce_etl_v2 to 2026-02-15 13:00:00+00:00, run_after=2026-02-16 13:00:00+00:00
[2026-02-16T09:16:16.389+0000] {processor.py:183} INFO - Processing /opt/airflow/dags/etl_dag.py took 0.253 seconds
[2026-02-16T09:16:46.490+0000] {processor.py:161} INFO - Started process (PID=38259) to work on /opt/airflow/dags/etl_dag.py
[2026-02-16T09:16:46.491+0000] {processor.py:830} INFO - Processing file /opt/airflow/dags/etl_dag.py for tasks to queue
[2026-02-16T09:16:46.492+0000] {logging_mixin.py:188} INFO - [2026-02-16T09:16:46.492+0000] {dagbag.py:538} INFO - Filling up the DagBag from /opt/airflow/dags/etl_dag.py
[2026-02-16T09:16:46.638+0000] {logging_mixin.py:188} INFO - Warning: Your Kaggle API key is readable by other users on this system! To fix this, you can run 'chmod 600 /home/airflow/.kaggle/kaggle.json'
[2026-02-16T09:16:46.695+0000] {logging_mixin.py:188} WARNING - /home/airflow/.local/lib/python3.8/site-packages/airflow/models/baseoperator.py:437 AirflowProviderDeprecationWarning: `exists_ok` parameter is deprecated, please use `if_exists`
[2026-02-16T09:16:46.705+0000] {processor.py:840} INFO - DAG(s) 'ecommerce_etl_v2' retrieved from /opt/airflow/dags/etl_dag.py
[2026-02-16T09:16:46.723+0000] {logging_mixin.py:188} INFO - [2026-02-16T09:16:46.723+0000] {dag.py:3036} INFO - Sync 1 DAGs
[2026-02-16T09:16:46.732+0000] {logging_mixin.py:188} INFO - [2026-02-16T09:16:46.732+0000] {dag.py:3823} INFO - Setting next_dagrun for ecommerce_etl_v2 to 2026-02-15 13:00:00+00:00, run_after=2026-02-16 13:00:00+00:00
[2026-02-16T09:16:46.740+0000] {processor.py:183} INFO - Processing /opt/airflow/dags/etl_dag.py took 0.252 seconds
[2026-02-16T09:17:17.101+0000] {processor.py:161} INFO - Started process (PID=38290) to work on /opt/airflow/dags/etl_dag.py
[2026-02-16T09:17:17.101+0000] {processor.py:830} INFO - Processing file /opt/airflow/dags/etl_dag.py for tasks to queue
[2026-02-16T09:17:17.102+0000] {logging_mixin.py:188} INFO - [2026-02-16T09:17:17.102+0000] {dagbag.py:538} INFO - Filling up the DagBag from /opt/airflow/dags/etl_dag.py
[2026-02-16T09:17:17.143+0000] {logging_mixin.py:188} INFO - Warning: Your Kaggle API key is readable by other users on this system! To fix this, you can run 'chmod 600 /home/airflow/.kaggle/kaggle.json'
[2026-02-16T09:17:17.311+0000] {logging_mixin.py:188} WARNING - /home/airflow/.local/lib/python3.8/site-packages/airflow/models/baseoperator.py:437 AirflowProviderDeprecationWarning: `exists_ok` parameter is deprecated, please use `if_exists`
[2026-02-16T09:17:17.320+0000] {processor.py:840} INFO - DAG(s) 'ecommerce_etl_v2' retrieved from /opt/airflow/dags/etl_dag.py
[2026-02-16T09:17:17.337+0000] {logging_mixin.py:188} INFO - [2026-02-16T09:17:17.337+0000] {dag.py:3036} INFO - Sync 1 DAGs
[2026-02-16T09:17:17.346+0000] {logging_mixin.py:188} INFO - [2026-02-16T09:17:17.346+0000] {dag.py:3823} INFO - Setting next_dagrun for ecommerce_etl_v2 to 2026-02-15 13:00:00+00:00, run_after=2026-02-16 13:00:00+00:00
[2026-02-16T09:17:17.354+0000] {processor.py:183} INFO - Processing /opt/airflow/dags/etl_dag.py took 0.255 seconds
[2026-02-16T09:17:47.397+0000] {processor.py:161} INFO - Started process (PID=38321) to work on /opt/airflow/dags/etl_dag.py
[2026-02-16T09:17:47.397+0000] {processor.py:830} INFO - Processing file /opt/airflow/dags/etl_dag.py for tasks to queue
[2026-02-16T09:17:47.398+0000] {logging_mixin.py:188} INFO - [2026-02-16T09:17:47.397+0000] {dagbag.py:538} INFO - Filling up the DagBag from /opt/airflow/dags/etl_dag.py
[2026-02-16T09:17:47.543+0000] {logging_mixin.py:188} INFO - Warning: Your Kaggle API key is readable by other users on this system! To fix this, you can run 'chmod 600 /home/airflow/.kaggle/kaggle.json'
[2026-02-16T09:17:47.601+0000] {logging_mixin.py:188} WARNING - /home/airflow/.local/lib/python3.8/site-packages/airflow/models/baseoperator.py:437 AirflowProviderDeprecationWarning: `exists_ok` parameter is deprecated, please use `if_exists`
[2026-02-16T09:17:47.610+0000] {processor.py:840} INFO - DAG(s) 'ecommerce_etl_v2' retrieved from /opt/airflow/dags/etl_dag.py
[2026-02-16T09:17:47.628+0000] {logging_mixin.py:188} INFO - [2026-02-16T09:17:47.627+0000] {dag.py:3036} INFO - Sync 1 DAGs
[2026-02-16T09:17:47.637+0000] {logging_mixin.py:188} INFO - [2026-02-16T09:17:47.637+0000] {dag.py:3823} INFO - Setting next_dagrun for ecommerce_etl_v2 to 2026-02-15 13:00:00+00:00, run_after=2026-02-16 13:00:00+00:00
[2026-02-16T09:17:47.646+0000] {processor.py:183} INFO - Processing /opt/airflow/dags/etl_dag.py took 0.251 seconds
[2026-02-16T09:18:17.797+0000] {processor.py:161} INFO - Started process (PID=38352) to work on /opt/airflow/dags/etl_dag.py
[2026-02-16T09:18:17.798+0000] {processor.py:830} INFO - Processing file /opt/airflow/dags/etl_dag.py for tasks to queue
[2026-02-16T09:18:17.799+0000] {logging_mixin.py:188} INFO - [2026-02-16T09:18:17.798+0000] {dagbag.py:538} INFO - Filling up the DagBag from /opt/airflow/dags/etl_dag.py
[2026-02-16T09:18:17.845+0000] {logging_mixin.py:188} INFO - Warning: Your Kaggle API key is readable by other users on this system! To fix this, you can run 'chmod 600 /home/airflow/.kaggle/kaggle.json'
[2026-02-16T09:18:18.006+0000] {logging_mixin.py:188} WARNING - /home/airflow/.local/lib/python3.8/site-packages/airflow/models/baseoperator.py:437 AirflowProviderDeprecationWarning: `exists_ok` parameter is deprecated, please use `if_exists`
[2026-02-16T09:18:18.015+0000] {processor.py:840} INFO - DAG(s) 'ecommerce_etl_v2' retrieved from /opt/airflow/dags/etl_dag.py
[2026-02-16T09:18:18.032+0000] {logging_mixin.py:188} INFO - [2026-02-16T09:18:18.032+0000] {dag.py:3036} INFO - Sync 1 DAGs
[2026-02-16T09:18:18.041+0000] {logging_mixin.py:188} INFO - [2026-02-16T09:18:18.041+0000] {dag.py:3823} INFO - Setting next_dagrun for ecommerce_etl_v2 to 2026-02-15 13:00:00+00:00, run_after=2026-02-16 13:00:00+00:00
[2026-02-16T09:18:18.048+0000] {processor.py:183} INFO - Processing /opt/airflow/dags/etl_dag.py took 0.255 seconds
[2026-02-16T09:18:48.374+0000] {processor.py:161} INFO - Started process (PID=38383) to work on /opt/airflow/dags/etl_dag.py
[2026-02-16T09:18:48.376+0000] {processor.py:830} INFO - Processing file /opt/airflow/dags/etl_dag.py for tasks to queue
[2026-02-16T09:18:48.377+0000] {logging_mixin.py:188} INFO - [2026-02-16T09:18:48.377+0000] {dagbag.py:538} INFO - Filling up the DagBag from /opt/airflow/dags/etl_dag.py
[2026-02-16T09:18:48.524+0000] {logging_mixin.py:188} INFO - Warning: Your Kaggle API key is readable by other users on this system! To fix this, you can run 'chmod 600 /home/airflow/.kaggle/kaggle.json'
[2026-02-16T09:18:48.583+0000] {logging_mixin.py:188} WARNING - /home/airflow/.local/lib/python3.8/site-packages/airflow/models/baseoperator.py:437 AirflowProviderDeprecationWarning: `exists_ok` parameter is deprecated, please use `if_exists`
[2026-02-16T09:18:48.592+0000] {processor.py:840} INFO - DAG(s) 'ecommerce_etl_v2' retrieved from /opt/airflow/dags/etl_dag.py
[2026-02-16T09:18:48.608+0000] {logging_mixin.py:188} INFO - [2026-02-16T09:18:48.608+0000] {dag.py:3036} INFO - Sync 1 DAGs
[2026-02-16T09:18:48.618+0000] {logging_mixin.py:188} INFO - [2026-02-16T09:18:48.618+0000] {dag.py:3823} INFO - Setting next_dagrun for ecommerce_etl_v2 to 2026-02-15 13:00:00+00:00, run_after=2026-02-16 13:00:00+00:00
[2026-02-16T09:18:48.625+0000] {processor.py:183} INFO - Processing /opt/airflow/dags/etl_dag.py took 0.255 seconds
[2026-02-16T09:19:18.773+0000] {processor.py:161} INFO - Started process (PID=38414) to work on /opt/airflow/dags/etl_dag.py
[2026-02-16T09:19:18.774+0000] {processor.py:830} INFO - Processing file /opt/airflow/dags/etl_dag.py for tasks to queue
[2026-02-16T09:19:18.775+0000] {logging_mixin.py:188} INFO - [2026-02-16T09:19:18.774+0000] {dagbag.py:538} INFO - Filling up the DagBag from /opt/airflow/dags/etl_dag.py
[2026-02-16T09:19:18.821+0000] {logging_mixin.py:188} INFO - Warning: Your Kaggle API key is readable by other users on this system! To fix this, you can run 'chmod 600 /home/airflow/.kaggle/kaggle.json'
[2026-02-16T09:19:18.978+0000] {logging_mixin.py:188} WARNING - /home/airflow/.local/lib/python3.8/site-packages/airflow/models/baseoperator.py:437 AirflowProviderDeprecationWarning: `exists_ok` parameter is deprecated, please use `if_exists`
[2026-02-16T09:19:18.987+0000] {processor.py:840} INFO - DAG(s) 'ecommerce_etl_v2' retrieved from /opt/airflow/dags/etl_dag.py
[2026-02-16T09:19:19.005+0000] {logging_mixin.py:188} INFO - [2026-02-16T09:19:19.004+0000] {dag.py:3036} INFO - Sync 1 DAGs
[2026-02-16T09:19:19.014+0000] {logging_mixin.py:188} INFO - [2026-02-16T09:19:19.014+0000] {dag.py:3823} INFO - Setting next_dagrun for ecommerce_etl_v2 to 2026-02-15 13:00:00+00:00, run_after=2026-02-16 13:00:00+00:00
[2026-02-16T09:19:19.022+0000] {processor.py:183} INFO - Processing /opt/airflow/dags/etl_dag.py took 0.254 seconds
[2026-02-16T09:19:49.296+0000] {processor.py:161} INFO - Started process (PID=38445) to work on /opt/airflow/dags/etl_dag.py
[2026-02-16T09:19:49.297+0000] {processor.py:830} INFO - Processing file /opt/airflow/dags/etl_dag.py for tasks to queue
[2026-02-16T09:19:49.298+0000] {logging_mixin.py:188} INFO - [2026-02-16T09:19:49.297+0000] {dagbag.py:538} INFO - Filling up the DagBag from /opt/airflow/dags/etl_dag.py
[2026-02-16T09:19:49.447+0000] {logging_mixin.py:188} INFO - Warning: Your Kaggle API key is readable by other users on this system! To fix this, you can run 'chmod 600 /home/airflow/.kaggle/kaggle.json'
[2026-02-16T09:19:49.507+0000] {logging_mixin.py:188} WARNING - /home/airflow/.local/lib/python3.8/site-packages/airflow/models/baseoperator.py:437 AirflowProviderDeprecationWarning: `exists_ok` parameter is deprecated, please use `if_exists`
[2026-02-16T09:19:49.515+0000] {processor.py:840} INFO - DAG(s) 'ecommerce_etl_v2' retrieved from /opt/airflow/dags/etl_dag.py
[2026-02-16T09:19:49.532+0000] {logging_mixin.py:188} INFO - [2026-02-16T09:19:49.532+0000] {dag.py:3036} INFO - Sync 1 DAGs
[2026-02-16T09:19:49.542+0000] {logging_mixin.py:188} INFO - [2026-02-16T09:19:49.542+0000] {dag.py:3823} INFO - Setting next_dagrun for ecommerce_etl_v2 to 2026-02-15 13:00:00+00:00, run_after=2026-02-16 13:00:00+00:00
[2026-02-16T09:19:49.551+0000] {processor.py:183} INFO - Processing /opt/airflow/dags/etl_dag.py took 0.259 seconds
[2026-02-16T09:36:50.675+0000] {processor.py:161} INFO - Started process (PID=38478) to work on /opt/airflow/dags/etl_dag.py
[2026-02-16T09:36:50.675+0000] {processor.py:830} INFO - Processing file /opt/airflow/dags/etl_dag.py for tasks to queue
[2026-02-16T09:36:50.676+0000] {logging_mixin.py:188} INFO - [2026-02-16T09:36:50.676+0000] {dagbag.py:538} INFO - Filling up the DagBag from /opt/airflow/dags/etl_dag.py
[2026-02-16T09:36:50.717+0000] {logging_mixin.py:188} INFO - Warning: Your Kaggle API key is readable by other users on this system! To fix this, you can run 'chmod 600 /home/airflow/.kaggle/kaggle.json'
[2026-02-16T09:36:50.884+0000] {logging_mixin.py:188} WARNING - /home/airflow/.local/lib/python3.8/site-packages/airflow/models/baseoperator.py:437 AirflowProviderDeprecationWarning: `exists_ok` parameter is deprecated, please use `if_exists`
[2026-02-16T09:36:50.894+0000] {processor.py:840} INFO - DAG(s) 'ecommerce_etl_v2' retrieved from /opt/airflow/dags/etl_dag.py
[2026-02-16T09:36:50.917+0000] {logging_mixin.py:188} INFO - [2026-02-16T09:36:50.917+0000] {dag.py:3036} INFO - Sync 1 DAGs
[2026-02-16T09:36:50.931+0000] {logging_mixin.py:188} INFO - [2026-02-16T09:36:50.930+0000] {dag.py:3823} INFO - Setting next_dagrun for ecommerce_etl_v2 to 2026-02-15 13:00:00+00:00, run_after=2026-02-16 13:00:00+00:00
[2026-02-16T09:36:50.942+0000] {processor.py:183} INFO - Processing /opt/airflow/dags/etl_dag.py took 0.270 seconds
[2026-02-16T09:37:21.265+0000] {processor.py:161} INFO - Started process (PID=38509) to work on /opt/airflow/dags/etl_dag.py
[2026-02-16T09:37:21.266+0000] {processor.py:830} INFO - Processing file /opt/airflow/dags/etl_dag.py for tasks to queue
[2026-02-16T09:37:21.266+0000] {logging_mixin.py:188} INFO - [2026-02-16T09:37:21.266+0000] {dagbag.py:538} INFO - Filling up the DagBag from /opt/airflow/dags/etl_dag.py
[2026-02-16T09:37:21.409+0000] {logging_mixin.py:188} INFO - Warning: Your Kaggle API key is readable by other users on this system! To fix this, you can run 'chmod 600 /home/airflow/.kaggle/kaggle.json'
[2026-02-16T09:37:21.467+0000] {logging_mixin.py:188} WARNING - /home/airflow/.local/lib/python3.8/site-packages/airflow/models/baseoperator.py:437 AirflowProviderDeprecationWarning: `exists_ok` parameter is deprecated, please use `if_exists`
[2026-02-16T09:37:21.479+0000] {processor.py:840} INFO - DAG(s) 'ecommerce_etl_v2' retrieved from /opt/airflow/dags/etl_dag.py
[2026-02-16T09:37:21.496+0000] {logging_mixin.py:188} INFO - [2026-02-16T09:37:21.496+0000] {dag.py:3036} INFO - Sync 1 DAGs
[2026-02-16T09:37:21.506+0000] {logging_mixin.py:188} INFO - [2026-02-16T09:37:21.505+0000] {dag.py:3823} INFO - Setting next_dagrun for ecommerce_etl_v2 to 2026-02-15 13:00:00+00:00, run_after=2026-02-16 13:00:00+00:00
[2026-02-16T09:37:21.513+0000] {processor.py:183} INFO - Processing /opt/airflow/dags/etl_dag.py took 0.250 seconds
[2026-02-16T09:37:51.715+0000] {processor.py:161} INFO - Started process (PID=38540) to work on /opt/airflow/dags/etl_dag.py
[2026-02-16T09:37:51.716+0000] {processor.py:830} INFO - Processing file /opt/airflow/dags/etl_dag.py for tasks to queue
[2026-02-16T09:37:51.717+0000] {logging_mixin.py:188} INFO - [2026-02-16T09:37:51.717+0000] {dagbag.py:538} INFO - Filling up the DagBag from /opt/airflow/dags/etl_dag.py
[2026-02-16T09:37:51.765+0000] {logging_mixin.py:188} INFO - Warning: Your Kaggle API key is readable by other users on this system! To fix this, you can run 'chmod 600 /home/airflow/.kaggle/kaggle.json'
[2026-02-16T09:37:51.930+0000] {logging_mixin.py:188} WARNING - /home/airflow/.local/lib/python3.8/site-packages/airflow/models/baseoperator.py:437 AirflowProviderDeprecationWarning: `exists_ok` parameter is deprecated, please use `if_exists`
[2026-02-16T09:37:51.938+0000] {processor.py:840} INFO - DAG(s) 'ecommerce_etl_v2' retrieved from /opt/airflow/dags/etl_dag.py
[2026-02-16T09:37:51.955+0000] {logging_mixin.py:188} INFO - [2026-02-16T09:37:51.955+0000] {dag.py:3036} INFO - Sync 1 DAGs
[2026-02-16T09:37:51.964+0000] {logging_mixin.py:188} INFO - [2026-02-16T09:37:51.964+0000] {dag.py:3823} INFO - Setting next_dagrun for ecommerce_etl_v2 to 2026-02-15 13:00:00+00:00, run_after=2026-02-16 13:00:00+00:00
[2026-02-16T09:37:51.971+0000] {processor.py:183} INFO - Processing /opt/airflow/dags/etl_dag.py took 0.261 seconds
[2026-02-16T09:38:22.226+0000] {processor.py:161} INFO - Started process (PID=38571) to work on /opt/airflow/dags/etl_dag.py
[2026-02-16T09:38:22.227+0000] {processor.py:830} INFO - Processing file /opt/airflow/dags/etl_dag.py for tasks to queue
[2026-02-16T09:38:22.228+0000] {logging_mixin.py:188} INFO - [2026-02-16T09:38:22.227+0000] {dagbag.py:538} INFO - Filling up the DagBag from /opt/airflow/dags/etl_dag.py
[2026-02-16T09:38:22.370+0000] {logging_mixin.py:188} INFO - Warning: Your Kaggle API key is readable by other users on this system! To fix this, you can run 'chmod 600 /home/airflow/.kaggle/kaggle.json'
[2026-02-16T09:38:22.430+0000] {logging_mixin.py:188} WARNING - /home/airflow/.local/lib/python3.8/site-packages/airflow/models/baseoperator.py:437 AirflowProviderDeprecationWarning: `exists_ok` parameter is deprecated, please use `if_exists`
[2026-02-16T09:38:22.439+0000] {processor.py:840} INFO - DAG(s) 'ecommerce_etl_v2' retrieved from /opt/airflow/dags/etl_dag.py
[2026-02-16T09:38:22.456+0000] {logging_mixin.py:188} INFO - [2026-02-16T09:38:22.456+0000] {dag.py:3036} INFO - Sync 1 DAGs
[2026-02-16T09:38:22.466+0000] {logging_mixin.py:188} INFO - [2026-02-16T09:38:22.466+0000] {dag.py:3823} INFO - Setting next_dagrun for ecommerce_etl_v2 to 2026-02-15 13:00:00+00:00, run_after=2026-02-16 13:00:00+00:00
[2026-02-16T09:38:22.474+0000] {processor.py:183} INFO - Processing /opt/airflow/dags/etl_dag.py took 0.250 seconds
[2026-02-16T09:38:52.594+0000] {processor.py:161} INFO - Started process (PID=38602) to work on /opt/airflow/dags/etl_dag.py
[2026-02-16T09:38:52.595+0000] {processor.py:830} INFO - Processing file /opt/airflow/dags/etl_dag.py for tasks to queue
[2026-02-16T09:38:52.595+0000] {logging_mixin.py:188} INFO - [2026-02-16T09:38:52.595+0000] {dagbag.py:538} INFO - Filling up the DagBag from /opt/airflow/dags/etl_dag.py
[2026-02-16T09:38:52.639+0000] {logging_mixin.py:188} INFO - Warning: Your Kaggle API key is readable by other users on this system! To fix this, you can run 'chmod 600 /home/airflow/.kaggle/kaggle.json'
[2026-02-16T09:38:52.803+0000] {logging_mixin.py:188} WARNING - /home/airflow/.local/lib/python3.8/site-packages/airflow/models/baseoperator.py:437 AirflowProviderDeprecationWarning: `exists_ok` parameter is deprecated, please use `if_exists`
[2026-02-16T09:38:52.811+0000] {processor.py:840} INFO - DAG(s) 'ecommerce_etl_v2' retrieved from /opt/airflow/dags/etl_dag.py
[2026-02-16T09:38:52.828+0000] {logging_mixin.py:188} INFO - [2026-02-16T09:38:52.828+0000] {dag.py:3036} INFO - Sync 1 DAGs
[2026-02-16T09:38:52.837+0000] {logging_mixin.py:188} INFO - [2026-02-16T09:38:52.837+0000] {dag.py:3823} INFO - Setting next_dagrun for ecommerce_etl_v2 to 2026-02-15 13:00:00+00:00, run_after=2026-02-16 13:00:00+00:00
[2026-02-16T09:38:52.846+0000] {processor.py:183} INFO - Processing /opt/airflow/dags/etl_dag.py took 0.256 seconds
[2026-02-16T09:55:01.887+0000] {processor.py:161} INFO - Started process (PID=38633) to work on /opt/airflow/dags/etl_dag.py
[2026-02-16T09:55:01.888+0000] {processor.py:830} INFO - Processing file /opt/airflow/dags/etl_dag.py for tasks to queue
[2026-02-16T09:55:01.889+0000] {logging_mixin.py:188} INFO - [2026-02-16T09:55:01.888+0000] {dagbag.py:538} INFO - Filling up the DagBag from /opt/airflow/dags/etl_dag.py
[2026-02-16T09:55:02.037+0000] {logging_mixin.py:188} INFO - Warning: Your Kaggle API key is readable by other users on this system! To fix this, you can run 'chmod 600 /home/airflow/.kaggle/kaggle.json'
[2026-02-16T09:55:02.097+0000] {logging_mixin.py:188} WARNING - /home/airflow/.local/lib/python3.8/site-packages/airflow/models/baseoperator.py:437 AirflowProviderDeprecationWarning: `exists_ok` parameter is deprecated, please use `if_exists`
[2026-02-16T09:55:02.109+0000] {processor.py:840} INFO - DAG(s) 'ecommerce_etl_v2' retrieved from /opt/airflow/dags/etl_dag.py
[2026-02-16T09:55:02.131+0000] {logging_mixin.py:188} INFO - [2026-02-16T09:55:02.131+0000] {dag.py:3036} INFO - Sync 1 DAGs
[2026-02-16T09:55:02.144+0000] {logging_mixin.py:188} INFO - [2026-02-16T09:55:02.144+0000] {dag.py:3823} INFO - Setting next_dagrun for ecommerce_etl_v2 to 2026-02-15 13:00:00+00:00, run_after=2026-02-16 13:00:00+00:00
[2026-02-16T09:55:02.155+0000] {processor.py:183} INFO - Processing /opt/airflow/dags/etl_dag.py took 0.272 seconds
[2026-02-16T09:55:32.271+0000] {processor.py:161} INFO - Started process (PID=38666) to work on /opt/airflow/dags/etl_dag.py
[2026-02-16T09:55:32.272+0000] {processor.py:830} INFO - Processing file /opt/airflow/dags/etl_dag.py for tasks to queue
[2026-02-16T09:55:32.273+0000] {logging_mixin.py:188} INFO - [2026-02-16T09:55:32.272+0000] {dagbag.py:538} INFO - Filling up the DagBag from /opt/airflow/dags/etl_dag.py
[2026-02-16T09:55:32.474+0000] {logging_mixin.py:188} INFO - Warning: Your Kaggle API key is readable by other users on this system! To fix this, you can run 'chmod 600 /home/airflow/.kaggle/kaggle.json'
[2026-02-16T09:55:32.532+0000] {logging_mixin.py:188} WARNING - /home/airflow/.local/lib/python3.8/site-packages/airflow/models/baseoperator.py:437 AirflowProviderDeprecationWarning: `exists_ok` parameter is deprecated, please use `if_exists`
[2026-02-16T09:55:32.540+0000] {processor.py:840} INFO - DAG(s) 'ecommerce_etl_v2' retrieved from /opt/airflow/dags/etl_dag.py
[2026-02-16T09:55:32.557+0000] {logging_mixin.py:188} INFO - [2026-02-16T09:55:32.557+0000] {dag.py:3036} INFO - Sync 1 DAGs
[2026-02-16T09:55:32.567+0000] {logging_mixin.py:188} INFO - [2026-02-16T09:55:32.567+0000] {dag.py:3823} INFO - Setting next_dagrun for ecommerce_etl_v2 to 2026-02-15 13:00:00+00:00, run_after=2026-02-16 13:00:00+00:00
[2026-02-16T09:55:32.575+0000] {processor.py:183} INFO - Processing /opt/airflow/dags/etl_dag.py took 0.308 seconds
[2026-02-16T09:56:02.959+0000] {processor.py:161} INFO - Started process (PID=38697) to work on /opt/airflow/dags/etl_dag.py
[2026-02-16T09:56:02.960+0000] {processor.py:830} INFO - Processing file /opt/airflow/dags/etl_dag.py for tasks to queue
[2026-02-16T09:56:02.961+0000] {logging_mixin.py:188} INFO - [2026-02-16T09:56:02.960+0000] {dagbag.py:538} INFO - Filling up the DagBag from /opt/airflow/dags/etl_dag.py
[2026-02-16T09:56:03.110+0000] {logging_mixin.py:188} INFO - Warning: Your Kaggle API key is readable by other users on this system! To fix this, you can run 'chmod 600 /home/airflow/.kaggle/kaggle.json'
[2026-02-16T09:56:03.170+0000] {logging_mixin.py:188} WARNING - /home/airflow/.local/lib/python3.8/site-packages/airflow/models/baseoperator.py:437 AirflowProviderDeprecationWarning: `exists_ok` parameter is deprecated, please use `if_exists`
[2026-02-16T09:56:03.180+0000] {processor.py:840} INFO - DAG(s) 'ecommerce_etl_v2' retrieved from /opt/airflow/dags/etl_dag.py
[2026-02-16T09:56:03.196+0000] {logging_mixin.py:188} INFO - [2026-02-16T09:56:03.196+0000] {dag.py:3036} INFO - Sync 1 DAGs
[2026-02-16T09:56:03.206+0000] {logging_mixin.py:188} INFO - [2026-02-16T09:56:03.206+0000] {dag.py:3823} INFO - Setting next_dagrun for ecommerce_etl_v2 to 2026-02-15 13:00:00+00:00, run_after=2026-02-16 13:00:00+00:00
[2026-02-16T09:56:03.213+0000] {processor.py:183} INFO - Processing /opt/airflow/dags/etl_dag.py took 0.258 seconds
[2026-02-16T09:56:33.288+0000] {processor.py:161} INFO - Started process (PID=38728) to work on /opt/airflow/dags/etl_dag.py
[2026-02-16T09:56:33.290+0000] {processor.py:830} INFO - Processing file /opt/airflow/dags/etl_dag.py for tasks to queue
[2026-02-16T09:56:33.291+0000] {logging_mixin.py:188} INFO - [2026-02-16T09:56:33.291+0000] {dagbag.py:538} INFO - Filling up the DagBag from /opt/airflow/dags/etl_dag.py
[2026-02-16T09:56:33.440+0000] {logging_mixin.py:188} INFO - Warning: Your Kaggle API key is readable by other users on this system! To fix this, you can run 'chmod 600 /home/airflow/.kaggle/kaggle.json'
[2026-02-16T09:56:33.497+0000] {logging_mixin.py:188} WARNING - /home/airflow/.local/lib/python3.8/site-packages/airflow/models/baseoperator.py:437 AirflowProviderDeprecationWarning: `exists_ok` parameter is deprecated, please use `if_exists`
[2026-02-16T09:56:33.505+0000] {processor.py:840} INFO - DAG(s) 'ecommerce_etl_v2' retrieved from /opt/airflow/dags/etl_dag.py
[2026-02-16T09:56:33.523+0000] {logging_mixin.py:188} INFO - [2026-02-16T09:56:33.522+0000] {dag.py:3036} INFO - Sync 1 DAGs
[2026-02-16T09:56:33.532+0000] {logging_mixin.py:188} INFO - [2026-02-16T09:56:33.532+0000] {dag.py:3823} INFO - Setting next_dagrun for ecommerce_etl_v2 to 2026-02-15 13:00:00+00:00, run_after=2026-02-16 13:00:00+00:00
[2026-02-16T09:56:33.540+0000] {processor.py:183} INFO - Processing /opt/airflow/dags/etl_dag.py took 0.256 seconds
[2026-02-16T10:12:50.245+0000] {processor.py:161} INFO - Started process (PID=38759) to work on /opt/airflow/dags/etl_dag.py
[2026-02-16T10:12:50.246+0000] {processor.py:830} INFO - Processing file /opt/airflow/dags/etl_dag.py for tasks to queue
[2026-02-16T10:12:50.246+0000] {logging_mixin.py:188} INFO - [2026-02-16T10:12:50.246+0000] {dagbag.py:538} INFO - Filling up the DagBag from /opt/airflow/dags/etl_dag.py
[2026-02-16T10:12:50.393+0000] {logging_mixin.py:188} INFO - Warning: Your Kaggle API key is readable by other users on this system! To fix this, you can run 'chmod 600 /home/airflow/.kaggle/kaggle.json'
[2026-02-16T10:12:50.454+0000] {logging_mixin.py:188} WARNING - /home/airflow/.local/lib/python3.8/site-packages/airflow/models/baseoperator.py:437 AirflowProviderDeprecationWarning: `exists_ok` parameter is deprecated, please use `if_exists`
[2026-02-16T10:12:50.466+0000] {processor.py:840} INFO - DAG(s) 'ecommerce_etl_v2' retrieved from /opt/airflow/dags/etl_dag.py
[2026-02-16T10:12:50.488+0000] {logging_mixin.py:188} INFO - [2026-02-16T10:12:50.488+0000] {dag.py:3036} INFO - Sync 1 DAGs
[2026-02-16T10:12:50.502+0000] {logging_mixin.py:188} INFO - [2026-02-16T10:12:50.502+0000] {dag.py:3823} INFO - Setting next_dagrun for ecommerce_etl_v2 to 2026-02-15 13:00:00+00:00, run_after=2026-02-16 13:00:00+00:00
[2026-02-16T10:12:50.514+0000] {processor.py:183} INFO - Processing /opt/airflow/dags/etl_dag.py took 0.271 seconds
[2026-02-16T10:13:20.581+0000] {processor.py:161} INFO - Started process (PID=38792) to work on /opt/airflow/dags/etl_dag.py
[2026-02-16T10:13:20.582+0000] {processor.py:830} INFO - Processing file /opt/airflow/dags/etl_dag.py for tasks to queue
[2026-02-16T10:13:20.583+0000] {logging_mixin.py:188} INFO - [2026-02-16T10:13:20.583+0000] {dagbag.py:538} INFO - Filling up the DagBag from /opt/airflow/dags/etl_dag.py
[2026-02-16T10:13:20.785+0000] {logging_mixin.py:188} INFO - Warning: Your Kaggle API key is readable by other users on this system! To fix this, you can run 'chmod 600 /home/airflow/.kaggle/kaggle.json'
[2026-02-16T10:13:20.843+0000] {logging_mixin.py:188} WARNING - /home/airflow/.local/lib/python3.8/site-packages/airflow/models/baseoperator.py:437 AirflowProviderDeprecationWarning: `exists_ok` parameter is deprecated, please use `if_exists`
[2026-02-16T10:13:20.851+0000] {processor.py:840} INFO - DAG(s) 'ecommerce_etl_v2' retrieved from /opt/airflow/dags/etl_dag.py
[2026-02-16T10:13:20.869+0000] {logging_mixin.py:188} INFO - [2026-02-16T10:13:20.869+0000] {dag.py:3036} INFO - Sync 1 DAGs
[2026-02-16T10:13:20.878+0000] {logging_mixin.py:188} INFO - [2026-02-16T10:13:20.878+0000] {dag.py:3823} INFO - Setting next_dagrun for ecommerce_etl_v2 to 2026-02-15 13:00:00+00:00, run_after=2026-02-16 13:00:00+00:00
[2026-02-16T10:13:20.885+0000] {processor.py:183} INFO - Processing /opt/airflow/dags/etl_dag.py took 0.309 seconds
[2026-02-16T10:13:51.263+0000] {processor.py:161} INFO - Started process (PID=38823) to work on /opt/airflow/dags/etl_dag.py
[2026-02-16T10:13:51.264+0000] {processor.py:830} INFO - Processing file /opt/airflow/dags/etl_dag.py for tasks to queue
[2026-02-16T10:13:51.265+0000] {logging_mixin.py:188} INFO - [2026-02-16T10:13:51.264+0000] {dagbag.py:538} INFO - Filling up the DagBag from /opt/airflow/dags/etl_dag.py
[2026-02-16T10:13:51.311+0000] {logging_mixin.py:188} INFO - Warning: Your Kaggle API key is readable by other users on this system! To fix this, you can run 'chmod 600 /home/airflow/.kaggle/kaggle.json'
[2026-02-16T10:13:51.371+0000] {logging_mixin.py:188} WARNING - /home/airflow/.local/lib/python3.8/site-packages/airflow/models/baseoperator.py:437 AirflowProviderDeprecationWarning: `exists_ok` parameter is deprecated, please use `if_exists`
[2026-02-16T10:13:51.379+0000] {processor.py:840} INFO - DAG(s) 'ecommerce_etl_v2' retrieved from /opt/airflow/dags/etl_dag.py
[2026-02-16T10:13:51.397+0000] {logging_mixin.py:188} INFO - [2026-02-16T10:13:51.397+0000] {dag.py:3036} INFO - Sync 1 DAGs
[2026-02-16T10:13:51.408+0000] {logging_mixin.py:188} INFO - [2026-02-16T10:13:51.408+0000] {dag.py:3823} INFO - Setting next_dagrun for ecommerce_etl_v2 to 2026-02-15 13:00:00+00:00, run_after=2026-02-16 13:00:00+00:00
[2026-02-16T10:13:51.417+0000] {processor.py:183} INFO - Processing /opt/airflow/dags/etl_dag.py took 0.158 seconds
[2026-02-16T10:14:21.690+0000] {processor.py:161} INFO - Started process (PID=38854) to work on /opt/airflow/dags/etl_dag.py
[2026-02-16T10:14:21.691+0000] {processor.py:830} INFO - Processing file /opt/airflow/dags/etl_dag.py for tasks to queue
[2026-02-16T10:14:21.691+0000] {logging_mixin.py:188} INFO - [2026-02-16T10:14:21.691+0000] {dagbag.py:538} INFO - Filling up the DagBag from /opt/airflow/dags/etl_dag.py
[2026-02-16T10:14:21.731+0000] {logging_mixin.py:188} INFO - Warning: Your Kaggle API key is readable by other users on this system! To fix this, you can run 'chmod 600 /home/airflow/.kaggle/kaggle.json'
[2026-02-16T10:14:21.790+0000] {logging_mixin.py:188} WARNING - /home/airflow/.local/lib/python3.8/site-packages/airflow/models/baseoperator.py:437 AirflowProviderDeprecationWarning: `exists_ok` parameter is deprecated, please use `if_exists`
[2026-02-16T10:14:21.801+0000] {processor.py:840} INFO - DAG(s) 'ecommerce_etl_v2' retrieved from /opt/airflow/dags/etl_dag.py
[2026-02-16T10:14:21.820+0000] {logging_mixin.py:188} INFO - [2026-02-16T10:14:21.820+0000] {dag.py:3036} INFO - Sync 1 DAGs
[2026-02-16T10:14:21.830+0000] {logging_mixin.py:188} INFO - [2026-02-16T10:14:21.830+0000] {dag.py:3823} INFO - Setting next_dagrun for ecommerce_etl_v2 to 2026-02-15 13:00:00+00:00, run_after=2026-02-16 13:00:00+00:00
[2026-02-16T10:14:21.838+0000] {processor.py:183} INFO - Processing /opt/airflow/dags/etl_dag.py took 0.150 seconds
[2026-02-16T10:14:52.110+0000] {processor.py:161} INFO - Started process (PID=38885) to work on /opt/airflow/dags/etl_dag.py
[2026-02-16T10:14:52.111+0000] {processor.py:830} INFO - Processing file /opt/airflow/dags/etl_dag.py for tasks to queue
[2026-02-16T10:14:52.112+0000] {logging_mixin.py:188} INFO - [2026-02-16T10:14:52.111+0000] {dagbag.py:538} INFO - Filling up the DagBag from /opt/airflow/dags/etl_dag.py
[2026-02-16T10:14:52.158+0000] {logging_mixin.py:188} INFO - Warning: Your Kaggle API key is readable by other users on this system! To fix this, you can run 'chmod 600 /home/airflow/.kaggle/kaggle.json'
[2026-02-16T10:14:52.218+0000] {logging_mixin.py:188} WARNING - /home/airflow/.local/lib/python3.8/site-packages/airflow/models/baseoperator.py:437 AirflowProviderDeprecationWarning: `exists_ok` parameter is deprecated, please use `if_exists`
[2026-02-16T10:14:52.227+0000] {processor.py:840} INFO - DAG(s) 'ecommerce_etl_v2' retrieved from /opt/airflow/dags/etl_dag.py
[2026-02-16T10:14:52.245+0000] {logging_mixin.py:188} INFO - [2026-02-16T10:14:52.245+0000] {dag.py:3036} INFO - Sync 1 DAGs
[2026-02-16T10:14:52.257+0000] {logging_mixin.py:188} INFO - [2026-02-16T10:14:52.257+0000] {dag.py:3823} INFO - Setting next_dagrun for ecommerce_etl_v2 to 2026-02-15 13:00:00+00:00, run_after=2026-02-16 13:00:00+00:00
[2026-02-16T10:14:52.266+0000] {processor.py:183} INFO - Processing /opt/airflow/dags/etl_dag.py took 0.160 seconds
[2026-02-16T10:15:22.467+0000] {processor.py:161} INFO - Started process (PID=38916) to work on /opt/airflow/dags/etl_dag.py
[2026-02-16T10:15:22.468+0000] {processor.py:830} INFO - Processing file /opt/airflow/dags/etl_dag.py for tasks to queue
[2026-02-16T10:15:22.470+0000] {logging_mixin.py:188} INFO - [2026-02-16T10:15:22.469+0000] {dagbag.py:538} INFO - Filling up the DagBag from /opt/airflow/dags/etl_dag.py
[2026-02-16T10:15:22.515+0000] {logging_mixin.py:188} INFO - Warning: Your Kaggle API key is readable by other users on this system! To fix this, you can run 'chmod 600 /home/airflow/.kaggle/kaggle.json'
[2026-02-16T10:15:22.575+0000] {logging_mixin.py:188} WARNING - /home/airflow/.local/lib/python3.8/site-packages/airflow/models/baseoperator.py:437 AirflowProviderDeprecationWarning: `exists_ok` parameter is deprecated, please use `if_exists`
[2026-02-16T10:15:22.584+0000] {processor.py:840} INFO - DAG(s) 'ecommerce_etl_v2' retrieved from /opt/airflow/dags/etl_dag.py
[2026-02-16T10:15:22.603+0000] {logging_mixin.py:188} INFO - [2026-02-16T10:15:22.603+0000] {dag.py:3036} INFO - Sync 1 DAGs
[2026-02-16T10:15:22.613+0000] {logging_mixin.py:188} INFO - [2026-02-16T10:15:22.613+0000] {dag.py:3823} INFO - Setting next_dagrun for ecommerce_etl_v2 to 2026-02-15 13:00:00+00:00, run_after=2026-02-16 13:00:00+00:00
[2026-02-16T10:15:22.622+0000] {processor.py:183} INFO - Processing /opt/airflow/dags/etl_dag.py took 0.159 seconds
[2026-02-16T10:16:57.362+0000] {processor.py:161} INFO - Started process (PID=38949) to work on /opt/airflow/dags/etl_dag.py
[2026-02-16T10:16:57.363+0000] {processor.py:830} INFO - Processing file /opt/airflow/dags/etl_dag.py for tasks to queue
[2026-02-16T10:16:57.364+0000] {logging_mixin.py:188} INFO - [2026-02-16T10:16:57.363+0000] {dagbag.py:538} INFO - Filling up the DagBag from /opt/airflow/dags/etl_dag.py
[2026-02-16T10:16:57.416+0000] {logging_mixin.py:188} INFO - Warning: Your Kaggle API key is readable by other users on this system! To fix this, you can run 'chmod 600 /home/airflow/.kaggle/kaggle.json'
[2026-02-16T10:16:57.486+0000] {logging_mixin.py:188} WARNING - /home/airflow/.local/lib/python3.8/site-packages/airflow/models/baseoperator.py:437 AirflowProviderDeprecationWarning: `exists_ok` parameter is deprecated, please use `if_exists`
[2026-02-16T10:16:57.498+0000] {processor.py:840} INFO - DAG(s) 'ecommerce_etl_v2' retrieved from /opt/airflow/dags/etl_dag.py
[2026-02-16T10:16:57.524+0000] {logging_mixin.py:188} INFO - [2026-02-16T10:16:57.524+0000] {dag.py:3036} INFO - Sync 1 DAGs
[2026-02-16T10:16:57.537+0000] {logging_mixin.py:188} INFO - [2026-02-16T10:16:57.537+0000] {dag.py:3823} INFO - Setting next_dagrun for ecommerce_etl_v2 to 2026-02-15 13:00:00+00:00, run_after=2026-02-16 13:00:00+00:00
[2026-02-16T10:16:57.554+0000] {processor.py:183} INFO - Processing /opt/airflow/dags/etl_dag.py took 0.195 seconds
[2026-02-16T10:17:27.707+0000] {processor.py:161} INFO - Started process (PID=38980) to work on /opt/airflow/dags/etl_dag.py
[2026-02-16T10:17:27.709+0000] {processor.py:830} INFO - Processing file /opt/airflow/dags/etl_dag.py for tasks to queue
[2026-02-16T10:17:27.710+0000] {logging_mixin.py:188} INFO - [2026-02-16T10:17:27.709+0000] {dagbag.py:538} INFO - Filling up the DagBag from /opt/airflow/dags/etl_dag.py
[2026-02-16T10:17:27.759+0000] {logging_mixin.py:188} INFO - Warning: Your Kaggle API key is readable by other users on this system! To fix this, you can run 'chmod 600 /home/airflow/.kaggle/kaggle.json'
[2026-02-16T10:17:27.818+0000] {logging_mixin.py:188} WARNING - /home/airflow/.local/lib/python3.8/site-packages/airflow/models/baseoperator.py:437 AirflowProviderDeprecationWarning: `exists_ok` parameter is deprecated, please use `if_exists`
[2026-02-16T10:17:27.827+0000] {processor.py:840} INFO - DAG(s) 'ecommerce_etl_v2' retrieved from /opt/airflow/dags/etl_dag.py
[2026-02-16T10:17:27.846+0000] {logging_mixin.py:188} INFO - [2026-02-16T10:17:27.846+0000] {dag.py:3036} INFO - Sync 1 DAGs
[2026-02-16T10:17:27.857+0000] {logging_mixin.py:188} INFO - [2026-02-16T10:17:27.857+0000] {dag.py:3823} INFO - Setting next_dagrun for ecommerce_etl_v2 to 2026-02-15 13:00:00+00:00, run_after=2026-02-16 13:00:00+00:00
[2026-02-16T10:17:27.865+0000] {processor.py:183} INFO - Processing /opt/airflow/dags/etl_dag.py took 0.162 seconds
[2026-02-16T10:17:58.292+0000] {processor.py:161} INFO - Started process (PID=39011) to work on /opt/airflow/dags/etl_dag.py
[2026-02-16T10:17:58.293+0000] {processor.py:830} INFO - Processing file /opt/airflow/dags/etl_dag.py for tasks to queue
[2026-02-16T10:17:58.294+0000] {logging_mixin.py:188} INFO - [2026-02-16T10:17:58.293+0000] {dagbag.py:538} INFO - Filling up the DagBag from /opt/airflow/dags/etl_dag.py
[2026-02-16T10:17:58.343+0000] {logging_mixin.py:188} INFO - Warning: Your Kaggle API key is readable by other users on this system! To fix this, you can run 'chmod 600 /home/airflow/.kaggle/kaggle.json'
[2026-02-16T10:17:58.402+0000] {logging_mixin.py:188} WARNING - /home/airflow/.local/lib/python3.8/site-packages/airflow/models/baseoperator.py:437 AirflowProviderDeprecationWarning: `exists_ok` parameter is deprecated, please use `if_exists`
[2026-02-16T10:17:58.411+0000] {processor.py:840} INFO - DAG(s) 'ecommerce_etl_v2' retrieved from /opt/airflow/dags/etl_dag.py
[2026-02-16T10:17:58.430+0000] {logging_mixin.py:188} INFO - [2026-02-16T10:17:58.430+0000] {dag.py:3036} INFO - Sync 1 DAGs
[2026-02-16T10:17:58.440+0000] {logging_mixin.py:188} INFO - [2026-02-16T10:17:58.440+0000] {dag.py:3823} INFO - Setting next_dagrun for ecommerce_etl_v2 to 2026-02-15 13:00:00+00:00, run_after=2026-02-16 13:00:00+00:00
[2026-02-16T10:17:58.449+0000] {processor.py:183} INFO - Processing /opt/airflow/dags/etl_dag.py took 0.161 seconds
[2026-02-16T10:18:28.596+0000] {processor.py:161} INFO - Started process (PID=39042) to work on /opt/airflow/dags/etl_dag.py
[2026-02-16T10:18:28.597+0000] {processor.py:830} INFO - Processing file /opt/airflow/dags/etl_dag.py for tasks to queue
[2026-02-16T10:18:28.598+0000] {logging_mixin.py:188} INFO - [2026-02-16T10:18:28.597+0000] {dagbag.py:538} INFO - Filling up the DagBag from /opt/airflow/dags/etl_dag.py
[2026-02-16T10:18:28.640+0000] {logging_mixin.py:188} INFO - Warning: Your Kaggle API key is readable by other users on this system! To fix this, you can run 'chmod 600 /home/airflow/.kaggle/kaggle.json'
[2026-02-16T10:18:28.700+0000] {logging_mixin.py:188} WARNING - /home/airflow/.local/lib/python3.8/site-packages/airflow/models/baseoperator.py:437 AirflowProviderDeprecationWarning: `exists_ok` parameter is deprecated, please use `if_exists`
[2026-02-16T10:18:28.708+0000] {processor.py:840} INFO - DAG(s) 'ecommerce_etl_v2' retrieved from /opt/airflow/dags/etl_dag.py
[2026-02-16T10:18:28.726+0000] {logging_mixin.py:188} INFO - [2026-02-16T10:18:28.726+0000] {dag.py:3036} INFO - Sync 1 DAGs
[2026-02-16T10:18:28.736+0000] {logging_mixin.py:188} INFO - [2026-02-16T10:18:28.736+0000] {dag.py:3823} INFO - Setting next_dagrun for ecommerce_etl_v2 to 2026-02-15 13:00:00+00:00, run_after=2026-02-16 13:00:00+00:00
[2026-02-16T10:18:28.744+0000] {processor.py:183} INFO - Processing /opt/airflow/dags/etl_dag.py took 0.151 seconds
[2026-02-16T10:34:49.754+0000] {processor.py:161} INFO - Started process (PID=39073) to work on /opt/airflow/dags/etl_dag.py
[2026-02-16T10:34:49.755+0000] {processor.py:830} INFO - Processing file /opt/airflow/dags/etl_dag.py for tasks to queue
[2026-02-16T10:34:49.756+0000] {logging_mixin.py:188} INFO - [2026-02-16T10:34:49.756+0000] {dagbag.py:538} INFO - Filling up the DagBag from /opt/airflow/dags/etl_dag.py
[2026-02-16T10:34:49.802+0000] {logging_mixin.py:188} INFO - Warning: Your Kaggle API key is readable by other users on this system! To fix this, you can run 'chmod 600 /home/airflow/.kaggle/kaggle.json'
[2026-02-16T10:34:49.870+0000] {logging_mixin.py:188} WARNING - /home/airflow/.local/lib/python3.8/site-packages/airflow/models/baseoperator.py:437 AirflowProviderDeprecationWarning: `exists_ok` parameter is deprecated, please use `if_exists`
[2026-02-16T10:34:49.881+0000] {processor.py:840} INFO - DAG(s) 'ecommerce_etl_v2' retrieved from /opt/airflow/dags/etl_dag.py
[2026-02-16T10:34:49.905+0000] {logging_mixin.py:188} INFO - [2026-02-16T10:34:49.905+0000] {dag.py:3036} INFO - Sync 1 DAGs
[2026-02-16T10:34:49.921+0000] {logging_mixin.py:188} INFO - [2026-02-16T10:34:49.921+0000] {dag.py:3823} INFO - Setting next_dagrun for ecommerce_etl_v2 to 2026-02-15 13:00:00+00:00, run_after=2026-02-16 13:00:00+00:00
[2026-02-16T10:34:49.936+0000] {processor.py:183} INFO - Processing /opt/airflow/dags/etl_dag.py took 0.184 seconds
[2026-02-16T10:35:20.108+0000] {processor.py:161} INFO - Started process (PID=39104) to work on /opt/airflow/dags/etl_dag.py
[2026-02-16T10:35:20.109+0000] {processor.py:830} INFO - Processing file /opt/airflow/dags/etl_dag.py for tasks to queue
[2026-02-16T10:35:20.111+0000] {logging_mixin.py:188} INFO - [2026-02-16T10:35:20.110+0000] {dagbag.py:538} INFO - Filling up the DagBag from /opt/airflow/dags/etl_dag.py
[2026-02-16T10:35:20.157+0000] {logging_mixin.py:188} INFO - Warning: Your Kaggle API key is readable by other users on this system! To fix this, you can run 'chmod 600 /home/airflow/.kaggle/kaggle.json'
[2026-02-16T10:35:20.216+0000] {logging_mixin.py:188} WARNING - /home/airflow/.local/lib/python3.8/site-packages/airflow/models/baseoperator.py:437 AirflowProviderDeprecationWarning: `exists_ok` parameter is deprecated, please use `if_exists`
[2026-02-16T10:35:20.225+0000] {processor.py:840} INFO - DAG(s) 'ecommerce_etl_v2' retrieved from /opt/airflow/dags/etl_dag.py
[2026-02-16T10:35:20.245+0000] {logging_mixin.py:188} INFO - [2026-02-16T10:35:20.244+0000] {dag.py:3036} INFO - Sync 1 DAGs
[2026-02-16T10:35:20.255+0000] {logging_mixin.py:188} INFO - [2026-02-16T10:35:20.255+0000] {dag.py:3823} INFO - Setting next_dagrun for ecommerce_etl_v2 to 2026-02-15 13:00:00+00:00, run_after=2026-02-16 13:00:00+00:00
[2026-02-16T10:35:20.264+0000] {processor.py:183} INFO - Processing /opt/airflow/dags/etl_dag.py took 0.160 seconds
[2026-02-16T10:35:50.594+0000] {processor.py:161} INFO - Started process (PID=39135) to work on /opt/airflow/dags/etl_dag.py
[2026-02-16T10:35:50.595+0000] {processor.py:830} INFO - Processing file /opt/airflow/dags/etl_dag.py for tasks to queue
[2026-02-16T10:35:50.596+0000] {logging_mixin.py:188} INFO - [2026-02-16T10:35:50.596+0000] {dagbag.py:538} INFO - Filling up the DagBag from /opt/airflow/dags/etl_dag.py
[2026-02-16T10:35:50.642+0000] {logging_mixin.py:188} INFO - Warning: Your Kaggle API key is readable by other users on this system! To fix this, you can run 'chmod 600 /home/airflow/.kaggle/kaggle.json'
[2026-02-16T10:35:50.701+0000] {logging_mixin.py:188} WARNING - /home/airflow/.local/lib/python3.8/site-packages/airflow/models/baseoperator.py:437 AirflowProviderDeprecationWarning: `exists_ok` parameter is deprecated, please use `if_exists`
[2026-02-16T10:35:50.710+0000] {processor.py:840} INFO - DAG(s) 'ecommerce_etl_v2' retrieved from /opt/airflow/dags/etl_dag.py
[2026-02-16T10:35:50.729+0000] {logging_mixin.py:188} INFO - [2026-02-16T10:35:50.729+0000] {dag.py:3036} INFO - Sync 1 DAGs
[2026-02-16T10:35:50.740+0000] {logging_mixin.py:188} INFO - [2026-02-16T10:35:50.739+0000] {dag.py:3823} INFO - Setting next_dagrun for ecommerce_etl_v2 to 2026-02-15 13:00:00+00:00, run_after=2026-02-16 13:00:00+00:00
[2026-02-16T10:35:50.748+0000] {processor.py:183} INFO - Processing /opt/airflow/dags/etl_dag.py took 0.158 seconds
[2026-02-16T10:36:20.996+0000] {processor.py:161} INFO - Started process (PID=39166) to work on /opt/airflow/dags/etl_dag.py
[2026-02-16T10:36:20.997+0000] {processor.py:830} INFO - Processing file /opt/airflow/dags/etl_dag.py for tasks to queue
[2026-02-16T10:36:20.998+0000] {logging_mixin.py:188} INFO - [2026-02-16T10:36:20.997+0000] {dagbag.py:538} INFO - Filling up the DagBag from /opt/airflow/dags/etl_dag.py
[2026-02-16T10:36:21.043+0000] {logging_mixin.py:188} INFO - Warning: Your Kaggle API key is readable by other users on this system! To fix this, you can run 'chmod 600 /home/airflow/.kaggle/kaggle.json'
[2026-02-16T10:36:21.108+0000] {logging_mixin.py:188} WARNING - /home/airflow/.local/lib/python3.8/site-packages/airflow/models/baseoperator.py:437 AirflowProviderDeprecationWarning: `exists_ok` parameter is deprecated, please use `if_exists`
[2026-02-16T10:36:21.119+0000] {processor.py:840} INFO - DAG(s) 'ecommerce_etl_v2' retrieved from /opt/airflow/dags/etl_dag.py
[2026-02-16T10:36:21.139+0000] {logging_mixin.py:188} INFO - [2026-02-16T10:36:21.138+0000] {dag.py:3036} INFO - Sync 1 DAGs
[2026-02-16T10:36:21.151+0000] {logging_mixin.py:188} INFO - [2026-02-16T10:36:21.150+0000] {dag.py:3823} INFO - Setting next_dagrun for ecommerce_etl_v2 to 2026-02-15 13:00:00+00:00, run_after=2026-02-16 13:00:00+00:00
[2026-02-16T10:36:21.160+0000] {processor.py:183} INFO - Processing /opt/airflow/dags/etl_dag.py took 0.168 seconds
[2026-02-16T10:36:51.394+0000] {processor.py:161} INFO - Started process (PID=39197) to work on /opt/airflow/dags/etl_dag.py
[2026-02-16T10:36:51.395+0000] {processor.py:830} INFO - Processing file /opt/airflow/dags/etl_dag.py for tasks to queue
[2026-02-16T10:36:51.395+0000] {logging_mixin.py:188} INFO - [2026-02-16T10:36:51.395+0000] {dagbag.py:538} INFO - Filling up the DagBag from /opt/airflow/dags/etl_dag.py
[2026-02-16T10:36:51.435+0000] {logging_mixin.py:188} INFO - Warning: Your Kaggle API key is readable by other users on this system! To fix this, you can run 'chmod 600 /home/airflow/.kaggle/kaggle.json'
[2026-02-16T10:36:51.495+0000] {logging_mixin.py:188} WARNING - /home/airflow/.local/lib/python3.8/site-packages/airflow/models/baseoperator.py:437 AirflowProviderDeprecationWarning: `exists_ok` parameter is deprecated, please use `if_exists`
[2026-02-16T10:36:51.503+0000] {processor.py:840} INFO - DAG(s) 'ecommerce_etl_v2' retrieved from /opt/airflow/dags/etl_dag.py
[2026-02-16T10:36:51.523+0000] {logging_mixin.py:188} INFO - [2026-02-16T10:36:51.522+0000] {dag.py:3036} INFO - Sync 1 DAGs
[2026-02-16T10:36:51.533+0000] {logging_mixin.py:188} INFO - [2026-02-16T10:36:51.533+0000] {dag.py:3823} INFO - Setting next_dagrun for ecommerce_etl_v2 to 2026-02-15 13:00:00+00:00, run_after=2026-02-16 13:00:00+00:00
[2026-02-16T10:36:51.542+0000] {processor.py:183} INFO - Processing /opt/airflow/dags/etl_dag.py took 0.150 seconds
[2026-02-16T10:54:45.494+0000] {processor.py:161} INFO - Started process (PID=39230) to work on /opt/airflow/dags/etl_dag.py
[2026-02-16T10:54:45.495+0000] {processor.py:830} INFO - Processing file /opt/airflow/dags/etl_dag.py for tasks to queue
[2026-02-16T10:54:45.496+0000] {logging_mixin.py:188} INFO - [2026-02-16T10:54:45.495+0000] {dagbag.py:538} INFO - Filling up the DagBag from /opt/airflow/dags/etl_dag.py
[2026-02-16T10:54:45.544+0000] {logging_mixin.py:188} INFO - Warning: Your Kaggle API key is readable by other users on this system! To fix this, you can run 'chmod 600 /home/airflow/.kaggle/kaggle.json'
[2026-02-16T10:54:45.613+0000] {logging_mixin.py:188} WARNING - /home/airflow/.local/lib/python3.8/site-packages/airflow/models/baseoperator.py:437 AirflowProviderDeprecationWarning: `exists_ok` parameter is deprecated, please use `if_exists`
[2026-02-16T10:54:45.625+0000] {processor.py:840} INFO - DAG(s) 'ecommerce_etl_v2' retrieved from /opt/airflow/dags/etl_dag.py
[2026-02-16T10:54:45.648+0000] {logging_mixin.py:188} INFO - [2026-02-16T10:54:45.647+0000] {dag.py:3036} INFO - Sync 1 DAGs
[2026-02-16T10:54:45.663+0000] {logging_mixin.py:188} INFO - [2026-02-16T10:54:45.663+0000] {dag.py:3823} INFO - Setting next_dagrun for ecommerce_etl_v2 to 2026-02-15 13:00:00+00:00, run_after=2026-02-16 13:00:00+00:00
[2026-02-16T10:54:45.679+0000] {processor.py:183} INFO - Processing /opt/airflow/dags/etl_dag.py took 0.187 seconds
[2026-02-16T10:55:15.982+0000] {processor.py:161} INFO - Started process (PID=39261) to work on /opt/airflow/dags/etl_dag.py
[2026-02-16T10:55:15.983+0000] {processor.py:830} INFO - Processing file /opt/airflow/dags/etl_dag.py for tasks to queue
[2026-02-16T10:55:15.984+0000] {logging_mixin.py:188} INFO - [2026-02-16T10:55:15.984+0000] {dagbag.py:538} INFO - Filling up the DagBag from /opt/airflow/dags/etl_dag.py
[2026-02-16T10:55:16.031+0000] {logging_mixin.py:188} INFO - Warning: Your Kaggle API key is readable by other users on this system! To fix this, you can run 'chmod 600 /home/airflow/.kaggle/kaggle.json'
[2026-02-16T10:55:16.091+0000] {logging_mixin.py:188} WARNING - /home/airflow/.local/lib/python3.8/site-packages/airflow/models/baseoperator.py:437 AirflowProviderDeprecationWarning: `exists_ok` parameter is deprecated, please use `if_exists`
[2026-02-16T10:55:16.101+0000] {processor.py:840} INFO - DAG(s) 'ecommerce_etl_v2' retrieved from /opt/airflow/dags/etl_dag.py
[2026-02-16T10:55:16.119+0000] {logging_mixin.py:188} INFO - [2026-02-16T10:55:16.119+0000] {dag.py:3036} INFO - Sync 1 DAGs
[2026-02-16T10:55:16.129+0000] {logging_mixin.py:188} INFO - [2026-02-16T10:55:16.129+0000] {dag.py:3823} INFO - Setting next_dagrun for ecommerce_etl_v2 to 2026-02-15 13:00:00+00:00, run_after=2026-02-16 13:00:00+00:00
[2026-02-16T10:55:16.137+0000] {processor.py:183} INFO - Processing /opt/airflow/dags/etl_dag.py took 0.159 seconds
[2026-02-16T10:55:46.300+0000] {processor.py:161} INFO - Started process (PID=39292) to work on /opt/airflow/dags/etl_dag.py
[2026-02-16T10:55:46.302+0000] {processor.py:830} INFO - Processing file /opt/airflow/dags/etl_dag.py for tasks to queue
[2026-02-16T10:55:46.303+0000] {logging_mixin.py:188} INFO - [2026-02-16T10:55:46.303+0000] {dagbag.py:538} INFO - Filling up the DagBag from /opt/airflow/dags/etl_dag.py
[2026-02-16T10:55:46.347+0000] {logging_mixin.py:188} INFO - Warning: Your Kaggle API key is readable by other users on this system! To fix this, you can run 'chmod 600 /home/airflow/.kaggle/kaggle.json'
[2026-02-16T10:55:46.406+0000] {logging_mixin.py:188} WARNING - /home/airflow/.local/lib/python3.8/site-packages/airflow/models/baseoperator.py:437 AirflowProviderDeprecationWarning: `exists_ok` parameter is deprecated, please use `if_exists`
[2026-02-16T10:55:46.415+0000] {processor.py:840} INFO - DAG(s) 'ecommerce_etl_v2' retrieved from /opt/airflow/dags/etl_dag.py
[2026-02-16T10:55:46.434+0000] {logging_mixin.py:188} INFO - [2026-02-16T10:55:46.434+0000] {dag.py:3036} INFO - Sync 1 DAGs
[2026-02-16T10:55:46.445+0000] {logging_mixin.py:188} INFO - [2026-02-16T10:55:46.445+0000] {dag.py:3823} INFO - Setting next_dagrun for ecommerce_etl_v2 to 2026-02-15 13:00:00+00:00, run_after=2026-02-16 13:00:00+00:00
[2026-02-16T10:55:46.454+0000] {processor.py:183} INFO - Processing /opt/airflow/dags/etl_dag.py took 0.159 seconds
[2026-02-16T10:56:16.786+0000] {processor.py:161} INFO - Started process (PID=39323) to work on /opt/airflow/dags/etl_dag.py
[2026-02-16T10:56:16.787+0000] {processor.py:830} INFO - Processing file /opt/airflow/dags/etl_dag.py for tasks to queue
[2026-02-16T10:56:16.788+0000] {logging_mixin.py:188} INFO - [2026-02-16T10:56:16.788+0000] {dagbag.py:538} INFO - Filling up the DagBag from /opt/airflow/dags/etl_dag.py
[2026-02-16T10:56:16.836+0000] {logging_mixin.py:188} INFO - Warning: Your Kaggle API key is readable by other users on this system! To fix this, you can run 'chmod 600 /home/airflow/.kaggle/kaggle.json'
[2026-02-16T10:56:16.895+0000] {logging_mixin.py:188} WARNING - /home/airflow/.local/lib/python3.8/site-packages/airflow/models/baseoperator.py:437 AirflowProviderDeprecationWarning: `exists_ok` parameter is deprecated, please use `if_exists`
[2026-02-16T10:56:16.904+0000] {processor.py:840} INFO - DAG(s) 'ecommerce_etl_v2' retrieved from /opt/airflow/dags/etl_dag.py
[2026-02-16T10:56:16.922+0000] {logging_mixin.py:188} INFO - [2026-02-16T10:56:16.922+0000] {dag.py:3036} INFO - Sync 1 DAGs
[2026-02-16T10:56:16.933+0000] {logging_mixin.py:188} INFO - [2026-02-16T10:56:16.933+0000] {dag.py:3823} INFO - Setting next_dagrun for ecommerce_etl_v2 to 2026-02-15 13:00:00+00:00, run_after=2026-02-16 13:00:00+00:00
[2026-02-16T10:56:16.941+0000] {processor.py:183} INFO - Processing /opt/airflow/dags/etl_dag.py took 0.159 seconds
[2026-02-16T11:12:55.480+0000] {processor.py:161} INFO - Started process (PID=39354) to work on /opt/airflow/dags/etl_dag.py
[2026-02-16T11:12:55.481+0000] {processor.py:830} INFO - Processing file /opt/airflow/dags/etl_dag.py for tasks to queue
[2026-02-16T11:12:55.481+0000] {logging_mixin.py:188} INFO - [2026-02-16T11:12:55.481+0000] {dagbag.py:538} INFO - Filling up the DagBag from /opt/airflow/dags/etl_dag.py
[2026-02-16T11:12:55.523+0000] {logging_mixin.py:188} INFO - Warning: Your Kaggle API key is readable by other users on this system! To fix this, you can run 'chmod 600 /home/airflow/.kaggle/kaggle.json'
[2026-02-16T11:12:55.583+0000] {logging_mixin.py:188} WARNING - /home/airflow/.local/lib/python3.8/site-packages/airflow/models/baseoperator.py:437 AirflowProviderDeprecationWarning: `exists_ok` parameter is deprecated, please use `if_exists`
[2026-02-16T11:12:55.592+0000] {processor.py:840} INFO - DAG(s) 'ecommerce_etl_v2' retrieved from /opt/airflow/dags/etl_dag.py
[2026-02-16T11:12:55.610+0000] {logging_mixin.py:188} INFO - [2026-02-16T11:12:55.610+0000] {dag.py:3036} INFO - Sync 1 DAGs
[2026-02-16T11:12:55.620+0000] {logging_mixin.py:188} INFO - [2026-02-16T11:12:55.620+0000] {dag.py:3823} INFO - Setting next_dagrun for ecommerce_etl_v2 to 2026-02-15 13:00:00+00:00, run_after=2026-02-16 13:00:00+00:00
[2026-02-16T11:12:55.630+0000] {processor.py:183} INFO - Processing /opt/airflow/dags/etl_dag.py took 0.152 seconds
[2026-02-16T12:34:59.775+0000] {processor.py:161} INFO - Started process (PID=39387) to work on /opt/airflow/dags/etl_dag.py
[2026-02-16T12:34:59.776+0000] {processor.py:830} INFO - Processing file /opt/airflow/dags/etl_dag.py for tasks to queue
[2026-02-16T12:34:59.777+0000] {logging_mixin.py:188} INFO - [2026-02-16T12:34:59.776+0000] {dagbag.py:538} INFO - Filling up the DagBag from /opt/airflow/dags/etl_dag.py
[2026-02-16T12:34:59.821+0000] {logging_mixin.py:188} INFO - Warning: Your Kaggle API key is readable by other users on this system! To fix this, you can run 'chmod 600 /home/airflow/.kaggle/kaggle.json'
[2026-02-16T12:34:59.882+0000] {logging_mixin.py:188} WARNING - /home/airflow/.local/lib/python3.8/site-packages/airflow/models/baseoperator.py:437 AirflowProviderDeprecationWarning: `exists_ok` parameter is deprecated, please use `if_exists`
[2026-02-16T12:34:59.892+0000] {processor.py:840} INFO - DAG(s) 'ecommerce_etl_v2' retrieved from /opt/airflow/dags/etl_dag.py
[2026-02-16T12:34:59.912+0000] {logging_mixin.py:188} INFO - [2026-02-16T12:34:59.912+0000] {dag.py:3036} INFO - Sync 1 DAGs
[2026-02-16T12:34:59.923+0000] {logging_mixin.py:188} INFO - [2026-02-16T12:34:59.923+0000] {dag.py:3823} INFO - Setting next_dagrun for ecommerce_etl_v2 to 2026-02-15 13:00:00+00:00, run_after=2026-02-16 13:00:00+00:00
[2026-02-16T12:34:59.931+0000] {processor.py:183} INFO - Processing /opt/airflow/dags/etl_dag.py took 0.159 seconds
[2026-02-16T13:23:12.907+0000] {processor.py:161} INFO - Started process (PID=39418) to work on /opt/airflow/dags/etl_dag.py
[2026-02-16T13:23:12.908+0000] {processor.py:830} INFO - Processing file /opt/airflow/dags/etl_dag.py for tasks to queue
[2026-02-16T13:23:12.908+0000] {logging_mixin.py:188} INFO - [2026-02-16T13:23:12.908+0000] {dagbag.py:538} INFO - Filling up the DagBag from /opt/airflow/dags/etl_dag.py
[2026-02-16T13:23:12.943+0000] {logging_mixin.py:188} INFO - Warning: Your Kaggle API key is readable by other users on this system! To fix this, you can run 'chmod 600 /home/airflow/.kaggle/kaggle.json'
[2026-02-16T13:23:13.003+0000] {logging_mixin.py:188} WARNING - /home/airflow/.local/lib/python3.8/site-packages/airflow/models/baseoperator.py:437 AirflowProviderDeprecationWarning: `exists_ok` parameter is deprecated, please use `if_exists`
[2026-02-16T13:23:13.017+0000] {processor.py:840} INFO - DAG(s) 'ecommerce_etl_v2' retrieved from /opt/airflow/dags/etl_dag.py
[2026-02-16T13:23:13.035+0000] {logging_mixin.py:188} INFO - [2026-02-16T13:23:13.035+0000] {dag.py:3036} INFO - Sync 1 DAGs
[2026-02-16T13:23:13.115+0000] {processor.py:183} INFO - Processing /opt/airflow/dags/etl_dag.py took 0.209 seconds
[2026-02-16T13:25:30.844+0000] {processor.py:161} INFO - Started process (PID=39650) to work on /opt/airflow/dags/etl_dag.py
[2026-02-16T13:25:30.845+0000] {processor.py:830} INFO - Processing file /opt/airflow/dags/etl_dag.py for tasks to queue
[2026-02-16T13:25:30.845+0000] {logging_mixin.py:188} INFO - [2026-02-16T13:25:30.845+0000] {dagbag.py:538} INFO - Filling up the DagBag from /opt/airflow/dags/etl_dag.py
[2026-02-16T13:25:30.886+0000] {logging_mixin.py:188} INFO - Warning: Your Kaggle API key is readable by other users on this system! To fix this, you can run 'chmod 600 /home/airflow/.kaggle/kaggle.json'
[2026-02-16T13:25:30.950+0000] {logging_mixin.py:188} WARNING - /home/airflow/.local/lib/python3.8/site-packages/airflow/models/baseoperator.py:437 AirflowProviderDeprecationWarning: `exists_ok` parameter is deprecated, please use `if_exists`
[2026-02-16T13:25:30.960+0000] {processor.py:840} INFO - DAG(s) 'ecommerce_etl_v2' retrieved from /opt/airflow/dags/etl_dag.py
[2026-02-16T13:25:30.981+0000] {logging_mixin.py:188} INFO - [2026-02-16T13:25:30.980+0000] {dag.py:3036} INFO - Sync 1 DAGs
[2026-02-16T13:25:31.000+0000] {processor.py:183} INFO - Processing /opt/airflow/dags/etl_dag.py took 0.158 seconds
[2026-02-16T13:26:01.127+0000] {processor.py:161} INFO - Started process (PID=39681) to work on /opt/airflow/dags/etl_dag.py
[2026-02-16T13:26:01.130+0000] {processor.py:830} INFO - Processing file /opt/airflow/dags/etl_dag.py for tasks to queue
[2026-02-16T13:26:01.131+0000] {logging_mixin.py:188} INFO - [2026-02-16T13:26:01.131+0000] {dagbag.py:538} INFO - Filling up the DagBag from /opt/airflow/dags/etl_dag.py
[2026-02-16T13:26:01.181+0000] {logging_mixin.py:188} INFO - Warning: Your Kaggle API key is readable by other users on this system! To fix this, you can run 'chmod 600 /home/airflow/.kaggle/kaggle.json'
[2026-02-16T13:26:01.244+0000] {logging_mixin.py:188} WARNING - /home/airflow/.local/lib/python3.8/site-packages/airflow/models/baseoperator.py:437 AirflowProviderDeprecationWarning: `exists_ok` parameter is deprecated, please use `if_exists`
[2026-02-16T13:26:01.255+0000] {processor.py:840} INFO - DAG(s) 'ecommerce_etl_v2' retrieved from /opt/airflow/dags/etl_dag.py
[2026-02-16T13:26:01.275+0000] {logging_mixin.py:188} INFO - [2026-02-16T13:26:01.275+0000] {dag.py:3036} INFO - Sync 1 DAGs
[2026-02-16T13:26:01.295+0000] {processor.py:183} INFO - Processing /opt/airflow/dags/etl_dag.py took 0.172 seconds
[2026-02-16T13:26:31.508+0000] {processor.py:161} INFO - Started process (PID=39712) to work on /opt/airflow/dags/etl_dag.py
[2026-02-16T13:26:31.509+0000] {processor.py:830} INFO - Processing file /opt/airflow/dags/etl_dag.py for tasks to queue
[2026-02-16T13:26:31.509+0000] {logging_mixin.py:188} INFO - [2026-02-16T13:26:31.509+0000] {dagbag.py:538} INFO - Filling up the DagBag from /opt/airflow/dags/etl_dag.py
[2026-02-16T13:26:31.552+0000] {logging_mixin.py:188} INFO - Warning: Your Kaggle API key is readable by other users on this system! To fix this, you can run 'chmod 600 /home/airflow/.kaggle/kaggle.json'
[2026-02-16T13:26:31.614+0000] {logging_mixin.py:188} WARNING - /home/airflow/.local/lib/python3.8/site-packages/airflow/models/baseoperator.py:437 AirflowProviderDeprecationWarning: `exists_ok` parameter is deprecated, please use `if_exists`
[2026-02-16T13:26:31.627+0000] {processor.py:840} INFO - DAG(s) 'ecommerce_etl_v2' retrieved from /opt/airflow/dags/etl_dag.py
[2026-02-16T13:26:31.647+0000] {logging_mixin.py:188} INFO - [2026-02-16T13:26:31.647+0000] {dag.py:3036} INFO - Sync 1 DAGs
[2026-02-16T13:26:31.665+0000] {processor.py:183} INFO - Processing /opt/airflow/dags/etl_dag.py took 0.159 seconds
[2026-02-16T13:27:01.803+0000] {processor.py:161} INFO - Started process (PID=39743) to work on /opt/airflow/dags/etl_dag.py
[2026-02-16T13:27:01.805+0000] {processor.py:830} INFO - Processing file /opt/airflow/dags/etl_dag.py for tasks to queue
[2026-02-16T13:27:01.806+0000] {logging_mixin.py:188} INFO - [2026-02-16T13:27:01.805+0000] {dagbag.py:538} INFO - Filling up the DagBag from /opt/airflow/dags/etl_dag.py
[2026-02-16T13:27:01.850+0000] {logging_mixin.py:188} INFO - Warning: Your Kaggle API key is readable by other users on this system! To fix this, you can run 'chmod 600 /home/airflow/.kaggle/kaggle.json'
[2026-02-16T13:27:01.911+0000] {logging_mixin.py:188} WARNING - /home/airflow/.local/lib/python3.8/site-packages/airflow/models/baseoperator.py:437 AirflowProviderDeprecationWarning: `exists_ok` parameter is deprecated, please use `if_exists`
[2026-02-16T13:27:01.920+0000] {processor.py:840} INFO - DAG(s) 'ecommerce_etl_v2' retrieved from /opt/airflow/dags/etl_dag.py
[2026-02-16T13:27:01.938+0000] {logging_mixin.py:188} INFO - [2026-02-16T13:27:01.938+0000] {dag.py:3036} INFO - Sync 1 DAGs
[2026-02-16T13:27:01.955+0000] {processor.py:183} INFO - Processing /opt/airflow/dags/etl_dag.py took 0.156 seconds
[2026-02-16T13:27:32.164+0000] {processor.py:161} INFO - Started process (PID=39774) to work on /opt/airflow/dags/etl_dag.py
[2026-02-16T13:27:32.164+0000] {processor.py:830} INFO - Processing file /opt/airflow/dags/etl_dag.py for tasks to queue
[2026-02-16T13:27:32.165+0000] {logging_mixin.py:188} INFO - [2026-02-16T13:27:32.165+0000] {dagbag.py:538} INFO - Filling up the DagBag from /opt/airflow/dags/etl_dag.py
[2026-02-16T13:27:32.205+0000] {logging_mixin.py:188} INFO - Warning: Your Kaggle API key is readable by other users on this system! To fix this, you can run 'chmod 600 /home/airflow/.kaggle/kaggle.json'
[2026-02-16T13:27:32.264+0000] {logging_mixin.py:188} WARNING - /home/airflow/.local/lib/python3.8/site-packages/airflow/models/baseoperator.py:437 AirflowProviderDeprecationWarning: `exists_ok` parameter is deprecated, please use `if_exists`
[2026-02-16T13:27:32.274+0000] {processor.py:840} INFO - DAG(s) 'ecommerce_etl_v2' retrieved from /opt/airflow/dags/etl_dag.py
[2026-02-16T13:27:32.292+0000] {logging_mixin.py:188} INFO - [2026-02-16T13:27:32.292+0000] {dag.py:3036} INFO - Sync 1 DAGs
[2026-02-16T13:27:32.310+0000] {processor.py:183} INFO - Processing /opt/airflow/dags/etl_dag.py took 0.148 seconds
[2026-02-16T13:28:02.451+0000] {processor.py:161} INFO - Started process (PID=39805) to work on /opt/airflow/dags/etl_dag.py
[2026-02-16T13:28:02.452+0000] {processor.py:830} INFO - Processing file /opt/airflow/dags/etl_dag.py for tasks to queue
[2026-02-16T13:28:02.453+0000] {logging_mixin.py:188} INFO - [2026-02-16T13:28:02.452+0000] {dagbag.py:538} INFO - Filling up the DagBag from /opt/airflow/dags/etl_dag.py
[2026-02-16T13:28:02.498+0000] {logging_mixin.py:188} INFO - Warning: Your Kaggle API key is readable by other users on this system! To fix this, you can run 'chmod 600 /home/airflow/.kaggle/kaggle.json'
[2026-02-16T13:28:02.558+0000] {logging_mixin.py:188} WARNING - /home/airflow/.local/lib/python3.8/site-packages/airflow/models/baseoperator.py:437 AirflowProviderDeprecationWarning: `exists_ok` parameter is deprecated, please use `if_exists`
[2026-02-16T13:28:02.567+0000] {processor.py:840} INFO - DAG(s) 'ecommerce_etl_v2' retrieved from /opt/airflow/dags/etl_dag.py
[2026-02-16T13:28:02.585+0000] {logging_mixin.py:188} INFO - [2026-02-16T13:28:02.585+0000] {dag.py:3036} INFO - Sync 1 DAGs
[2026-02-16T13:28:02.603+0000] {processor.py:183} INFO - Processing /opt/airflow/dags/etl_dag.py took 0.157 seconds
[2026-02-16T13:33:20.949+0000] {processor.py:161} INFO - Started process (PID=39837) to work on /opt/airflow/dags/etl_dag.py
[2026-02-16T13:33:20.950+0000] {processor.py:830} INFO - Processing file /opt/airflow/dags/etl_dag.py for tasks to queue
[2026-02-16T13:33:20.951+0000] {logging_mixin.py:188} INFO - [2026-02-16T13:33:20.950+0000] {dagbag.py:538} INFO - Filling up the DagBag from /opt/airflow/dags/etl_dag.py
[2026-02-16T13:33:20.987+0000] {logging_mixin.py:188} INFO - Warning: Your Kaggle API key is readable by other users on this system! To fix this, you can run 'chmod 600 /home/airflow/.kaggle/kaggle.json'
[2026-02-16T13:33:21.047+0000] {logging_mixin.py:188} WARNING - /home/airflow/.local/lib/python3.8/site-packages/airflow/models/baseoperator.py:437 AirflowProviderDeprecationWarning: `exists_ok` parameter is deprecated, please use `if_exists`
[2026-02-16T13:33:21.056+0000] {processor.py:840} INFO - DAG(s) 'ecommerce_etl_v2' retrieved from /opt/airflow/dags/etl_dag.py
[2026-02-16T13:33:21.075+0000] {logging_mixin.py:188} INFO - [2026-02-16T13:33:21.075+0000] {dag.py:3036} INFO - Sync 1 DAGs
[2026-02-16T13:33:21.093+0000] {processor.py:183} INFO - Processing /opt/airflow/dags/etl_dag.py took 0.146 seconds
[2026-02-16T13:33:51.263+0000] {processor.py:161} INFO - Started process (PID=39869) to work on /opt/airflow/dags/etl_dag.py
[2026-02-16T13:33:51.264+0000] {processor.py:830} INFO - Processing file /opt/airflow/dags/etl_dag.py for tasks to queue
[2026-02-16T13:33:51.265+0000] {logging_mixin.py:188} INFO - [2026-02-16T13:33:51.264+0000] {dagbag.py:538} INFO - Filling up the DagBag from /opt/airflow/dags/etl_dag.py
[2026-02-16T13:33:51.311+0000] {logging_mixin.py:188} INFO - Warning: Your Kaggle API key is readable by other users on this system! To fix this, you can run 'chmod 600 /home/airflow/.kaggle/kaggle.json'
[2026-02-16T13:33:51.371+0000] {logging_mixin.py:188} WARNING - /home/airflow/.local/lib/python3.8/site-packages/airflow/models/baseoperator.py:437 AirflowProviderDeprecationWarning: `exists_ok` parameter is deprecated, please use `if_exists`
[2026-02-16T13:33:51.381+0000] {processor.py:840} INFO - DAG(s) 'ecommerce_etl_v2' retrieved from /opt/airflow/dags/etl_dag.py
[2026-02-16T13:33:51.401+0000] {logging_mixin.py:188} INFO - [2026-02-16T13:33:51.401+0000] {dag.py:3036} INFO - Sync 1 DAGs
[2026-02-16T13:33:51.421+0000] {processor.py:183} INFO - Processing /opt/airflow/dags/etl_dag.py took 0.160 seconds
[2026-02-16T13:34:21.616+0000] {processor.py:161} INFO - Started process (PID=40277) to work on /opt/airflow/dags/etl_dag.py
[2026-02-16T13:34:21.617+0000] {processor.py:830} INFO - Processing file /opt/airflow/dags/etl_dag.py for tasks to queue
[2026-02-16T13:34:21.618+0000] {logging_mixin.py:188} INFO - [2026-02-16T13:34:21.617+0000] {dagbag.py:538} INFO - Filling up the DagBag from /opt/airflow/dags/etl_dag.py
[2026-02-16T13:34:21.660+0000] {logging_mixin.py:188} INFO - Warning: Your Kaggle API key is readable by other users on this system! To fix this, you can run 'chmod 600 /home/airflow/.kaggle/kaggle.json'
[2026-02-16T13:34:21.720+0000] {logging_mixin.py:188} WARNING - /home/airflow/.local/lib/python3.8/site-packages/airflow/models/baseoperator.py:437 AirflowProviderDeprecationWarning: `exists_ok` parameter is deprecated, please use `if_exists`
[2026-02-16T13:34:21.729+0000] {processor.py:840} INFO - DAG(s) 'ecommerce_etl_v2' retrieved from /opt/airflow/dags/etl_dag.py
[2026-02-16T13:34:21.747+0000] {logging_mixin.py:188} INFO - [2026-02-16T13:34:21.747+0000] {dag.py:3036} INFO - Sync 1 DAGs
[2026-02-16T13:34:21.765+0000] {processor.py:183} INFO - Processing /opt/airflow/dags/etl_dag.py took 0.153 seconds
[2026-02-16T13:34:51.904+0000] {processor.py:161} INFO - Started process (PID=40743) to work on /opt/airflow/dags/etl_dag.py
[2026-02-16T13:34:51.905+0000] {processor.py:830} INFO - Processing file /opt/airflow/dags/etl_dag.py for tasks to queue
[2026-02-16T13:34:51.906+0000] {logging_mixin.py:188} INFO - [2026-02-16T13:34:51.905+0000] {dagbag.py:538} INFO - Filling up the DagBag from /opt/airflow/dags/etl_dag.py
[2026-02-16T13:34:51.947+0000] {logging_mixin.py:188} INFO - Warning: Your Kaggle API key is readable by other users on this system! To fix this, you can run 'chmod 600 /home/airflow/.kaggle/kaggle.json'
[2026-02-16T13:34:52.010+0000] {logging_mixin.py:188} WARNING - /home/airflow/.local/lib/python3.8/site-packages/airflow/models/baseoperator.py:437 AirflowProviderDeprecationWarning: `exists_ok` parameter is deprecated, please use `if_exists`
[2026-02-16T13:34:52.019+0000] {processor.py:840} INFO - DAG(s) 'ecommerce_etl_v2' retrieved from /opt/airflow/dags/etl_dag.py
[2026-02-16T13:34:52.037+0000] {logging_mixin.py:188} INFO - [2026-02-16T13:34:52.036+0000] {dag.py:3036} INFO - Sync 1 DAGs
[2026-02-16T13:34:52.054+0000] {processor.py:183} INFO - Processing /opt/airflow/dags/etl_dag.py took 0.152 seconds
[2026-02-16T13:35:22.241+0000] {processor.py:161} INFO - Started process (PID=40950) to work on /opt/airflow/dags/etl_dag.py
[2026-02-16T13:35:22.242+0000] {processor.py:830} INFO - Processing file /opt/airflow/dags/etl_dag.py for tasks to queue
[2026-02-16T13:35:22.243+0000] {logging_mixin.py:188} INFO - [2026-02-16T13:35:22.242+0000] {dagbag.py:538} INFO - Filling up the DagBag from /opt/airflow/dags/etl_dag.py
[2026-02-16T13:35:22.280+0000] {logging_mixin.py:188} INFO - Warning: Your Kaggle API key is readable by other users on this system! To fix this, you can run 'chmod 600 /home/airflow/.kaggle/kaggle.json'
[2026-02-16T13:35:22.342+0000] {logging_mixin.py:188} WARNING - /home/airflow/.local/lib/python3.8/site-packages/airflow/models/baseoperator.py:437 AirflowProviderDeprecationWarning: `exists_ok` parameter is deprecated, please use `if_exists`
[2026-02-16T13:35:22.351+0000] {processor.py:840} INFO - DAG(s) 'ecommerce_etl_v2' retrieved from /opt/airflow/dags/etl_dag.py
[2026-02-16T13:35:22.370+0000] {logging_mixin.py:188} INFO - [2026-02-16T13:35:22.370+0000] {dag.py:3036} INFO - Sync 1 DAGs
[2026-02-16T13:35:22.388+0000] {processor.py:183} INFO - Processing /opt/airflow/dags/etl_dag.py took 0.151 seconds
[2026-02-16T13:35:52.519+0000] {processor.py:161} INFO - Started process (PID=41153) to work on /opt/airflow/dags/etl_dag.py
[2026-02-16T13:35:52.519+0000] {processor.py:830} INFO - Processing file /opt/airflow/dags/etl_dag.py for tasks to queue
[2026-02-16T13:35:52.520+0000] {logging_mixin.py:188} INFO - [2026-02-16T13:35:52.520+0000] {dagbag.py:538} INFO - Filling up the DagBag from /opt/airflow/dags/etl_dag.py
[2026-02-16T13:35:52.561+0000] {logging_mixin.py:188} INFO - Warning: Your Kaggle API key is readable by other users on this system! To fix this, you can run 'chmod 600 /home/airflow/.kaggle/kaggle.json'
[2026-02-16T13:35:52.621+0000] {logging_mixin.py:188} WARNING - /home/airflow/.local/lib/python3.8/site-packages/airflow/models/baseoperator.py:437 AirflowProviderDeprecationWarning: `exists_ok` parameter is deprecated, please use `if_exists`
[2026-02-16T13:35:52.629+0000] {processor.py:840} INFO - DAG(s) 'ecommerce_etl_v2' retrieved from /opt/airflow/dags/etl_dag.py
[2026-02-16T13:35:52.647+0000] {logging_mixin.py:188} INFO - [2026-02-16T13:35:52.647+0000] {dag.py:3036} INFO - Sync 1 DAGs
[2026-02-16T13:35:52.657+0000] {logging_mixin.py:188} INFO - [2026-02-16T13:35:52.657+0000] {dag.py:3823} INFO - Setting next_dagrun for ecommerce_etl_v2 to 2026-02-16 13:00:00+00:00, run_after=2026-02-17 13:00:00+00:00
[2026-02-16T13:35:52.666+0000] {processor.py:183} INFO - Processing /opt/airflow/dags/etl_dag.py took 0.149 seconds
[2026-02-16T13:36:22.941+0000] {processor.py:161} INFO - Started process (PID=41184) to work on /opt/airflow/dags/etl_dag.py
[2026-02-16T13:36:22.941+0000] {processor.py:830} INFO - Processing file /opt/airflow/dags/etl_dag.py for tasks to queue
[2026-02-16T13:36:22.942+0000] {logging_mixin.py:188} INFO - [2026-02-16T13:36:22.942+0000] {dagbag.py:538} INFO - Filling up the DagBag from /opt/airflow/dags/etl_dag.py
[2026-02-16T13:36:22.987+0000] {logging_mixin.py:188} INFO - Warning: Your Kaggle API key is readable by other users on this system! To fix this, you can run 'chmod 600 /home/airflow/.kaggle/kaggle.json'
[2026-02-16T13:36:23.049+0000] {logging_mixin.py:188} WARNING - /home/airflow/.local/lib/python3.8/site-packages/airflow/models/baseoperator.py:437 AirflowProviderDeprecationWarning: `exists_ok` parameter is deprecated, please use `if_exists`
[2026-02-16T13:36:23.059+0000] {processor.py:840} INFO - DAG(s) 'ecommerce_etl_v2' retrieved from /opt/airflow/dags/etl_dag.py
[2026-02-16T13:36:23.078+0000] {logging_mixin.py:188} INFO - [2026-02-16T13:36:23.078+0000] {dag.py:3036} INFO - Sync 1 DAGs
[2026-02-16T13:36:23.088+0000] {logging_mixin.py:188} INFO - [2026-02-16T13:36:23.088+0000] {dag.py:3823} INFO - Setting next_dagrun for ecommerce_etl_v2 to 2026-02-16 13:00:00+00:00, run_after=2026-02-17 13:00:00+00:00
[2026-02-16T13:36:23.096+0000] {processor.py:183} INFO - Processing /opt/airflow/dags/etl_dag.py took 0.157 seconds
[2026-02-16T13:36:53.178+0000] {processor.py:161} INFO - Started process (PID=41215) to work on /opt/airflow/dags/etl_dag.py
[2026-02-16T13:36:53.178+0000] {processor.py:830} INFO - Processing file /opt/airflow/dags/etl_dag.py for tasks to queue
[2026-02-16T13:36:53.179+0000] {logging_mixin.py:188} INFO - [2026-02-16T13:36:53.179+0000] {dagbag.py:538} INFO - Filling up the DagBag from /opt/airflow/dags/etl_dag.py
[2026-02-16T13:36:53.217+0000] {logging_mixin.py:188} INFO - Warning: Your Kaggle API key is readable by other users on this system! To fix this, you can run 'chmod 600 /home/airflow/.kaggle/kaggle.json'
[2026-02-16T13:36:53.277+0000] {logging_mixin.py:188} WARNING - /home/airflow/.local/lib/python3.8/site-packages/airflow/models/baseoperator.py:437 AirflowProviderDeprecationWarning: `exists_ok` parameter is deprecated, please use `if_exists`
[2026-02-16T13:36:53.285+0000] {processor.py:840} INFO - DAG(s) 'ecommerce_etl_v2' retrieved from /opt/airflow/dags/etl_dag.py
[2026-02-16T13:36:53.304+0000] {logging_mixin.py:188} INFO - [2026-02-16T13:36:53.304+0000] {dag.py:3036} INFO - Sync 1 DAGs
[2026-02-16T13:36:53.316+0000] {logging_mixin.py:188} INFO - [2026-02-16T13:36:53.316+0000] {dag.py:3823} INFO - Setting next_dagrun for ecommerce_etl_v2 to 2026-02-16 13:00:00+00:00, run_after=2026-02-17 13:00:00+00:00
[2026-02-16T13:36:53.326+0000] {processor.py:183} INFO - Processing /opt/airflow/dags/etl_dag.py took 0.150 seconds
[2026-02-16T13:37:23.467+0000] {processor.py:161} INFO - Started process (PID=41246) to work on /opt/airflow/dags/etl_dag.py
[2026-02-16T13:37:23.468+0000] {processor.py:830} INFO - Processing file /opt/airflow/dags/etl_dag.py for tasks to queue
[2026-02-16T13:37:23.468+0000] {logging_mixin.py:188} INFO - [2026-02-16T13:37:23.468+0000] {dagbag.py:538} INFO - Filling up the DagBag from /opt/airflow/dags/etl_dag.py
[2026-02-16T13:37:23.511+0000] {logging_mixin.py:188} INFO - Warning: Your Kaggle API key is readable by other users on this system! To fix this, you can run 'chmod 600 /home/airflow/.kaggle/kaggle.json'
[2026-02-16T13:37:23.571+0000] {logging_mixin.py:188} WARNING - /home/airflow/.local/lib/python3.8/site-packages/airflow/models/baseoperator.py:437 AirflowProviderDeprecationWarning: `exists_ok` parameter is deprecated, please use `if_exists`
[2026-02-16T13:37:23.581+0000] {processor.py:840} INFO - DAG(s) 'ecommerce_etl_v2' retrieved from /opt/airflow/dags/etl_dag.py
[2026-02-16T13:37:23.600+0000] {logging_mixin.py:188} INFO - [2026-02-16T13:37:23.600+0000] {dag.py:3036} INFO - Sync 1 DAGs
[2026-02-16T13:37:23.611+0000] {logging_mixin.py:188} INFO - [2026-02-16T13:37:23.611+0000] {dag.py:3823} INFO - Setting next_dagrun for ecommerce_etl_v2 to 2026-02-16 13:00:00+00:00, run_after=2026-02-17 13:00:00+00:00
[2026-02-16T13:37:23.620+0000] {processor.py:183} INFO - Processing /opt/airflow/dags/etl_dag.py took 0.157 seconds
[2026-02-16T13:37:53.874+0000] {processor.py:161} INFO - Started process (PID=41277) to work on /opt/airflow/dags/etl_dag.py
[2026-02-16T13:37:53.875+0000] {processor.py:830} INFO - Processing file /opt/airflow/dags/etl_dag.py for tasks to queue
[2026-02-16T13:37:53.875+0000] {logging_mixin.py:188} INFO - [2026-02-16T13:37:53.875+0000] {dagbag.py:538} INFO - Filling up the DagBag from /opt/airflow/dags/etl_dag.py
[2026-02-16T13:37:53.916+0000] {logging_mixin.py:188} INFO - Warning: Your Kaggle API key is readable by other users on this system! To fix this, you can run 'chmod 600 /home/airflow/.kaggle/kaggle.json'
[2026-02-16T13:37:53.977+0000] {logging_mixin.py:188} WARNING - /home/airflow/.local/lib/python3.8/site-packages/airflow/models/baseoperator.py:437 AirflowProviderDeprecationWarning: `exists_ok` parameter is deprecated, please use `if_exists`
[2026-02-16T13:37:53.985+0000] {processor.py:840} INFO - DAG(s) 'ecommerce_etl_v2' retrieved from /opt/airflow/dags/etl_dag.py
[2026-02-16T13:37:54.003+0000] {logging_mixin.py:188} INFO - [2026-02-16T13:37:54.003+0000] {dag.py:3036} INFO - Sync 1 DAGs
[2026-02-16T13:37:54.014+0000] {logging_mixin.py:188} INFO - [2026-02-16T13:37:54.013+0000] {dag.py:3823} INFO - Setting next_dagrun for ecommerce_etl_v2 to 2026-02-16 13:00:00+00:00, run_after=2026-02-17 13:00:00+00:00
[2026-02-16T13:37:54.022+0000] {processor.py:183} INFO - Processing /opt/airflow/dags/etl_dag.py took 0.151 seconds
[2026-02-16T13:38:24.188+0000] {processor.py:161} INFO - Started process (PID=41308) to work on /opt/airflow/dags/etl_dag.py
[2026-02-16T13:38:24.189+0000] {processor.py:830} INFO - Processing file /opt/airflow/dags/etl_dag.py for tasks to queue
[2026-02-16T13:38:24.190+0000] {logging_mixin.py:188} INFO - [2026-02-16T13:38:24.189+0000] {dagbag.py:538} INFO - Filling up the DagBag from /opt/airflow/dags/etl_dag.py
[2026-02-16T13:38:24.232+0000] {logging_mixin.py:188} INFO - Warning: Your Kaggle API key is readable by other users on this system! To fix this, you can run 'chmod 600 /home/airflow/.kaggle/kaggle.json'
[2026-02-16T13:38:24.291+0000] {logging_mixin.py:188} WARNING - /home/airflow/.local/lib/python3.8/site-packages/airflow/models/baseoperator.py:437 AirflowProviderDeprecationWarning: `exists_ok` parameter is deprecated, please use `if_exists`
[2026-02-16T13:38:24.299+0000] {processor.py:840} INFO - DAG(s) 'ecommerce_etl_v2' retrieved from /opt/airflow/dags/etl_dag.py
[2026-02-16T13:38:24.317+0000] {logging_mixin.py:188} INFO - [2026-02-16T13:38:24.317+0000] {dag.py:3036} INFO - Sync 1 DAGs
[2026-02-16T13:38:24.327+0000] {logging_mixin.py:188} INFO - [2026-02-16T13:38:24.327+0000] {dag.py:3823} INFO - Setting next_dagrun for ecommerce_etl_v2 to 2026-02-16 13:00:00+00:00, run_after=2026-02-17 13:00:00+00:00
[2026-02-16T13:38:24.336+0000] {processor.py:183} INFO - Processing /opt/airflow/dags/etl_dag.py took 0.152 seconds
[2026-02-16T13:38:54.684+0000] {processor.py:161} INFO - Started process (PID=41339) to work on /opt/airflow/dags/etl_dag.py
[2026-02-16T13:38:54.685+0000] {processor.py:830} INFO - Processing file /opt/airflow/dags/etl_dag.py for tasks to queue
[2026-02-16T13:38:54.686+0000] {logging_mixin.py:188} INFO - [2026-02-16T13:38:54.686+0000] {dagbag.py:538} INFO - Filling up the DagBag from /opt/airflow/dags/etl_dag.py
[2026-02-16T13:38:54.734+0000] {logging_mixin.py:188} INFO - Warning: Your Kaggle API key is readable by other users on this system! To fix this, you can run 'chmod 600 /home/airflow/.kaggle/kaggle.json'
[2026-02-16T13:38:54.793+0000] {logging_mixin.py:188} WARNING - /home/airflow/.local/lib/python3.8/site-packages/airflow/models/baseoperator.py:437 AirflowProviderDeprecationWarning: `exists_ok` parameter is deprecated, please use `if_exists`
[2026-02-16T13:38:54.804+0000] {processor.py:840} INFO - DAG(s) 'ecommerce_etl_v2' retrieved from /opt/airflow/dags/etl_dag.py
[2026-02-16T13:38:54.823+0000] {logging_mixin.py:188} INFO - [2026-02-16T13:38:54.823+0000] {dag.py:3036} INFO - Sync 1 DAGs
[2026-02-16T13:38:54.834+0000] {logging_mixin.py:188} INFO - [2026-02-16T13:38:54.834+0000] {dag.py:3823} INFO - Setting next_dagrun for ecommerce_etl_v2 to 2026-02-16 13:00:00+00:00, run_after=2026-02-17 13:00:00+00:00
[2026-02-16T13:38:54.843+0000] {processor.py:183} INFO - Processing /opt/airflow/dags/etl_dag.py took 0.162 seconds
[2026-02-16T13:39:25.052+0000] {processor.py:161} INFO - Started process (PID=41370) to work on /opt/airflow/dags/etl_dag.py
[2026-02-16T13:39:25.054+0000] {processor.py:830} INFO - Processing file /opt/airflow/dags/etl_dag.py for tasks to queue
[2026-02-16T13:39:25.055+0000] {logging_mixin.py:188} INFO - [2026-02-16T13:39:25.054+0000] {dagbag.py:538} INFO - Filling up the DagBag from /opt/airflow/dags/etl_dag.py
[2026-02-16T13:39:25.103+0000] {logging_mixin.py:188} INFO - Warning: Your Kaggle API key is readable by other users on this system! To fix this, you can run 'chmod 600 /home/airflow/.kaggle/kaggle.json'
[2026-02-16T13:39:25.163+0000] {logging_mixin.py:188} WARNING - /home/airflow/.local/lib/python3.8/site-packages/airflow/models/baseoperator.py:437 AirflowProviderDeprecationWarning: `exists_ok` parameter is deprecated, please use `if_exists`
[2026-02-16T13:39:25.172+0000] {processor.py:840} INFO - DAG(s) 'ecommerce_etl_v2' retrieved from /opt/airflow/dags/etl_dag.py
[2026-02-16T13:39:25.191+0000] {logging_mixin.py:188} INFO - [2026-02-16T13:39:25.191+0000] {dag.py:3036} INFO - Sync 1 DAGs
[2026-02-16T13:39:25.201+0000] {logging_mixin.py:188} INFO - [2026-02-16T13:39:25.201+0000] {dag.py:3823} INFO - Setting next_dagrun for ecommerce_etl_v2 to 2026-02-16 13:00:00+00:00, run_after=2026-02-17 13:00:00+00:00
[2026-02-16T13:39:25.211+0000] {processor.py:183} INFO - Processing /opt/airflow/dags/etl_dag.py took 0.163 seconds
[2026-02-16T13:39:55.481+0000] {processor.py:161} INFO - Started process (PID=41401) to work on /opt/airflow/dags/etl_dag.py
[2026-02-16T13:39:55.483+0000] {processor.py:830} INFO - Processing file /opt/airflow/dags/etl_dag.py for tasks to queue
[2026-02-16T13:39:55.484+0000] {logging_mixin.py:188} INFO - [2026-02-16T13:39:55.483+0000] {dagbag.py:538} INFO - Filling up the DagBag from /opt/airflow/dags/etl_dag.py
[2026-02-16T13:39:55.527+0000] {logging_mixin.py:188} INFO - Warning: Your Kaggle API key is readable by other users on this system! To fix this, you can run 'chmod 600 /home/airflow/.kaggle/kaggle.json'
[2026-02-16T13:39:55.587+0000] {logging_mixin.py:188} WARNING - /home/airflow/.local/lib/python3.8/site-packages/airflow/models/baseoperator.py:437 AirflowProviderDeprecationWarning: `exists_ok` parameter is deprecated, please use `if_exists`
[2026-02-16T13:39:55.596+0000] {processor.py:840} INFO - DAG(s) 'ecommerce_etl_v2' retrieved from /opt/airflow/dags/etl_dag.py
[2026-02-16T13:39:55.615+0000] {logging_mixin.py:188} INFO - [2026-02-16T13:39:55.615+0000] {dag.py:3036} INFO - Sync 1 DAGs
[2026-02-16T13:39:55.627+0000] {logging_mixin.py:188} INFO - [2026-02-16T13:39:55.626+0000] {dag.py:3823} INFO - Setting next_dagrun for ecommerce_etl_v2 to 2026-02-16 13:00:00+00:00, run_after=2026-02-17 13:00:00+00:00
[2026-02-16T13:39:55.637+0000] {processor.py:183} INFO - Processing /opt/airflow/dags/etl_dag.py took 0.159 seconds
[2026-02-16T13:40:25.822+0000] {processor.py:161} INFO - Started process (PID=41432) to work on /opt/airflow/dags/etl_dag.py
[2026-02-16T13:40:25.823+0000] {processor.py:830} INFO - Processing file /opt/airflow/dags/etl_dag.py for tasks to queue
[2026-02-16T13:40:25.824+0000] {logging_mixin.py:188} INFO - [2026-02-16T13:40:25.824+0000] {dagbag.py:538} INFO - Filling up the DagBag from /opt/airflow/dags/etl_dag.py
[2026-02-16T13:40:25.872+0000] {logging_mixin.py:188} INFO - Warning: Your Kaggle API key is readable by other users on this system! To fix this, you can run 'chmod 600 /home/airflow/.kaggle/kaggle.json'
[2026-02-16T13:40:25.934+0000] {logging_mixin.py:188} WARNING - /home/airflow/.local/lib/python3.8/site-packages/airflow/models/baseoperator.py:437 AirflowProviderDeprecationWarning: `exists_ok` parameter is deprecated, please use `if_exists`
[2026-02-16T13:40:25.943+0000] {processor.py:840} INFO - DAG(s) 'ecommerce_etl_v2' retrieved from /opt/airflow/dags/etl_dag.py
[2026-02-16T13:40:25.961+0000] {logging_mixin.py:188} INFO - [2026-02-16T13:40:25.961+0000] {dag.py:3036} INFO - Sync 1 DAGs
[2026-02-16T13:40:25.972+0000] {logging_mixin.py:188} INFO - [2026-02-16T13:40:25.971+0000] {dag.py:3823} INFO - Setting next_dagrun for ecommerce_etl_v2 to 2026-02-16 13:00:00+00:00, run_after=2026-02-17 13:00:00+00:00
[2026-02-16T13:40:25.980+0000] {processor.py:183} INFO - Processing /opt/airflow/dags/etl_dag.py took 0.162 seconds
[2026-02-16T13:40:56.221+0000] {processor.py:161} INFO - Started process (PID=41463) to work on /opt/airflow/dags/etl_dag.py
[2026-02-16T13:40:56.222+0000] {processor.py:830} INFO - Processing file /opt/airflow/dags/etl_dag.py for tasks to queue
[2026-02-16T13:40:56.223+0000] {logging_mixin.py:188} INFO - [2026-02-16T13:40:56.223+0000] {dagbag.py:538} INFO - Filling up the DagBag from /opt/airflow/dags/etl_dag.py
[2026-02-16T13:40:56.270+0000] {logging_mixin.py:188} INFO - Warning: Your Kaggle API key is readable by other users on this system! To fix this, you can run 'chmod 600 /home/airflow/.kaggle/kaggle.json'
[2026-02-16T13:40:56.331+0000] {logging_mixin.py:188} WARNING - /home/airflow/.local/lib/python3.8/site-packages/airflow/models/baseoperator.py:437 AirflowProviderDeprecationWarning: `exists_ok` parameter is deprecated, please use `if_exists`
[2026-02-16T13:40:56.340+0000] {processor.py:840} INFO - DAG(s) 'ecommerce_etl_v2' retrieved from /opt/airflow/dags/etl_dag.py
[2026-02-16T13:40:56.359+0000] {logging_mixin.py:188} INFO - [2026-02-16T13:40:56.359+0000] {dag.py:3036} INFO - Sync 1 DAGs
[2026-02-16T13:40:56.370+0000] {logging_mixin.py:188} INFO - [2026-02-16T13:40:56.370+0000] {dag.py:3823} INFO - Setting next_dagrun for ecommerce_etl_v2 to 2026-02-16 13:00:00+00:00, run_after=2026-02-17 13:00:00+00:00
[2026-02-16T13:40:56.379+0000] {processor.py:183} INFO - Processing /opt/airflow/dags/etl_dag.py took 0.160 seconds
[2026-02-16T13:41:26.537+0000] {processor.py:161} INFO - Started process (PID=41494) to work on /opt/airflow/dags/etl_dag.py
[2026-02-16T13:41:26.539+0000] {processor.py:830} INFO - Processing file /opt/airflow/dags/etl_dag.py for tasks to queue
[2026-02-16T13:41:26.540+0000] {logging_mixin.py:188} INFO - [2026-02-16T13:41:26.540+0000] {dagbag.py:538} INFO - Filling up the DagBag from /opt/airflow/dags/etl_dag.py
[2026-02-16T13:41:26.582+0000] {logging_mixin.py:188} INFO - Warning: Your Kaggle API key is readable by other users on this system! To fix this, you can run 'chmod 600 /home/airflow/.kaggle/kaggle.json'
[2026-02-16T13:41:26.643+0000] {logging_mixin.py:188} WARNING - /home/airflow/.local/lib/python3.8/site-packages/airflow/models/baseoperator.py:437 AirflowProviderDeprecationWarning: `exists_ok` parameter is deprecated, please use `if_exists`
[2026-02-16T13:41:26.655+0000] {processor.py:840} INFO - DAG(s) 'ecommerce_etl_v2' retrieved from /opt/airflow/dags/etl_dag.py
[2026-02-16T13:41:26.673+0000] {logging_mixin.py:188} INFO - [2026-02-16T13:41:26.673+0000] {dag.py:3036} INFO - Sync 1 DAGs
[2026-02-16T13:41:26.683+0000] {logging_mixin.py:188} INFO - [2026-02-16T13:41:26.683+0000] {dag.py:3823} INFO - Setting next_dagrun for ecommerce_etl_v2 to 2026-02-16 13:00:00+00:00, run_after=2026-02-17 13:00:00+00:00
[2026-02-16T13:41:26.691+0000] {processor.py:183} INFO - Processing /opt/airflow/dags/etl_dag.py took 0.159 seconds
[2026-02-16T13:41:57.010+0000] {processor.py:161} INFO - Started process (PID=41525) to work on /opt/airflow/dags/etl_dag.py
[2026-02-16T13:41:57.011+0000] {processor.py:830} INFO - Processing file /opt/airflow/dags/etl_dag.py for tasks to queue
[2026-02-16T13:41:57.012+0000] {logging_mixin.py:188} INFO - [2026-02-16T13:41:57.011+0000] {dagbag.py:538} INFO - Filling up the DagBag from /opt/airflow/dags/etl_dag.py
[2026-02-16T13:41:57.058+0000] {logging_mixin.py:188} INFO - Warning: Your Kaggle API key is readable by other users on this system! To fix this, you can run 'chmod 600 /home/airflow/.kaggle/kaggle.json'
[2026-02-16T13:41:57.119+0000] {logging_mixin.py:188} WARNING - /home/airflow/.local/lib/python3.8/site-packages/airflow/models/baseoperator.py:437 AirflowProviderDeprecationWarning: `exists_ok` parameter is deprecated, please use `if_exists`
[2026-02-16T13:41:57.128+0000] {processor.py:840} INFO - DAG(s) 'ecommerce_etl_v2' retrieved from /opt/airflow/dags/etl_dag.py
[2026-02-16T13:41:57.147+0000] {logging_mixin.py:188} INFO - [2026-02-16T13:41:57.147+0000] {dag.py:3036} INFO - Sync 1 DAGs
[2026-02-16T13:41:57.158+0000] {logging_mixin.py:188} INFO - [2026-02-16T13:41:57.158+0000] {dag.py:3823} INFO - Setting next_dagrun for ecommerce_etl_v2 to 2026-02-16 13:00:00+00:00, run_after=2026-02-17 13:00:00+00:00
[2026-02-16T13:41:57.170+0000] {processor.py:183} INFO - Processing /opt/airflow/dags/etl_dag.py took 0.164 seconds
[2026-02-16T13:42:27.315+0000] {processor.py:161} INFO - Started process (PID=41556) to work on /opt/airflow/dags/etl_dag.py
[2026-02-16T13:42:27.316+0000] {processor.py:830} INFO - Processing file /opt/airflow/dags/etl_dag.py for tasks to queue
[2026-02-16T13:42:27.317+0000] {logging_mixin.py:188} INFO - [2026-02-16T13:42:27.317+0000] {dagbag.py:538} INFO - Filling up the DagBag from /opt/airflow/dags/etl_dag.py
[2026-02-16T13:42:27.364+0000] {logging_mixin.py:188} INFO - Warning: Your Kaggle API key is readable by other users on this system! To fix this, you can run 'chmod 600 /home/airflow/.kaggle/kaggle.json'
[2026-02-16T13:42:27.423+0000] {logging_mixin.py:188} WARNING - /home/airflow/.local/lib/python3.8/site-packages/airflow/models/baseoperator.py:437 AirflowProviderDeprecationWarning: `exists_ok` parameter is deprecated, please use `if_exists`
[2026-02-16T13:42:27.433+0000] {processor.py:840} INFO - DAG(s) 'ecommerce_etl_v2' retrieved from /opt/airflow/dags/etl_dag.py
[2026-02-16T13:42:27.451+0000] {logging_mixin.py:188} INFO - [2026-02-16T13:42:27.451+0000] {dag.py:3036} INFO - Sync 1 DAGs
[2026-02-16T13:42:27.462+0000] {logging_mixin.py:188} INFO - [2026-02-16T13:42:27.462+0000] {dag.py:3823} INFO - Setting next_dagrun for ecommerce_etl_v2 to 2026-02-16 13:00:00+00:00, run_after=2026-02-17 13:00:00+00:00
[2026-02-16T13:42:27.471+0000] {processor.py:183} INFO - Processing /opt/airflow/dags/etl_dag.py took 0.160 seconds
[2026-02-16T13:42:57.829+0000] {processor.py:161} INFO - Started process (PID=41587) to work on /opt/airflow/dags/etl_dag.py
[2026-02-16T13:42:57.830+0000] {processor.py:830} INFO - Processing file /opt/airflow/dags/etl_dag.py for tasks to queue
[2026-02-16T13:42:57.831+0000] {logging_mixin.py:188} INFO - [2026-02-16T13:42:57.830+0000] {dagbag.py:538} INFO - Filling up the DagBag from /opt/airflow/dags/etl_dag.py
[2026-02-16T13:42:57.876+0000] {logging_mixin.py:188} INFO - Warning: Your Kaggle API key is readable by other users on this system! To fix this, you can run 'chmod 600 /home/airflow/.kaggle/kaggle.json'
[2026-02-16T13:42:57.935+0000] {logging_mixin.py:188} WARNING - /home/airflow/.local/lib/python3.8/site-packages/airflow/models/baseoperator.py:437 AirflowProviderDeprecationWarning: `exists_ok` parameter is deprecated, please use `if_exists`
[2026-02-16T13:42:57.944+0000] {processor.py:840} INFO - DAG(s) 'ecommerce_etl_v2' retrieved from /opt/airflow/dags/etl_dag.py
[2026-02-16T13:42:57.962+0000] {logging_mixin.py:188} INFO - [2026-02-16T13:42:57.962+0000] {dag.py:3036} INFO - Sync 1 DAGs
[2026-02-16T13:42:57.972+0000] {logging_mixin.py:188} INFO - [2026-02-16T13:42:57.972+0000] {dag.py:3823} INFO - Setting next_dagrun for ecommerce_etl_v2 to 2026-02-16 13:00:00+00:00, run_after=2026-02-17 13:00:00+00:00
[2026-02-16T13:42:57.981+0000] {processor.py:183} INFO - Processing /opt/airflow/dags/etl_dag.py took 0.157 seconds
[2026-02-16T13:43:28.167+0000] {processor.py:161} INFO - Started process (PID=41618) to work on /opt/airflow/dags/etl_dag.py
[2026-02-16T13:43:28.169+0000] {processor.py:830} INFO - Processing file /opt/airflow/dags/etl_dag.py for tasks to queue
[2026-02-16T13:43:28.170+0000] {logging_mixin.py:188} INFO - [2026-02-16T13:43:28.170+0000] {dagbag.py:538} INFO - Filling up the DagBag from /opt/airflow/dags/etl_dag.py
[2026-02-16T13:43:28.220+0000] {logging_mixin.py:188} INFO - Warning: Your Kaggle API key is readable by other users on this system! To fix this, you can run 'chmod 600 /home/airflow/.kaggle/kaggle.json'
[2026-02-16T13:43:28.281+0000] {logging_mixin.py:188} WARNING - /home/airflow/.local/lib/python3.8/site-packages/airflow/models/baseoperator.py:437 AirflowProviderDeprecationWarning: `exists_ok` parameter is deprecated, please use `if_exists`
[2026-02-16T13:43:28.290+0000] {processor.py:840} INFO - DAG(s) 'ecommerce_etl_v2' retrieved from /opt/airflow/dags/etl_dag.py
[2026-02-16T13:43:28.312+0000] {logging_mixin.py:188} INFO - [2026-02-16T13:43:28.312+0000] {dag.py:3036} INFO - Sync 1 DAGs
[2026-02-16T13:43:28.324+0000] {logging_mixin.py:188} INFO - [2026-02-16T13:43:28.324+0000] {dag.py:3823} INFO - Setting next_dagrun for ecommerce_etl_v2 to 2026-02-16 13:00:00+00:00, run_after=2026-02-17 13:00:00+00:00
[2026-02-16T13:43:28.334+0000] {processor.py:183} INFO - Processing /opt/airflow/dags/etl_dag.py took 0.172 seconds
[2026-02-16T13:43:58.490+0000] {processor.py:161} INFO - Started process (PID=41649) to work on /opt/airflow/dags/etl_dag.py
[2026-02-16T13:43:58.491+0000] {processor.py:830} INFO - Processing file /opt/airflow/dags/etl_dag.py for tasks to queue
[2026-02-16T13:43:58.492+0000] {logging_mixin.py:188} INFO - [2026-02-16T13:43:58.492+0000] {dagbag.py:538} INFO - Filling up the DagBag from /opt/airflow/dags/etl_dag.py
[2026-02-16T13:43:58.542+0000] {logging_mixin.py:188} INFO - Warning: Your Kaggle API key is readable by other users on this system! To fix this, you can run 'chmod 600 /home/airflow/.kaggle/kaggle.json'
[2026-02-16T13:43:58.604+0000] {logging_mixin.py:188} WARNING - /home/airflow/.local/lib/python3.8/site-packages/airflow/models/baseoperator.py:437 AirflowProviderDeprecationWarning: `exists_ok` parameter is deprecated, please use `if_exists`
[2026-02-16T13:43:58.613+0000] {processor.py:840} INFO - DAG(s) 'ecommerce_etl_v2' retrieved from /opt/airflow/dags/etl_dag.py
[2026-02-16T13:43:58.633+0000] {logging_mixin.py:188} INFO - [2026-02-16T13:43:58.633+0000] {dag.py:3036} INFO - Sync 1 DAGs
[2026-02-16T13:43:58.649+0000] {logging_mixin.py:188} INFO - [2026-02-16T13:43:58.649+0000] {dag.py:3823} INFO - Setting next_dagrun for ecommerce_etl_v2 to 2026-02-16 13:00:00+00:00, run_after=2026-02-17 13:00:00+00:00
[2026-02-16T13:43:58.660+0000] {processor.py:183} INFO - Processing /opt/airflow/dags/etl_dag.py took 0.175 seconds
[2026-02-16T13:44:28.912+0000] {processor.py:161} INFO - Started process (PID=41680) to work on /opt/airflow/dags/etl_dag.py
[2026-02-16T13:44:28.913+0000] {processor.py:830} INFO - Processing file /opt/airflow/dags/etl_dag.py for tasks to queue
[2026-02-16T13:44:28.914+0000] {logging_mixin.py:188} INFO - [2026-02-16T13:44:28.914+0000] {dagbag.py:538} INFO - Filling up the DagBag from /opt/airflow/dags/etl_dag.py
[2026-02-16T13:44:28.966+0000] {logging_mixin.py:188} INFO - Warning: Your Kaggle API key is readable by other users on this system! To fix this, you can run 'chmod 600 /home/airflow/.kaggle/kaggle.json'
[2026-02-16T13:44:29.031+0000] {logging_mixin.py:188} WARNING - /home/airflow/.local/lib/python3.8/site-packages/airflow/models/baseoperator.py:437 AirflowProviderDeprecationWarning: `exists_ok` parameter is deprecated, please use `if_exists`
[2026-02-16T13:44:29.041+0000] {processor.py:840} INFO - DAG(s) 'ecommerce_etl_v2' retrieved from /opt/airflow/dags/etl_dag.py
[2026-02-16T13:44:29.064+0000] {logging_mixin.py:188} INFO - [2026-02-16T13:44:29.064+0000] {dag.py:3036} INFO - Sync 1 DAGs
[2026-02-16T13:44:29.076+0000] {logging_mixin.py:188} INFO - [2026-02-16T13:44:29.076+0000] {dag.py:3823} INFO - Setting next_dagrun for ecommerce_etl_v2 to 2026-02-16 13:00:00+00:00, run_after=2026-02-17 13:00:00+00:00
[2026-02-16T13:44:29.087+0000] {processor.py:183} INFO - Processing /opt/airflow/dags/etl_dag.py took 0.178 seconds
[2026-02-16T13:44:59.249+0000] {processor.py:161} INFO - Started process (PID=41711) to work on /opt/airflow/dags/etl_dag.py
[2026-02-16T13:44:59.250+0000] {processor.py:830} INFO - Processing file /opt/airflow/dags/etl_dag.py for tasks to queue
[2026-02-16T13:44:59.252+0000] {logging_mixin.py:188} INFO - [2026-02-16T13:44:59.251+0000] {dagbag.py:538} INFO - Filling up the DagBag from /opt/airflow/dags/etl_dag.py
[2026-02-16T13:44:59.308+0000] {logging_mixin.py:188} INFO - Warning: Your Kaggle API key is readable by other users on this system! To fix this, you can run 'chmod 600 /home/airflow/.kaggle/kaggle.json'
[2026-02-16T13:44:59.373+0000] {logging_mixin.py:188} WARNING - /home/airflow/.local/lib/python3.8/site-packages/airflow/models/baseoperator.py:437 AirflowProviderDeprecationWarning: `exists_ok` parameter is deprecated, please use `if_exists`
[2026-02-16T13:44:59.384+0000] {processor.py:840} INFO - DAG(s) 'ecommerce_etl_v2' retrieved from /opt/airflow/dags/etl_dag.py
[2026-02-16T13:44:59.405+0000] {logging_mixin.py:188} INFO - [2026-02-16T13:44:59.405+0000] {dag.py:3036} INFO - Sync 1 DAGs
[2026-02-16T13:44:59.417+0000] {logging_mixin.py:188} INFO - [2026-02-16T13:44:59.417+0000] {dag.py:3823} INFO - Setting next_dagrun for ecommerce_etl_v2 to 2026-02-16 13:00:00+00:00, run_after=2026-02-17 13:00:00+00:00
[2026-02-16T13:44:59.429+0000] {processor.py:183} INFO - Processing /opt/airflow/dags/etl_dag.py took 0.185 seconds
[2026-02-16T13:45:29.624+0000] {processor.py:161} INFO - Started process (PID=41742) to work on /opt/airflow/dags/etl_dag.py
[2026-02-16T13:45:29.625+0000] {processor.py:830} INFO - Processing file /opt/airflow/dags/etl_dag.py for tasks to queue
[2026-02-16T13:45:29.626+0000] {logging_mixin.py:188} INFO - [2026-02-16T13:45:29.626+0000] {dagbag.py:538} INFO - Filling up the DagBag from /opt/airflow/dags/etl_dag.py
[2026-02-16T13:45:29.677+0000] {logging_mixin.py:188} INFO - Warning: Your Kaggle API key is readable by other users on this system! To fix this, you can run 'chmod 600 /home/airflow/.kaggle/kaggle.json'
[2026-02-16T13:45:29.740+0000] {logging_mixin.py:188} WARNING - /home/airflow/.local/lib/python3.8/site-packages/airflow/models/baseoperator.py:437 AirflowProviderDeprecationWarning: `exists_ok` parameter is deprecated, please use `if_exists`
[2026-02-16T13:45:29.749+0000] {processor.py:840} INFO - DAG(s) 'ecommerce_etl_v2' retrieved from /opt/airflow/dags/etl_dag.py
[2026-02-16T13:45:29.769+0000] {logging_mixin.py:188} INFO - [2026-02-16T13:45:29.769+0000] {dag.py:3036} INFO - Sync 1 DAGs
[2026-02-16T13:45:29.780+0000] {logging_mixin.py:188} INFO - [2026-02-16T13:45:29.780+0000] {dag.py:3823} INFO - Setting next_dagrun for ecommerce_etl_v2 to 2026-02-16 13:00:00+00:00, run_after=2026-02-17 13:00:00+00:00
[2026-02-16T13:45:29.790+0000] {processor.py:183} INFO - Processing /opt/airflow/dags/etl_dag.py took 0.171 seconds
[2026-02-16T13:46:00.007+0000] {processor.py:161} INFO - Started process (PID=41773) to work on /opt/airflow/dags/etl_dag.py
[2026-02-16T13:46:00.008+0000] {processor.py:830} INFO - Processing file /opt/airflow/dags/etl_dag.py for tasks to queue
[2026-02-16T13:46:00.009+0000] {logging_mixin.py:188} INFO - [2026-02-16T13:46:00.009+0000] {dagbag.py:538} INFO - Filling up the DagBag from /opt/airflow/dags/etl_dag.py
[2026-02-16T13:46:00.055+0000] {logging_mixin.py:188} INFO - Warning: Your Kaggle API key is readable by other users on this system! To fix this, you can run 'chmod 600 /home/airflow/.kaggle/kaggle.json'
[2026-02-16T13:46:00.115+0000] {logging_mixin.py:188} WARNING - /home/airflow/.local/lib/python3.8/site-packages/airflow/models/baseoperator.py:437 AirflowProviderDeprecationWarning: `exists_ok` parameter is deprecated, please use `if_exists`
[2026-02-16T13:46:00.124+0000] {processor.py:840} INFO - DAG(s) 'ecommerce_etl_v2' retrieved from /opt/airflow/dags/etl_dag.py
[2026-02-16T13:46:00.142+0000] {logging_mixin.py:188} INFO - [2026-02-16T13:46:00.142+0000] {dag.py:3036} INFO - Sync 1 DAGs
[2026-02-16T13:46:00.153+0000] {logging_mixin.py:188} INFO - [2026-02-16T13:46:00.152+0000] {dag.py:3823} INFO - Setting next_dagrun for ecommerce_etl_v2 to 2026-02-16 13:00:00+00:00, run_after=2026-02-17 13:00:00+00:00
[2026-02-16T13:46:00.162+0000] {processor.py:183} INFO - Processing /opt/airflow/dags/etl_dag.py took 0.160 seconds
[2026-02-16T13:46:30.384+0000] {processor.py:161} INFO - Started process (PID=41804) to work on /opt/airflow/dags/etl_dag.py
[2026-02-16T13:46:30.385+0000] {processor.py:830} INFO - Processing file /opt/airflow/dags/etl_dag.py for tasks to queue
[2026-02-16T13:46:30.386+0000] {logging_mixin.py:188} INFO - [2026-02-16T13:46:30.386+0000] {dagbag.py:538} INFO - Filling up the DagBag from /opt/airflow/dags/etl_dag.py
[2026-02-16T13:46:30.430+0000] {logging_mixin.py:188} INFO - Warning: Your Kaggle API key is readable by other users on this system! To fix this, you can run 'chmod 600 /home/airflow/.kaggle/kaggle.json'
[2026-02-16T13:46:30.491+0000] {logging_mixin.py:188} WARNING - /home/airflow/.local/lib/python3.8/site-packages/airflow/models/baseoperator.py:437 AirflowProviderDeprecationWarning: `exists_ok` parameter is deprecated, please use `if_exists`
[2026-02-16T13:46:30.502+0000] {processor.py:840} INFO - DAG(s) 'ecommerce_etl_v2' retrieved from /opt/airflow/dags/etl_dag.py
[2026-02-16T13:46:30.523+0000] {logging_mixin.py:188} INFO - [2026-02-16T13:46:30.523+0000] {dag.py:3036} INFO - Sync 1 DAGs
[2026-02-16T13:46:30.535+0000] {logging_mixin.py:188} INFO - [2026-02-16T13:46:30.535+0000] {dag.py:3823} INFO - Setting next_dagrun for ecommerce_etl_v2 to 2026-02-16 13:00:00+00:00, run_after=2026-02-17 13:00:00+00:00
[2026-02-16T13:46:30.543+0000] {processor.py:183} INFO - Processing /opt/airflow/dags/etl_dag.py took 0.162 seconds
[2026-02-16T13:47:00.748+0000] {processor.py:161} INFO - Started process (PID=41835) to work on /opt/airflow/dags/etl_dag.py
[2026-02-16T13:47:00.749+0000] {processor.py:830} INFO - Processing file /opt/airflow/dags/etl_dag.py for tasks to queue
[2026-02-16T13:47:00.751+0000] {logging_mixin.py:188} INFO - [2026-02-16T13:47:00.750+0000] {dagbag.py:538} INFO - Filling up the DagBag from /opt/airflow/dags/etl_dag.py
[2026-02-16T13:47:00.803+0000] {logging_mixin.py:188} INFO - Warning: Your Kaggle API key is readable by other users on this system! To fix this, you can run 'chmod 600 /home/airflow/.kaggle/kaggle.json'
[2026-02-16T13:47:00.865+0000] {logging_mixin.py:188} WARNING - /home/airflow/.local/lib/python3.8/site-packages/airflow/models/baseoperator.py:437 AirflowProviderDeprecationWarning: `exists_ok` parameter is deprecated, please use `if_exists`
[2026-02-16T13:47:00.874+0000] {processor.py:840} INFO - DAG(s) 'ecommerce_etl_v2' retrieved from /opt/airflow/dags/etl_dag.py
[2026-02-16T13:47:00.897+0000] {logging_mixin.py:188} INFO - [2026-02-16T13:47:00.897+0000] {dag.py:3036} INFO - Sync 1 DAGs
[2026-02-16T13:47:00.908+0000] {logging_mixin.py:188} INFO - [2026-02-16T13:47:00.908+0000] {dag.py:3823} INFO - Setting next_dagrun for ecommerce_etl_v2 to 2026-02-16 13:00:00+00:00, run_after=2026-02-17 13:00:00+00:00
[2026-02-16T13:47:00.917+0000] {processor.py:183} INFO - Processing /opt/airflow/dags/etl_dag.py took 0.176 seconds
[2026-02-16T13:47:31.197+0000] {processor.py:161} INFO - Started process (PID=41866) to work on /opt/airflow/dags/etl_dag.py
[2026-02-16T13:47:31.200+0000] {processor.py:830} INFO - Processing file /opt/airflow/dags/etl_dag.py for tasks to queue
[2026-02-16T13:47:31.201+0000] {logging_mixin.py:188} INFO - [2026-02-16T13:47:31.200+0000] {dagbag.py:538} INFO - Filling up the DagBag from /opt/airflow/dags/etl_dag.py
[2026-02-16T13:47:31.247+0000] {logging_mixin.py:188} INFO - Warning: Your Kaggle API key is readable by other users on this system! To fix this, you can run 'chmod 600 /home/airflow/.kaggle/kaggle.json'
[2026-02-16T13:47:31.310+0000] {logging_mixin.py:188} WARNING - /home/airflow/.local/lib/python3.8/site-packages/airflow/models/baseoperator.py:437 AirflowProviderDeprecationWarning: `exists_ok` parameter is deprecated, please use `if_exists`
[2026-02-16T13:47:31.320+0000] {processor.py:840} INFO - DAG(s) 'ecommerce_etl_v2' retrieved from /opt/airflow/dags/etl_dag.py
[2026-02-16T13:47:31.339+0000] {logging_mixin.py:188} INFO - [2026-02-16T13:47:31.339+0000] {dag.py:3036} INFO - Sync 1 DAGs
[2026-02-16T13:47:31.351+0000] {logging_mixin.py:188} INFO - [2026-02-16T13:47:31.350+0000] {dag.py:3823} INFO - Setting next_dagrun for ecommerce_etl_v2 to 2026-02-16 13:00:00+00:00, run_after=2026-02-17 13:00:00+00:00
[2026-02-16T13:47:31.359+0000] {processor.py:183} INFO - Processing /opt/airflow/dags/etl_dag.py took 0.166 seconds
[2026-02-16T13:48:01.542+0000] {processor.py:161} INFO - Started process (PID=41897) to work on /opt/airflow/dags/etl_dag.py
[2026-02-16T13:48:01.543+0000] {processor.py:830} INFO - Processing file /opt/airflow/dags/etl_dag.py for tasks to queue
[2026-02-16T13:48:01.544+0000] {logging_mixin.py:188} INFO - [2026-02-16T13:48:01.544+0000] {dagbag.py:538} INFO - Filling up the DagBag from /opt/airflow/dags/etl_dag.py
[2026-02-16T13:48:01.592+0000] {logging_mixin.py:188} INFO - Warning: Your Kaggle API key is readable by other users on this system! To fix this, you can run 'chmod 600 /home/airflow/.kaggle/kaggle.json'
[2026-02-16T13:48:01.651+0000] {logging_mixin.py:188} WARNING - /home/airflow/.local/lib/python3.8/site-packages/airflow/models/baseoperator.py:437 AirflowProviderDeprecationWarning: `exists_ok` parameter is deprecated, please use `if_exists`
[2026-02-16T13:48:01.660+0000] {processor.py:840} INFO - DAG(s) 'ecommerce_etl_v2' retrieved from /opt/airflow/dags/etl_dag.py
[2026-02-16T13:48:01.678+0000] {logging_mixin.py:188} INFO - [2026-02-16T13:48:01.678+0000] {dag.py:3036} INFO - Sync 1 DAGs
[2026-02-16T13:48:01.688+0000] {logging_mixin.py:188} INFO - [2026-02-16T13:48:01.688+0000] {dag.py:3823} INFO - Setting next_dagrun for ecommerce_etl_v2 to 2026-02-16 13:00:00+00:00, run_after=2026-02-17 13:00:00+00:00
[2026-02-16T13:48:01.698+0000] {processor.py:183} INFO - Processing /opt/airflow/dags/etl_dag.py took 0.160 seconds
[2026-02-16T13:48:32.029+0000] {processor.py:161} INFO - Started process (PID=41928) to work on /opt/airflow/dags/etl_dag.py
[2026-02-16T13:48:32.032+0000] {processor.py:830} INFO - Processing file /opt/airflow/dags/etl_dag.py for tasks to queue
[2026-02-16T13:48:32.033+0000] {logging_mixin.py:188} INFO - [2026-02-16T13:48:32.032+0000] {dagbag.py:538} INFO - Filling up the DagBag from /opt/airflow/dags/etl_dag.py
[2026-02-16T13:48:32.080+0000] {logging_mixin.py:188} INFO - Warning: Your Kaggle API key is readable by other users on this system! To fix this, you can run 'chmod 600 /home/airflow/.kaggle/kaggle.json'
[2026-02-16T13:48:32.140+0000] {logging_mixin.py:188} WARNING - /home/airflow/.local/lib/python3.8/site-packages/airflow/models/baseoperator.py:437 AirflowProviderDeprecationWarning: `exists_ok` parameter is deprecated, please use `if_exists`
[2026-02-16T13:48:32.149+0000] {processor.py:840} INFO - DAG(s) 'ecommerce_etl_v2' retrieved from /opt/airflow/dags/etl_dag.py
[2026-02-16T13:48:32.168+0000] {logging_mixin.py:188} INFO - [2026-02-16T13:48:32.168+0000] {dag.py:3036} INFO - Sync 1 DAGs
[2026-02-16T13:48:32.181+0000] {logging_mixin.py:188} INFO - [2026-02-16T13:48:32.180+0000] {dag.py:3823} INFO - Setting next_dagrun for ecommerce_etl_v2 to 2026-02-16 13:00:00+00:00, run_after=2026-02-17 13:00:00+00:00
[2026-02-16T13:48:32.191+0000] {processor.py:183} INFO - Processing /opt/airflow/dags/etl_dag.py took 0.166 seconds
[2026-02-16T13:49:02.358+0000] {processor.py:161} INFO - Started process (PID=41959) to work on /opt/airflow/dags/etl_dag.py
[2026-02-16T13:49:02.359+0000] {processor.py:830} INFO - Processing file /opt/airflow/dags/etl_dag.py for tasks to queue
[2026-02-16T13:49:02.361+0000] {logging_mixin.py:188} INFO - [2026-02-16T13:49:02.360+0000] {dagbag.py:538} INFO - Filling up the DagBag from /opt/airflow/dags/etl_dag.py
[2026-02-16T13:49:02.439+0000] {logging_mixin.py:188} INFO - Warning: Your Kaggle API key is readable by other users on this system! To fix this, you can run 'chmod 600 /home/airflow/.kaggle/kaggle.json'
[2026-02-16T13:49:02.582+0000] {logging_mixin.py:188} WARNING - /home/airflow/.local/lib/python3.8/site-packages/airflow/models/baseoperator.py:437 AirflowProviderDeprecationWarning: `exists_ok` parameter is deprecated, please use `if_exists`
[2026-02-16T13:49:02.599+0000] {processor.py:840} INFO - DAG(s) 'ecommerce_etl_v2' retrieved from /opt/airflow/dags/etl_dag.py
[2026-02-16T13:49:02.639+0000] {logging_mixin.py:188} INFO - [2026-02-16T13:49:02.638+0000] {dag.py:3036} INFO - Sync 1 DAGs
[2026-02-16T13:49:02.656+0000] {logging_mixin.py:188} INFO - [2026-02-16T13:49:02.656+0000] {dag.py:3823} INFO - Setting next_dagrun for ecommerce_etl_v2 to 2026-02-16 13:00:00+00:00, run_after=2026-02-17 13:00:00+00:00
[2026-02-16T13:49:02.668+0000] {processor.py:183} INFO - Processing /opt/airflow/dags/etl_dag.py took 0.347 seconds
[2026-02-16T13:49:32.719+0000] {processor.py:161} INFO - Started process (PID=41990) to work on /opt/airflow/dags/etl_dag.py
[2026-02-16T13:49:32.720+0000] {processor.py:830} INFO - Processing file /opt/airflow/dags/etl_dag.py for tasks to queue
[2026-02-16T13:49:32.721+0000] {logging_mixin.py:188} INFO - [2026-02-16T13:49:32.721+0000] {dagbag.py:538} INFO - Filling up the DagBag from /opt/airflow/dags/etl_dag.py
[2026-02-16T13:49:32.778+0000] {logging_mixin.py:188} INFO - Warning: Your Kaggle API key is readable by other users on this system! To fix this, you can run 'chmod 600 /home/airflow/.kaggle/kaggle.json'
[2026-02-16T13:49:32.840+0000] {logging_mixin.py:188} WARNING - /home/airflow/.local/lib/python3.8/site-packages/airflow/models/baseoperator.py:437 AirflowProviderDeprecationWarning: `exists_ok` parameter is deprecated, please use `if_exists`
[2026-02-16T13:49:32.850+0000] {processor.py:840} INFO - DAG(s) 'ecommerce_etl_v2' retrieved from /opt/airflow/dags/etl_dag.py
[2026-02-16T13:49:32.870+0000] {logging_mixin.py:188} INFO - [2026-02-16T13:49:32.870+0000] {dag.py:3036} INFO - Sync 1 DAGs
[2026-02-16T13:49:32.884+0000] {logging_mixin.py:188} INFO - [2026-02-16T13:49:32.884+0000] {dag.py:3823} INFO - Setting next_dagrun for ecommerce_etl_v2 to 2026-02-16 13:00:00+00:00, run_after=2026-02-17 13:00:00+00:00
[2026-02-16T13:49:32.894+0000] {processor.py:183} INFO - Processing /opt/airflow/dags/etl_dag.py took 0.179 seconds
[2026-02-16T13:50:03.027+0000] {processor.py:161} INFO - Started process (PID=42021) to work on /opt/airflow/dags/etl_dag.py
[2026-02-16T13:50:03.028+0000] {processor.py:830} INFO - Processing file /opt/airflow/dags/etl_dag.py for tasks to queue
[2026-02-16T13:50:03.028+0000] {logging_mixin.py:188} INFO - [2026-02-16T13:50:03.028+0000] {dagbag.py:538} INFO - Filling up the DagBag from /opt/airflow/dags/etl_dag.py
[2026-02-16T13:50:03.070+0000] {logging_mixin.py:188} INFO - Warning: Your Kaggle API key is readable by other users on this system! To fix this, you can run 'chmod 600 /home/airflow/.kaggle/kaggle.json'
[2026-02-16T13:50:03.133+0000] {logging_mixin.py:188} WARNING - /home/airflow/.local/lib/python3.8/site-packages/airflow/models/baseoperator.py:437 AirflowProviderDeprecationWarning: `exists_ok` parameter is deprecated, please use `if_exists`
[2026-02-16T13:50:03.143+0000] {processor.py:840} INFO - DAG(s) 'ecommerce_etl_v2' retrieved from /opt/airflow/dags/etl_dag.py
[2026-02-16T13:50:03.165+0000] {logging_mixin.py:188} INFO - [2026-02-16T13:50:03.165+0000] {dag.py:3036} INFO - Sync 1 DAGs
[2026-02-16T13:50:03.177+0000] {logging_mixin.py:188} INFO - [2026-02-16T13:50:03.177+0000] {dag.py:3823} INFO - Setting next_dagrun for ecommerce_etl_v2 to 2026-02-16 13:00:00+00:00, run_after=2026-02-17 13:00:00+00:00
[2026-02-16T13:50:03.188+0000] {processor.py:183} INFO - Processing /opt/airflow/dags/etl_dag.py took 0.164 seconds
[2026-02-16T13:50:33.511+0000] {processor.py:161} INFO - Started process (PID=42052) to work on /opt/airflow/dags/etl_dag.py
[2026-02-16T13:50:33.512+0000] {processor.py:830} INFO - Processing file /opt/airflow/dags/etl_dag.py for tasks to queue
[2026-02-16T13:50:33.513+0000] {logging_mixin.py:188} INFO - [2026-02-16T13:50:33.512+0000] {dagbag.py:538} INFO - Filling up the DagBag from /opt/airflow/dags/etl_dag.py
[2026-02-16T13:50:33.551+0000] {logging_mixin.py:188} INFO - Warning: Your Kaggle API key is readable by other users on this system! To fix this, you can run 'chmod 600 /home/airflow/.kaggle/kaggle.json'
[2026-02-16T13:50:33.614+0000] {logging_mixin.py:188} WARNING - /home/airflow/.local/lib/python3.8/site-packages/airflow/models/baseoperator.py:437 AirflowProviderDeprecationWarning: `exists_ok` parameter is deprecated, please use `if_exists`
[2026-02-16T13:50:33.625+0000] {processor.py:840} INFO - DAG(s) 'ecommerce_etl_v2' retrieved from /opt/airflow/dags/etl_dag.py
[2026-02-16T13:50:33.648+0000] {logging_mixin.py:188} INFO - [2026-02-16T13:50:33.648+0000] {dag.py:3036} INFO - Sync 1 DAGs
[2026-02-16T13:50:33.660+0000] {logging_mixin.py:188} INFO - [2026-02-16T13:50:33.660+0000] {dag.py:3823} INFO - Setting next_dagrun for ecommerce_etl_v2 to 2026-02-16 13:00:00+00:00, run_after=2026-02-17 13:00:00+00:00
[2026-02-16T13:50:33.672+0000] {processor.py:183} INFO - Processing /opt/airflow/dags/etl_dag.py took 0.163 seconds
[2026-02-16T13:51:03.888+0000] {processor.py:161} INFO - Started process (PID=42083) to work on /opt/airflow/dags/etl_dag.py
[2026-02-16T13:51:03.889+0000] {processor.py:830} INFO - Processing file /opt/airflow/dags/etl_dag.py for tasks to queue
[2026-02-16T13:51:03.890+0000] {logging_mixin.py:188} INFO - [2026-02-16T13:51:03.890+0000] {dagbag.py:538} INFO - Filling up the DagBag from /opt/airflow/dags/etl_dag.py
[2026-02-16T13:51:03.935+0000] {logging_mixin.py:188} INFO - Warning: Your Kaggle API key is readable by other users on this system! To fix this, you can run 'chmod 600 /home/airflow/.kaggle/kaggle.json'
[2026-02-16T13:51:03.995+0000] {logging_mixin.py:188} WARNING - /home/airflow/.local/lib/python3.8/site-packages/airflow/models/baseoperator.py:437 AirflowProviderDeprecationWarning: `exists_ok` parameter is deprecated, please use `if_exists`
[2026-02-16T13:51:04.004+0000] {processor.py:840} INFO - DAG(s) 'ecommerce_etl_v2' retrieved from /opt/airflow/dags/etl_dag.py
[2026-02-16T13:51:04.023+0000] {logging_mixin.py:188} INFO - [2026-02-16T13:51:04.022+0000] {dag.py:3036} INFO - Sync 1 DAGs
[2026-02-16T13:51:04.033+0000] {logging_mixin.py:188} INFO - [2026-02-16T13:51:04.033+0000] {dag.py:3823} INFO - Setting next_dagrun for ecommerce_etl_v2 to 2026-02-16 13:00:00+00:00, run_after=2026-02-17 13:00:00+00:00
[2026-02-16T13:51:04.041+0000] {processor.py:183} INFO - Processing /opt/airflow/dags/etl_dag.py took 0.158 seconds
[2026-02-16T13:51:34.339+0000] {processor.py:161} INFO - Started process (PID=42114) to work on /opt/airflow/dags/etl_dag.py
[2026-02-16T13:51:34.340+0000] {processor.py:830} INFO - Processing file /opt/airflow/dags/etl_dag.py for tasks to queue
[2026-02-16T13:51:34.341+0000] {logging_mixin.py:188} INFO - [2026-02-16T13:51:34.341+0000] {dagbag.py:538} INFO - Filling up the DagBag from /opt/airflow/dags/etl_dag.py
[2026-02-16T13:51:34.388+0000] {logging_mixin.py:188} INFO - Warning: Your Kaggle API key is readable by other users on this system! To fix this, you can run 'chmod 600 /home/airflow/.kaggle/kaggle.json'
[2026-02-16T13:51:34.448+0000] {logging_mixin.py:188} WARNING - /home/airflow/.local/lib/python3.8/site-packages/airflow/models/baseoperator.py:437 AirflowProviderDeprecationWarning: `exists_ok` parameter is deprecated, please use `if_exists`
[2026-02-16T13:51:34.460+0000] {processor.py:840} INFO - DAG(s) 'ecommerce_etl_v2' retrieved from /opt/airflow/dags/etl_dag.py
[2026-02-16T13:51:34.478+0000] {logging_mixin.py:188} INFO - [2026-02-16T13:51:34.478+0000] {dag.py:3036} INFO - Sync 1 DAGs
[2026-02-16T13:51:34.489+0000] {logging_mixin.py:188} INFO - [2026-02-16T13:51:34.489+0000] {dag.py:3823} INFO - Setting next_dagrun for ecommerce_etl_v2 to 2026-02-16 13:00:00+00:00, run_after=2026-02-17 13:00:00+00:00
[2026-02-16T13:51:34.497+0000] {processor.py:183} INFO - Processing /opt/airflow/dags/etl_dag.py took 0.162 seconds
[2026-02-16T13:52:04.692+0000] {processor.py:161} INFO - Started process (PID=42145) to work on /opt/airflow/dags/etl_dag.py
[2026-02-16T13:52:04.693+0000] {processor.py:830} INFO - Processing file /opt/airflow/dags/etl_dag.py for tasks to queue
[2026-02-16T13:52:04.695+0000] {logging_mixin.py:188} INFO - [2026-02-16T13:52:04.694+0000] {dagbag.py:538} INFO - Filling up the DagBag from /opt/airflow/dags/etl_dag.py
[2026-02-16T13:52:04.741+0000] {logging_mixin.py:188} INFO - Warning: Your Kaggle API key is readable by other users on this system! To fix this, you can run 'chmod 600 /home/airflow/.kaggle/kaggle.json'
[2026-02-16T13:52:04.801+0000] {logging_mixin.py:188} WARNING - /home/airflow/.local/lib/python3.8/site-packages/airflow/models/baseoperator.py:437 AirflowProviderDeprecationWarning: `exists_ok` parameter is deprecated, please use `if_exists`
[2026-02-16T13:52:04.810+0000] {processor.py:840} INFO - DAG(s) 'ecommerce_etl_v2' retrieved from /opt/airflow/dags/etl_dag.py
[2026-02-16T13:52:04.828+0000] {logging_mixin.py:188} INFO - [2026-02-16T13:52:04.828+0000] {dag.py:3036} INFO - Sync 1 DAGs
[2026-02-16T13:52:04.838+0000] {logging_mixin.py:188} INFO - [2026-02-16T13:52:04.838+0000] {dag.py:3823} INFO - Setting next_dagrun for ecommerce_etl_v2 to 2026-02-16 13:00:00+00:00, run_after=2026-02-17 13:00:00+00:00
[2026-02-16T13:52:04.846+0000] {processor.py:183} INFO - Processing /opt/airflow/dags/etl_dag.py took 0.159 seconds
[2026-02-16T13:52:35.154+0000] {processor.py:161} INFO - Started process (PID=42176) to work on /opt/airflow/dags/etl_dag.py
[2026-02-16T13:52:35.155+0000] {processor.py:830} INFO - Processing file /opt/airflow/dags/etl_dag.py for tasks to queue
[2026-02-16T13:52:35.156+0000] {logging_mixin.py:188} INFO - [2026-02-16T13:52:35.156+0000] {dagbag.py:538} INFO - Filling up the DagBag from /opt/airflow/dags/etl_dag.py
[2026-02-16T13:52:35.200+0000] {logging_mixin.py:188} INFO - Warning: Your Kaggle API key is readable by other users on this system! To fix this, you can run 'chmod 600 /home/airflow/.kaggle/kaggle.json'
[2026-02-16T13:52:35.260+0000] {logging_mixin.py:188} WARNING - /home/airflow/.local/lib/python3.8/site-packages/airflow/models/baseoperator.py:437 AirflowProviderDeprecationWarning: `exists_ok` parameter is deprecated, please use `if_exists`
[2026-02-16T13:52:35.269+0000] {processor.py:840} INFO - DAG(s) 'ecommerce_etl_v2' retrieved from /opt/airflow/dags/etl_dag.py
[2026-02-16T13:52:35.288+0000] {logging_mixin.py:188} INFO - [2026-02-16T13:52:35.288+0000] {dag.py:3036} INFO - Sync 1 DAGs
[2026-02-16T13:52:35.298+0000] {logging_mixin.py:188} INFO - [2026-02-16T13:52:35.298+0000] {dag.py:3823} INFO - Setting next_dagrun for ecommerce_etl_v2 to 2026-02-16 13:00:00+00:00, run_after=2026-02-17 13:00:00+00:00
[2026-02-16T13:52:35.306+0000] {processor.py:183} INFO - Processing /opt/airflow/dags/etl_dag.py took 0.156 seconds
[2026-02-16T13:53:05.578+0000] {processor.py:161} INFO - Started process (PID=42207) to work on /opt/airflow/dags/etl_dag.py
[2026-02-16T13:53:05.579+0000] {processor.py:830} INFO - Processing file /opt/airflow/dags/etl_dag.py for tasks to queue
[2026-02-16T13:53:05.579+0000] {logging_mixin.py:188} INFO - [2026-02-16T13:53:05.579+0000] {dagbag.py:538} INFO - Filling up the DagBag from /opt/airflow/dags/etl_dag.py
[2026-02-16T13:53:05.619+0000] {logging_mixin.py:188} INFO - Warning: Your Kaggle API key is readable by other users on this system! To fix this, you can run 'chmod 600 /home/airflow/.kaggle/kaggle.json'
[2026-02-16T13:53:05.678+0000] {logging_mixin.py:188} WARNING - /home/airflow/.local/lib/python3.8/site-packages/airflow/models/baseoperator.py:437 AirflowProviderDeprecationWarning: `exists_ok` parameter is deprecated, please use `if_exists`
[2026-02-16T13:53:05.686+0000] {processor.py:840} INFO - DAG(s) 'ecommerce_etl_v2' retrieved from /opt/airflow/dags/etl_dag.py
[2026-02-16T13:53:05.704+0000] {logging_mixin.py:188} INFO - [2026-02-16T13:53:05.704+0000] {dag.py:3036} INFO - Sync 1 DAGs
[2026-02-16T13:53:05.717+0000] {logging_mixin.py:188} INFO - [2026-02-16T13:53:05.717+0000] {dag.py:3823} INFO - Setting next_dagrun for ecommerce_etl_v2 to 2026-02-16 13:00:00+00:00, run_after=2026-02-17 13:00:00+00:00
[2026-02-16T13:53:05.726+0000] {processor.py:183} INFO - Processing /opt/airflow/dags/etl_dag.py took 0.150 seconds
[2026-02-16T15:15:04.626+0000] {processor.py:161} INFO - Started process (PID=42240) to work on /opt/airflow/dags/etl_dag.py
[2026-02-16T15:15:04.627+0000] {processor.py:830} INFO - Processing file /opt/airflow/dags/etl_dag.py for tasks to queue
[2026-02-16T15:15:04.627+0000] {logging_mixin.py:188} INFO - [2026-02-16T15:15:04.627+0000] {dagbag.py:538} INFO - Filling up the DagBag from /opt/airflow/dags/etl_dag.py
[2026-02-16T15:15:04.680+0000] {logging_mixin.py:188} INFO - Warning: Your Kaggle API key is readable by other users on this system! To fix this, you can run 'chmod 600 /home/airflow/.kaggle/kaggle.json'
[2026-02-16T15:15:04.752+0000] {logging_mixin.py:188} WARNING - /home/airflow/.local/lib/python3.8/site-packages/airflow/models/baseoperator.py:437 AirflowProviderDeprecationWarning: `exists_ok` parameter is deprecated, please use `if_exists`
[2026-02-16T15:15:04.766+0000] {processor.py:840} INFO - DAG(s) 'ecommerce_etl_v2' retrieved from /opt/airflow/dags/etl_dag.py
[2026-02-16T15:15:04.803+0000] {logging_mixin.py:188} INFO - [2026-02-16T15:15:04.802+0000] {dag.py:3036} INFO - Sync 1 DAGs
[2026-02-16T15:15:04.821+0000] {logging_mixin.py:188} INFO - [2026-02-16T15:15:04.821+0000] {dag.py:3823} INFO - Setting next_dagrun for ecommerce_etl_v2 to 2026-02-16 13:00:00+00:00, run_after=2026-02-17 13:00:00+00:00
[2026-02-16T15:15:04.836+0000] {processor.py:183} INFO - Processing /opt/airflow/dags/etl_dag.py took 0.213 seconds
[2026-02-16T15:56:27.575+0000] {processor.py:161} INFO - Started process (PID=42271) to work on /opt/airflow/dags/etl_dag.py
[2026-02-16T15:56:27.576+0000] {processor.py:830} INFO - Processing file /opt/airflow/dags/etl_dag.py for tasks to queue
[2026-02-16T15:56:27.576+0000] {logging_mixin.py:188} INFO - [2026-02-16T15:56:27.576+0000] {dagbag.py:538} INFO - Filling up the DagBag from /opt/airflow/dags/etl_dag.py
[2026-02-16T15:56:27.626+0000] {logging_mixin.py:188} INFO - Warning: Your Kaggle API key is readable by other users on this system! To fix this, you can run 'chmod 600 /home/airflow/.kaggle/kaggle.json'
[2026-02-16T15:56:27.697+0000] {logging_mixin.py:188} WARNING - /home/airflow/.local/lib/python3.8/site-packages/airflow/models/baseoperator.py:437 AirflowProviderDeprecationWarning: `exists_ok` parameter is deprecated, please use `if_exists`
[2026-02-16T15:56:27.709+0000] {processor.py:840} INFO - DAG(s) 'ecommerce_etl_v2' retrieved from /opt/airflow/dags/etl_dag.py
[2026-02-16T15:56:27.739+0000] {logging_mixin.py:188} INFO - [2026-02-16T15:56:27.739+0000] {dag.py:3036} INFO - Sync 1 DAGs
[2026-02-16T15:56:27.761+0000] {logging_mixin.py:188} INFO - [2026-02-16T15:56:27.760+0000] {dag.py:3823} INFO - Setting next_dagrun for ecommerce_etl_v2 to 2026-02-16 13:00:00+00:00, run_after=2026-02-17 13:00:00+00:00
[2026-02-16T15:56:27.776+0000] {processor.py:183} INFO - Processing /opt/airflow/dags/etl_dag.py took 0.203 seconds
[2026-02-16T17:10:09.905+0000] {processor.py:161} INFO - Started process (PID=42302) to work on /opt/airflow/dags/etl_dag.py
[2026-02-16T17:10:09.906+0000] {processor.py:830} INFO - Processing file /opt/airflow/dags/etl_dag.py for tasks to queue
[2026-02-16T17:10:09.907+0000] {logging_mixin.py:188} INFO - [2026-02-16T17:10:09.906+0000] {dagbag.py:538} INFO - Filling up the DagBag from /opt/airflow/dags/etl_dag.py
[2026-02-16T17:10:09.946+0000] {logging_mixin.py:188} INFO - Warning: Your Kaggle API key is readable by other users on this system! To fix this, you can run 'chmod 600 /home/airflow/.kaggle/kaggle.json'
[2026-02-16T17:10:10.007+0000] {logging_mixin.py:188} WARNING - /home/airflow/.local/lib/python3.8/site-packages/airflow/models/baseoperator.py:437 AirflowProviderDeprecationWarning: `exists_ok` parameter is deprecated, please use `if_exists`
[2026-02-16T17:10:10.018+0000] {processor.py:840} INFO - DAG(s) 'ecommerce_etl_v2' retrieved from /opt/airflow/dags/etl_dag.py
[2026-02-16T17:10:10.038+0000] {logging_mixin.py:188} INFO - [2026-02-16T17:10:10.038+0000] {dag.py:3036} INFO - Sync 1 DAGs
[2026-02-16T17:10:10.050+0000] {logging_mixin.py:188} INFO - [2026-02-16T17:10:10.050+0000] {dag.py:3823} INFO - Setting next_dagrun for ecommerce_etl_v2 to 2026-02-16 13:00:00+00:00, run_after=2026-02-17 13:00:00+00:00
[2026-02-16T17:10:10.060+0000] {processor.py:183} INFO - Processing /opt/airflow/dags/etl_dag.py took 0.159 seconds
[2026-02-16T17:41:21.583+0000] {processor.py:161} INFO - Started process (PID=42333) to work on /opt/airflow/dags/etl_dag.py
[2026-02-16T17:41:21.585+0000] {processor.py:830} INFO - Processing file /opt/airflow/dags/etl_dag.py for tasks to queue
[2026-02-16T17:41:21.585+0000] {logging_mixin.py:188} INFO - [2026-02-16T17:41:21.585+0000] {dagbag.py:538} INFO - Filling up the DagBag from /opt/airflow/dags/etl_dag.py
[2026-02-16T17:41:21.630+0000] {logging_mixin.py:188} INFO - Warning: Your Kaggle API key is readable by other users on this system! To fix this, you can run 'chmod 600 /home/airflow/.kaggle/kaggle.json'
[2026-02-16T17:41:21.698+0000] {logging_mixin.py:188} WARNING - /home/airflow/.local/lib/python3.8/site-packages/airflow/models/baseoperator.py:437 AirflowProviderDeprecationWarning: `exists_ok` parameter is deprecated, please use `if_exists`
[2026-02-16T17:41:21.709+0000] {processor.py:840} INFO - DAG(s) 'ecommerce_etl_v2' retrieved from /opt/airflow/dags/etl_dag.py
[2026-02-16T17:41:21.732+0000] {logging_mixin.py:188} INFO - [2026-02-16T17:41:21.732+0000] {dag.py:3036} INFO - Sync 1 DAGs
[2026-02-16T17:41:21.746+0000] {logging_mixin.py:188} INFO - [2026-02-16T17:41:21.746+0000] {dag.py:3823} INFO - Setting next_dagrun for ecommerce_etl_v2 to 2026-02-16 13:00:00+00:00, run_after=2026-02-17 13:00:00+00:00
[2026-02-16T17:41:21.757+0000] {processor.py:183} INFO - Processing /opt/airflow/dags/etl_dag.py took 0.176 seconds
[2026-02-16T17:49:32.071+0000] {processor.py:161} INFO - Started process (PID=42366) to work on /opt/airflow/dags/etl_dag.py
[2026-02-16T17:49:32.072+0000] {processor.py:830} INFO - Processing file /opt/airflow/dags/etl_dag.py for tasks to queue
[2026-02-16T17:49:32.072+0000] {logging_mixin.py:188} INFO - [2026-02-16T17:49:32.072+0000] {dagbag.py:538} INFO - Filling up the DagBag from /opt/airflow/dags/etl_dag.py
[2026-02-16T17:49:32.112+0000] {logging_mixin.py:188} INFO - Warning: Your Kaggle API key is readable by other users on this system! To fix this, you can run 'chmod 600 /home/airflow/.kaggle/kaggle.json'
[2026-02-16T17:49:32.174+0000] {logging_mixin.py:188} WARNING - /home/airflow/.local/lib/python3.8/site-packages/airflow/models/baseoperator.py:437 AirflowProviderDeprecationWarning: `exists_ok` parameter is deprecated, please use `if_exists`
[2026-02-16T17:49:32.183+0000] {processor.py:840} INFO - DAG(s) 'ecommerce_etl_v2' retrieved from /opt/airflow/dags/etl_dag.py
[2026-02-16T17:49:32.202+0000] {logging_mixin.py:188} INFO - [2026-02-16T17:49:32.202+0000] {dag.py:3036} INFO - Sync 1 DAGs
[2026-02-16T17:49:32.213+0000] {logging_mixin.py:188} INFO - [2026-02-16T17:49:32.213+0000] {dag.py:3823} INFO - Setting next_dagrun for ecommerce_etl_v2 to 2026-02-16 13:00:00+00:00, run_after=2026-02-17 13:00:00+00:00
[2026-02-16T17:49:32.223+0000] {processor.py:183} INFO - Processing /opt/airflow/dags/etl_dag.py took 0.154 seconds
[2026-02-16T17:56:44.599+0000] {processor.py:161} INFO - Started process (PID=42397) to work on /opt/airflow/dags/etl_dag.py
[2026-02-16T17:56:44.600+0000] {processor.py:830} INFO - Processing file /opt/airflow/dags/etl_dag.py for tasks to queue
[2026-02-16T17:56:44.600+0000] {logging_mixin.py:188} INFO - [2026-02-16T17:56:44.600+0000] {dagbag.py:538} INFO - Filling up the DagBag from /opt/airflow/dags/etl_dag.py
[2026-02-16T17:56:44.648+0000] {logging_mixin.py:188} INFO - Warning: Your Kaggle API key is readable by other users on this system! To fix this, you can run 'chmod 600 /home/airflow/.kaggle/kaggle.json'
[2026-02-16T17:56:44.715+0000] {logging_mixin.py:188} WARNING - /home/airflow/.local/lib/python3.8/site-packages/airflow/models/baseoperator.py:437 AirflowProviderDeprecationWarning: `exists_ok` parameter is deprecated, please use `if_exists`
[2026-02-16T17:56:44.724+0000] {processor.py:840} INFO - DAG(s) 'ecommerce_etl_v2' retrieved from /opt/airflow/dags/etl_dag.py
[2026-02-16T17:56:44.748+0000] {logging_mixin.py:188} INFO - [2026-02-16T17:56:44.748+0000] {dag.py:3036} INFO - Sync 1 DAGs
[2026-02-16T17:56:44.764+0000] {logging_mixin.py:188} INFO - [2026-02-16T17:56:44.764+0000] {dag.py:3823} INFO - Setting next_dagrun for ecommerce_etl_v2 to 2026-02-16 13:00:00+00:00, run_after=2026-02-17 13:00:00+00:00
[2026-02-16T17:56:44.778+0000] {processor.py:183} INFO - Processing /opt/airflow/dags/etl_dag.py took 0.181 seconds
[2026-02-16T18:03:01.061+0000] {processor.py:161} INFO - Started process (PID=42428) to work on /opt/airflow/dags/etl_dag.py
[2026-02-16T18:03:01.062+0000] {processor.py:830} INFO - Processing file /opt/airflow/dags/etl_dag.py for tasks to queue
[2026-02-16T18:03:01.062+0000] {logging_mixin.py:188} INFO - [2026-02-16T18:03:01.062+0000] {dagbag.py:538} INFO - Filling up the DagBag from /opt/airflow/dags/etl_dag.py
[2026-02-16T18:03:01.106+0000] {logging_mixin.py:188} INFO - Warning: Your Kaggle API key is readable by other users on this system! To fix this, you can run 'chmod 600 /home/airflow/.kaggle/kaggle.json'
[2026-02-16T18:03:01.175+0000] {logging_mixin.py:188} WARNING - /home/airflow/.local/lib/python3.8/site-packages/airflow/models/baseoperator.py:437 AirflowProviderDeprecationWarning: `exists_ok` parameter is deprecated, please use `if_exists`
[2026-02-16T18:03:01.186+0000] {processor.py:840} INFO - DAG(s) 'ecommerce_etl_v2' retrieved from /opt/airflow/dags/etl_dag.py
[2026-02-16T18:03:01.208+0000] {logging_mixin.py:188} INFO - [2026-02-16T18:03:01.208+0000] {dag.py:3036} INFO - Sync 1 DAGs
[2026-02-16T18:03:01.223+0000] {logging_mixin.py:188} INFO - [2026-02-16T18:03:01.223+0000] {dag.py:3823} INFO - Setting next_dagrun for ecommerce_etl_v2 to 2026-02-16 13:00:00+00:00, run_after=2026-02-17 13:00:00+00:00
[2026-02-16T18:03:01.237+0000] {processor.py:183} INFO - Processing /opt/airflow/dags/etl_dag.py took 0.179 seconds
[2026-02-16T18:35:50.221+0000] {processor.py:161} INFO - Started process (PID=42460) to work on /opt/airflow/dags/etl_dag.py
[2026-02-16T18:35:50.222+0000] {processor.py:830} INFO - Processing file /opt/airflow/dags/etl_dag.py for tasks to queue
[2026-02-16T18:35:50.223+0000] {logging_mixin.py:188} INFO - [2026-02-16T18:35:50.222+0000] {dagbag.py:538} INFO - Filling up the DagBag from /opt/airflow/dags/etl_dag.py
[2026-02-16T18:35:50.269+0000] {logging_mixin.py:188} INFO - Warning: Your Kaggle API key is readable by other users on this system! To fix this, you can run 'chmod 600 /home/airflow/.kaggle/kaggle.json'
[2026-02-16T18:35:50.336+0000] {logging_mixin.py:188} WARNING - /home/airflow/.local/lib/python3.8/site-packages/airflow/models/baseoperator.py:437 AirflowProviderDeprecationWarning: `exists_ok` parameter is deprecated, please use `if_exists`
[2026-02-16T18:35:50.352+0000] {processor.py:840} INFO - DAG(s) 'ecommerce_etl_v2' retrieved from /opt/airflow/dags/etl_dag.py
[2026-02-16T18:35:50.373+0000] {logging_mixin.py:188} INFO - [2026-02-16T18:35:50.373+0000] {dag.py:3036} INFO - Sync 1 DAGs
[2026-02-16T18:35:50.388+0000] {logging_mixin.py:188} INFO - [2026-02-16T18:35:50.387+0000] {dag.py:3823} INFO - Setting next_dagrun for ecommerce_etl_v2 to 2026-02-16 13:00:00+00:00, run_after=2026-02-17 13:00:00+00:00
[2026-02-16T18:35:50.402+0000] {processor.py:183} INFO - Processing /opt/airflow/dags/etl_dag.py took 0.184 seconds
[2026-02-16T19:25:01.613+0000] {processor.py:161} INFO - Started process (PID=42491) to work on /opt/airflow/dags/etl_dag.py
[2026-02-16T19:25:01.613+0000] {processor.py:830} INFO - Processing file /opt/airflow/dags/etl_dag.py for tasks to queue
[2026-02-16T19:25:01.614+0000] {logging_mixin.py:188} INFO - [2026-02-16T19:25:01.614+0000] {dagbag.py:538} INFO - Filling up the DagBag from /opt/airflow/dags/etl_dag.py
[2026-02-16T19:25:01.661+0000] {logging_mixin.py:188} INFO - Warning: Your Kaggle API key is readable by other users on this system! To fix this, you can run 'chmod 600 /home/airflow/.kaggle/kaggle.json'
[2026-02-16T19:25:01.731+0000] {logging_mixin.py:188} WARNING - /home/airflow/.local/lib/python3.8/site-packages/airflow/models/baseoperator.py:437 AirflowProviderDeprecationWarning: `exists_ok` parameter is deprecated, please use `if_exists`
[2026-02-16T19:25:01.742+0000] {processor.py:840} INFO - DAG(s) 'ecommerce_etl_v2' retrieved from /opt/airflow/dags/etl_dag.py
[2026-02-16T19:25:01.765+0000] {logging_mixin.py:188} INFO - [2026-02-16T19:25:01.765+0000] {dag.py:3036} INFO - Sync 1 DAGs
[2026-02-16T19:25:01.780+0000] {logging_mixin.py:188} INFO - [2026-02-16T19:25:01.780+0000] {dag.py:3823} INFO - Setting next_dagrun for ecommerce_etl_v2 to 2026-02-16 13:00:00+00:00, run_after=2026-02-17 13:00:00+00:00
[2026-02-16T19:25:01.795+0000] {processor.py:183} INFO - Processing /opt/airflow/dags/etl_dag.py took 0.185 seconds
[2026-02-16T19:25:31.925+0000] {processor.py:161} INFO - Started process (PID=42522) to work on /opt/airflow/dags/etl_dag.py
[2026-02-16T19:25:31.926+0000] {processor.py:830} INFO - Processing file /opt/airflow/dags/etl_dag.py for tasks to queue
[2026-02-16T19:25:31.928+0000] {logging_mixin.py:188} INFO - [2026-02-16T19:25:31.927+0000] {dagbag.py:538} INFO - Filling up the DagBag from /opt/airflow/dags/etl_dag.py
[2026-02-16T19:25:31.985+0000] {logging_mixin.py:188} INFO - Warning: Your Kaggle API key is readable by other users on this system! To fix this, you can run 'chmod 600 /home/airflow/.kaggle/kaggle.json'
[2026-02-16T19:25:32.048+0000] {logging_mixin.py:188} WARNING - /home/airflow/.local/lib/python3.8/site-packages/airflow/models/baseoperator.py:437 AirflowProviderDeprecationWarning: `exists_ok` parameter is deprecated, please use `if_exists`
[2026-02-16T19:25:32.058+0000] {processor.py:840} INFO - DAG(s) 'ecommerce_etl_v2' retrieved from /opt/airflow/dags/etl_dag.py
[2026-02-16T19:25:32.083+0000] {logging_mixin.py:188} INFO - [2026-02-16T19:25:32.083+0000] {dag.py:3036} INFO - Sync 1 DAGs
[2026-02-16T19:25:32.096+0000] {logging_mixin.py:188} INFO - [2026-02-16T19:25:32.096+0000] {dag.py:3823} INFO - Setting next_dagrun for ecommerce_etl_v2 to 2026-02-16 13:00:00+00:00, run_after=2026-02-17 13:00:00+00:00
[2026-02-16T19:25:32.106+0000] {processor.py:183} INFO - Processing /opt/airflow/dags/etl_dag.py took 0.188 seconds
[2026-02-16T19:26:02.445+0000] {processor.py:161} INFO - Started process (PID=42553) to work on /opt/airflow/dags/etl_dag.py
[2026-02-16T19:26:02.446+0000] {processor.py:830} INFO - Processing file /opt/airflow/dags/etl_dag.py for tasks to queue
[2026-02-16T19:26:02.447+0000] {logging_mixin.py:188} INFO - [2026-02-16T19:26:02.447+0000] {dagbag.py:538} INFO - Filling up the DagBag from /opt/airflow/dags/etl_dag.py
[2026-02-16T19:26:02.494+0000] {logging_mixin.py:188} INFO - Warning: Your Kaggle API key is readable by other users on this system! To fix this, you can run 'chmod 600 /home/airflow/.kaggle/kaggle.json'
[2026-02-16T19:26:02.554+0000] {logging_mixin.py:188} WARNING - /home/airflow/.local/lib/python3.8/site-packages/airflow/models/baseoperator.py:437 AirflowProviderDeprecationWarning: `exists_ok` parameter is deprecated, please use `if_exists`
[2026-02-16T19:26:02.563+0000] {processor.py:840} INFO - DAG(s) 'ecommerce_etl_v2' retrieved from /opt/airflow/dags/etl_dag.py
[2026-02-16T19:26:02.582+0000] {logging_mixin.py:188} INFO - [2026-02-16T19:26:02.581+0000] {dag.py:3036} INFO - Sync 1 DAGs
[2026-02-16T19:26:02.593+0000] {logging_mixin.py:188} INFO - [2026-02-16T19:26:02.592+0000] {dag.py:3823} INFO - Setting next_dagrun for ecommerce_etl_v2 to 2026-02-16 13:00:00+00:00, run_after=2026-02-17 13:00:00+00:00
[2026-02-16T19:26:02.601+0000] {processor.py:183} INFO - Processing /opt/airflow/dags/etl_dag.py took 0.160 seconds
[2026-02-16T19:26:32.786+0000] {processor.py:161} INFO - Started process (PID=42584) to work on /opt/airflow/dags/etl_dag.py
[2026-02-16T19:26:32.787+0000] {processor.py:830} INFO - Processing file /opt/airflow/dags/etl_dag.py for tasks to queue
[2026-02-16T19:26:32.788+0000] {logging_mixin.py:188} INFO - [2026-02-16T19:26:32.787+0000] {dagbag.py:538} INFO - Filling up the DagBag from /opt/airflow/dags/etl_dag.py
[2026-02-16T19:26:32.834+0000] {logging_mixin.py:188} INFO - Warning: Your Kaggle API key is readable by other users on this system! To fix this, you can run 'chmod 600 /home/airflow/.kaggle/kaggle.json'
[2026-02-16T19:26:32.892+0000] {logging_mixin.py:188} WARNING - /home/airflow/.local/lib/python3.8/site-packages/airflow/models/baseoperator.py:437 AirflowProviderDeprecationWarning: `exists_ok` parameter is deprecated, please use `if_exists`
[2026-02-16T19:26:32.901+0000] {processor.py:840} INFO - DAG(s) 'ecommerce_etl_v2' retrieved from /opt/airflow/dags/etl_dag.py
[2026-02-16T19:26:32.919+0000] {logging_mixin.py:188} INFO - [2026-02-16T19:26:32.919+0000] {dag.py:3036} INFO - Sync 1 DAGs
[2026-02-16T19:26:32.930+0000] {logging_mixin.py:188} INFO - [2026-02-16T19:26:32.930+0000] {dag.py:3823} INFO - Setting next_dagrun for ecommerce_etl_v2 to 2026-02-16 13:00:00+00:00, run_after=2026-02-17 13:00:00+00:00
[2026-02-16T19:26:32.939+0000] {processor.py:183} INFO - Processing /opt/airflow/dags/etl_dag.py took 0.157 seconds
[2026-02-16T19:27:03.107+0000] {processor.py:161} INFO - Started process (PID=42615) to work on /opt/airflow/dags/etl_dag.py
[2026-02-16T19:27:03.108+0000] {processor.py:830} INFO - Processing file /opt/airflow/dags/etl_dag.py for tasks to queue
[2026-02-16T19:27:03.109+0000] {logging_mixin.py:188} INFO - [2026-02-16T19:27:03.109+0000] {dagbag.py:538} INFO - Filling up the DagBag from /opt/airflow/dags/etl_dag.py
[2026-02-16T19:27:03.157+0000] {logging_mixin.py:188} INFO - Warning: Your Kaggle API key is readable by other users on this system! To fix this, you can run 'chmod 600 /home/airflow/.kaggle/kaggle.json'
[2026-02-16T19:27:03.217+0000] {logging_mixin.py:188} WARNING - /home/airflow/.local/lib/python3.8/site-packages/airflow/models/baseoperator.py:437 AirflowProviderDeprecationWarning: `exists_ok` parameter is deprecated, please use `if_exists`
[2026-02-16T19:27:03.226+0000] {processor.py:840} INFO - DAG(s) 'ecommerce_etl_v2' retrieved from /opt/airflow/dags/etl_dag.py
[2026-02-16T19:27:03.244+0000] {logging_mixin.py:188} INFO - [2026-02-16T19:27:03.244+0000] {dag.py:3036} INFO - Sync 1 DAGs
[2026-02-16T19:27:03.255+0000] {logging_mixin.py:188} INFO - [2026-02-16T19:27:03.255+0000] {dag.py:3823} INFO - Setting next_dagrun for ecommerce_etl_v2 to 2026-02-16 13:00:00+00:00, run_after=2026-02-17 13:00:00+00:00
[2026-02-16T19:27:03.263+0000] {processor.py:183} INFO - Processing /opt/airflow/dags/etl_dag.py took 0.160 seconds
[2026-02-16T19:28:26.613+0000] {processor.py:161} INFO - Started process (PID=42647) to work on /opt/airflow/dags/etl_dag.py
[2026-02-16T19:28:26.614+0000] {processor.py:830} INFO - Processing file /opt/airflow/dags/etl_dag.py for tasks to queue
[2026-02-16T19:28:26.614+0000] {logging_mixin.py:188} INFO - [2026-02-16T19:28:26.614+0000] {dagbag.py:538} INFO - Filling up the DagBag from /opt/airflow/dags/etl_dag.py
[2026-02-16T19:28:26.659+0000] {logging_mixin.py:188} INFO - Warning: Your Kaggle API key is readable by other users on this system! To fix this, you can run 'chmod 600 /home/airflow/.kaggle/kaggle.json'
[2026-02-16T19:28:26.723+0000] {logging_mixin.py:188} WARNING - /home/airflow/.local/lib/python3.8/site-packages/airflow/models/baseoperator.py:437 AirflowProviderDeprecationWarning: `exists_ok` parameter is deprecated, please use `if_exists`
[2026-02-16T19:28:26.735+0000] {processor.py:840} INFO - DAG(s) 'ecommerce_etl_v2' retrieved from /opt/airflow/dags/etl_dag.py
[2026-02-16T19:28:26.757+0000] {logging_mixin.py:188} INFO - [2026-02-16T19:28:26.756+0000] {dag.py:3036} INFO - Sync 1 DAGs
[2026-02-16T19:28:26.769+0000] {logging_mixin.py:188} INFO - [2026-02-16T19:28:26.769+0000] {dag.py:3823} INFO - Setting next_dagrun for ecommerce_etl_v2 to 2026-02-16 13:00:00+00:00, run_after=2026-02-17 13:00:00+00:00
[2026-02-16T19:28:26.780+0000] {processor.py:183} INFO - Processing /opt/airflow/dags/etl_dag.py took 0.170 seconds
[2026-02-16T19:28:56.909+0000] {processor.py:161} INFO - Started process (PID=42678) to work on /opt/airflow/dags/etl_dag.py
[2026-02-16T19:28:56.910+0000] {processor.py:830} INFO - Processing file /opt/airflow/dags/etl_dag.py for tasks to queue
[2026-02-16T19:28:56.912+0000] {logging_mixin.py:188} INFO - [2026-02-16T19:28:56.912+0000] {dagbag.py:538} INFO - Filling up the DagBag from /opt/airflow/dags/etl_dag.py
[2026-02-16T19:28:56.957+0000] {logging_mixin.py:188} INFO - Warning: Your Kaggle API key is readable by other users on this system! To fix this, you can run 'chmod 600 /home/airflow/.kaggle/kaggle.json'
[2026-02-16T19:28:57.017+0000] {logging_mixin.py:188} WARNING - /home/airflow/.local/lib/python3.8/site-packages/airflow/models/baseoperator.py:437 AirflowProviderDeprecationWarning: `exists_ok` parameter is deprecated, please use `if_exists`
[2026-02-16T19:28:57.026+0000] {processor.py:840} INFO - DAG(s) 'ecommerce_etl_v2' retrieved from /opt/airflow/dags/etl_dag.py
[2026-02-16T19:28:57.045+0000] {logging_mixin.py:188} INFO - [2026-02-16T19:28:57.045+0000] {dag.py:3036} INFO - Sync 1 DAGs
[2026-02-16T19:28:57.055+0000] {logging_mixin.py:188} INFO - [2026-02-16T19:28:57.055+0000] {dag.py:3823} INFO - Setting next_dagrun for ecommerce_etl_v2 to 2026-02-16 13:00:00+00:00, run_after=2026-02-17 13:00:00+00:00
[2026-02-16T19:28:57.064+0000] {processor.py:183} INFO - Processing /opt/airflow/dags/etl_dag.py took 0.159 seconds
[2026-02-16T19:29:27.404+0000] {processor.py:161} INFO - Started process (PID=42709) to work on /opt/airflow/dags/etl_dag.py
[2026-02-16T19:29:27.405+0000] {processor.py:830} INFO - Processing file /opt/airflow/dags/etl_dag.py for tasks to queue
[2026-02-16T19:29:27.406+0000] {logging_mixin.py:188} INFO - [2026-02-16T19:29:27.406+0000] {dagbag.py:538} INFO - Filling up the DagBag from /opt/airflow/dags/etl_dag.py
[2026-02-16T19:29:27.452+0000] {logging_mixin.py:188} INFO - Warning: Your Kaggle API key is readable by other users on this system! To fix this, you can run 'chmod 600 /home/airflow/.kaggle/kaggle.json'
[2026-02-16T19:29:27.514+0000] {logging_mixin.py:188} WARNING - /home/airflow/.local/lib/python3.8/site-packages/airflow/models/baseoperator.py:437 AirflowProviderDeprecationWarning: `exists_ok` parameter is deprecated, please use `if_exists`
[2026-02-16T19:29:27.523+0000] {processor.py:840} INFO - DAG(s) 'ecommerce_etl_v2' retrieved from /opt/airflow/dags/etl_dag.py
[2026-02-16T19:29:27.543+0000] {logging_mixin.py:188} INFO - [2026-02-16T19:29:27.543+0000] {dag.py:3036} INFO - Sync 1 DAGs
[2026-02-16T19:29:27.555+0000] {logging_mixin.py:188} INFO - [2026-02-16T19:29:27.555+0000] {dag.py:3823} INFO - Setting next_dagrun for ecommerce_etl_v2 to 2026-02-16 13:00:00+00:00, run_after=2026-02-17 13:00:00+00:00
[2026-02-16T19:29:27.564+0000] {processor.py:183} INFO - Processing /opt/airflow/dags/etl_dag.py took 0.164 seconds
[2026-02-16T19:29:57.717+0000] {processor.py:161} INFO - Started process (PID=42740) to work on /opt/airflow/dags/etl_dag.py
[2026-02-16T19:29:57.718+0000] {processor.py:830} INFO - Processing file /opt/airflow/dags/etl_dag.py for tasks to queue
[2026-02-16T19:29:57.718+0000] {logging_mixin.py:188} INFO - [2026-02-16T19:29:57.718+0000] {dagbag.py:538} INFO - Filling up the DagBag from /opt/airflow/dags/etl_dag.py
[2026-02-16T19:29:57.759+0000] {logging_mixin.py:188} INFO - Warning: Your Kaggle API key is readable by other users on this system! To fix this, you can run 'chmod 600 /home/airflow/.kaggle/kaggle.json'
[2026-02-16T19:29:57.819+0000] {logging_mixin.py:188} WARNING - /home/airflow/.local/lib/python3.8/site-packages/airflow/models/baseoperator.py:437 AirflowProviderDeprecationWarning: `exists_ok` parameter is deprecated, please use `if_exists`
[2026-02-16T19:29:57.828+0000] {processor.py:840} INFO - DAG(s) 'ecommerce_etl_v2' retrieved from /opt/airflow/dags/etl_dag.py
[2026-02-16T19:29:57.846+0000] {logging_mixin.py:188} INFO - [2026-02-16T19:29:57.846+0000] {dag.py:3036} INFO - Sync 1 DAGs
[2026-02-16T19:29:57.856+0000] {logging_mixin.py:188} INFO - [2026-02-16T19:29:57.856+0000] {dag.py:3823} INFO - Setting next_dagrun for ecommerce_etl_v2 to 2026-02-16 13:00:00+00:00, run_after=2026-02-17 13:00:00+00:00
[2026-02-16T19:29:57.866+0000] {processor.py:183} INFO - Processing /opt/airflow/dags/etl_dag.py took 0.151 seconds
[2026-02-16T19:30:28.117+0000] {processor.py:161} INFO - Started process (PID=42771) to work on /opt/airflow/dags/etl_dag.py
[2026-02-16T19:30:28.117+0000] {processor.py:830} INFO - Processing file /opt/airflow/dags/etl_dag.py for tasks to queue
[2026-02-16T19:30:28.118+0000] {logging_mixin.py:188} INFO - [2026-02-16T19:30:28.118+0000] {dagbag.py:538} INFO - Filling up the DagBag from /opt/airflow/dags/etl_dag.py
[2026-02-16T19:30:28.166+0000] {logging_mixin.py:188} INFO - Warning: Your Kaggle API key is readable by other users on this system! To fix this, you can run 'chmod 600 /home/airflow/.kaggle/kaggle.json'
[2026-02-16T19:30:28.227+0000] {logging_mixin.py:188} WARNING - /home/airflow/.local/lib/python3.8/site-packages/airflow/models/baseoperator.py:437 AirflowProviderDeprecationWarning: `exists_ok` parameter is deprecated, please use `if_exists`
[2026-02-16T19:30:28.236+0000] {processor.py:840} INFO - DAG(s) 'ecommerce_etl_v2' retrieved from /opt/airflow/dags/etl_dag.py
[2026-02-16T19:30:28.257+0000] {logging_mixin.py:188} INFO - [2026-02-16T19:30:28.256+0000] {dag.py:3036} INFO - Sync 1 DAGs
[2026-02-16T19:30:28.268+0000] {logging_mixin.py:188} INFO - [2026-02-16T19:30:28.268+0000] {dag.py:3823} INFO - Setting next_dagrun for ecommerce_etl_v2 to 2026-02-16 13:00:00+00:00, run_after=2026-02-17 13:00:00+00:00
[2026-02-16T19:30:28.278+0000] {processor.py:183} INFO - Processing /opt/airflow/dags/etl_dag.py took 0.163 seconds
[2026-02-16T19:30:58.438+0000] {processor.py:161} INFO - Started process (PID=42802) to work on /opt/airflow/dags/etl_dag.py
[2026-02-16T19:30:58.439+0000] {processor.py:830} INFO - Processing file /opt/airflow/dags/etl_dag.py for tasks to queue
[2026-02-16T19:30:58.440+0000] {logging_mixin.py:188} INFO - [2026-02-16T19:30:58.440+0000] {dagbag.py:538} INFO - Filling up the DagBag from /opt/airflow/dags/etl_dag.py
[2026-02-16T19:30:58.486+0000] {logging_mixin.py:188} INFO - Warning: Your Kaggle API key is readable by other users on this system! To fix this, you can run 'chmod 600 /home/airflow/.kaggle/kaggle.json'
[2026-02-16T19:30:58.546+0000] {logging_mixin.py:188} WARNING - /home/airflow/.local/lib/python3.8/site-packages/airflow/models/baseoperator.py:437 AirflowProviderDeprecationWarning: `exists_ok` parameter is deprecated, please use `if_exists`
[2026-02-16T19:30:58.554+0000] {processor.py:840} INFO - DAG(s) 'ecommerce_etl_v2' retrieved from /opt/airflow/dags/etl_dag.py
[2026-02-16T19:30:58.572+0000] {logging_mixin.py:188} INFO - [2026-02-16T19:30:58.572+0000] {dag.py:3036} INFO - Sync 1 DAGs
[2026-02-16T19:30:58.583+0000] {logging_mixin.py:188} INFO - [2026-02-16T19:30:58.582+0000] {dag.py:3823} INFO - Setting next_dagrun for ecommerce_etl_v2 to 2026-02-16 13:00:00+00:00, run_after=2026-02-17 13:00:00+00:00
[2026-02-16T19:30:58.593+0000] {processor.py:183} INFO - Processing /opt/airflow/dags/etl_dag.py took 0.160 seconds
[2026-02-16T19:31:28.852+0000] {processor.py:161} INFO - Started process (PID=42833) to work on /opt/airflow/dags/etl_dag.py
[2026-02-16T19:31:28.854+0000] {processor.py:830} INFO - Processing file /opt/airflow/dags/etl_dag.py for tasks to queue
[2026-02-16T19:31:28.855+0000] {logging_mixin.py:188} INFO - [2026-02-16T19:31:28.854+0000] {dagbag.py:538} INFO - Filling up the DagBag from /opt/airflow/dags/etl_dag.py
[2026-02-16T19:31:28.910+0000] {logging_mixin.py:188} INFO - Warning: Your Kaggle API key is readable by other users on this system! To fix this, you can run 'chmod 600 /home/airflow/.kaggle/kaggle.json'
[2026-02-16T19:31:28.973+0000] {logging_mixin.py:188} WARNING - /home/airflow/.local/lib/python3.8/site-packages/airflow/models/baseoperator.py:437 AirflowProviderDeprecationWarning: `exists_ok` parameter is deprecated, please use `if_exists`
[2026-02-16T19:31:28.983+0000] {processor.py:840} INFO - DAG(s) 'ecommerce_etl_v2' retrieved from /opt/airflow/dags/etl_dag.py
[2026-02-16T19:31:29.004+0000] {logging_mixin.py:188} INFO - [2026-02-16T19:31:29.004+0000] {dag.py:3036} INFO - Sync 1 DAGs
[2026-02-16T19:31:29.017+0000] {logging_mixin.py:188} INFO - [2026-02-16T19:31:29.017+0000] {dag.py:3823} INFO - Setting next_dagrun for ecommerce_etl_v2 to 2026-02-16 13:00:00+00:00, run_after=2026-02-17 13:00:00+00:00
[2026-02-16T19:31:29.027+0000] {processor.py:183} INFO - Processing /opt/airflow/dags/etl_dag.py took 0.179 seconds
[2026-02-16T19:31:59.146+0000] {processor.py:161} INFO - Started process (PID=42864) to work on /opt/airflow/dags/etl_dag.py
[2026-02-16T19:31:59.147+0000] {processor.py:830} INFO - Processing file /opt/airflow/dags/etl_dag.py for tasks to queue
[2026-02-16T19:31:59.148+0000] {logging_mixin.py:188} INFO - [2026-02-16T19:31:59.148+0000] {dagbag.py:538} INFO - Filling up the DagBag from /opt/airflow/dags/etl_dag.py
[2026-02-16T19:31:59.196+0000] {logging_mixin.py:188} INFO - Warning: Your Kaggle API key is readable by other users on this system! To fix this, you can run 'chmod 600 /home/airflow/.kaggle/kaggle.json'
[2026-02-16T19:31:59.256+0000] {logging_mixin.py:188} WARNING - /home/airflow/.local/lib/python3.8/site-packages/airflow/models/baseoperator.py:437 AirflowProviderDeprecationWarning: `exists_ok` parameter is deprecated, please use `if_exists`
[2026-02-16T19:31:59.264+0000] {processor.py:840} INFO - DAG(s) 'ecommerce_etl_v2' retrieved from /opt/airflow/dags/etl_dag.py
[2026-02-16T19:31:59.285+0000] {logging_mixin.py:188} INFO - [2026-02-16T19:31:59.285+0000] {dag.py:3036} INFO - Sync 1 DAGs
[2026-02-16T19:31:59.297+0000] {logging_mixin.py:188} INFO - [2026-02-16T19:31:59.296+0000] {dag.py:3823} INFO - Setting next_dagrun for ecommerce_etl_v2 to 2026-02-16 13:00:00+00:00, run_after=2026-02-17 13:00:00+00:00
[2026-02-16T19:31:59.306+0000] {processor.py:183} INFO - Processing /opt/airflow/dags/etl_dag.py took 0.165 seconds
[2026-02-16T19:32:29.614+0000] {processor.py:161} INFO - Started process (PID=42895) to work on /opt/airflow/dags/etl_dag.py
[2026-02-16T19:32:29.615+0000] {processor.py:830} INFO - Processing file /opt/airflow/dags/etl_dag.py for tasks to queue
[2026-02-16T19:32:29.616+0000] {logging_mixin.py:188} INFO - [2026-02-16T19:32:29.616+0000] {dagbag.py:538} INFO - Filling up the DagBag from /opt/airflow/dags/etl_dag.py
[2026-02-16T19:32:29.671+0000] {logging_mixin.py:188} INFO - Warning: Your Kaggle API key is readable by other users on this system! To fix this, you can run 'chmod 600 /home/airflow/.kaggle/kaggle.json'
[2026-02-16T19:32:29.733+0000] {logging_mixin.py:188} WARNING - /home/airflow/.local/lib/python3.8/site-packages/airflow/models/baseoperator.py:437 AirflowProviderDeprecationWarning: `exists_ok` parameter is deprecated, please use `if_exists`
[2026-02-16T19:32:29.743+0000] {processor.py:840} INFO - DAG(s) 'ecommerce_etl_v2' retrieved from /opt/airflow/dags/etl_dag.py
[2026-02-16T19:32:29.766+0000] {logging_mixin.py:188} INFO - [2026-02-16T19:32:29.766+0000] {dag.py:3036} INFO - Sync 1 DAGs
[2026-02-16T19:32:29.779+0000] {logging_mixin.py:188} INFO - [2026-02-16T19:32:29.779+0000] {dag.py:3823} INFO - Setting next_dagrun for ecommerce_etl_v2 to 2026-02-16 13:00:00+00:00, run_after=2026-02-17 13:00:00+00:00
[2026-02-16T19:32:29.789+0000] {processor.py:183} INFO - Processing /opt/airflow/dags/etl_dag.py took 0.180 seconds
[2026-02-16T19:32:59.913+0000] {processor.py:161} INFO - Started process (PID=42926) to work on /opt/airflow/dags/etl_dag.py
[2026-02-16T19:32:59.914+0000] {processor.py:830} INFO - Processing file /opt/airflow/dags/etl_dag.py for tasks to queue
[2026-02-16T19:32:59.915+0000] {logging_mixin.py:188} INFO - [2026-02-16T19:32:59.915+0000] {dagbag.py:538} INFO - Filling up the DagBag from /opt/airflow/dags/etl_dag.py
[2026-02-16T19:32:59.967+0000] {logging_mixin.py:188} INFO - Warning: Your Kaggle API key is readable by other users on this system! To fix this, you can run 'chmod 600 /home/airflow/.kaggle/kaggle.json'
[2026-02-16T19:33:00.031+0000] {logging_mixin.py:188} WARNING - /home/airflow/.local/lib/python3.8/site-packages/airflow/models/baseoperator.py:437 AirflowProviderDeprecationWarning: `exists_ok` parameter is deprecated, please use `if_exists`
[2026-02-16T19:33:00.042+0000] {processor.py:840} INFO - DAG(s) 'ecommerce_etl_v2' retrieved from /opt/airflow/dags/etl_dag.py
[2026-02-16T19:33:00.064+0000] {logging_mixin.py:188} INFO - [2026-02-16T19:33:00.064+0000] {dag.py:3036} INFO - Sync 1 DAGs
[2026-02-16T19:33:00.077+0000] {logging_mixin.py:188} INFO - [2026-02-16T19:33:00.077+0000] {dag.py:3823} INFO - Setting next_dagrun for ecommerce_etl_v2 to 2026-02-16 13:00:00+00:00, run_after=2026-02-17 13:00:00+00:00
[2026-02-16T19:33:00.090+0000] {processor.py:183} INFO - Processing /opt/airflow/dags/etl_dag.py took 0.182 seconds
[2026-02-16T19:33:30.386+0000] {processor.py:161} INFO - Started process (PID=42957) to work on /opt/airflow/dags/etl_dag.py
[2026-02-16T19:33:30.388+0000] {processor.py:830} INFO - Processing file /opt/airflow/dags/etl_dag.py for tasks to queue
[2026-02-16T19:33:30.389+0000] {logging_mixin.py:188} INFO - [2026-02-16T19:33:30.388+0000] {dagbag.py:538} INFO - Filling up the DagBag from /opt/airflow/dags/etl_dag.py
[2026-02-16T19:33:30.436+0000] {logging_mixin.py:188} INFO - Warning: Your Kaggle API key is readable by other users on this system! To fix this, you can run 'chmod 600 /home/airflow/.kaggle/kaggle.json'
[2026-02-16T19:33:30.496+0000] {logging_mixin.py:188} WARNING - /home/airflow/.local/lib/python3.8/site-packages/airflow/models/baseoperator.py:437 AirflowProviderDeprecationWarning: `exists_ok` parameter is deprecated, please use `if_exists`
[2026-02-16T19:33:30.505+0000] {processor.py:840} INFO - DAG(s) 'ecommerce_etl_v2' retrieved from /opt/airflow/dags/etl_dag.py
[2026-02-16T19:33:30.523+0000] {logging_mixin.py:188} INFO - [2026-02-16T19:33:30.523+0000] {dag.py:3036} INFO - Sync 1 DAGs
[2026-02-16T19:33:30.534+0000] {logging_mixin.py:188} INFO - [2026-02-16T19:33:30.533+0000] {dag.py:3823} INFO - Setting next_dagrun for ecommerce_etl_v2 to 2026-02-16 13:00:00+00:00, run_after=2026-02-17 13:00:00+00:00
[2026-02-16T19:33:30.543+0000] {processor.py:183} INFO - Processing /opt/airflow/dags/etl_dag.py took 0.160 seconds
[2026-02-16T19:34:00.707+0000] {processor.py:161} INFO - Started process (PID=42988) to work on /opt/airflow/dags/etl_dag.py
[2026-02-16T19:34:00.708+0000] {processor.py:830} INFO - Processing file /opt/airflow/dags/etl_dag.py for tasks to queue
[2026-02-16T19:34:00.709+0000] {logging_mixin.py:188} INFO - [2026-02-16T19:34:00.709+0000] {dagbag.py:538} INFO - Filling up the DagBag from /opt/airflow/dags/etl_dag.py
[2026-02-16T19:34:00.753+0000] {logging_mixin.py:188} INFO - Warning: Your Kaggle API key is readable by other users on this system! To fix this, you can run 'chmod 600 /home/airflow/.kaggle/kaggle.json'
[2026-02-16T19:34:00.813+0000] {logging_mixin.py:188} WARNING - /home/airflow/.local/lib/python3.8/site-packages/airflow/models/baseoperator.py:437 AirflowProviderDeprecationWarning: `exists_ok` parameter is deprecated, please use `if_exists`
[2026-02-16T19:34:00.822+0000] {processor.py:840} INFO - DAG(s) 'ecommerce_etl_v2' retrieved from /opt/airflow/dags/etl_dag.py
[2026-02-16T19:34:00.840+0000] {logging_mixin.py:188} INFO - [2026-02-16T19:34:00.840+0000] {dag.py:3036} INFO - Sync 1 DAGs
[2026-02-16T19:34:00.850+0000] {logging_mixin.py:188} INFO - [2026-02-16T19:34:00.850+0000] {dag.py:3823} INFO - Setting next_dagrun for ecommerce_etl_v2 to 2026-02-16 13:00:00+00:00, run_after=2026-02-17 13:00:00+00:00
[2026-02-16T19:34:00.859+0000] {processor.py:183} INFO - Processing /opt/airflow/dags/etl_dag.py took 0.157 seconds
[2026-02-16T19:34:31.144+0000] {processor.py:161} INFO - Started process (PID=43019) to work on /opt/airflow/dags/etl_dag.py
[2026-02-16T19:34:31.145+0000] {processor.py:830} INFO - Processing file /opt/airflow/dags/etl_dag.py for tasks to queue
[2026-02-16T19:34:31.146+0000] {logging_mixin.py:188} INFO - [2026-02-16T19:34:31.146+0000] {dagbag.py:538} INFO - Filling up the DagBag from /opt/airflow/dags/etl_dag.py
[2026-02-16T19:34:31.193+0000] {logging_mixin.py:188} INFO - Warning: Your Kaggle API key is readable by other users on this system! To fix this, you can run 'chmod 600 /home/airflow/.kaggle/kaggle.json'
[2026-02-16T19:34:31.252+0000] {logging_mixin.py:188} WARNING - /home/airflow/.local/lib/python3.8/site-packages/airflow/models/baseoperator.py:437 AirflowProviderDeprecationWarning: `exists_ok` parameter is deprecated, please use `if_exists`
[2026-02-16T19:34:31.261+0000] {processor.py:840} INFO - DAG(s) 'ecommerce_etl_v2' retrieved from /opt/airflow/dags/etl_dag.py
[2026-02-16T19:34:31.279+0000] {logging_mixin.py:188} INFO - [2026-02-16T19:34:31.279+0000] {dag.py:3036} INFO - Sync 1 DAGs
[2026-02-16T19:34:31.290+0000] {logging_mixin.py:188} INFO - [2026-02-16T19:34:31.290+0000] {dag.py:3823} INFO - Setting next_dagrun for ecommerce_etl_v2 to 2026-02-16 13:00:00+00:00, run_after=2026-02-17 13:00:00+00:00
[2026-02-16T19:34:31.298+0000] {processor.py:183} INFO - Processing /opt/airflow/dags/etl_dag.py took 0.158 seconds
[2026-02-16T19:35:01.432+0000] {processor.py:161} INFO - Started process (PID=43050) to work on /opt/airflow/dags/etl_dag.py
[2026-02-16T19:35:01.434+0000] {processor.py:830} INFO - Processing file /opt/airflow/dags/etl_dag.py for tasks to queue
[2026-02-16T19:35:01.435+0000] {logging_mixin.py:188} INFO - [2026-02-16T19:35:01.435+0000] {dagbag.py:538} INFO - Filling up the DagBag from /opt/airflow/dags/etl_dag.py
[2026-02-16T19:35:01.485+0000] {logging_mixin.py:188} INFO - Warning: Your Kaggle API key is readable by other users on this system! To fix this, you can run 'chmod 600 /home/airflow/.kaggle/kaggle.json'
[2026-02-16T19:35:01.545+0000] {logging_mixin.py:188} WARNING - /home/airflow/.local/lib/python3.8/site-packages/airflow/models/baseoperator.py:437 AirflowProviderDeprecationWarning: `exists_ok` parameter is deprecated, please use `if_exists`
[2026-02-16T19:35:01.554+0000] {processor.py:840} INFO - DAG(s) 'ecommerce_etl_v2' retrieved from /opt/airflow/dags/etl_dag.py
[2026-02-16T19:35:01.573+0000] {logging_mixin.py:188} INFO - [2026-02-16T19:35:01.573+0000] {dag.py:3036} INFO - Sync 1 DAGs
[2026-02-16T19:35:01.583+0000] {logging_mixin.py:188} INFO - [2026-02-16T19:35:01.583+0000] {dag.py:3823} INFO - Setting next_dagrun for ecommerce_etl_v2 to 2026-02-16 13:00:00+00:00, run_after=2026-02-17 13:00:00+00:00
[2026-02-16T19:35:01.593+0000] {processor.py:183} INFO - Processing /opt/airflow/dags/etl_dag.py took 0.165 seconds
[2026-02-16T19:35:31.995+0000] {processor.py:161} INFO - Started process (PID=43081) to work on /opt/airflow/dags/etl_dag.py
[2026-02-16T19:35:31.996+0000] {processor.py:830} INFO - Processing file /opt/airflow/dags/etl_dag.py for tasks to queue
[2026-02-16T19:35:31.998+0000] {logging_mixin.py:188} INFO - [2026-02-16T19:35:31.997+0000] {dagbag.py:538} INFO - Filling up the DagBag from /opt/airflow/dags/etl_dag.py
[2026-02-16T19:35:32.045+0000] {logging_mixin.py:188} INFO - Warning: Your Kaggle API key is readable by other users on this system! To fix this, you can run 'chmod 600 /home/airflow/.kaggle/kaggle.json'
[2026-02-16T19:35:32.104+0000] {logging_mixin.py:188} WARNING - /home/airflow/.local/lib/python3.8/site-packages/airflow/models/baseoperator.py:437 AirflowProviderDeprecationWarning: `exists_ok` parameter is deprecated, please use `if_exists`
[2026-02-16T19:35:32.116+0000] {processor.py:840} INFO - DAG(s) 'ecommerce_etl_v2' retrieved from /opt/airflow/dags/etl_dag.py
[2026-02-16T19:35:32.134+0000] {logging_mixin.py:188} INFO - [2026-02-16T19:35:32.134+0000] {dag.py:3036} INFO - Sync 1 DAGs
[2026-02-16T19:35:32.144+0000] {logging_mixin.py:188} INFO - [2026-02-16T19:35:32.144+0000] {dag.py:3823} INFO - Setting next_dagrun for ecommerce_etl_v2 to 2026-02-16 13:00:00+00:00, run_after=2026-02-17 13:00:00+00:00
[2026-02-16T19:35:32.153+0000] {processor.py:183} INFO - Processing /opt/airflow/dags/etl_dag.py took 0.162 seconds
[2026-02-16T19:36:02.295+0000] {processor.py:161} INFO - Started process (PID=43112) to work on /opt/airflow/dags/etl_dag.py
[2026-02-16T19:36:02.296+0000] {processor.py:830} INFO - Processing file /opt/airflow/dags/etl_dag.py for tasks to queue
[2026-02-16T19:36:02.297+0000] {logging_mixin.py:188} INFO - [2026-02-16T19:36:02.297+0000] {dagbag.py:538} INFO - Filling up the DagBag from /opt/airflow/dags/etl_dag.py
[2026-02-16T19:36:02.343+0000] {logging_mixin.py:188} INFO - Warning: Your Kaggle API key is readable by other users on this system! To fix this, you can run 'chmod 600 /home/airflow/.kaggle/kaggle.json'
[2026-02-16T19:36:02.404+0000] {logging_mixin.py:188} WARNING - /home/airflow/.local/lib/python3.8/site-packages/airflow/models/baseoperator.py:437 AirflowProviderDeprecationWarning: `exists_ok` parameter is deprecated, please use `if_exists`
[2026-02-16T19:36:02.413+0000] {processor.py:840} INFO - DAG(s) 'ecommerce_etl_v2' retrieved from /opt/airflow/dags/etl_dag.py
[2026-02-16T19:36:02.431+0000] {logging_mixin.py:188} INFO - [2026-02-16T19:36:02.431+0000] {dag.py:3036} INFO - Sync 1 DAGs
[2026-02-16T19:36:02.442+0000] {logging_mixin.py:188} INFO - [2026-02-16T19:36:02.442+0000] {dag.py:3823} INFO - Setting next_dagrun for ecommerce_etl_v2 to 2026-02-16 13:00:00+00:00, run_after=2026-02-17 13:00:00+00:00
[2026-02-16T19:36:02.451+0000] {processor.py:183} INFO - Processing /opt/airflow/dags/etl_dag.py took 0.160 seconds
[2026-02-16T19:36:32.737+0000] {processor.py:161} INFO - Started process (PID=43143) to work on /opt/airflow/dags/etl_dag.py
[2026-02-16T19:36:32.738+0000] {processor.py:830} INFO - Processing file /opt/airflow/dags/etl_dag.py for tasks to queue
[2026-02-16T19:36:32.739+0000] {logging_mixin.py:188} INFO - [2026-02-16T19:36:32.738+0000] {dagbag.py:538} INFO - Filling up the DagBag from /opt/airflow/dags/etl_dag.py
[2026-02-16T19:36:32.783+0000] {logging_mixin.py:188} INFO - Warning: Your Kaggle API key is readable by other users on this system! To fix this, you can run 'chmod 600 /home/airflow/.kaggle/kaggle.json'
[2026-02-16T19:36:32.844+0000] {logging_mixin.py:188} WARNING - /home/airflow/.local/lib/python3.8/site-packages/airflow/models/baseoperator.py:437 AirflowProviderDeprecationWarning: `exists_ok` parameter is deprecated, please use `if_exists`
[2026-02-16T19:36:32.852+0000] {processor.py:840} INFO - DAG(s) 'ecommerce_etl_v2' retrieved from /opt/airflow/dags/etl_dag.py
[2026-02-16T19:36:32.871+0000] {logging_mixin.py:188} INFO - [2026-02-16T19:36:32.871+0000] {dag.py:3036} INFO - Sync 1 DAGs
[2026-02-16T19:36:32.881+0000] {logging_mixin.py:188} INFO - [2026-02-16T19:36:32.881+0000] {dag.py:3823} INFO - Setting next_dagrun for ecommerce_etl_v2 to 2026-02-16 13:00:00+00:00, run_after=2026-02-17 13:00:00+00:00
[2026-02-16T19:36:32.890+0000] {processor.py:183} INFO - Processing /opt/airflow/dags/etl_dag.py took 0.157 seconds
[2026-02-16T19:37:03.074+0000] {processor.py:161} INFO - Started process (PID=43174) to work on /opt/airflow/dags/etl_dag.py
[2026-02-16T19:37:03.076+0000] {processor.py:830} INFO - Processing file /opt/airflow/dags/etl_dag.py for tasks to queue
[2026-02-16T19:37:03.077+0000] {logging_mixin.py:188} INFO - [2026-02-16T19:37:03.076+0000] {dagbag.py:538} INFO - Filling up the DagBag from /opt/airflow/dags/etl_dag.py
[2026-02-16T19:37:03.122+0000] {logging_mixin.py:188} INFO - Warning: Your Kaggle API key is readable by other users on this system! To fix this, you can run 'chmod 600 /home/airflow/.kaggle/kaggle.json'
[2026-02-16T19:37:03.182+0000] {logging_mixin.py:188} WARNING - /home/airflow/.local/lib/python3.8/site-packages/airflow/models/baseoperator.py:437 AirflowProviderDeprecationWarning: `exists_ok` parameter is deprecated, please use `if_exists`
[2026-02-16T19:37:03.190+0000] {processor.py:840} INFO - DAG(s) 'ecommerce_etl_v2' retrieved from /opt/airflow/dags/etl_dag.py
[2026-02-16T19:37:03.208+0000] {logging_mixin.py:188} INFO - [2026-02-16T19:37:03.208+0000] {dag.py:3036} INFO - Sync 1 DAGs
[2026-02-16T19:37:03.218+0000] {logging_mixin.py:188} INFO - [2026-02-16T19:37:03.218+0000] {dag.py:3823} INFO - Setting next_dagrun for ecommerce_etl_v2 to 2026-02-16 13:00:00+00:00, run_after=2026-02-17 13:00:00+00:00
[2026-02-16T19:37:03.228+0000] {processor.py:183} INFO - Processing /opt/airflow/dags/etl_dag.py took 0.158 seconds
[2026-02-16T19:37:33.422+0000] {processor.py:161} INFO - Started process (PID=43205) to work on /opt/airflow/dags/etl_dag.py
[2026-02-16T19:37:33.424+0000] {processor.py:830} INFO - Processing file /opt/airflow/dags/etl_dag.py for tasks to queue
[2026-02-16T19:37:33.424+0000] {logging_mixin.py:188} INFO - [2026-02-16T19:37:33.424+0000] {dagbag.py:538} INFO - Filling up the DagBag from /opt/airflow/dags/etl_dag.py
[2026-02-16T19:37:33.472+0000] {logging_mixin.py:188} INFO - Warning: Your Kaggle API key is readable by other users on this system! To fix this, you can run 'chmod 600 /home/airflow/.kaggle/kaggle.json'
[2026-02-16T19:37:33.532+0000] {logging_mixin.py:188} WARNING - /home/airflow/.local/lib/python3.8/site-packages/airflow/models/baseoperator.py:437 AirflowProviderDeprecationWarning: `exists_ok` parameter is deprecated, please use `if_exists`
[2026-02-16T19:37:33.541+0000] {processor.py:840} INFO - DAG(s) 'ecommerce_etl_v2' retrieved from /opt/airflow/dags/etl_dag.py
[2026-02-16T19:37:33.560+0000] {logging_mixin.py:188} INFO - [2026-02-16T19:37:33.559+0000] {dag.py:3036} INFO - Sync 1 DAGs
[2026-02-16T19:37:33.570+0000] {logging_mixin.py:188} INFO - [2026-02-16T19:37:33.570+0000] {dag.py:3823} INFO - Setting next_dagrun for ecommerce_etl_v2 to 2026-02-16 13:00:00+00:00, run_after=2026-02-17 13:00:00+00:00
[2026-02-16T19:37:33.579+0000] {processor.py:183} INFO - Processing /opt/airflow/dags/etl_dag.py took 0.160 seconds
[2026-02-16T19:38:03.728+0000] {processor.py:161} INFO - Started process (PID=43236) to work on /opt/airflow/dags/etl_dag.py
[2026-02-16T19:38:03.730+0000] {processor.py:830} INFO - Processing file /opt/airflow/dags/etl_dag.py for tasks to queue
[2026-02-16T19:38:03.731+0000] {logging_mixin.py:188} INFO - [2026-02-16T19:38:03.730+0000] {dagbag.py:538} INFO - Filling up the DagBag from /opt/airflow/dags/etl_dag.py
[2026-02-16T19:38:03.777+0000] {logging_mixin.py:188} INFO - Warning: Your Kaggle API key is readable by other users on this system! To fix this, you can run 'chmod 600 /home/airflow/.kaggle/kaggle.json'
[2026-02-16T19:38:03.837+0000] {logging_mixin.py:188} WARNING - /home/airflow/.local/lib/python3.8/site-packages/airflow/models/baseoperator.py:437 AirflowProviderDeprecationWarning: `exists_ok` parameter is deprecated, please use `if_exists`
[2026-02-16T19:38:03.846+0000] {processor.py:840} INFO - DAG(s) 'ecommerce_etl_v2' retrieved from /opt/airflow/dags/etl_dag.py
[2026-02-16T19:38:03.864+0000] {logging_mixin.py:188} INFO - [2026-02-16T19:38:03.864+0000] {dag.py:3036} INFO - Sync 1 DAGs
[2026-02-16T19:38:03.875+0000] {logging_mixin.py:188} INFO - [2026-02-16T19:38:03.875+0000] {dag.py:3823} INFO - Setting next_dagrun for ecommerce_etl_v2 to 2026-02-16 13:00:00+00:00, run_after=2026-02-17 13:00:00+00:00
[2026-02-16T19:38:03.884+0000] {processor.py:183} INFO - Processing /opt/airflow/dags/etl_dag.py took 0.161 seconds
[2026-02-16T19:38:34.186+0000] {processor.py:161} INFO - Started process (PID=43267) to work on /opt/airflow/dags/etl_dag.py
[2026-02-16T19:38:34.187+0000] {processor.py:830} INFO - Processing file /opt/airflow/dags/etl_dag.py for tasks to queue
[2026-02-16T19:38:34.188+0000] {logging_mixin.py:188} INFO - [2026-02-16T19:38:34.187+0000] {dagbag.py:538} INFO - Filling up the DagBag from /opt/airflow/dags/etl_dag.py
[2026-02-16T19:38:34.233+0000] {logging_mixin.py:188} INFO - Warning: Your Kaggle API key is readable by other users on this system! To fix this, you can run 'chmod 600 /home/airflow/.kaggle/kaggle.json'
[2026-02-16T19:38:34.292+0000] {logging_mixin.py:188} WARNING - /home/airflow/.local/lib/python3.8/site-packages/airflow/models/baseoperator.py:437 AirflowProviderDeprecationWarning: `exists_ok` parameter is deprecated, please use `if_exists`
[2026-02-16T19:38:34.301+0000] {processor.py:840} INFO - DAG(s) 'ecommerce_etl_v2' retrieved from /opt/airflow/dags/etl_dag.py
[2026-02-16T19:38:34.319+0000] {logging_mixin.py:188} INFO - [2026-02-16T19:38:34.319+0000] {dag.py:3036} INFO - Sync 1 DAGs
[2026-02-16T19:38:34.329+0000] {logging_mixin.py:188} INFO - [2026-02-16T19:38:34.329+0000] {dag.py:3823} INFO - Setting next_dagrun for ecommerce_etl_v2 to 2026-02-16 13:00:00+00:00, run_after=2026-02-17 13:00:00+00:00
[2026-02-16T19:38:34.338+0000] {processor.py:183} INFO - Processing /opt/airflow/dags/etl_dag.py took 0.156 seconds
[2026-02-16T19:39:04.500+0000] {processor.py:161} INFO - Started process (PID=43298) to work on /opt/airflow/dags/etl_dag.py
[2026-02-16T19:39:04.501+0000] {processor.py:830} INFO - Processing file /opt/airflow/dags/etl_dag.py for tasks to queue
[2026-02-16T19:39:04.502+0000] {logging_mixin.py:188} INFO - [2026-02-16T19:39:04.502+0000] {dagbag.py:538} INFO - Filling up the DagBag from /opt/airflow/dags/etl_dag.py
[2026-02-16T19:39:04.548+0000] {logging_mixin.py:188} INFO - Warning: Your Kaggle API key is readable by other users on this system! To fix this, you can run 'chmod 600 /home/airflow/.kaggle/kaggle.json'
[2026-02-16T19:39:04.609+0000] {logging_mixin.py:188} WARNING - /home/airflow/.local/lib/python3.8/site-packages/airflow/models/baseoperator.py:437 AirflowProviderDeprecationWarning: `exists_ok` parameter is deprecated, please use `if_exists`
[2026-02-16T19:39:04.618+0000] {processor.py:840} INFO - DAG(s) 'ecommerce_etl_v2' retrieved from /opt/airflow/dags/etl_dag.py
[2026-02-16T19:39:04.636+0000] {logging_mixin.py:188} INFO - [2026-02-16T19:39:04.636+0000] {dag.py:3036} INFO - Sync 1 DAGs
[2026-02-16T19:39:04.646+0000] {logging_mixin.py:188} INFO - [2026-02-16T19:39:04.646+0000] {dag.py:3823} INFO - Setting next_dagrun for ecommerce_etl_v2 to 2026-02-16 13:00:00+00:00, run_after=2026-02-17 13:00:00+00:00
[2026-02-16T19:39:04.654+0000] {processor.py:183} INFO - Processing /opt/airflow/dags/etl_dag.py took 0.159 seconds
[2026-02-16T19:39:34.928+0000] {processor.py:161} INFO - Started process (PID=43329) to work on /opt/airflow/dags/etl_dag.py
[2026-02-16T19:39:34.929+0000] {processor.py:830} INFO - Processing file /opt/airflow/dags/etl_dag.py for tasks to queue
[2026-02-16T19:39:34.930+0000] {logging_mixin.py:188} INFO - [2026-02-16T19:39:34.929+0000] {dagbag.py:538} INFO - Filling up the DagBag from /opt/airflow/dags/etl_dag.py
[2026-02-16T19:39:34.974+0000] {logging_mixin.py:188} INFO - Warning: Your Kaggle API key is readable by other users on this system! To fix this, you can run 'chmod 600 /home/airflow/.kaggle/kaggle.json'
[2026-02-16T19:39:35.033+0000] {logging_mixin.py:188} WARNING - /home/airflow/.local/lib/python3.8/site-packages/airflow/models/baseoperator.py:437 AirflowProviderDeprecationWarning: `exists_ok` parameter is deprecated, please use `if_exists`
[2026-02-16T19:39:35.042+0000] {processor.py:840} INFO - DAG(s) 'ecommerce_etl_v2' retrieved from /opt/airflow/dags/etl_dag.py
[2026-02-16T19:39:35.060+0000] {logging_mixin.py:188} INFO - [2026-02-16T19:39:35.060+0000] {dag.py:3036} INFO - Sync 1 DAGs
[2026-02-16T19:39:35.070+0000] {logging_mixin.py:188} INFO - [2026-02-16T19:39:35.070+0000] {dag.py:3823} INFO - Setting next_dagrun for ecommerce_etl_v2 to 2026-02-16 13:00:00+00:00, run_after=2026-02-17 13:00:00+00:00
[2026-02-16T19:39:35.079+0000] {processor.py:183} INFO - Processing /opt/airflow/dags/etl_dag.py took 0.155 seconds
[2026-02-16T19:40:05.327+0000] {processor.py:161} INFO - Started process (PID=43360) to work on /opt/airflow/dags/etl_dag.py
[2026-02-16T19:40:05.328+0000] {processor.py:830} INFO - Processing file /opt/airflow/dags/etl_dag.py for tasks to queue
[2026-02-16T19:40:05.329+0000] {logging_mixin.py:188} INFO - [2026-02-16T19:40:05.328+0000] {dagbag.py:538} INFO - Filling up the DagBag from /opt/airflow/dags/etl_dag.py
[2026-02-16T19:40:05.376+0000] {logging_mixin.py:188} INFO - Warning: Your Kaggle API key is readable by other users on this system! To fix this, you can run 'chmod 600 /home/airflow/.kaggle/kaggle.json'
[2026-02-16T19:40:05.436+0000] {logging_mixin.py:188} WARNING - /home/airflow/.local/lib/python3.8/site-packages/airflow/models/baseoperator.py:437 AirflowProviderDeprecationWarning: `exists_ok` parameter is deprecated, please use `if_exists`
[2026-02-16T19:40:05.445+0000] {processor.py:840} INFO - DAG(s) 'ecommerce_etl_v2' retrieved from /opt/airflow/dags/etl_dag.py
[2026-02-16T19:40:05.463+0000] {logging_mixin.py:188} INFO - [2026-02-16T19:40:05.463+0000] {dag.py:3036} INFO - Sync 1 DAGs
[2026-02-16T19:40:05.473+0000] {logging_mixin.py:188} INFO - [2026-02-16T19:40:05.473+0000] {dag.py:3823} INFO - Setting next_dagrun for ecommerce_etl_v2 to 2026-02-16 13:00:00+00:00, run_after=2026-02-17 13:00:00+00:00
[2026-02-16T19:40:05.482+0000] {processor.py:183} INFO - Processing /opt/airflow/dags/etl_dag.py took 0.161 seconds
[2026-02-16T19:40:35.692+0000] {processor.py:161} INFO - Started process (PID=43391) to work on /opt/airflow/dags/etl_dag.py
[2026-02-16T19:40:35.693+0000] {processor.py:830} INFO - Processing file /opt/airflow/dags/etl_dag.py for tasks to queue
[2026-02-16T19:40:35.694+0000] {logging_mixin.py:188} INFO - [2026-02-16T19:40:35.694+0000] {dagbag.py:538} INFO - Filling up the DagBag from /opt/airflow/dags/etl_dag.py
[2026-02-16T19:40:35.740+0000] {logging_mixin.py:188} INFO - Warning: Your Kaggle API key is readable by other users on this system! To fix this, you can run 'chmod 600 /home/airflow/.kaggle/kaggle.json'
[2026-02-16T19:40:35.800+0000] {logging_mixin.py:188} WARNING - /home/airflow/.local/lib/python3.8/site-packages/airflow/models/baseoperator.py:437 AirflowProviderDeprecationWarning: `exists_ok` parameter is deprecated, please use `if_exists`
[2026-02-16T19:40:35.810+0000] {processor.py:840} INFO - DAG(s) 'ecommerce_etl_v2' retrieved from /opt/airflow/dags/etl_dag.py
[2026-02-16T19:40:35.829+0000] {logging_mixin.py:188} INFO - [2026-02-16T19:40:35.829+0000] {dag.py:3036} INFO - Sync 1 DAGs
[2026-02-16T19:40:35.840+0000] {logging_mixin.py:188} INFO - [2026-02-16T19:40:35.839+0000] {dag.py:3823} INFO - Setting next_dagrun for ecommerce_etl_v2 to 2026-02-16 13:00:00+00:00, run_after=2026-02-17 13:00:00+00:00
[2026-02-16T19:40:35.849+0000] {processor.py:183} INFO - Processing /opt/airflow/dags/etl_dag.py took 0.161 seconds
[2026-02-16T19:41:06.088+0000] {processor.py:161} INFO - Started process (PID=43422) to work on /opt/airflow/dags/etl_dag.py
[2026-02-16T19:41:06.089+0000] {processor.py:830} INFO - Processing file /opt/airflow/dags/etl_dag.py for tasks to queue
[2026-02-16T19:41:06.090+0000] {logging_mixin.py:188} INFO - [2026-02-16T19:41:06.090+0000] {dagbag.py:538} INFO - Filling up the DagBag from /opt/airflow/dags/etl_dag.py
[2026-02-16T19:41:06.138+0000] {logging_mixin.py:188} INFO - Warning: Your Kaggle API key is readable by other users on this system! To fix this, you can run 'chmod 600 /home/airflow/.kaggle/kaggle.json'
[2026-02-16T19:41:06.201+0000] {logging_mixin.py:188} WARNING - /home/airflow/.local/lib/python3.8/site-packages/airflow/models/baseoperator.py:437 AirflowProviderDeprecationWarning: `exists_ok` parameter is deprecated, please use `if_exists`
[2026-02-16T19:41:06.213+0000] {processor.py:840} INFO - DAG(s) 'ecommerce_etl_v2' retrieved from /opt/airflow/dags/etl_dag.py
[2026-02-16T19:41:06.235+0000] {logging_mixin.py:188} INFO - [2026-02-16T19:41:06.234+0000] {dag.py:3036} INFO - Sync 1 DAGs
[2026-02-16T19:41:06.246+0000] {logging_mixin.py:188} INFO - [2026-02-16T19:41:06.246+0000] {dag.py:3823} INFO - Setting next_dagrun for ecommerce_etl_v2 to 2026-02-16 13:00:00+00:00, run_after=2026-02-17 13:00:00+00:00
[2026-02-16T19:41:06.259+0000] {processor.py:183} INFO - Processing /opt/airflow/dags/etl_dag.py took 0.174 seconds
[2026-02-16T19:41:36.435+0000] {processor.py:161} INFO - Started process (PID=43453) to work on /opt/airflow/dags/etl_dag.py
[2026-02-16T19:41:36.437+0000] {processor.py:830} INFO - Processing file /opt/airflow/dags/etl_dag.py for tasks to queue
[2026-02-16T19:41:36.437+0000] {logging_mixin.py:188} INFO - [2026-02-16T19:41:36.437+0000] {dagbag.py:538} INFO - Filling up the DagBag from /opt/airflow/dags/etl_dag.py
[2026-02-16T19:41:36.477+0000] {logging_mixin.py:188} INFO - Warning: Your Kaggle API key is readable by other users on this system! To fix this, you can run 'chmod 600 /home/airflow/.kaggle/kaggle.json'
[2026-02-16T19:41:36.538+0000] {logging_mixin.py:188} WARNING - /home/airflow/.local/lib/python3.8/site-packages/airflow/models/baseoperator.py:437 AirflowProviderDeprecationWarning: `exists_ok` parameter is deprecated, please use `if_exists`
[2026-02-16T19:41:36.548+0000] {processor.py:840} INFO - DAG(s) 'ecommerce_etl_v2' retrieved from /opt/airflow/dags/etl_dag.py
[2026-02-16T19:41:36.566+0000] {logging_mixin.py:188} INFO - [2026-02-16T19:41:36.566+0000] {dag.py:3036} INFO - Sync 1 DAGs
[2026-02-16T19:41:36.576+0000] {logging_mixin.py:188} INFO - [2026-02-16T19:41:36.576+0000] {dag.py:3823} INFO - Setting next_dagrun for ecommerce_etl_v2 to 2026-02-16 13:00:00+00:00, run_after=2026-02-17 13:00:00+00:00
[2026-02-16T19:41:36.584+0000] {processor.py:183} INFO - Processing /opt/airflow/dags/etl_dag.py took 0.153 seconds
[2026-02-16T19:42:06.849+0000] {processor.py:161} INFO - Started process (PID=43484) to work on /opt/airflow/dags/etl_dag.py
[2026-02-16T19:42:06.850+0000] {processor.py:830} INFO - Processing file /opt/airflow/dags/etl_dag.py for tasks to queue
[2026-02-16T19:42:06.851+0000] {logging_mixin.py:188} INFO - [2026-02-16T19:42:06.850+0000] {dagbag.py:538} INFO - Filling up the DagBag from /opt/airflow/dags/etl_dag.py
[2026-02-16T19:42:06.897+0000] {logging_mixin.py:188} INFO - Warning: Your Kaggle API key is readable by other users on this system! To fix this, you can run 'chmod 600 /home/airflow/.kaggle/kaggle.json'
[2026-02-16T19:42:06.957+0000] {logging_mixin.py:188} WARNING - /home/airflow/.local/lib/python3.8/site-packages/airflow/models/baseoperator.py:437 AirflowProviderDeprecationWarning: `exists_ok` parameter is deprecated, please use `if_exists`
[2026-02-16T19:42:06.965+0000] {processor.py:840} INFO - DAG(s) 'ecommerce_etl_v2' retrieved from /opt/airflow/dags/etl_dag.py
[2026-02-16T19:42:06.984+0000] {logging_mixin.py:188} INFO - [2026-02-16T19:42:06.984+0000] {dag.py:3036} INFO - Sync 1 DAGs
[2026-02-16T19:42:06.994+0000] {logging_mixin.py:188} INFO - [2026-02-16T19:42:06.994+0000] {dag.py:3823} INFO - Setting next_dagrun for ecommerce_etl_v2 to 2026-02-16 13:00:00+00:00, run_after=2026-02-17 13:00:00+00:00
[2026-02-16T19:42:07.003+0000] {processor.py:183} INFO - Processing /opt/airflow/dags/etl_dag.py took 0.158 seconds
[2026-02-16T19:42:37.221+0000] {processor.py:161} INFO - Started process (PID=43515) to work on /opt/airflow/dags/etl_dag.py
[2026-02-16T19:42:37.222+0000] {processor.py:830} INFO - Processing file /opt/airflow/dags/etl_dag.py for tasks to queue
[2026-02-16T19:42:37.223+0000] {logging_mixin.py:188} INFO - [2026-02-16T19:42:37.223+0000] {dagbag.py:538} INFO - Filling up the DagBag from /opt/airflow/dags/etl_dag.py
[2026-02-16T19:42:37.272+0000] {logging_mixin.py:188} INFO - Warning: Your Kaggle API key is readable by other users on this system! To fix this, you can run 'chmod 600 /home/airflow/.kaggle/kaggle.json'
[2026-02-16T19:42:37.336+0000] {logging_mixin.py:188} WARNING - /home/airflow/.local/lib/python3.8/site-packages/airflow/models/baseoperator.py:437 AirflowProviderDeprecationWarning: `exists_ok` parameter is deprecated, please use `if_exists`
[2026-02-16T19:42:37.347+0000] {processor.py:840} INFO - DAG(s) 'ecommerce_etl_v2' retrieved from /opt/airflow/dags/etl_dag.py
[2026-02-16T19:42:37.371+0000] {logging_mixin.py:188} INFO - [2026-02-16T19:42:37.371+0000] {dag.py:3036} INFO - Sync 1 DAGs
[2026-02-16T19:42:37.384+0000] {logging_mixin.py:188} INFO - [2026-02-16T19:42:37.383+0000] {dag.py:3823} INFO - Setting next_dagrun for ecommerce_etl_v2 to 2026-02-16 13:00:00+00:00, run_after=2026-02-17 13:00:00+00:00
[2026-02-16T19:42:37.395+0000] {processor.py:183} INFO - Processing /opt/airflow/dags/etl_dag.py took 0.179 seconds
[2026-02-16T19:43:07.539+0000] {processor.py:161} INFO - Started process (PID=43546) to work on /opt/airflow/dags/etl_dag.py
[2026-02-16T19:43:07.539+0000] {processor.py:830} INFO - Processing file /opt/airflow/dags/etl_dag.py for tasks to queue
[2026-02-16T19:43:07.540+0000] {logging_mixin.py:188} INFO - [2026-02-16T19:43:07.540+0000] {dagbag.py:538} INFO - Filling up the DagBag from /opt/airflow/dags/etl_dag.py
[2026-02-16T19:43:07.581+0000] {logging_mixin.py:188} INFO - Warning: Your Kaggle API key is readable by other users on this system! To fix this, you can run 'chmod 600 /home/airflow/.kaggle/kaggle.json'
[2026-02-16T19:43:07.648+0000] {logging_mixin.py:188} WARNING - /home/airflow/.local/lib/python3.8/site-packages/airflow/models/baseoperator.py:437 AirflowProviderDeprecationWarning: `exists_ok` parameter is deprecated, please use `if_exists`
[2026-02-16T19:43:07.658+0000] {processor.py:840} INFO - DAG(s) 'ecommerce_etl_v2' retrieved from /opt/airflow/dags/etl_dag.py
[2026-02-16T19:43:07.676+0000] {logging_mixin.py:188} INFO - [2026-02-16T19:43:07.676+0000] {dag.py:3036} INFO - Sync 1 DAGs
[2026-02-16T19:43:07.686+0000] {logging_mixin.py:188} INFO - [2026-02-16T19:43:07.686+0000] {dag.py:3823} INFO - Setting next_dagrun for ecommerce_etl_v2 to 2026-02-16 13:00:00+00:00, run_after=2026-02-17 13:00:00+00:00
[2026-02-16T19:43:07.695+0000] {processor.py:183} INFO - Processing /opt/airflow/dags/etl_dag.py took 0.159 seconds
[2026-02-16T19:43:37.934+0000] {processor.py:161} INFO - Started process (PID=43577) to work on /opt/airflow/dags/etl_dag.py
[2026-02-16T19:43:37.937+0000] {processor.py:830} INFO - Processing file /opt/airflow/dags/etl_dag.py for tasks to queue
[2026-02-16T19:43:37.938+0000] {logging_mixin.py:188} INFO - [2026-02-16T19:43:37.938+0000] {dagbag.py:538} INFO - Filling up the DagBag from /opt/airflow/dags/etl_dag.py
[2026-02-16T19:43:37.985+0000] {logging_mixin.py:188} INFO - Warning: Your Kaggle API key is readable by other users on this system! To fix this, you can run 'chmod 600 /home/airflow/.kaggle/kaggle.json'
[2026-02-16T19:43:38.047+0000] {logging_mixin.py:188} WARNING - /home/airflow/.local/lib/python3.8/site-packages/airflow/models/baseoperator.py:437 AirflowProviderDeprecationWarning: `exists_ok` parameter is deprecated, please use `if_exists`
[2026-02-16T19:43:38.056+0000] {processor.py:840} INFO - DAG(s) 'ecommerce_etl_v2' retrieved from /opt/airflow/dags/etl_dag.py
[2026-02-16T19:43:38.076+0000] {logging_mixin.py:188} INFO - [2026-02-16T19:43:38.076+0000] {dag.py:3036} INFO - Sync 1 DAGs
[2026-02-16T19:43:38.087+0000] {logging_mixin.py:188} INFO - [2026-02-16T19:43:38.087+0000] {dag.py:3823} INFO - Setting next_dagrun for ecommerce_etl_v2 to 2026-02-16 13:00:00+00:00, run_after=2026-02-17 13:00:00+00:00
[2026-02-16T19:43:38.097+0000] {processor.py:183} INFO - Processing /opt/airflow/dags/etl_dag.py took 0.168 seconds
[2026-02-16T19:44:08.310+0000] {processor.py:161} INFO - Started process (PID=43608) to work on /opt/airflow/dags/etl_dag.py
[2026-02-16T19:44:08.312+0000] {processor.py:830} INFO - Processing file /opt/airflow/dags/etl_dag.py for tasks to queue
[2026-02-16T19:44:08.313+0000] {logging_mixin.py:188} INFO - [2026-02-16T19:44:08.312+0000] {dagbag.py:538} INFO - Filling up the DagBag from /opt/airflow/dags/etl_dag.py
[2026-02-16T19:44:08.360+0000] {logging_mixin.py:188} INFO - Warning: Your Kaggle API key is readable by other users on this system! To fix this, you can run 'chmod 600 /home/airflow/.kaggle/kaggle.json'
[2026-02-16T19:44:08.421+0000] {logging_mixin.py:188} WARNING - /home/airflow/.local/lib/python3.8/site-packages/airflow/models/baseoperator.py:437 AirflowProviderDeprecationWarning: `exists_ok` parameter is deprecated, please use `if_exists`
[2026-02-16T19:44:08.430+0000] {processor.py:840} INFO - DAG(s) 'ecommerce_etl_v2' retrieved from /opt/airflow/dags/etl_dag.py
[2026-02-16T19:44:08.449+0000] {logging_mixin.py:188} INFO - [2026-02-16T19:44:08.449+0000] {dag.py:3036} INFO - Sync 1 DAGs
[2026-02-16T19:44:08.460+0000] {logging_mixin.py:188} INFO - [2026-02-16T19:44:08.459+0000] {dag.py:3823} INFO - Setting next_dagrun for ecommerce_etl_v2 to 2026-02-16 13:00:00+00:00, run_after=2026-02-17 13:00:00+00:00
[2026-02-16T19:44:08.469+0000] {processor.py:183} INFO - Processing /opt/airflow/dags/etl_dag.py took 0.163 seconds
[2026-02-16T19:44:38.680+0000] {processor.py:161} INFO - Started process (PID=43639) to work on /opt/airflow/dags/etl_dag.py
[2026-02-16T19:44:38.682+0000] {processor.py:830} INFO - Processing file /opt/airflow/dags/etl_dag.py for tasks to queue
[2026-02-16T19:44:38.682+0000] {logging_mixin.py:188} INFO - [2026-02-16T19:44:38.682+0000] {dagbag.py:538} INFO - Filling up the DagBag from /opt/airflow/dags/etl_dag.py
[2026-02-16T19:44:38.733+0000] {logging_mixin.py:188} INFO - Warning: Your Kaggle API key is readable by other users on this system! To fix this, you can run 'chmod 600 /home/airflow/.kaggle/kaggle.json'
[2026-02-16T19:44:38.793+0000] {logging_mixin.py:188} WARNING - /home/airflow/.local/lib/python3.8/site-packages/airflow/models/baseoperator.py:437 AirflowProviderDeprecationWarning: `exists_ok` parameter is deprecated, please use `if_exists`
[2026-02-16T19:44:38.802+0000] {processor.py:840} INFO - DAG(s) 'ecommerce_etl_v2' retrieved from /opt/airflow/dags/etl_dag.py
[2026-02-16T19:44:38.821+0000] {logging_mixin.py:188} INFO - [2026-02-16T19:44:38.820+0000] {dag.py:3036} INFO - Sync 1 DAGs
[2026-02-16T19:44:38.831+0000] {logging_mixin.py:188} INFO - [2026-02-16T19:44:38.831+0000] {dag.py:3823} INFO - Setting next_dagrun for ecommerce_etl_v2 to 2026-02-16 13:00:00+00:00, run_after=2026-02-17 13:00:00+00:00
[2026-02-16T19:44:38.840+0000] {processor.py:183} INFO - Processing /opt/airflow/dags/etl_dag.py took 0.164 seconds
[2026-02-16T19:45:09.133+0000] {processor.py:161} INFO - Started process (PID=43670) to work on /opt/airflow/dags/etl_dag.py
[2026-02-16T19:45:09.133+0000] {processor.py:830} INFO - Processing file /opt/airflow/dags/etl_dag.py for tasks to queue
[2026-02-16T19:45:09.134+0000] {logging_mixin.py:188} INFO - [2026-02-16T19:45:09.134+0000] {dagbag.py:538} INFO - Filling up the DagBag from /opt/airflow/dags/etl_dag.py
[2026-02-16T19:45:09.177+0000] {logging_mixin.py:188} INFO - Warning: Your Kaggle API key is readable by other users on this system! To fix this, you can run 'chmod 600 /home/airflow/.kaggle/kaggle.json'
[2026-02-16T19:45:09.238+0000] {logging_mixin.py:188} WARNING - /home/airflow/.local/lib/python3.8/site-packages/airflow/models/baseoperator.py:437 AirflowProviderDeprecationWarning: `exists_ok` parameter is deprecated, please use `if_exists`
[2026-02-16T19:45:09.247+0000] {processor.py:840} INFO - DAG(s) 'ecommerce_etl_v2' retrieved from /opt/airflow/dags/etl_dag.py
[2026-02-16T19:45:09.265+0000] {logging_mixin.py:188} INFO - [2026-02-16T19:45:09.265+0000] {dag.py:3036} INFO - Sync 1 DAGs
[2026-02-16T19:45:09.276+0000] {logging_mixin.py:188} INFO - [2026-02-16T19:45:09.276+0000] {dag.py:3823} INFO - Setting next_dagrun for ecommerce_etl_v2 to 2026-02-16 13:00:00+00:00, run_after=2026-02-17 13:00:00+00:00
[2026-02-16T19:45:09.285+0000] {processor.py:183} INFO - Processing /opt/airflow/dags/etl_dag.py took 0.155 seconds
[2026-02-16T19:45:39.451+0000] {processor.py:161} INFO - Started process (PID=43701) to work on /opt/airflow/dags/etl_dag.py
[2026-02-16T19:45:39.453+0000] {processor.py:830} INFO - Processing file /opt/airflow/dags/etl_dag.py for tasks to queue
[2026-02-16T19:45:39.454+0000] {logging_mixin.py:188} INFO - [2026-02-16T19:45:39.453+0000] {dagbag.py:538} INFO - Filling up the DagBag from /opt/airflow/dags/etl_dag.py
[2026-02-16T19:45:39.498+0000] {logging_mixin.py:188} INFO - Warning: Your Kaggle API key is readable by other users on this system! To fix this, you can run 'chmod 600 /home/airflow/.kaggle/kaggle.json'
[2026-02-16T19:45:39.558+0000] {logging_mixin.py:188} WARNING - /home/airflow/.local/lib/python3.8/site-packages/airflow/models/baseoperator.py:437 AirflowProviderDeprecationWarning: `exists_ok` parameter is deprecated, please use `if_exists`
[2026-02-16T19:45:39.570+0000] {processor.py:840} INFO - DAG(s) 'ecommerce_etl_v2' retrieved from /opt/airflow/dags/etl_dag.py
[2026-02-16T19:45:39.588+0000] {logging_mixin.py:188} INFO - [2026-02-16T19:45:39.588+0000] {dag.py:3036} INFO - Sync 1 DAGs
[2026-02-16T19:45:39.598+0000] {logging_mixin.py:188} INFO - [2026-02-16T19:45:39.598+0000] {dag.py:3823} INFO - Setting next_dagrun for ecommerce_etl_v2 to 2026-02-16 13:00:00+00:00, run_after=2026-02-17 13:00:00+00:00
[2026-02-16T19:45:39.607+0000] {processor.py:183} INFO - Processing /opt/airflow/dags/etl_dag.py took 0.160 seconds
[2026-02-16T19:46:09.736+0000] {processor.py:161} INFO - Started process (PID=43732) to work on /opt/airflow/dags/etl_dag.py
[2026-02-16T19:46:09.737+0000] {processor.py:830} INFO - Processing file /opt/airflow/dags/etl_dag.py for tasks to queue
[2026-02-16T19:46:09.738+0000] {logging_mixin.py:188} INFO - [2026-02-16T19:46:09.738+0000] {dagbag.py:538} INFO - Filling up the DagBag from /opt/airflow/dags/etl_dag.py
[2026-02-16T19:46:09.784+0000] {logging_mixin.py:188} INFO - Warning: Your Kaggle API key is readable by other users on this system! To fix this, you can run 'chmod 600 /home/airflow/.kaggle/kaggle.json'
[2026-02-16T19:46:09.843+0000] {logging_mixin.py:188} WARNING - /home/airflow/.local/lib/python3.8/site-packages/airflow/models/baseoperator.py:437 AirflowProviderDeprecationWarning: `exists_ok` parameter is deprecated, please use `if_exists`
[2026-02-16T19:46:09.852+0000] {processor.py:840} INFO - DAG(s) 'ecommerce_etl_v2' retrieved from /opt/airflow/dags/etl_dag.py
[2026-02-16T19:46:09.872+0000] {logging_mixin.py:188} INFO - [2026-02-16T19:46:09.872+0000] {dag.py:3036} INFO - Sync 1 DAGs
[2026-02-16T19:46:09.883+0000] {logging_mixin.py:188} INFO - [2026-02-16T19:46:09.883+0000] {dag.py:3823} INFO - Setting next_dagrun for ecommerce_etl_v2 to 2026-02-16 13:00:00+00:00, run_after=2026-02-17 13:00:00+00:00
[2026-02-16T19:46:09.894+0000] {processor.py:183} INFO - Processing /opt/airflow/dags/etl_dag.py took 0.162 seconds
[2026-02-16T19:46:40.217+0000] {processor.py:161} INFO - Started process (PID=43763) to work on /opt/airflow/dags/etl_dag.py
[2026-02-16T19:46:40.219+0000] {processor.py:830} INFO - Processing file /opt/airflow/dags/etl_dag.py for tasks to queue
[2026-02-16T19:46:40.220+0000] {logging_mixin.py:188} INFO - [2026-02-16T19:46:40.219+0000] {dagbag.py:538} INFO - Filling up the DagBag from /opt/airflow/dags/etl_dag.py
[2026-02-16T19:46:40.266+0000] {logging_mixin.py:188} INFO - Warning: Your Kaggle API key is readable by other users on this system! To fix this, you can run 'chmod 600 /home/airflow/.kaggle/kaggle.json'
[2026-02-16T19:46:40.325+0000] {logging_mixin.py:188} WARNING - /home/airflow/.local/lib/python3.8/site-packages/airflow/models/baseoperator.py:437 AirflowProviderDeprecationWarning: `exists_ok` parameter is deprecated, please use `if_exists`
[2026-02-16T19:46:40.333+0000] {processor.py:840} INFO - DAG(s) 'ecommerce_etl_v2' retrieved from /opt/airflow/dags/etl_dag.py
[2026-02-16T19:46:40.352+0000] {logging_mixin.py:188} INFO - [2026-02-16T19:46:40.351+0000] {dag.py:3036} INFO - Sync 1 DAGs
[2026-02-16T19:46:40.362+0000] {logging_mixin.py:188} INFO - [2026-02-16T19:46:40.362+0000] {dag.py:3823} INFO - Setting next_dagrun for ecommerce_etl_v2 to 2026-02-16 13:00:00+00:00, run_after=2026-02-17 13:00:00+00:00
[2026-02-16T19:46:40.370+0000] {processor.py:183} INFO - Processing /opt/airflow/dags/etl_dag.py took 0.157 seconds
[2026-02-16T19:47:10.506+0000] {processor.py:161} INFO - Started process (PID=43794) to work on /opt/airflow/dags/etl_dag.py
[2026-02-16T19:47:10.507+0000] {processor.py:830} INFO - Processing file /opt/airflow/dags/etl_dag.py for tasks to queue
[2026-02-16T19:47:10.508+0000] {logging_mixin.py:188} INFO - [2026-02-16T19:47:10.508+0000] {dagbag.py:538} INFO - Filling up the DagBag from /opt/airflow/dags/etl_dag.py
[2026-02-16T19:47:10.554+0000] {logging_mixin.py:188} INFO - Warning: Your Kaggle API key is readable by other users on this system! To fix this, you can run 'chmod 600 /home/airflow/.kaggle/kaggle.json'
[2026-02-16T19:47:10.614+0000] {logging_mixin.py:188} WARNING - /home/airflow/.local/lib/python3.8/site-packages/airflow/models/baseoperator.py:437 AirflowProviderDeprecationWarning: `exists_ok` parameter is deprecated, please use `if_exists`
[2026-02-16T19:47:10.622+0000] {processor.py:840} INFO - DAG(s) 'ecommerce_etl_v2' retrieved from /opt/airflow/dags/etl_dag.py
[2026-02-16T19:47:10.640+0000] {logging_mixin.py:188} INFO - [2026-02-16T19:47:10.640+0000] {dag.py:3036} INFO - Sync 1 DAGs
[2026-02-16T19:47:10.650+0000] {logging_mixin.py:188} INFO - [2026-02-16T19:47:10.650+0000] {dag.py:3823} INFO - Setting next_dagrun for ecommerce_etl_v2 to 2026-02-16 13:00:00+00:00, run_after=2026-02-17 13:00:00+00:00
[2026-02-16T19:47:10.659+0000] {processor.py:183} INFO - Processing /opt/airflow/dags/etl_dag.py took 0.158 seconds
[2026-02-16T19:47:40.915+0000] {processor.py:161} INFO - Started process (PID=43825) to work on /opt/airflow/dags/etl_dag.py
[2026-02-16T19:47:40.916+0000] {processor.py:830} INFO - Processing file /opt/airflow/dags/etl_dag.py for tasks to queue
[2026-02-16T19:47:40.918+0000] {logging_mixin.py:188} INFO - [2026-02-16T19:47:40.917+0000] {dagbag.py:538} INFO - Filling up the DagBag from /opt/airflow/dags/etl_dag.py
[2026-02-16T19:47:40.961+0000] {logging_mixin.py:188} INFO - Warning: Your Kaggle API key is readable by other users on this system! To fix this, you can run 'chmod 600 /home/airflow/.kaggle/kaggle.json'
[2026-02-16T19:47:41.020+0000] {logging_mixin.py:188} WARNING - /home/airflow/.local/lib/python3.8/site-packages/airflow/models/baseoperator.py:437 AirflowProviderDeprecationWarning: `exists_ok` parameter is deprecated, please use `if_exists`
[2026-02-16T19:47:41.028+0000] {processor.py:840} INFO - DAG(s) 'ecommerce_etl_v2' retrieved from /opt/airflow/dags/etl_dag.py
[2026-02-16T19:47:41.047+0000] {logging_mixin.py:188} INFO - [2026-02-16T19:47:41.047+0000] {dag.py:3036} INFO - Sync 1 DAGs
[2026-02-16T19:47:41.057+0000] {logging_mixin.py:188} INFO - [2026-02-16T19:47:41.057+0000] {dag.py:3823} INFO - Setting next_dagrun for ecommerce_etl_v2 to 2026-02-16 13:00:00+00:00, run_after=2026-02-17 13:00:00+00:00
[2026-02-16T19:47:41.066+0000] {processor.py:183} INFO - Processing /opt/airflow/dags/etl_dag.py took 0.155 seconds
[2026-02-16T19:48:11.315+0000] {processor.py:161} INFO - Started process (PID=43856) to work on /opt/airflow/dags/etl_dag.py
[2026-02-16T19:48:11.316+0000] {processor.py:830} INFO - Processing file /opt/airflow/dags/etl_dag.py for tasks to queue
[2026-02-16T19:48:11.317+0000] {logging_mixin.py:188} INFO - [2026-02-16T19:48:11.317+0000] {dagbag.py:538} INFO - Filling up the DagBag from /opt/airflow/dags/etl_dag.py
[2026-02-16T19:48:11.362+0000] {logging_mixin.py:188} INFO - Warning: Your Kaggle API key is readable by other users on this system! To fix this, you can run 'chmod 600 /home/airflow/.kaggle/kaggle.json'
[2026-02-16T19:48:11.422+0000] {logging_mixin.py:188} WARNING - /home/airflow/.local/lib/python3.8/site-packages/airflow/models/baseoperator.py:437 AirflowProviderDeprecationWarning: `exists_ok` parameter is deprecated, please use `if_exists`
[2026-02-16T19:48:11.431+0000] {processor.py:840} INFO - DAG(s) 'ecommerce_etl_v2' retrieved from /opt/airflow/dags/etl_dag.py
[2026-02-16T19:48:11.450+0000] {logging_mixin.py:188} INFO - [2026-02-16T19:48:11.450+0000] {dag.py:3036} INFO - Sync 1 DAGs
[2026-02-16T19:48:11.462+0000] {logging_mixin.py:188} INFO - [2026-02-16T19:48:11.462+0000] {dag.py:3823} INFO - Setting next_dagrun for ecommerce_etl_v2 to 2026-02-16 13:00:00+00:00, run_after=2026-02-17 13:00:00+00:00
[2026-02-16T19:48:11.472+0000] {processor.py:183} INFO - Processing /opt/airflow/dags/etl_dag.py took 0.159 seconds
[2026-02-16T19:48:41.756+0000] {processor.py:161} INFO - Started process (PID=43887) to work on /opt/airflow/dags/etl_dag.py
[2026-02-16T19:48:41.757+0000] {processor.py:830} INFO - Processing file /opt/airflow/dags/etl_dag.py for tasks to queue
[2026-02-16T19:48:41.758+0000] {logging_mixin.py:188} INFO - [2026-02-16T19:48:41.758+0000] {dagbag.py:538} INFO - Filling up the DagBag from /opt/airflow/dags/etl_dag.py
[2026-02-16T19:48:41.807+0000] {logging_mixin.py:188} INFO - Warning: Your Kaggle API key is readable by other users on this system! To fix this, you can run 'chmod 600 /home/airflow/.kaggle/kaggle.json'
[2026-02-16T19:48:41.870+0000] {logging_mixin.py:188} WARNING - /home/airflow/.local/lib/python3.8/site-packages/airflow/models/baseoperator.py:437 AirflowProviderDeprecationWarning: `exists_ok` parameter is deprecated, please use `if_exists`
[2026-02-16T19:48:41.879+0000] {processor.py:840} INFO - DAG(s) 'ecommerce_etl_v2' retrieved from /opt/airflow/dags/etl_dag.py
[2026-02-16T19:48:41.899+0000] {logging_mixin.py:188} INFO - [2026-02-16T19:48:41.899+0000] {dag.py:3036} INFO - Sync 1 DAGs
[2026-02-16T19:48:41.911+0000] {logging_mixin.py:188} INFO - [2026-02-16T19:48:41.911+0000] {dag.py:3823} INFO - Setting next_dagrun for ecommerce_etl_v2 to 2026-02-16 13:00:00+00:00, run_after=2026-02-17 13:00:00+00:00
[2026-02-16T19:48:41.921+0000] {processor.py:183} INFO - Processing /opt/airflow/dags/etl_dag.py took 0.168 seconds
[2026-02-16T19:49:12.120+0000] {processor.py:161} INFO - Started process (PID=43918) to work on /opt/airflow/dags/etl_dag.py
[2026-02-16T19:49:12.123+0000] {processor.py:830} INFO - Processing file /opt/airflow/dags/etl_dag.py for tasks to queue
[2026-02-16T19:49:12.124+0000] {logging_mixin.py:188} INFO - [2026-02-16T19:49:12.123+0000] {dagbag.py:538} INFO - Filling up the DagBag from /opt/airflow/dags/etl_dag.py
[2026-02-16T19:49:12.171+0000] {logging_mixin.py:188} INFO - Warning: Your Kaggle API key is readable by other users on this system! To fix this, you can run 'chmod 600 /home/airflow/.kaggle/kaggle.json'
[2026-02-16T19:49:12.233+0000] {logging_mixin.py:188} WARNING - /home/airflow/.local/lib/python3.8/site-packages/airflow/models/baseoperator.py:437 AirflowProviderDeprecationWarning: `exists_ok` parameter is deprecated, please use `if_exists`
[2026-02-16T19:49:12.241+0000] {processor.py:840} INFO - DAG(s) 'ecommerce_etl_v2' retrieved from /opt/airflow/dags/etl_dag.py
[2026-02-16T19:49:12.260+0000] {logging_mixin.py:188} INFO - [2026-02-16T19:49:12.260+0000] {dag.py:3036} INFO - Sync 1 DAGs
[2026-02-16T19:49:12.271+0000] {logging_mixin.py:188} INFO - [2026-02-16T19:49:12.271+0000] {dag.py:3823} INFO - Setting next_dagrun for ecommerce_etl_v2 to 2026-02-16 13:00:00+00:00, run_after=2026-02-17 13:00:00+00:00
[2026-02-16T19:49:12.281+0000] {processor.py:183} INFO - Processing /opt/airflow/dags/etl_dag.py took 0.166 seconds
[2026-02-16T19:49:42.501+0000] {processor.py:161} INFO - Started process (PID=43949) to work on /opt/airflow/dags/etl_dag.py
[2026-02-16T19:49:42.502+0000] {processor.py:830} INFO - Processing file /opt/airflow/dags/etl_dag.py for tasks to queue
[2026-02-16T19:49:42.502+0000] {logging_mixin.py:188} INFO - [2026-02-16T19:49:42.502+0000] {dagbag.py:538} INFO - Filling up the DagBag from /opt/airflow/dags/etl_dag.py
[2026-02-16T19:49:42.538+0000] {logging_mixin.py:188} INFO - Warning: Your Kaggle API key is readable by other users on this system! To fix this, you can run 'chmod 600 /home/airflow/.kaggle/kaggle.json'
[2026-02-16T19:49:42.598+0000] {logging_mixin.py:188} WARNING - /home/airflow/.local/lib/python3.8/site-packages/airflow/models/baseoperator.py:437 AirflowProviderDeprecationWarning: `exists_ok` parameter is deprecated, please use `if_exists`
[2026-02-16T19:49:42.606+0000] {processor.py:840} INFO - DAG(s) 'ecommerce_etl_v2' retrieved from /opt/airflow/dags/etl_dag.py
[2026-02-16T19:49:42.625+0000] {logging_mixin.py:188} INFO - [2026-02-16T19:49:42.625+0000] {dag.py:3036} INFO - Sync 1 DAGs
[2026-02-16T19:49:42.635+0000] {logging_mixin.py:188} INFO - [2026-02-16T19:49:42.635+0000] {dag.py:3823} INFO - Setting next_dagrun for ecommerce_etl_v2 to 2026-02-16 13:00:00+00:00, run_after=2026-02-17 13:00:00+00:00
[2026-02-16T19:49:42.643+0000] {processor.py:183} INFO - Processing /opt/airflow/dags/etl_dag.py took 0.144 seconds
[2026-02-16T19:50:12.802+0000] {processor.py:161} INFO - Started process (PID=43980) to work on /opt/airflow/dags/etl_dag.py
[2026-02-16T19:50:12.804+0000] {processor.py:830} INFO - Processing file /opt/airflow/dags/etl_dag.py for tasks to queue
[2026-02-16T19:50:12.805+0000] {logging_mixin.py:188} INFO - [2026-02-16T19:50:12.804+0000] {dagbag.py:538} INFO - Filling up the DagBag from /opt/airflow/dags/etl_dag.py
[2026-02-16T19:50:12.848+0000] {logging_mixin.py:188} INFO - Warning: Your Kaggle API key is readable by other users on this system! To fix this, you can run 'chmod 600 /home/airflow/.kaggle/kaggle.json'
[2026-02-16T19:50:12.907+0000] {logging_mixin.py:188} WARNING - /home/airflow/.local/lib/python3.8/site-packages/airflow/models/baseoperator.py:437 AirflowProviderDeprecationWarning: `exists_ok` parameter is deprecated, please use `if_exists`
[2026-02-16T19:50:12.915+0000] {processor.py:840} INFO - DAG(s) 'ecommerce_etl_v2' retrieved from /opt/airflow/dags/etl_dag.py
[2026-02-16T19:50:12.934+0000] {logging_mixin.py:188} INFO - [2026-02-16T19:50:12.934+0000] {dag.py:3036} INFO - Sync 1 DAGs
[2026-02-16T19:50:12.945+0000] {logging_mixin.py:188} INFO - [2026-02-16T19:50:12.945+0000] {dag.py:3823} INFO - Setting next_dagrun for ecommerce_etl_v2 to 2026-02-16 13:00:00+00:00, run_after=2026-02-17 13:00:00+00:00
[2026-02-16T19:50:12.954+0000] {processor.py:183} INFO - Processing /opt/airflow/dags/etl_dag.py took 0.157 seconds
[2026-02-16T19:50:43.126+0000] {processor.py:161} INFO - Started process (PID=44011) to work on /opt/airflow/dags/etl_dag.py
[2026-02-16T19:50:43.127+0000] {processor.py:830} INFO - Processing file /opt/airflow/dags/etl_dag.py for tasks to queue
[2026-02-16T19:50:43.128+0000] {logging_mixin.py:188} INFO - [2026-02-16T19:50:43.128+0000] {dagbag.py:538} INFO - Filling up the DagBag from /opt/airflow/dags/etl_dag.py
[2026-02-16T19:50:43.169+0000] {logging_mixin.py:188} INFO - Warning: Your Kaggle API key is readable by other users on this system! To fix this, you can run 'chmod 600 /home/airflow/.kaggle/kaggle.json'
[2026-02-16T19:50:43.229+0000] {logging_mixin.py:188} WARNING - /home/airflow/.local/lib/python3.8/site-packages/airflow/models/baseoperator.py:437 AirflowProviderDeprecationWarning: `exists_ok` parameter is deprecated, please use `if_exists`
[2026-02-16T19:50:43.239+0000] {processor.py:840} INFO - DAG(s) 'ecommerce_etl_v2' retrieved from /opt/airflow/dags/etl_dag.py
[2026-02-16T19:50:43.257+0000] {logging_mixin.py:188} INFO - [2026-02-16T19:50:43.257+0000] {dag.py:3036} INFO - Sync 1 DAGs
[2026-02-16T19:50:43.268+0000] {logging_mixin.py:188} INFO - [2026-02-16T19:50:43.267+0000] {dag.py:3823} INFO - Setting next_dagrun for ecommerce_etl_v2 to 2026-02-16 13:00:00+00:00, run_after=2026-02-17 13:00:00+00:00
[2026-02-16T19:50:43.276+0000] {processor.py:183} INFO - Processing /opt/airflow/dags/etl_dag.py took 0.152 seconds
[2026-02-16T19:51:13.431+0000] {processor.py:161} INFO - Started process (PID=44042) to work on /opt/airflow/dags/etl_dag.py
[2026-02-16T19:51:13.432+0000] {processor.py:830} INFO - Processing file /opt/airflow/dags/etl_dag.py for tasks to queue
[2026-02-16T19:51:13.433+0000] {logging_mixin.py:188} INFO - [2026-02-16T19:51:13.432+0000] {dagbag.py:538} INFO - Filling up the DagBag from /opt/airflow/dags/etl_dag.py
[2026-02-16T19:51:13.477+0000] {logging_mixin.py:188} INFO - Warning: Your Kaggle API key is readable by other users on this system! To fix this, you can run 'chmod 600 /home/airflow/.kaggle/kaggle.json'
[2026-02-16T19:51:13.543+0000] {logging_mixin.py:188} WARNING - /home/airflow/.local/lib/python3.8/site-packages/airflow/models/baseoperator.py:437 AirflowProviderDeprecationWarning: `exists_ok` parameter is deprecated, please use `if_exists`
[2026-02-16T19:51:13.553+0000] {processor.py:840} INFO - DAG(s) 'ecommerce_etl_v2' retrieved from /opt/airflow/dags/etl_dag.py
[2026-02-16T19:51:13.575+0000] {logging_mixin.py:188} INFO - [2026-02-16T19:51:13.575+0000] {dag.py:3036} INFO - Sync 1 DAGs
[2026-02-16T19:51:13.588+0000] {logging_mixin.py:188} INFO - [2026-02-16T19:51:13.588+0000] {dag.py:3823} INFO - Setting next_dagrun for ecommerce_etl_v2 to 2026-02-16 13:00:00+00:00, run_after=2026-02-17 13:00:00+00:00
[2026-02-16T19:51:13.599+0000] {processor.py:183} INFO - Processing /opt/airflow/dags/etl_dag.py took 0.171 seconds
[2026-02-16T19:51:43.809+0000] {processor.py:161} INFO - Started process (PID=44073) to work on /opt/airflow/dags/etl_dag.py
[2026-02-16T19:51:43.810+0000] {processor.py:830} INFO - Processing file /opt/airflow/dags/etl_dag.py for tasks to queue
[2026-02-16T19:51:43.811+0000] {logging_mixin.py:188} INFO - [2026-02-16T19:51:43.811+0000] {dagbag.py:538} INFO - Filling up the DagBag from /opt/airflow/dags/etl_dag.py
[2026-02-16T19:51:43.858+0000] {logging_mixin.py:188} INFO - Warning: Your Kaggle API key is readable by other users on this system! To fix this, you can run 'chmod 600 /home/airflow/.kaggle/kaggle.json'
[2026-02-16T19:51:43.917+0000] {logging_mixin.py:188} WARNING - /home/airflow/.local/lib/python3.8/site-packages/airflow/models/baseoperator.py:437 AirflowProviderDeprecationWarning: `exists_ok` parameter is deprecated, please use `if_exists`
[2026-02-16T19:51:43.926+0000] {processor.py:840} INFO - DAG(s) 'ecommerce_etl_v2' retrieved from /opt/airflow/dags/etl_dag.py
[2026-02-16T19:51:43.945+0000] {logging_mixin.py:188} INFO - [2026-02-16T19:51:43.945+0000] {dag.py:3036} INFO - Sync 1 DAGs
[2026-02-16T19:51:43.955+0000] {logging_mixin.py:188} INFO - [2026-02-16T19:51:43.955+0000] {dag.py:3823} INFO - Setting next_dagrun for ecommerce_etl_v2 to 2026-02-16 13:00:00+00:00, run_after=2026-02-17 13:00:00+00:00
[2026-02-16T19:51:43.963+0000] {processor.py:183} INFO - Processing /opt/airflow/dags/etl_dag.py took 0.159 seconds
[2026-02-16T19:52:14.211+0000] {processor.py:161} INFO - Started process (PID=44104) to work on /opt/airflow/dags/etl_dag.py
[2026-02-16T19:52:14.212+0000] {processor.py:830} INFO - Processing file /opt/airflow/dags/etl_dag.py for tasks to queue
[2026-02-16T19:52:14.213+0000] {logging_mixin.py:188} INFO - [2026-02-16T19:52:14.213+0000] {dagbag.py:538} INFO - Filling up the DagBag from /opt/airflow/dags/etl_dag.py
[2026-02-16T19:52:14.259+0000] {logging_mixin.py:188} INFO - Warning: Your Kaggle API key is readable by other users on this system! To fix this, you can run 'chmod 600 /home/airflow/.kaggle/kaggle.json'
[2026-02-16T19:52:14.318+0000] {logging_mixin.py:188} WARNING - /home/airflow/.local/lib/python3.8/site-packages/airflow/models/baseoperator.py:437 AirflowProviderDeprecationWarning: `exists_ok` parameter is deprecated, please use `if_exists`
[2026-02-16T19:52:14.326+0000] {processor.py:840} INFO - DAG(s) 'ecommerce_etl_v2' retrieved from /opt/airflow/dags/etl_dag.py
[2026-02-16T19:52:14.345+0000] {logging_mixin.py:188} INFO - [2026-02-16T19:52:14.345+0000] {dag.py:3036} INFO - Sync 1 DAGs
[2026-02-16T19:52:14.355+0000] {logging_mixin.py:188} INFO - [2026-02-16T19:52:14.355+0000] {dag.py:3823} INFO - Setting next_dagrun for ecommerce_etl_v2 to 2026-02-16 13:00:00+00:00, run_after=2026-02-17 13:00:00+00:00
[2026-02-16T19:52:14.364+0000] {processor.py:183} INFO - Processing /opt/airflow/dags/etl_dag.py took 0.157 seconds
[2026-02-16T19:52:44.582+0000] {processor.py:161} INFO - Started process (PID=44135) to work on /opt/airflow/dags/etl_dag.py
[2026-02-16T19:52:44.584+0000] {processor.py:830} INFO - Processing file /opt/airflow/dags/etl_dag.py for tasks to queue
[2026-02-16T19:52:44.584+0000] {logging_mixin.py:188} INFO - [2026-02-16T19:52:44.584+0000] {dagbag.py:538} INFO - Filling up the DagBag from /opt/airflow/dags/etl_dag.py
[2026-02-16T19:52:44.631+0000] {logging_mixin.py:188} INFO - Warning: Your Kaggle API key is readable by other users on this system! To fix this, you can run 'chmod 600 /home/airflow/.kaggle/kaggle.json'
[2026-02-16T19:52:44.691+0000] {logging_mixin.py:188} WARNING - /home/airflow/.local/lib/python3.8/site-packages/airflow/models/baseoperator.py:437 AirflowProviderDeprecationWarning: `exists_ok` parameter is deprecated, please use `if_exists`
[2026-02-16T19:52:44.699+0000] {processor.py:840} INFO - DAG(s) 'ecommerce_etl_v2' retrieved from /opt/airflow/dags/etl_dag.py
[2026-02-16T19:52:44.719+0000] {logging_mixin.py:188} INFO - [2026-02-16T19:52:44.719+0000] {dag.py:3036} INFO - Sync 1 DAGs
[2026-02-16T19:52:44.730+0000] {logging_mixin.py:188} INFO - [2026-02-16T19:52:44.730+0000] {dag.py:3823} INFO - Setting next_dagrun for ecommerce_etl_v2 to 2026-02-16 13:00:00+00:00, run_after=2026-02-17 13:00:00+00:00
[2026-02-16T19:52:44.738+0000] {processor.py:183} INFO - Processing /opt/airflow/dags/etl_dag.py took 0.161 seconds
[2026-02-16T19:53:14.948+0000] {processor.py:161} INFO - Started process (PID=44166) to work on /opt/airflow/dags/etl_dag.py
[2026-02-16T19:53:14.950+0000] {processor.py:830} INFO - Processing file /opt/airflow/dags/etl_dag.py for tasks to queue
[2026-02-16T19:53:14.951+0000] {logging_mixin.py:188} INFO - [2026-02-16T19:53:14.950+0000] {dagbag.py:538} INFO - Filling up the DagBag from /opt/airflow/dags/etl_dag.py
[2026-02-16T19:53:14.998+0000] {logging_mixin.py:188} INFO - Warning: Your Kaggle API key is readable by other users on this system! To fix this, you can run 'chmod 600 /home/airflow/.kaggle/kaggle.json'
[2026-02-16T19:53:15.058+0000] {logging_mixin.py:188} WARNING - /home/airflow/.local/lib/python3.8/site-packages/airflow/models/baseoperator.py:437 AirflowProviderDeprecationWarning: `exists_ok` parameter is deprecated, please use `if_exists`
[2026-02-16T19:53:15.068+0000] {processor.py:840} INFO - DAG(s) 'ecommerce_etl_v2' retrieved from /opt/airflow/dags/etl_dag.py
[2026-02-16T19:53:15.086+0000] {logging_mixin.py:188} INFO - [2026-02-16T19:53:15.086+0000] {dag.py:3036} INFO - Sync 1 DAGs
[2026-02-16T19:53:15.097+0000] {logging_mixin.py:188} INFO - [2026-02-16T19:53:15.096+0000] {dag.py:3823} INFO - Setting next_dagrun for ecommerce_etl_v2 to 2026-02-16 13:00:00+00:00, run_after=2026-02-17 13:00:00+00:00
[2026-02-16T19:53:15.105+0000] {processor.py:183} INFO - Processing /opt/airflow/dags/etl_dag.py took 0.161 seconds
[2026-02-16T19:53:45.347+0000] {processor.py:161} INFO - Started process (PID=44197) to work on /opt/airflow/dags/etl_dag.py
[2026-02-16T19:53:45.349+0000] {processor.py:830} INFO - Processing file /opt/airflow/dags/etl_dag.py for tasks to queue
[2026-02-16T19:53:45.350+0000] {logging_mixin.py:188} INFO - [2026-02-16T19:53:45.350+0000] {dagbag.py:538} INFO - Filling up the DagBag from /opt/airflow/dags/etl_dag.py
[2026-02-16T19:53:45.394+0000] {logging_mixin.py:188} INFO - Warning: Your Kaggle API key is readable by other users on this system! To fix this, you can run 'chmod 600 /home/airflow/.kaggle/kaggle.json'
[2026-02-16T19:53:45.453+0000] {logging_mixin.py:188} WARNING - /home/airflow/.local/lib/python3.8/site-packages/airflow/models/baseoperator.py:437 AirflowProviderDeprecationWarning: `exists_ok` parameter is deprecated, please use `if_exists`
[2026-02-16T19:53:45.462+0000] {processor.py:840} INFO - DAG(s) 'ecommerce_etl_v2' retrieved from /opt/airflow/dags/etl_dag.py
[2026-02-16T19:53:45.481+0000] {logging_mixin.py:188} INFO - [2026-02-16T19:53:45.481+0000] {dag.py:3036} INFO - Sync 1 DAGs
[2026-02-16T19:53:45.491+0000] {logging_mixin.py:188} INFO - [2026-02-16T19:53:45.491+0000] {dag.py:3823} INFO - Setting next_dagrun for ecommerce_etl_v2 to 2026-02-16 13:00:00+00:00, run_after=2026-02-17 13:00:00+00:00
[2026-02-16T19:53:45.500+0000] {processor.py:183} INFO - Processing /opt/airflow/dags/etl_dag.py took 0.157 seconds
[2026-02-16T19:54:15.694+0000] {processor.py:161} INFO - Started process (PID=44228) to work on /opt/airflow/dags/etl_dag.py
[2026-02-16T19:54:15.696+0000] {processor.py:830} INFO - Processing file /opt/airflow/dags/etl_dag.py for tasks to queue
[2026-02-16T19:54:15.697+0000] {logging_mixin.py:188} INFO - [2026-02-16T19:54:15.696+0000] {dagbag.py:538} INFO - Filling up the DagBag from /opt/airflow/dags/etl_dag.py
[2026-02-16T19:54:15.747+0000] {logging_mixin.py:188} INFO - Warning: Your Kaggle API key is readable by other users on this system! To fix this, you can run 'chmod 600 /home/airflow/.kaggle/kaggle.json'
[2026-02-16T19:54:15.810+0000] {logging_mixin.py:188} WARNING - /home/airflow/.local/lib/python3.8/site-packages/airflow/models/baseoperator.py:437 AirflowProviderDeprecationWarning: `exists_ok` parameter is deprecated, please use `if_exists`
[2026-02-16T19:54:15.820+0000] {processor.py:840} INFO - DAG(s) 'ecommerce_etl_v2' retrieved from /opt/airflow/dags/etl_dag.py
[2026-02-16T19:54:15.841+0000] {logging_mixin.py:188} INFO - [2026-02-16T19:54:15.841+0000] {dag.py:3036} INFO - Sync 1 DAGs
[2026-02-16T19:54:15.854+0000] {logging_mixin.py:188} INFO - [2026-02-16T19:54:15.854+0000] {dag.py:3823} INFO - Setting next_dagrun for ecommerce_etl_v2 to 2026-02-16 13:00:00+00:00, run_after=2026-02-17 13:00:00+00:00
[2026-02-16T19:54:15.868+0000] {processor.py:183} INFO - Processing /opt/airflow/dags/etl_dag.py took 0.178 seconds
[2026-02-16T19:54:46.029+0000] {processor.py:161} INFO - Started process (PID=44259) to work on /opt/airflow/dags/etl_dag.py
[2026-02-16T19:54:46.030+0000] {processor.py:830} INFO - Processing file /opt/airflow/dags/etl_dag.py for tasks to queue
[2026-02-16T19:54:46.031+0000] {logging_mixin.py:188} INFO - [2026-02-16T19:54:46.031+0000] {dagbag.py:538} INFO - Filling up the DagBag from /opt/airflow/dags/etl_dag.py
[2026-02-16T19:54:46.076+0000] {logging_mixin.py:188} INFO - Warning: Your Kaggle API key is readable by other users on this system! To fix this, you can run 'chmod 600 /home/airflow/.kaggle/kaggle.json'
[2026-02-16T19:54:46.136+0000] {logging_mixin.py:188} WARNING - /home/airflow/.local/lib/python3.8/site-packages/airflow/models/baseoperator.py:437 AirflowProviderDeprecationWarning: `exists_ok` parameter is deprecated, please use `if_exists`
[2026-02-16T19:54:46.145+0000] {processor.py:840} INFO - DAG(s) 'ecommerce_etl_v2' retrieved from /opt/airflow/dags/etl_dag.py
[2026-02-16T19:54:46.164+0000] {logging_mixin.py:188} INFO - [2026-02-16T19:54:46.164+0000] {dag.py:3036} INFO - Sync 1 DAGs
[2026-02-16T19:54:46.174+0000] {logging_mixin.py:188} INFO - [2026-02-16T19:54:46.174+0000] {dag.py:3823} INFO - Setting next_dagrun for ecommerce_etl_v2 to 2026-02-16 13:00:00+00:00, run_after=2026-02-17 13:00:00+00:00
[2026-02-16T19:54:46.183+0000] {processor.py:183} INFO - Processing /opt/airflow/dags/etl_dag.py took 0.157 seconds
[2026-02-16T19:55:16.472+0000] {processor.py:161} INFO - Started process (PID=44290) to work on /opt/airflow/dags/etl_dag.py
[2026-02-16T19:55:16.473+0000] {processor.py:830} INFO - Processing file /opt/airflow/dags/etl_dag.py for tasks to queue
[2026-02-16T19:55:16.473+0000] {logging_mixin.py:188} INFO - [2026-02-16T19:55:16.473+0000] {dagbag.py:538} INFO - Filling up the DagBag from /opt/airflow/dags/etl_dag.py
[2026-02-16T19:55:16.514+0000] {logging_mixin.py:188} INFO - Warning: Your Kaggle API key is readable by other users on this system! To fix this, you can run 'chmod 600 /home/airflow/.kaggle/kaggle.json'
[2026-02-16T19:55:16.574+0000] {logging_mixin.py:188} WARNING - /home/airflow/.local/lib/python3.8/site-packages/airflow/models/baseoperator.py:437 AirflowProviderDeprecationWarning: `exists_ok` parameter is deprecated, please use `if_exists`
[2026-02-16T19:55:16.583+0000] {processor.py:840} INFO - DAG(s) 'ecommerce_etl_v2' retrieved from /opt/airflow/dags/etl_dag.py
[2026-02-16T19:55:16.601+0000] {logging_mixin.py:188} INFO - [2026-02-16T19:55:16.601+0000] {dag.py:3036} INFO - Sync 1 DAGs
[2026-02-16T19:55:16.612+0000] {logging_mixin.py:188} INFO - [2026-02-16T19:55:16.612+0000] {dag.py:3823} INFO - Setting next_dagrun for ecommerce_etl_v2 to 2026-02-16 13:00:00+00:00, run_after=2026-02-17 13:00:00+00:00
[2026-02-16T19:55:16.621+0000] {processor.py:183} INFO - Processing /opt/airflow/dags/etl_dag.py took 0.152 seconds
[2026-02-16T19:55:46.741+0000] {processor.py:161} INFO - Started process (PID=44321) to work on /opt/airflow/dags/etl_dag.py
[2026-02-16T19:55:46.742+0000] {processor.py:830} INFO - Processing file /opt/airflow/dags/etl_dag.py for tasks to queue
[2026-02-16T19:55:46.743+0000] {logging_mixin.py:188} INFO - [2026-02-16T19:55:46.742+0000] {dagbag.py:538} INFO - Filling up the DagBag from /opt/airflow/dags/etl_dag.py
[2026-02-16T19:55:46.790+0000] {logging_mixin.py:188} INFO - Warning: Your Kaggle API key is readable by other users on this system! To fix this, you can run 'chmod 600 /home/airflow/.kaggle/kaggle.json'
[2026-02-16T19:55:46.849+0000] {logging_mixin.py:188} WARNING - /home/airflow/.local/lib/python3.8/site-packages/airflow/models/baseoperator.py:437 AirflowProviderDeprecationWarning: `exists_ok` parameter is deprecated, please use `if_exists`
[2026-02-16T19:55:46.861+0000] {processor.py:840} INFO - DAG(s) 'ecommerce_etl_v2' retrieved from /opt/airflow/dags/etl_dag.py
[2026-02-16T19:55:46.880+0000] {logging_mixin.py:188} INFO - [2026-02-16T19:55:46.880+0000] {dag.py:3036} INFO - Sync 1 DAGs
[2026-02-16T19:55:46.891+0000] {logging_mixin.py:188} INFO - [2026-02-16T19:55:46.891+0000] {dag.py:3823} INFO - Setting next_dagrun for ecommerce_etl_v2 to 2026-02-16 13:00:00+00:00, run_after=2026-02-17 13:00:00+00:00
[2026-02-16T19:55:46.899+0000] {processor.py:183} INFO - Processing /opt/airflow/dags/etl_dag.py took 0.163 seconds
[2026-02-16T19:56:17.181+0000] {processor.py:161} INFO - Started process (PID=44352) to work on /opt/airflow/dags/etl_dag.py
[2026-02-16T19:56:17.183+0000] {processor.py:830} INFO - Processing file /opt/airflow/dags/etl_dag.py for tasks to queue
[2026-02-16T19:56:17.184+0000] {logging_mixin.py:188} INFO - [2026-02-16T19:56:17.184+0000] {dagbag.py:538} INFO - Filling up the DagBag from /opt/airflow/dags/etl_dag.py
[2026-02-16T19:56:17.230+0000] {logging_mixin.py:188} INFO - Warning: Your Kaggle API key is readable by other users on this system! To fix this, you can run 'chmod 600 /home/airflow/.kaggle/kaggle.json'
[2026-02-16T19:56:17.290+0000] {logging_mixin.py:188} WARNING - /home/airflow/.local/lib/python3.8/site-packages/airflow/models/baseoperator.py:437 AirflowProviderDeprecationWarning: `exists_ok` parameter is deprecated, please use `if_exists`
[2026-02-16T19:56:17.299+0000] {processor.py:840} INFO - DAG(s) 'ecommerce_etl_v2' retrieved from /opt/airflow/dags/etl_dag.py
[2026-02-16T19:56:17.317+0000] {logging_mixin.py:188} INFO - [2026-02-16T19:56:17.316+0000] {dag.py:3036} INFO - Sync 1 DAGs
[2026-02-16T19:56:17.327+0000] {logging_mixin.py:188} INFO - [2026-02-16T19:56:17.327+0000] {dag.py:3823} INFO - Setting next_dagrun for ecommerce_etl_v2 to 2026-02-16 13:00:00+00:00, run_after=2026-02-17 13:00:00+00:00
[2026-02-16T19:56:17.336+0000] {processor.py:183} INFO - Processing /opt/airflow/dags/etl_dag.py took 0.159 seconds
[2026-02-16T19:56:47.505+0000] {processor.py:161} INFO - Started process (PID=44383) to work on /opt/airflow/dags/etl_dag.py
[2026-02-16T19:56:47.506+0000] {processor.py:830} INFO - Processing file /opt/airflow/dags/etl_dag.py for tasks to queue
[2026-02-16T19:56:47.507+0000] {logging_mixin.py:188} INFO - [2026-02-16T19:56:47.507+0000] {dagbag.py:538} INFO - Filling up the DagBag from /opt/airflow/dags/etl_dag.py
[2026-02-16T19:56:47.553+0000] {logging_mixin.py:188} INFO - Warning: Your Kaggle API key is readable by other users on this system! To fix this, you can run 'chmod 600 /home/airflow/.kaggle/kaggle.json'
[2026-02-16T19:56:47.612+0000] {logging_mixin.py:188} WARNING - /home/airflow/.local/lib/python3.8/site-packages/airflow/models/baseoperator.py:437 AirflowProviderDeprecationWarning: `exists_ok` parameter is deprecated, please use `if_exists`
[2026-02-16T19:56:47.622+0000] {processor.py:840} INFO - DAG(s) 'ecommerce_etl_v2' retrieved from /opt/airflow/dags/etl_dag.py
[2026-02-16T19:56:47.640+0000] {logging_mixin.py:188} INFO - [2026-02-16T19:56:47.640+0000] {dag.py:3036} INFO - Sync 1 DAGs
[2026-02-16T19:56:47.650+0000] {logging_mixin.py:188} INFO - [2026-02-16T19:56:47.650+0000] {dag.py:3823} INFO - Setting next_dagrun for ecommerce_etl_v2 to 2026-02-16 13:00:00+00:00, run_after=2026-02-17 13:00:00+00:00
[2026-02-16T19:56:47.660+0000] {processor.py:183} INFO - Processing /opt/airflow/dags/etl_dag.py took 0.159 seconds
[2026-02-16T19:57:17.922+0000] {processor.py:161} INFO - Started process (PID=44414) to work on /opt/airflow/dags/etl_dag.py
[2026-02-16T19:57:17.924+0000] {processor.py:830} INFO - Processing file /opt/airflow/dags/etl_dag.py for tasks to queue
[2026-02-16T19:57:17.925+0000] {logging_mixin.py:188} INFO - [2026-02-16T19:57:17.924+0000] {dagbag.py:538} INFO - Filling up the DagBag from /opt/airflow/dags/etl_dag.py
[2026-02-16T19:57:17.968+0000] {logging_mixin.py:188} INFO - Warning: Your Kaggle API key is readable by other users on this system! To fix this, you can run 'chmod 600 /home/airflow/.kaggle/kaggle.json'
[2026-02-16T19:57:18.027+0000] {logging_mixin.py:188} WARNING - /home/airflow/.local/lib/python3.8/site-packages/airflow/models/baseoperator.py:437 AirflowProviderDeprecationWarning: `exists_ok` parameter is deprecated, please use `if_exists`
[2026-02-16T19:57:18.036+0000] {processor.py:840} INFO - DAG(s) 'ecommerce_etl_v2' retrieved from /opt/airflow/dags/etl_dag.py
[2026-02-16T19:57:18.055+0000] {logging_mixin.py:188} INFO - [2026-02-16T19:57:18.055+0000] {dag.py:3036} INFO - Sync 1 DAGs
[2026-02-16T19:57:18.065+0000] {logging_mixin.py:188} INFO - [2026-02-16T19:57:18.065+0000] {dag.py:3823} INFO - Setting next_dagrun for ecommerce_etl_v2 to 2026-02-16 13:00:00+00:00, run_after=2026-02-17 13:00:00+00:00
[2026-02-16T19:57:18.074+0000] {processor.py:183} INFO - Processing /opt/airflow/dags/etl_dag.py took 0.156 seconds
[2026-02-16T19:57:48.215+0000] {processor.py:161} INFO - Started process (PID=44445) to work on /opt/airflow/dags/etl_dag.py
[2026-02-16T19:57:48.217+0000] {processor.py:830} INFO - Processing file /opt/airflow/dags/etl_dag.py for tasks to queue
[2026-02-16T19:57:48.217+0000] {logging_mixin.py:188} INFO - [2026-02-16T19:57:48.217+0000] {dagbag.py:538} INFO - Filling up the DagBag from /opt/airflow/dags/etl_dag.py
[2026-02-16T19:57:48.264+0000] {logging_mixin.py:188} INFO - Warning: Your Kaggle API key is readable by other users on this system! To fix this, you can run 'chmod 600 /home/airflow/.kaggle/kaggle.json'
[2026-02-16T19:57:48.324+0000] {logging_mixin.py:188} WARNING - /home/airflow/.local/lib/python3.8/site-packages/airflow/models/baseoperator.py:437 AirflowProviderDeprecationWarning: `exists_ok` parameter is deprecated, please use `if_exists`
[2026-02-16T19:57:48.333+0000] {processor.py:840} INFO - DAG(s) 'ecommerce_etl_v2' retrieved from /opt/airflow/dags/etl_dag.py
[2026-02-16T19:57:48.351+0000] {logging_mixin.py:188} INFO - [2026-02-16T19:57:48.351+0000] {dag.py:3036} INFO - Sync 1 DAGs
[2026-02-16T19:57:48.362+0000] {logging_mixin.py:188} INFO - [2026-02-16T19:57:48.361+0000] {dag.py:3823} INFO - Setting next_dagrun for ecommerce_etl_v2 to 2026-02-16 13:00:00+00:00, run_after=2026-02-17 13:00:00+00:00
[2026-02-16T19:57:48.371+0000] {processor.py:183} INFO - Processing /opt/airflow/dags/etl_dag.py took 0.160 seconds
[2026-02-16T19:58:18.721+0000] {processor.py:161} INFO - Started process (PID=44476) to work on /opt/airflow/dags/etl_dag.py
[2026-02-16T19:58:18.722+0000] {processor.py:830} INFO - Processing file /opt/airflow/dags/etl_dag.py for tasks to queue
[2026-02-16T19:58:18.723+0000] {logging_mixin.py:188} INFO - [2026-02-16T19:58:18.723+0000] {dagbag.py:538} INFO - Filling up the DagBag from /opt/airflow/dags/etl_dag.py
[2026-02-16T19:58:18.771+0000] {logging_mixin.py:188} INFO - Warning: Your Kaggle API key is readable by other users on this system! To fix this, you can run 'chmod 600 /home/airflow/.kaggle/kaggle.json'
[2026-02-16T19:58:18.833+0000] {logging_mixin.py:188} WARNING - /home/airflow/.local/lib/python3.8/site-packages/airflow/models/baseoperator.py:437 AirflowProviderDeprecationWarning: `exists_ok` parameter is deprecated, please use `if_exists`
[2026-02-16T19:58:18.843+0000] {processor.py:840} INFO - DAG(s) 'ecommerce_etl_v2' retrieved from /opt/airflow/dags/etl_dag.py
[2026-02-16T19:58:18.862+0000] {logging_mixin.py:188} INFO - [2026-02-16T19:58:18.862+0000] {dag.py:3036} INFO - Sync 1 DAGs
[2026-02-16T19:58:18.873+0000] {logging_mixin.py:188} INFO - [2026-02-16T19:58:18.873+0000] {dag.py:3823} INFO - Setting next_dagrun for ecommerce_etl_v2 to 2026-02-16 13:00:00+00:00, run_after=2026-02-17 13:00:00+00:00
[2026-02-16T19:58:18.882+0000] {processor.py:183} INFO - Processing /opt/airflow/dags/etl_dag.py took 0.165 seconds
[2026-02-16T19:58:49.069+0000] {processor.py:161} INFO - Started process (PID=44507) to work on /opt/airflow/dags/etl_dag.py
[2026-02-16T19:58:49.071+0000] {processor.py:830} INFO - Processing file /opt/airflow/dags/etl_dag.py for tasks to queue
[2026-02-16T19:58:49.072+0000] {logging_mixin.py:188} INFO - [2026-02-16T19:58:49.072+0000] {dagbag.py:538} INFO - Filling up the DagBag from /opt/airflow/dags/etl_dag.py
[2026-02-16T19:58:49.117+0000] {logging_mixin.py:188} INFO - Warning: Your Kaggle API key is readable by other users on this system! To fix this, you can run 'chmod 600 /home/airflow/.kaggle/kaggle.json'
[2026-02-16T19:58:49.177+0000] {logging_mixin.py:188} WARNING - /home/airflow/.local/lib/python3.8/site-packages/airflow/models/baseoperator.py:437 AirflowProviderDeprecationWarning: `exists_ok` parameter is deprecated, please use `if_exists`
[2026-02-16T19:58:49.185+0000] {processor.py:840} INFO - DAG(s) 'ecommerce_etl_v2' retrieved from /opt/airflow/dags/etl_dag.py
[2026-02-16T19:58:49.203+0000] {logging_mixin.py:188} INFO - [2026-02-16T19:58:49.203+0000] {dag.py:3036} INFO - Sync 1 DAGs
[2026-02-16T19:58:49.214+0000] {logging_mixin.py:188} INFO - [2026-02-16T19:58:49.213+0000] {dag.py:3823} INFO - Setting next_dagrun for ecommerce_etl_v2 to 2026-02-16 13:00:00+00:00, run_after=2026-02-17 13:00:00+00:00
[2026-02-16T19:58:49.222+0000] {processor.py:183} INFO - Processing /opt/airflow/dags/etl_dag.py took 0.157 seconds
[2026-02-16T19:59:19.476+0000] {processor.py:161} INFO - Started process (PID=44538) to work on /opt/airflow/dags/etl_dag.py
[2026-02-16T19:59:19.477+0000] {processor.py:830} INFO - Processing file /opt/airflow/dags/etl_dag.py for tasks to queue
[2026-02-16T19:59:19.478+0000] {logging_mixin.py:188} INFO - [2026-02-16T19:59:19.477+0000] {dagbag.py:538} INFO - Filling up the DagBag from /opt/airflow/dags/etl_dag.py
[2026-02-16T19:59:19.519+0000] {logging_mixin.py:188} INFO - Warning: Your Kaggle API key is readable by other users on this system! To fix this, you can run 'chmod 600 /home/airflow/.kaggle/kaggle.json'
[2026-02-16T19:59:19.578+0000] {logging_mixin.py:188} WARNING - /home/airflow/.local/lib/python3.8/site-packages/airflow/models/baseoperator.py:437 AirflowProviderDeprecationWarning: `exists_ok` parameter is deprecated, please use `if_exists`
[2026-02-16T19:59:19.587+0000] {processor.py:840} INFO - DAG(s) 'ecommerce_etl_v2' retrieved from /opt/airflow/dags/etl_dag.py
[2026-02-16T19:59:19.605+0000] {logging_mixin.py:188} INFO - [2026-02-16T19:59:19.605+0000] {dag.py:3036} INFO - Sync 1 DAGs
[2026-02-16T19:59:19.616+0000] {logging_mixin.py:188} INFO - [2026-02-16T19:59:19.615+0000] {dag.py:3823} INFO - Setting next_dagrun for ecommerce_etl_v2 to 2026-02-16 13:00:00+00:00, run_after=2026-02-17 13:00:00+00:00
[2026-02-16T19:59:19.625+0000] {processor.py:183} INFO - Processing /opt/airflow/dags/etl_dag.py took 0.150 seconds
[2026-02-16T19:59:49.831+0000] {processor.py:161} INFO - Started process (PID=44569) to work on /opt/airflow/dags/etl_dag.py
[2026-02-16T19:59:49.832+0000] {processor.py:830} INFO - Processing file /opt/airflow/dags/etl_dag.py for tasks to queue
[2026-02-16T19:59:49.833+0000] {logging_mixin.py:188} INFO - [2026-02-16T19:59:49.833+0000] {dagbag.py:538} INFO - Filling up the DagBag from /opt/airflow/dags/etl_dag.py
[2026-02-16T19:59:49.877+0000] {logging_mixin.py:188} INFO - Warning: Your Kaggle API key is readable by other users on this system! To fix this, you can run 'chmod 600 /home/airflow/.kaggle/kaggle.json'
[2026-02-16T19:59:49.936+0000] {logging_mixin.py:188} WARNING - /home/airflow/.local/lib/python3.8/site-packages/airflow/models/baseoperator.py:437 AirflowProviderDeprecationWarning: `exists_ok` parameter is deprecated, please use `if_exists`
[2026-02-16T19:59:49.945+0000] {processor.py:840} INFO - DAG(s) 'ecommerce_etl_v2' retrieved from /opt/airflow/dags/etl_dag.py
[2026-02-16T19:59:49.963+0000] {logging_mixin.py:188} INFO - [2026-02-16T19:59:49.963+0000] {dag.py:3036} INFO - Sync 1 DAGs
[2026-02-16T19:59:49.973+0000] {logging_mixin.py:188} INFO - [2026-02-16T19:59:49.973+0000] {dag.py:3823} INFO - Setting next_dagrun for ecommerce_etl_v2 to 2026-02-16 13:00:00+00:00, run_after=2026-02-17 13:00:00+00:00
[2026-02-16T19:59:49.982+0000] {processor.py:183} INFO - Processing /opt/airflow/dags/etl_dag.py took 0.154 seconds
[2026-02-16T20:00:20.095+0000] {processor.py:161} INFO - Started process (PID=44600) to work on /opt/airflow/dags/etl_dag.py
[2026-02-16T20:00:20.096+0000] {processor.py:830} INFO - Processing file /opt/airflow/dags/etl_dag.py for tasks to queue
[2026-02-16T20:00:20.097+0000] {logging_mixin.py:188} INFO - [2026-02-16T20:00:20.096+0000] {dagbag.py:538} INFO - Filling up the DagBag from /opt/airflow/dags/etl_dag.py
[2026-02-16T20:00:20.143+0000] {logging_mixin.py:188} INFO - Warning: Your Kaggle API key is readable by other users on this system! To fix this, you can run 'chmod 600 /home/airflow/.kaggle/kaggle.json'
[2026-02-16T20:00:20.204+0000] {logging_mixin.py:188} WARNING - /home/airflow/.local/lib/python3.8/site-packages/airflow/models/baseoperator.py:437 AirflowProviderDeprecationWarning: `exists_ok` parameter is deprecated, please use `if_exists`
[2026-02-16T20:00:20.213+0000] {processor.py:840} INFO - DAG(s) 'ecommerce_etl_v2' retrieved from /opt/airflow/dags/etl_dag.py
[2026-02-16T20:00:20.232+0000] {logging_mixin.py:188} INFO - [2026-02-16T20:00:20.232+0000] {dag.py:3036} INFO - Sync 1 DAGs
[2026-02-16T20:00:20.242+0000] {logging_mixin.py:188} INFO - [2026-02-16T20:00:20.242+0000] {dag.py:3823} INFO - Setting next_dagrun for ecommerce_etl_v2 to 2026-02-16 13:00:00+00:00, run_after=2026-02-17 13:00:00+00:00
[2026-02-16T20:00:20.251+0000] {processor.py:183} INFO - Processing /opt/airflow/dags/etl_dag.py took 0.160 seconds
[2026-02-16T20:00:50.532+0000] {processor.py:161} INFO - Started process (PID=44631) to work on /opt/airflow/dags/etl_dag.py
[2026-02-16T20:00:50.533+0000] {processor.py:830} INFO - Processing file /opt/airflow/dags/etl_dag.py for tasks to queue
[2026-02-16T20:00:50.534+0000] {logging_mixin.py:188} INFO - [2026-02-16T20:00:50.534+0000] {dagbag.py:538} INFO - Filling up the DagBag from /opt/airflow/dags/etl_dag.py
[2026-02-16T20:00:50.580+0000] {logging_mixin.py:188} INFO - Warning: Your Kaggle API key is readable by other users on this system! To fix this, you can run 'chmod 600 /home/airflow/.kaggle/kaggle.json'
[2026-02-16T20:00:50.639+0000] {logging_mixin.py:188} WARNING - /home/airflow/.local/lib/python3.8/site-packages/airflow/models/baseoperator.py:437 AirflowProviderDeprecationWarning: `exists_ok` parameter is deprecated, please use `if_exists`
[2026-02-16T20:00:50.649+0000] {processor.py:840} INFO - DAG(s) 'ecommerce_etl_v2' retrieved from /opt/airflow/dags/etl_dag.py
[2026-02-16T20:00:50.667+0000] {logging_mixin.py:188} INFO - [2026-02-16T20:00:50.667+0000] {dag.py:3036} INFO - Sync 1 DAGs
[2026-02-16T20:00:50.677+0000] {logging_mixin.py:188} INFO - [2026-02-16T20:00:50.677+0000] {dag.py:3823} INFO - Setting next_dagrun for ecommerce_etl_v2 to 2026-02-16 13:00:00+00:00, run_after=2026-02-17 13:00:00+00:00
[2026-02-16T20:00:50.686+0000] {processor.py:183} INFO - Processing /opt/airflow/dags/etl_dag.py took 0.158 seconds
[2026-02-16T20:01:20.878+0000] {processor.py:161} INFO - Started process (PID=44662) to work on /opt/airflow/dags/etl_dag.py
[2026-02-16T20:01:20.881+0000] {processor.py:830} INFO - Processing file /opt/airflow/dags/etl_dag.py for tasks to queue
[2026-02-16T20:01:20.882+0000] {logging_mixin.py:188} INFO - [2026-02-16T20:01:20.881+0000] {dagbag.py:538} INFO - Filling up the DagBag from /opt/airflow/dags/etl_dag.py
[2026-02-16T20:01:20.927+0000] {logging_mixin.py:188} INFO - Warning: Your Kaggle API key is readable by other users on this system! To fix this, you can run 'chmod 600 /home/airflow/.kaggle/kaggle.json'
[2026-02-16T20:01:20.986+0000] {logging_mixin.py:188} WARNING - /home/airflow/.local/lib/python3.8/site-packages/airflow/models/baseoperator.py:437 AirflowProviderDeprecationWarning: `exists_ok` parameter is deprecated, please use `if_exists`
[2026-02-16T20:01:20.995+0000] {processor.py:840} INFO - DAG(s) 'ecommerce_etl_v2' retrieved from /opt/airflow/dags/etl_dag.py
[2026-02-16T20:01:21.013+0000] {logging_mixin.py:188} INFO - [2026-02-16T20:01:21.012+0000] {dag.py:3036} INFO - Sync 1 DAGs
[2026-02-16T20:01:21.023+0000] {logging_mixin.py:188} INFO - [2026-02-16T20:01:21.023+0000] {dag.py:3823} INFO - Setting next_dagrun for ecommerce_etl_v2 to 2026-02-16 13:00:00+00:00, run_after=2026-02-17 13:00:00+00:00
[2026-02-16T20:01:21.032+0000] {processor.py:183} INFO - Processing /opt/airflow/dags/etl_dag.py took 0.159 seconds
[2026-02-16T20:01:51.241+0000] {processor.py:161} INFO - Started process (PID=44693) to work on /opt/airflow/dags/etl_dag.py
[2026-02-16T20:01:51.243+0000] {processor.py:830} INFO - Processing file /opt/airflow/dags/etl_dag.py for tasks to queue
[2026-02-16T20:01:51.244+0000] {logging_mixin.py:188} INFO - [2026-02-16T20:01:51.243+0000] {dagbag.py:538} INFO - Filling up the DagBag from /opt/airflow/dags/etl_dag.py
[2026-02-16T20:01:51.290+0000] {logging_mixin.py:188} INFO - Warning: Your Kaggle API key is readable by other users on this system! To fix this, you can run 'chmod 600 /home/airflow/.kaggle/kaggle.json'
[2026-02-16T20:01:51.349+0000] {logging_mixin.py:188} WARNING - /home/airflow/.local/lib/python3.8/site-packages/airflow/models/baseoperator.py:437 AirflowProviderDeprecationWarning: `exists_ok` parameter is deprecated, please use `if_exists`
[2026-02-16T20:01:51.358+0000] {processor.py:840} INFO - DAG(s) 'ecommerce_etl_v2' retrieved from /opt/airflow/dags/etl_dag.py
[2026-02-16T20:01:51.376+0000] {logging_mixin.py:188} INFO - [2026-02-16T20:01:51.376+0000] {dag.py:3036} INFO - Sync 1 DAGs
[2026-02-16T20:01:51.386+0000] {logging_mixin.py:188} INFO - [2026-02-16T20:01:51.386+0000] {dag.py:3823} INFO - Setting next_dagrun for ecommerce_etl_v2 to 2026-02-16 13:00:00+00:00, run_after=2026-02-17 13:00:00+00:00
[2026-02-16T20:01:51.394+0000] {processor.py:183} INFO - Processing /opt/airflow/dags/etl_dag.py took 0.158 seconds
[2026-02-16T20:02:21.682+0000] {processor.py:161} INFO - Started process (PID=44724) to work on /opt/airflow/dags/etl_dag.py
[2026-02-16T20:02:21.683+0000] {processor.py:830} INFO - Processing file /opt/airflow/dags/etl_dag.py for tasks to queue
[2026-02-16T20:02:21.684+0000] {logging_mixin.py:188} INFO - [2026-02-16T20:02:21.683+0000] {dagbag.py:538} INFO - Filling up the DagBag from /opt/airflow/dags/etl_dag.py
[2026-02-16T20:02:21.729+0000] {logging_mixin.py:188} INFO - Warning: Your Kaggle API key is readable by other users on this system! To fix this, you can run 'chmod 600 /home/airflow/.kaggle/kaggle.json'
[2026-02-16T20:02:21.795+0000] {logging_mixin.py:188} WARNING - /home/airflow/.local/lib/python3.8/site-packages/airflow/models/baseoperator.py:437 AirflowProviderDeprecationWarning: `exists_ok` parameter is deprecated, please use `if_exists`
[2026-02-16T20:02:21.806+0000] {processor.py:840} INFO - DAG(s) 'ecommerce_etl_v2' retrieved from /opt/airflow/dags/etl_dag.py
[2026-02-16T20:02:21.827+0000] {logging_mixin.py:188} INFO - [2026-02-16T20:02:21.827+0000] {dag.py:3036} INFO - Sync 1 DAGs
[2026-02-16T20:02:21.839+0000] {logging_mixin.py:188} INFO - [2026-02-16T20:02:21.839+0000] {dag.py:3823} INFO - Setting next_dagrun for ecommerce_etl_v2 to 2026-02-16 13:00:00+00:00, run_after=2026-02-17 13:00:00+00:00
[2026-02-16T20:02:21.849+0000] {processor.py:183} INFO - Processing /opt/airflow/dags/etl_dag.py took 0.169 seconds
[2026-02-16T20:02:52.055+0000] {processor.py:161} INFO - Started process (PID=44755) to work on /opt/airflow/dags/etl_dag.py
[2026-02-16T20:02:52.057+0000] {processor.py:830} INFO - Processing file /opt/airflow/dags/etl_dag.py for tasks to queue
[2026-02-16T20:02:52.058+0000] {logging_mixin.py:188} INFO - [2026-02-16T20:02:52.057+0000] {dagbag.py:538} INFO - Filling up the DagBag from /opt/airflow/dags/etl_dag.py
[2026-02-16T20:02:52.104+0000] {logging_mixin.py:188} INFO - Warning: Your Kaggle API key is readable by other users on this system! To fix this, you can run 'chmod 600 /home/airflow/.kaggle/kaggle.json'
[2026-02-16T20:02:52.163+0000] {logging_mixin.py:188} WARNING - /home/airflow/.local/lib/python3.8/site-packages/airflow/models/baseoperator.py:437 AirflowProviderDeprecationWarning: `exists_ok` parameter is deprecated, please use `if_exists`
[2026-02-16T20:02:52.172+0000] {processor.py:840} INFO - DAG(s) 'ecommerce_etl_v2' retrieved from /opt/airflow/dags/etl_dag.py
[2026-02-16T20:02:52.190+0000] {logging_mixin.py:188} INFO - [2026-02-16T20:02:52.190+0000] {dag.py:3036} INFO - Sync 1 DAGs
[2026-02-16T20:02:52.201+0000] {logging_mixin.py:188} INFO - [2026-02-16T20:02:52.200+0000] {dag.py:3823} INFO - Setting next_dagrun for ecommerce_etl_v2 to 2026-02-16 13:00:00+00:00, run_after=2026-02-17 13:00:00+00:00
[2026-02-16T20:02:52.209+0000] {processor.py:183} INFO - Processing /opt/airflow/dags/etl_dag.py took 0.158 seconds
[2026-02-16T20:03:22.464+0000] {processor.py:161} INFO - Started process (PID=44786) to work on /opt/airflow/dags/etl_dag.py
[2026-02-16T20:03:22.465+0000] {processor.py:830} INFO - Processing file /opt/airflow/dags/etl_dag.py for tasks to queue
[2026-02-16T20:03:22.466+0000] {logging_mixin.py:188} INFO - [2026-02-16T20:03:22.466+0000] {dagbag.py:538} INFO - Filling up the DagBag from /opt/airflow/dags/etl_dag.py
[2026-02-16T20:03:22.512+0000] {logging_mixin.py:188} INFO - Warning: Your Kaggle API key is readable by other users on this system! To fix this, you can run 'chmod 600 /home/airflow/.kaggle/kaggle.json'
[2026-02-16T20:03:22.572+0000] {logging_mixin.py:188} WARNING - /home/airflow/.local/lib/python3.8/site-packages/airflow/models/baseoperator.py:437 AirflowProviderDeprecationWarning: `exists_ok` parameter is deprecated, please use `if_exists`
[2026-02-16T20:03:22.581+0000] {processor.py:840} INFO - DAG(s) 'ecommerce_etl_v2' retrieved from /opt/airflow/dags/etl_dag.py
[2026-02-16T20:03:22.599+0000] {logging_mixin.py:188} INFO - [2026-02-16T20:03:22.599+0000] {dag.py:3036} INFO - Sync 1 DAGs
[2026-02-16T20:03:22.610+0000] {logging_mixin.py:188} INFO - [2026-02-16T20:03:22.610+0000] {dag.py:3823} INFO - Setting next_dagrun for ecommerce_etl_v2 to 2026-02-16 13:00:00+00:00, run_after=2026-02-17 13:00:00+00:00
[2026-02-16T20:03:22.618+0000] {processor.py:183} INFO - Processing /opt/airflow/dags/etl_dag.py took 0.159 seconds
[2026-02-16T20:03:52.772+0000] {processor.py:161} INFO - Started process (PID=44817) to work on /opt/airflow/dags/etl_dag.py
[2026-02-16T20:03:52.774+0000] {processor.py:830} INFO - Processing file /opt/airflow/dags/etl_dag.py for tasks to queue
[2026-02-16T20:03:52.775+0000] {logging_mixin.py:188} INFO - [2026-02-16T20:03:52.775+0000] {dagbag.py:538} INFO - Filling up the DagBag from /opt/airflow/dags/etl_dag.py
[2026-02-16T20:03:52.825+0000] {logging_mixin.py:188} INFO - Warning: Your Kaggle API key is readable by other users on this system! To fix this, you can run 'chmod 600 /home/airflow/.kaggle/kaggle.json'
[2026-02-16T20:03:52.891+0000] {logging_mixin.py:188} WARNING - /home/airflow/.local/lib/python3.8/site-packages/airflow/models/baseoperator.py:437 AirflowProviderDeprecationWarning: `exists_ok` parameter is deprecated, please use `if_exists`
[2026-02-16T20:03:52.901+0000] {processor.py:840} INFO - DAG(s) 'ecommerce_etl_v2' retrieved from /opt/airflow/dags/etl_dag.py
[2026-02-16T20:03:52.923+0000] {logging_mixin.py:188} INFO - [2026-02-16T20:03:52.923+0000] {dag.py:3036} INFO - Sync 1 DAGs
[2026-02-16T20:03:52.935+0000] {logging_mixin.py:188} INFO - [2026-02-16T20:03:52.935+0000] {dag.py:3823} INFO - Setting next_dagrun for ecommerce_etl_v2 to 2026-02-16 13:00:00+00:00, run_after=2026-02-17 13:00:00+00:00
[2026-02-16T20:03:52.946+0000] {processor.py:183} INFO - Processing /opt/airflow/dags/etl_dag.py took 0.179 seconds
[2026-02-16T20:04:23.159+0000] {processor.py:161} INFO - Started process (PID=44848) to work on /opt/airflow/dags/etl_dag.py
[2026-02-16T20:04:23.160+0000] {processor.py:830} INFO - Processing file /opt/airflow/dags/etl_dag.py for tasks to queue
[2026-02-16T20:04:23.161+0000] {logging_mixin.py:188} INFO - [2026-02-16T20:04:23.161+0000] {dagbag.py:538} INFO - Filling up the DagBag from /opt/airflow/dags/etl_dag.py
[2026-02-16T20:04:23.202+0000] {logging_mixin.py:188} INFO - Warning: Your Kaggle API key is readable by other users on this system! To fix this, you can run 'chmod 600 /home/airflow/.kaggle/kaggle.json'
[2026-02-16T20:04:23.262+0000] {logging_mixin.py:188} WARNING - /home/airflow/.local/lib/python3.8/site-packages/airflow/models/baseoperator.py:437 AirflowProviderDeprecationWarning: `exists_ok` parameter is deprecated, please use `if_exists`
[2026-02-16T20:04:23.270+0000] {processor.py:840} INFO - DAG(s) 'ecommerce_etl_v2' retrieved from /opt/airflow/dags/etl_dag.py
[2026-02-16T20:04:23.289+0000] {logging_mixin.py:188} INFO - [2026-02-16T20:04:23.288+0000] {dag.py:3036} INFO - Sync 1 DAGs
[2026-02-16T20:04:23.299+0000] {logging_mixin.py:188} INFO - [2026-02-16T20:04:23.299+0000] {dag.py:3823} INFO - Setting next_dagrun for ecommerce_etl_v2 to 2026-02-16 13:00:00+00:00, run_after=2026-02-17 13:00:00+00:00
[2026-02-16T20:04:23.307+0000] {processor.py:183} INFO - Processing /opt/airflow/dags/etl_dag.py took 0.152 seconds
[2026-02-16T20:04:53.509+0000] {processor.py:161} INFO - Started process (PID=44879) to work on /opt/airflow/dags/etl_dag.py
[2026-02-16T20:04:53.510+0000] {processor.py:830} INFO - Processing file /opt/airflow/dags/etl_dag.py for tasks to queue
[2026-02-16T20:04:53.511+0000] {logging_mixin.py:188} INFO - [2026-02-16T20:04:53.511+0000] {dagbag.py:538} INFO - Filling up the DagBag from /opt/airflow/dags/etl_dag.py
[2026-02-16T20:04:53.556+0000] {logging_mixin.py:188} INFO - Warning: Your Kaggle API key is readable by other users on this system! To fix this, you can run 'chmod 600 /home/airflow/.kaggle/kaggle.json'
[2026-02-16T20:04:53.616+0000] {logging_mixin.py:188} WARNING - /home/airflow/.local/lib/python3.8/site-packages/airflow/models/baseoperator.py:437 AirflowProviderDeprecationWarning: `exists_ok` parameter is deprecated, please use `if_exists`
[2026-02-16T20:04:53.625+0000] {processor.py:840} INFO - DAG(s) 'ecommerce_etl_v2' retrieved from /opt/airflow/dags/etl_dag.py
[2026-02-16T20:04:53.644+0000] {logging_mixin.py:188} INFO - [2026-02-16T20:04:53.644+0000] {dag.py:3036} INFO - Sync 1 DAGs
[2026-02-16T20:04:53.654+0000] {logging_mixin.py:188} INFO - [2026-02-16T20:04:53.654+0000] {dag.py:3823} INFO - Setting next_dagrun for ecommerce_etl_v2 to 2026-02-16 13:00:00+00:00, run_after=2026-02-17 13:00:00+00:00
[2026-02-16T20:04:53.663+0000] {processor.py:183} INFO - Processing /opt/airflow/dags/etl_dag.py took 0.158 seconds
[2026-02-16T20:05:23.898+0000] {processor.py:161} INFO - Started process (PID=44910) to work on /opt/airflow/dags/etl_dag.py
[2026-02-16T20:05:23.899+0000] {processor.py:830} INFO - Processing file /opt/airflow/dags/etl_dag.py for tasks to queue
[2026-02-16T20:05:23.900+0000] {logging_mixin.py:188} INFO - [2026-02-16T20:05:23.899+0000] {dagbag.py:538} INFO - Filling up the DagBag from /opt/airflow/dags/etl_dag.py
[2026-02-16T20:05:23.948+0000] {logging_mixin.py:188} INFO - Warning: Your Kaggle API key is readable by other users on this system! To fix this, you can run 'chmod 600 /home/airflow/.kaggle/kaggle.json'
[2026-02-16T20:05:24.007+0000] {logging_mixin.py:188} WARNING - /home/airflow/.local/lib/python3.8/site-packages/airflow/models/baseoperator.py:437 AirflowProviderDeprecationWarning: `exists_ok` parameter is deprecated, please use `if_exists`
[2026-02-16T20:05:24.016+0000] {processor.py:840} INFO - DAG(s) 'ecommerce_etl_v2' retrieved from /opt/airflow/dags/etl_dag.py
[2026-02-16T20:05:24.034+0000] {logging_mixin.py:188} INFO - [2026-02-16T20:05:24.034+0000] {dag.py:3036} INFO - Sync 1 DAGs
[2026-02-16T20:05:24.045+0000] {logging_mixin.py:188} INFO - [2026-02-16T20:05:24.045+0000] {dag.py:3823} INFO - Setting next_dagrun for ecommerce_etl_v2 to 2026-02-16 13:00:00+00:00, run_after=2026-02-17 13:00:00+00:00
[2026-02-16T20:05:24.054+0000] {processor.py:183} INFO - Processing /opt/airflow/dags/etl_dag.py took 0.161 seconds
[2026-02-16T20:05:54.232+0000] {processor.py:161} INFO - Started process (PID=44941) to work on /opt/airflow/dags/etl_dag.py
[2026-02-16T20:05:54.233+0000] {processor.py:830} INFO - Processing file /opt/airflow/dags/etl_dag.py for tasks to queue
[2026-02-16T20:05:54.234+0000] {logging_mixin.py:188} INFO - [2026-02-16T20:05:54.234+0000] {dagbag.py:538} INFO - Filling up the DagBag from /opt/airflow/dags/etl_dag.py
[2026-02-16T20:05:54.279+0000] {logging_mixin.py:188} INFO - Warning: Your Kaggle API key is readable by other users on this system! To fix this, you can run 'chmod 600 /home/airflow/.kaggle/kaggle.json'
[2026-02-16T20:05:54.341+0000] {logging_mixin.py:188} WARNING - /home/airflow/.local/lib/python3.8/site-packages/airflow/models/baseoperator.py:437 AirflowProviderDeprecationWarning: `exists_ok` parameter is deprecated, please use `if_exists`
[2026-02-16T20:05:54.355+0000] {processor.py:840} INFO - DAG(s) 'ecommerce_etl_v2' retrieved from /opt/airflow/dags/etl_dag.py
[2026-02-16T20:05:54.375+0000] {logging_mixin.py:188} INFO - [2026-02-16T20:05:54.374+0000] {dag.py:3036} INFO - Sync 1 DAGs
[2026-02-16T20:05:54.386+0000] {logging_mixin.py:188} INFO - [2026-02-16T20:05:54.386+0000] {dag.py:3823} INFO - Setting next_dagrun for ecommerce_etl_v2 to 2026-02-16 13:00:00+00:00, run_after=2026-02-17 13:00:00+00:00
[2026-02-16T20:05:54.395+0000] {processor.py:183} INFO - Processing /opt/airflow/dags/etl_dag.py took 0.167 seconds
[2026-02-16T20:06:24.677+0000] {processor.py:161} INFO - Started process (PID=44972) to work on /opt/airflow/dags/etl_dag.py
[2026-02-16T20:06:24.679+0000] {processor.py:830} INFO - Processing file /opt/airflow/dags/etl_dag.py for tasks to queue
[2026-02-16T20:06:24.679+0000] {logging_mixin.py:188} INFO - [2026-02-16T20:06:24.679+0000] {dagbag.py:538} INFO - Filling up the DagBag from /opt/airflow/dags/etl_dag.py
[2026-02-16T20:06:24.726+0000] {logging_mixin.py:188} INFO - Warning: Your Kaggle API key is readable by other users on this system! To fix this, you can run 'chmod 600 /home/airflow/.kaggle/kaggle.json'
[2026-02-16T20:06:24.787+0000] {logging_mixin.py:188} WARNING - /home/airflow/.local/lib/python3.8/site-packages/airflow/models/baseoperator.py:437 AirflowProviderDeprecationWarning: `exists_ok` parameter is deprecated, please use `if_exists`
[2026-02-16T20:06:24.795+0000] {processor.py:840} INFO - DAG(s) 'ecommerce_etl_v2' retrieved from /opt/airflow/dags/etl_dag.py
[2026-02-16T20:06:24.814+0000] {logging_mixin.py:188} INFO - [2026-02-16T20:06:24.814+0000] {dag.py:3036} INFO - Sync 1 DAGs
[2026-02-16T20:06:24.824+0000] {logging_mixin.py:188} INFO - [2026-02-16T20:06:24.824+0000] {dag.py:3823} INFO - Setting next_dagrun for ecommerce_etl_v2 to 2026-02-16 13:00:00+00:00, run_after=2026-02-17 13:00:00+00:00
[2026-02-16T20:06:24.834+0000] {processor.py:183} INFO - Processing /opt/airflow/dags/etl_dag.py took 0.161 seconds
[2026-02-16T20:06:55.020+0000] {processor.py:161} INFO - Started process (PID=45003) to work on /opt/airflow/dags/etl_dag.py
[2026-02-16T20:06:55.020+0000] {processor.py:830} INFO - Processing file /opt/airflow/dags/etl_dag.py for tasks to queue
[2026-02-16T20:06:55.021+0000] {logging_mixin.py:188} INFO - [2026-02-16T20:06:55.021+0000] {dagbag.py:538} INFO - Filling up the DagBag from /opt/airflow/dags/etl_dag.py
[2026-02-16T20:06:55.062+0000] {logging_mixin.py:188} INFO - Warning: Your Kaggle API key is readable by other users on this system! To fix this, you can run 'chmod 600 /home/airflow/.kaggle/kaggle.json'
[2026-02-16T20:06:55.122+0000] {logging_mixin.py:188} WARNING - /home/airflow/.local/lib/python3.8/site-packages/airflow/models/baseoperator.py:437 AirflowProviderDeprecationWarning: `exists_ok` parameter is deprecated, please use `if_exists`
[2026-02-16T20:06:55.132+0000] {processor.py:840} INFO - DAG(s) 'ecommerce_etl_v2' retrieved from /opt/airflow/dags/etl_dag.py
[2026-02-16T20:06:55.150+0000] {logging_mixin.py:188} INFO - [2026-02-16T20:06:55.150+0000] {dag.py:3036} INFO - Sync 1 DAGs
[2026-02-16T20:06:55.160+0000] {logging_mixin.py:188} INFO - [2026-02-16T20:06:55.160+0000] {dag.py:3823} INFO - Setting next_dagrun for ecommerce_etl_v2 to 2026-02-16 13:00:00+00:00, run_after=2026-02-17 13:00:00+00:00
[2026-02-16T20:06:55.168+0000] {processor.py:183} INFO - Processing /opt/airflow/dags/etl_dag.py took 0.151 seconds
[2026-02-16T20:07:25.449+0000] {processor.py:161} INFO - Started process (PID=45034) to work on /opt/airflow/dags/etl_dag.py
[2026-02-16T20:07:25.450+0000] {processor.py:830} INFO - Processing file /opt/airflow/dags/etl_dag.py for tasks to queue
[2026-02-16T20:07:25.451+0000] {logging_mixin.py:188} INFO - [2026-02-16T20:07:25.451+0000] {dagbag.py:538} INFO - Filling up the DagBag from /opt/airflow/dags/etl_dag.py
[2026-02-16T20:07:25.495+0000] {logging_mixin.py:188} INFO - Warning: Your Kaggle API key is readable by other users on this system! To fix this, you can run 'chmod 600 /home/airflow/.kaggle/kaggle.json'
[2026-02-16T20:07:25.556+0000] {logging_mixin.py:188} WARNING - /home/airflow/.local/lib/python3.8/site-packages/airflow/models/baseoperator.py:437 AirflowProviderDeprecationWarning: `exists_ok` parameter is deprecated, please use `if_exists`
[2026-02-16T20:07:25.565+0000] {processor.py:840} INFO - DAG(s) 'ecommerce_etl_v2' retrieved from /opt/airflow/dags/etl_dag.py
[2026-02-16T20:07:25.584+0000] {logging_mixin.py:188} INFO - [2026-02-16T20:07:25.584+0000] {dag.py:3036} INFO - Sync 1 DAGs
[2026-02-16T20:07:25.594+0000] {logging_mixin.py:188} INFO - [2026-02-16T20:07:25.594+0000] {dag.py:3823} INFO - Setting next_dagrun for ecommerce_etl_v2 to 2026-02-16 13:00:00+00:00, run_after=2026-02-17 13:00:00+00:00
[2026-02-16T20:07:25.604+0000] {processor.py:183} INFO - Processing /opt/airflow/dags/etl_dag.py took 0.157 seconds
[2026-02-16T20:07:55.750+0000] {processor.py:161} INFO - Started process (PID=45065) to work on /opt/airflow/dags/etl_dag.py
[2026-02-16T20:07:55.750+0000] {processor.py:830} INFO - Processing file /opt/airflow/dags/etl_dag.py for tasks to queue
[2026-02-16T20:07:55.751+0000] {logging_mixin.py:188} INFO - [2026-02-16T20:07:55.751+0000] {dagbag.py:538} INFO - Filling up the DagBag from /opt/airflow/dags/etl_dag.py
[2026-02-16T20:07:55.788+0000] {logging_mixin.py:188} INFO - Warning: Your Kaggle API key is readable by other users on this system! To fix this, you can run 'chmod 600 /home/airflow/.kaggle/kaggle.json'
[2026-02-16T20:07:55.847+0000] {logging_mixin.py:188} WARNING - /home/airflow/.local/lib/python3.8/site-packages/airflow/models/baseoperator.py:437 AirflowProviderDeprecationWarning: `exists_ok` parameter is deprecated, please use `if_exists`
[2026-02-16T20:07:55.855+0000] {processor.py:840} INFO - DAG(s) 'ecommerce_etl_v2' retrieved from /opt/airflow/dags/etl_dag.py
[2026-02-16T20:07:55.874+0000] {logging_mixin.py:188} INFO - [2026-02-16T20:07:55.874+0000] {dag.py:3036} INFO - Sync 1 DAGs
[2026-02-16T20:07:55.886+0000] {logging_mixin.py:188} INFO - [2026-02-16T20:07:55.885+0000] {dag.py:3823} INFO - Setting next_dagrun for ecommerce_etl_v2 to 2026-02-16 13:00:00+00:00, run_after=2026-02-17 13:00:00+00:00
[2026-02-16T20:07:55.895+0000] {processor.py:183} INFO - Processing /opt/airflow/dags/etl_dag.py took 0.147 seconds
[2026-02-16T20:08:26.217+0000] {processor.py:161} INFO - Started process (PID=45096) to work on /opt/airflow/dags/etl_dag.py
[2026-02-16T20:08:26.218+0000] {processor.py:830} INFO - Processing file /opt/airflow/dags/etl_dag.py for tasks to queue
[2026-02-16T20:08:26.219+0000] {logging_mixin.py:188} INFO - [2026-02-16T20:08:26.219+0000] {dagbag.py:538} INFO - Filling up the DagBag from /opt/airflow/dags/etl_dag.py
[2026-02-16T20:08:26.268+0000] {logging_mixin.py:188} INFO - Warning: Your Kaggle API key is readable by other users on this system! To fix this, you can run 'chmod 600 /home/airflow/.kaggle/kaggle.json'
[2026-02-16T20:08:26.327+0000] {logging_mixin.py:188} WARNING - /home/airflow/.local/lib/python3.8/site-packages/airflow/models/baseoperator.py:437 AirflowProviderDeprecationWarning: `exists_ok` parameter is deprecated, please use `if_exists`
[2026-02-16T20:08:26.336+0000] {processor.py:840} INFO - DAG(s) 'ecommerce_etl_v2' retrieved from /opt/airflow/dags/etl_dag.py
[2026-02-16T20:08:26.354+0000] {logging_mixin.py:188} INFO - [2026-02-16T20:08:26.354+0000] {dag.py:3036} INFO - Sync 1 DAGs
[2026-02-16T20:08:26.365+0000] {logging_mixin.py:188} INFO - [2026-02-16T20:08:26.365+0000] {dag.py:3823} INFO - Setting next_dagrun for ecommerce_etl_v2 to 2026-02-16 13:00:00+00:00, run_after=2026-02-17 13:00:00+00:00
[2026-02-16T20:08:26.374+0000] {processor.py:183} INFO - Processing /opt/airflow/dags/etl_dag.py took 0.160 seconds
[2026-02-16T20:08:56.599+0000] {processor.py:161} INFO - Started process (PID=45127) to work on /opt/airflow/dags/etl_dag.py
[2026-02-16T20:08:56.601+0000] {processor.py:830} INFO - Processing file /opt/airflow/dags/etl_dag.py for tasks to queue
[2026-02-16T20:08:56.602+0000] {logging_mixin.py:188} INFO - [2026-02-16T20:08:56.601+0000] {dagbag.py:538} INFO - Filling up the DagBag from /opt/airflow/dags/etl_dag.py
[2026-02-16T20:08:56.647+0000] {logging_mixin.py:188} INFO - Warning: Your Kaggle API key is readable by other users on this system! To fix this, you can run 'chmod 600 /home/airflow/.kaggle/kaggle.json'
[2026-02-16T20:08:56.707+0000] {logging_mixin.py:188} WARNING - /home/airflow/.local/lib/python3.8/site-packages/airflow/models/baseoperator.py:437 AirflowProviderDeprecationWarning: `exists_ok` parameter is deprecated, please use `if_exists`
[2026-02-16T20:08:56.716+0000] {processor.py:840} INFO - DAG(s) 'ecommerce_etl_v2' retrieved from /opt/airflow/dags/etl_dag.py
[2026-02-16T20:08:56.734+0000] {logging_mixin.py:188} INFO - [2026-02-16T20:08:56.734+0000] {dag.py:3036} INFO - Sync 1 DAGs
[2026-02-16T20:08:56.744+0000] {logging_mixin.py:188} INFO - [2026-02-16T20:08:56.744+0000] {dag.py:3823} INFO - Setting next_dagrun for ecommerce_etl_v2 to 2026-02-16 13:00:00+00:00, run_after=2026-02-17 13:00:00+00:00
[2026-02-16T20:08:56.753+0000] {processor.py:183} INFO - Processing /opt/airflow/dags/etl_dag.py took 0.158 seconds
[2026-02-16T20:09:26.959+0000] {processor.py:161} INFO - Started process (PID=45158) to work on /opt/airflow/dags/etl_dag.py
[2026-02-16T20:09:26.960+0000] {processor.py:830} INFO - Processing file /opt/airflow/dags/etl_dag.py for tasks to queue
[2026-02-16T20:09:26.961+0000] {logging_mixin.py:188} INFO - [2026-02-16T20:09:26.961+0000] {dagbag.py:538} INFO - Filling up the DagBag from /opt/airflow/dags/etl_dag.py
[2026-02-16T20:09:27.007+0000] {logging_mixin.py:188} INFO - Warning: Your Kaggle API key is readable by other users on this system! To fix this, you can run 'chmod 600 /home/airflow/.kaggle/kaggle.json'
[2026-02-16T20:09:27.067+0000] {logging_mixin.py:188} WARNING - /home/airflow/.local/lib/python3.8/site-packages/airflow/models/baseoperator.py:437 AirflowProviderDeprecationWarning: `exists_ok` parameter is deprecated, please use `if_exists`
[2026-02-16T20:09:27.076+0000] {processor.py:840} INFO - DAG(s) 'ecommerce_etl_v2' retrieved from /opt/airflow/dags/etl_dag.py
[2026-02-16T20:09:27.094+0000] {logging_mixin.py:188} INFO - [2026-02-16T20:09:27.094+0000] {dag.py:3036} INFO - Sync 1 DAGs
[2026-02-16T20:09:27.104+0000] {logging_mixin.py:188} INFO - [2026-02-16T20:09:27.104+0000] {dag.py:3823} INFO - Setting next_dagrun for ecommerce_etl_v2 to 2026-02-16 13:00:00+00:00, run_after=2026-02-17 13:00:00+00:00
[2026-02-16T20:09:27.113+0000] {processor.py:183} INFO - Processing /opt/airflow/dags/etl_dag.py took 0.159 seconds
[2026-02-16T20:09:57.284+0000] {processor.py:161} INFO - Started process (PID=45189) to work on /opt/airflow/dags/etl_dag.py
[2026-02-16T20:09:57.285+0000] {processor.py:830} INFO - Processing file /opt/airflow/dags/etl_dag.py for tasks to queue
[2026-02-16T20:09:57.287+0000] {logging_mixin.py:188} INFO - [2026-02-16T20:09:57.286+0000] {dagbag.py:538} INFO - Filling up the DagBag from /opt/airflow/dags/etl_dag.py
[2026-02-16T20:09:57.332+0000] {logging_mixin.py:188} INFO - Warning: Your Kaggle API key is readable by other users on this system! To fix this, you can run 'chmod 600 /home/airflow/.kaggle/kaggle.json'
[2026-02-16T20:09:57.391+0000] {logging_mixin.py:188} WARNING - /home/airflow/.local/lib/python3.8/site-packages/airflow/models/baseoperator.py:437 AirflowProviderDeprecationWarning: `exists_ok` parameter is deprecated, please use `if_exists`
[2026-02-16T20:09:57.399+0000] {processor.py:840} INFO - DAG(s) 'ecommerce_etl_v2' retrieved from /opt/airflow/dags/etl_dag.py
[2026-02-16T20:09:57.418+0000] {logging_mixin.py:188} INFO - [2026-02-16T20:09:57.418+0000] {dag.py:3036} INFO - Sync 1 DAGs
[2026-02-16T20:09:57.428+0000] {logging_mixin.py:188} INFO - [2026-02-16T20:09:57.428+0000] {dag.py:3823} INFO - Setting next_dagrun for ecommerce_etl_v2 to 2026-02-16 13:00:00+00:00, run_after=2026-02-17 13:00:00+00:00
[2026-02-16T20:09:57.437+0000] {processor.py:183} INFO - Processing /opt/airflow/dags/etl_dag.py took 0.157 seconds
[2026-02-16T20:10:27.636+0000] {processor.py:161} INFO - Started process (PID=45220) to work on /opt/airflow/dags/etl_dag.py
[2026-02-16T20:10:27.637+0000] {processor.py:830} INFO - Processing file /opt/airflow/dags/etl_dag.py for tasks to queue
[2026-02-16T20:10:27.638+0000] {logging_mixin.py:188} INFO - [2026-02-16T20:10:27.638+0000] {dagbag.py:538} INFO - Filling up the DagBag from /opt/airflow/dags/etl_dag.py
[2026-02-16T20:10:27.685+0000] {logging_mixin.py:188} INFO - Warning: Your Kaggle API key is readable by other users on this system! To fix this, you can run 'chmod 600 /home/airflow/.kaggle/kaggle.json'
[2026-02-16T20:10:27.744+0000] {logging_mixin.py:188} WARNING - /home/airflow/.local/lib/python3.8/site-packages/airflow/models/baseoperator.py:437 AirflowProviderDeprecationWarning: `exists_ok` parameter is deprecated, please use `if_exists`
[2026-02-16T20:10:27.753+0000] {processor.py:840} INFO - DAG(s) 'ecommerce_etl_v2' retrieved from /opt/airflow/dags/etl_dag.py
[2026-02-16T20:10:27.772+0000] {logging_mixin.py:188} INFO - [2026-02-16T20:10:27.772+0000] {dag.py:3036} INFO - Sync 1 DAGs
[2026-02-16T20:10:27.782+0000] {logging_mixin.py:188} INFO - [2026-02-16T20:10:27.782+0000] {dag.py:3823} INFO - Setting next_dagrun for ecommerce_etl_v2 to 2026-02-16 13:00:00+00:00, run_after=2026-02-17 13:00:00+00:00
[2026-02-16T20:10:27.791+0000] {processor.py:183} INFO - Processing /opt/airflow/dags/etl_dag.py took 0.159 seconds
[2026-02-16T20:10:57.928+0000] {processor.py:161} INFO - Started process (PID=45251) to work on /opt/airflow/dags/etl_dag.py
[2026-02-16T20:10:57.929+0000] {processor.py:830} INFO - Processing file /opt/airflow/dags/etl_dag.py for tasks to queue
[2026-02-16T20:10:57.929+0000] {logging_mixin.py:188} INFO - [2026-02-16T20:10:57.929+0000] {dagbag.py:538} INFO - Filling up the DagBag from /opt/airflow/dags/etl_dag.py
[2026-02-16T20:10:57.967+0000] {logging_mixin.py:188} INFO - Warning: Your Kaggle API key is readable by other users on this system! To fix this, you can run 'chmod 600 /home/airflow/.kaggle/kaggle.json'
[2026-02-16T20:10:58.030+0000] {logging_mixin.py:188} WARNING - /home/airflow/.local/lib/python3.8/site-packages/airflow/models/baseoperator.py:437 AirflowProviderDeprecationWarning: `exists_ok` parameter is deprecated, please use `if_exists`
[2026-02-16T20:10:58.042+0000] {processor.py:840} INFO - DAG(s) 'ecommerce_etl_v2' retrieved from /opt/airflow/dags/etl_dag.py
[2026-02-16T20:10:58.064+0000] {logging_mixin.py:188} INFO - [2026-02-16T20:10:58.064+0000] {dag.py:3036} INFO - Sync 1 DAGs
[2026-02-16T20:10:58.075+0000] {logging_mixin.py:188} INFO - [2026-02-16T20:10:58.074+0000] {dag.py:3823} INFO - Setting next_dagrun for ecommerce_etl_v2 to 2026-02-16 13:00:00+00:00, run_after=2026-02-17 13:00:00+00:00
[2026-02-16T20:10:58.084+0000] {processor.py:183} INFO - Processing /opt/airflow/dags/etl_dag.py took 0.158 seconds
[2026-02-16T20:11:28.281+0000] {processor.py:161} INFO - Started process (PID=45282) to work on /opt/airflow/dags/etl_dag.py
[2026-02-16T20:11:28.282+0000] {processor.py:830} INFO - Processing file /opt/airflow/dags/etl_dag.py for tasks to queue
[2026-02-16T20:11:28.283+0000] {logging_mixin.py:188} INFO - [2026-02-16T20:11:28.282+0000] {dagbag.py:538} INFO - Filling up the DagBag from /opt/airflow/dags/etl_dag.py
[2026-02-16T20:11:28.323+0000] {logging_mixin.py:188} INFO - Warning: Your Kaggle API key is readable by other users on this system! To fix this, you can run 'chmod 600 /home/airflow/.kaggle/kaggle.json'
[2026-02-16T20:11:28.383+0000] {logging_mixin.py:188} WARNING - /home/airflow/.local/lib/python3.8/site-packages/airflow/models/baseoperator.py:437 AirflowProviderDeprecationWarning: `exists_ok` parameter is deprecated, please use `if_exists`
[2026-02-16T20:11:28.392+0000] {processor.py:840} INFO - DAG(s) 'ecommerce_etl_v2' retrieved from /opt/airflow/dags/etl_dag.py
[2026-02-16T20:11:28.410+0000] {logging_mixin.py:188} INFO - [2026-02-16T20:11:28.410+0000] {dag.py:3036} INFO - Sync 1 DAGs
[2026-02-16T20:11:28.420+0000] {logging_mixin.py:188} INFO - [2026-02-16T20:11:28.420+0000] {dag.py:3823} INFO - Setting next_dagrun for ecommerce_etl_v2 to 2026-02-16 13:00:00+00:00, run_after=2026-02-17 13:00:00+00:00
[2026-02-16T20:11:28.430+0000] {processor.py:183} INFO - Processing /opt/airflow/dags/etl_dag.py took 0.150 seconds
[2026-02-16T20:11:58.568+0000] {processor.py:161} INFO - Started process (PID=45313) to work on /opt/airflow/dags/etl_dag.py
[2026-02-16T20:11:58.570+0000] {processor.py:830} INFO - Processing file /opt/airflow/dags/etl_dag.py for tasks to queue
[2026-02-16T20:11:58.571+0000] {logging_mixin.py:188} INFO - [2026-02-16T20:11:58.570+0000] {dagbag.py:538} INFO - Filling up the DagBag from /opt/airflow/dags/etl_dag.py
[2026-02-16T20:11:58.619+0000] {logging_mixin.py:188} INFO - Warning: Your Kaggle API key is readable by other users on this system! To fix this, you can run 'chmod 600 /home/airflow/.kaggle/kaggle.json'
[2026-02-16T20:11:58.678+0000] {logging_mixin.py:188} WARNING - /home/airflow/.local/lib/python3.8/site-packages/airflow/models/baseoperator.py:437 AirflowProviderDeprecationWarning: `exists_ok` parameter is deprecated, please use `if_exists`
[2026-02-16T20:11:58.687+0000] {processor.py:840} INFO - DAG(s) 'ecommerce_etl_v2' retrieved from /opt/airflow/dags/etl_dag.py
[2026-02-16T20:11:58.707+0000] {logging_mixin.py:188} INFO - [2026-02-16T20:11:58.707+0000] {dag.py:3036} INFO - Sync 1 DAGs
[2026-02-16T20:11:58.718+0000] {logging_mixin.py:188} INFO - [2026-02-16T20:11:58.718+0000] {dag.py:3823} INFO - Setting next_dagrun for ecommerce_etl_v2 to 2026-02-16 13:00:00+00:00, run_after=2026-02-17 13:00:00+00:00
[2026-02-16T20:11:58.728+0000] {processor.py:183} INFO - Processing /opt/airflow/dags/etl_dag.py took 0.164 seconds
[2026-02-16T20:12:29.031+0000] {processor.py:161} INFO - Started process (PID=45344) to work on /opt/airflow/dags/etl_dag.py
[2026-02-16T20:12:29.032+0000] {processor.py:830} INFO - Processing file /opt/airflow/dags/etl_dag.py for tasks to queue
[2026-02-16T20:12:29.033+0000] {logging_mixin.py:188} INFO - [2026-02-16T20:12:29.033+0000] {dagbag.py:538} INFO - Filling up the DagBag from /opt/airflow/dags/etl_dag.py
[2026-02-16T20:12:29.079+0000] {logging_mixin.py:188} INFO - Warning: Your Kaggle API key is readable by other users on this system! To fix this, you can run 'chmod 600 /home/airflow/.kaggle/kaggle.json'
[2026-02-16T20:12:29.141+0000] {logging_mixin.py:188} WARNING - /home/airflow/.local/lib/python3.8/site-packages/airflow/models/baseoperator.py:437 AirflowProviderDeprecationWarning: `exists_ok` parameter is deprecated, please use `if_exists`
[2026-02-16T20:12:29.150+0000] {processor.py:840} INFO - DAG(s) 'ecommerce_etl_v2' retrieved from /opt/airflow/dags/etl_dag.py
[2026-02-16T20:12:29.169+0000] {logging_mixin.py:188} INFO - [2026-02-16T20:12:29.169+0000] {dag.py:3036} INFO - Sync 1 DAGs
[2026-02-16T20:12:29.179+0000] {logging_mixin.py:188} INFO - [2026-02-16T20:12:29.179+0000] {dag.py:3823} INFO - Setting next_dagrun for ecommerce_etl_v2 to 2026-02-16 13:00:00+00:00, run_after=2026-02-17 13:00:00+00:00
[2026-02-16T20:12:29.188+0000] {processor.py:183} INFO - Processing /opt/airflow/dags/etl_dag.py took 0.161 seconds
[2026-02-16T20:12:59.377+0000] {processor.py:161} INFO - Started process (PID=45375) to work on /opt/airflow/dags/etl_dag.py
[2026-02-16T20:12:59.378+0000] {processor.py:830} INFO - Processing file /opt/airflow/dags/etl_dag.py for tasks to queue
[2026-02-16T20:12:59.379+0000] {logging_mixin.py:188} INFO - [2026-02-16T20:12:59.379+0000] {dagbag.py:538} INFO - Filling up the DagBag from /opt/airflow/dags/etl_dag.py
[2026-02-16T20:12:59.427+0000] {logging_mixin.py:188} INFO - Warning: Your Kaggle API key is readable by other users on this system! To fix this, you can run 'chmod 600 /home/airflow/.kaggle/kaggle.json'
[2026-02-16T20:12:59.487+0000] {logging_mixin.py:188} WARNING - /home/airflow/.local/lib/python3.8/site-packages/airflow/models/baseoperator.py:437 AirflowProviderDeprecationWarning: `exists_ok` parameter is deprecated, please use `if_exists`
[2026-02-16T20:12:59.496+0000] {processor.py:840} INFO - DAG(s) 'ecommerce_etl_v2' retrieved from /opt/airflow/dags/etl_dag.py
[2026-02-16T20:12:59.515+0000] {logging_mixin.py:188} INFO - [2026-02-16T20:12:59.515+0000] {dag.py:3036} INFO - Sync 1 DAGs
[2026-02-16T20:12:59.525+0000] {logging_mixin.py:188} INFO - [2026-02-16T20:12:59.525+0000] {dag.py:3823} INFO - Setting next_dagrun for ecommerce_etl_v2 to 2026-02-16 13:00:00+00:00, run_after=2026-02-17 13:00:00+00:00
[2026-02-16T20:12:59.534+0000] {processor.py:183} INFO - Processing /opt/airflow/dags/etl_dag.py took 0.160 seconds
[2026-02-16T20:13:29.836+0000] {processor.py:161} INFO - Started process (PID=45406) to work on /opt/airflow/dags/etl_dag.py
[2026-02-16T20:13:29.838+0000] {processor.py:830} INFO - Processing file /opt/airflow/dags/etl_dag.py for tasks to queue
[2026-02-16T20:13:29.839+0000] {logging_mixin.py:188} INFO - [2026-02-16T20:13:29.838+0000] {dagbag.py:538} INFO - Filling up the DagBag from /opt/airflow/dags/etl_dag.py
[2026-02-16T20:13:29.895+0000] {logging_mixin.py:188} INFO - Warning: Your Kaggle API key is readable by other users on this system! To fix this, you can run 'chmod 600 /home/airflow/.kaggle/kaggle.json'
[2026-02-16T20:13:29.958+0000] {logging_mixin.py:188} WARNING - /home/airflow/.local/lib/python3.8/site-packages/airflow/models/baseoperator.py:437 AirflowProviderDeprecationWarning: `exists_ok` parameter is deprecated, please use `if_exists`
[2026-02-16T20:13:29.970+0000] {processor.py:840} INFO - DAG(s) 'ecommerce_etl_v2' retrieved from /opt/airflow/dags/etl_dag.py
[2026-02-16T20:13:29.994+0000] {logging_mixin.py:188} INFO - [2026-02-16T20:13:29.994+0000] {dag.py:3036} INFO - Sync 1 DAGs
[2026-02-16T20:13:30.007+0000] {logging_mixin.py:188} INFO - [2026-02-16T20:13:30.006+0000] {dag.py:3823} INFO - Setting next_dagrun for ecommerce_etl_v2 to 2026-02-16 13:00:00+00:00, run_after=2026-02-17 13:00:00+00:00
[2026-02-16T20:13:30.021+0000] {processor.py:183} INFO - Processing /opt/airflow/dags/etl_dag.py took 0.190 seconds
[2026-02-16T20:14:00.169+0000] {processor.py:161} INFO - Started process (PID=45437) to work on /opt/airflow/dags/etl_dag.py
[2026-02-16T20:14:00.171+0000] {processor.py:830} INFO - Processing file /opt/airflow/dags/etl_dag.py for tasks to queue
[2026-02-16T20:14:00.172+0000] {logging_mixin.py:188} INFO - [2026-02-16T20:14:00.172+0000] {dagbag.py:538} INFO - Filling up the DagBag from /opt/airflow/dags/etl_dag.py
[2026-02-16T20:14:00.218+0000] {logging_mixin.py:188} INFO - Warning: Your Kaggle API key is readable by other users on this system! To fix this, you can run 'chmod 600 /home/airflow/.kaggle/kaggle.json'
[2026-02-16T20:14:00.287+0000] {logging_mixin.py:188} WARNING - /home/airflow/.local/lib/python3.8/site-packages/airflow/models/baseoperator.py:437 AirflowProviderDeprecationWarning: `exists_ok` parameter is deprecated, please use `if_exists`
[2026-02-16T20:14:00.299+0000] {processor.py:840} INFO - DAG(s) 'ecommerce_etl_v2' retrieved from /opt/airflow/dags/etl_dag.py
[2026-02-16T20:14:00.324+0000] {logging_mixin.py:188} INFO - [2026-02-16T20:14:00.324+0000] {dag.py:3036} INFO - Sync 1 DAGs
[2026-02-16T20:14:00.339+0000] {logging_mixin.py:188} INFO - [2026-02-16T20:14:00.338+0000] {dag.py:3823} INFO - Setting next_dagrun for ecommerce_etl_v2 to 2026-02-16 13:00:00+00:00, run_after=2026-02-17 13:00:00+00:00
[2026-02-16T20:14:00.350+0000] {processor.py:183} INFO - Processing /opt/airflow/dags/etl_dag.py took 0.186 seconds
[2026-02-16T20:14:30.596+0000] {processor.py:161} INFO - Started process (PID=45468) to work on /opt/airflow/dags/etl_dag.py
[2026-02-16T20:14:30.597+0000] {processor.py:830} INFO - Processing file /opt/airflow/dags/etl_dag.py for tasks to queue
[2026-02-16T20:14:30.597+0000] {logging_mixin.py:188} INFO - [2026-02-16T20:14:30.597+0000] {dagbag.py:538} INFO - Filling up the DagBag from /opt/airflow/dags/etl_dag.py
[2026-02-16T20:14:30.638+0000] {logging_mixin.py:188} INFO - Warning: Your Kaggle API key is readable by other users on this system! To fix this, you can run 'chmod 600 /home/airflow/.kaggle/kaggle.json'
[2026-02-16T20:14:30.697+0000] {logging_mixin.py:188} WARNING - /home/airflow/.local/lib/python3.8/site-packages/airflow/models/baseoperator.py:437 AirflowProviderDeprecationWarning: `exists_ok` parameter is deprecated, please use `if_exists`
[2026-02-16T20:14:30.705+0000] {processor.py:840} INFO - DAG(s) 'ecommerce_etl_v2' retrieved from /opt/airflow/dags/etl_dag.py
[2026-02-16T20:14:30.723+0000] {logging_mixin.py:188} INFO - [2026-02-16T20:14:30.723+0000] {dag.py:3036} INFO - Sync 1 DAGs
[2026-02-16T20:14:30.733+0000] {logging_mixin.py:188} INFO - [2026-02-16T20:14:30.733+0000] {dag.py:3823} INFO - Setting next_dagrun for ecommerce_etl_v2 to 2026-02-16 13:00:00+00:00, run_after=2026-02-17 13:00:00+00:00
[2026-02-16T20:14:30.742+0000] {processor.py:183} INFO - Processing /opt/airflow/dags/etl_dag.py took 0.149 seconds
[2026-02-16T20:15:00.877+0000] {processor.py:161} INFO - Started process (PID=45499) to work on /opt/airflow/dags/etl_dag.py
[2026-02-16T20:15:00.879+0000] {processor.py:830} INFO - Processing file /opt/airflow/dags/etl_dag.py for tasks to queue
[2026-02-16T20:15:00.879+0000] {logging_mixin.py:188} INFO - [2026-02-16T20:15:00.879+0000] {dagbag.py:538} INFO - Filling up the DagBag from /opt/airflow/dags/etl_dag.py
[2026-02-16T20:15:00.924+0000] {logging_mixin.py:188} INFO - Warning: Your Kaggle API key is readable by other users on this system! To fix this, you can run 'chmod 600 /home/airflow/.kaggle/kaggle.json'
[2026-02-16T20:15:00.984+0000] {logging_mixin.py:188} WARNING - /home/airflow/.local/lib/python3.8/site-packages/airflow/models/baseoperator.py:437 AirflowProviderDeprecationWarning: `exists_ok` parameter is deprecated, please use `if_exists`
[2026-02-16T20:15:00.993+0000] {processor.py:840} INFO - DAG(s) 'ecommerce_etl_v2' retrieved from /opt/airflow/dags/etl_dag.py
[2026-02-16T20:15:01.011+0000] {logging_mixin.py:188} INFO - [2026-02-16T20:15:01.011+0000] {dag.py:3036} INFO - Sync 1 DAGs
[2026-02-16T20:15:01.022+0000] {logging_mixin.py:188} INFO - [2026-02-16T20:15:01.022+0000] {dag.py:3823} INFO - Setting next_dagrun for ecommerce_etl_v2 to 2026-02-16 13:00:00+00:00, run_after=2026-02-17 13:00:00+00:00
[2026-02-16T20:15:01.030+0000] {processor.py:183} INFO - Processing /opt/airflow/dags/etl_dag.py took 0.157 seconds
[2026-02-16T20:15:31.334+0000] {processor.py:161} INFO - Started process (PID=45530) to work on /opt/airflow/dags/etl_dag.py
[2026-02-16T20:15:31.335+0000] {processor.py:830} INFO - Processing file /opt/airflow/dags/etl_dag.py for tasks to queue
[2026-02-16T20:15:31.336+0000] {logging_mixin.py:188} INFO - [2026-02-16T20:15:31.336+0000] {dagbag.py:538} INFO - Filling up the DagBag from /opt/airflow/dags/etl_dag.py
[2026-02-16T20:15:31.380+0000] {logging_mixin.py:188} INFO - Warning: Your Kaggle API key is readable by other users on this system! To fix this, you can run 'chmod 600 /home/airflow/.kaggle/kaggle.json'
[2026-02-16T20:15:31.441+0000] {logging_mixin.py:188} WARNING - /home/airflow/.local/lib/python3.8/site-packages/airflow/models/baseoperator.py:437 AirflowProviderDeprecationWarning: `exists_ok` parameter is deprecated, please use `if_exists`
[2026-02-16T20:15:31.449+0000] {processor.py:840} INFO - DAG(s) 'ecommerce_etl_v2' retrieved from /opt/airflow/dags/etl_dag.py
[2026-02-16T20:15:31.468+0000] {logging_mixin.py:188} INFO - [2026-02-16T20:15:31.467+0000] {dag.py:3036} INFO - Sync 1 DAGs
[2026-02-16T20:15:31.478+0000] {logging_mixin.py:188} INFO - [2026-02-16T20:15:31.478+0000] {dag.py:3823} INFO - Setting next_dagrun for ecommerce_etl_v2 to 2026-02-16 13:00:00+00:00, run_after=2026-02-17 13:00:00+00:00
[2026-02-16T20:15:31.487+0000] {processor.py:183} INFO - Processing /opt/airflow/dags/etl_dag.py took 0.157 seconds
[2026-02-16T20:16:01.654+0000] {processor.py:161} INFO - Started process (PID=45561) to work on /opt/airflow/dags/etl_dag.py
[2026-02-16T20:16:01.655+0000] {processor.py:830} INFO - Processing file /opt/airflow/dags/etl_dag.py for tasks to queue
[2026-02-16T20:16:01.657+0000] {logging_mixin.py:188} INFO - [2026-02-16T20:16:01.657+0000] {dagbag.py:538} INFO - Filling up the DagBag from /opt/airflow/dags/etl_dag.py
[2026-02-16T20:16:01.702+0000] {logging_mixin.py:188} INFO - Warning: Your Kaggle API key is readable by other users on this system! To fix this, you can run 'chmod 600 /home/airflow/.kaggle/kaggle.json'
[2026-02-16T20:16:01.761+0000] {logging_mixin.py:188} WARNING - /home/airflow/.local/lib/python3.8/site-packages/airflow/models/baseoperator.py:437 AirflowProviderDeprecationWarning: `exists_ok` parameter is deprecated, please use `if_exists`
[2026-02-16T20:16:01.773+0000] {processor.py:840} INFO - DAG(s) 'ecommerce_etl_v2' retrieved from /opt/airflow/dags/etl_dag.py
[2026-02-16T20:16:01.791+0000] {logging_mixin.py:188} INFO - [2026-02-16T20:16:01.790+0000] {dag.py:3036} INFO - Sync 1 DAGs
[2026-02-16T20:16:01.800+0000] {logging_mixin.py:188} INFO - [2026-02-16T20:16:01.800+0000] {dag.py:3823} INFO - Setting next_dagrun for ecommerce_etl_v2 to 2026-02-16 13:00:00+00:00, run_after=2026-02-17 13:00:00+00:00
[2026-02-16T20:16:01.809+0000] {processor.py:183} INFO - Processing /opt/airflow/dags/etl_dag.py took 0.159 seconds
[2026-02-16T20:16:32.064+0000] {processor.py:161} INFO - Started process (PID=45592) to work on /opt/airflow/dags/etl_dag.py
[2026-02-16T20:16:32.066+0000] {processor.py:830} INFO - Processing file /opt/airflow/dags/etl_dag.py for tasks to queue
[2026-02-16T20:16:32.067+0000] {logging_mixin.py:188} INFO - [2026-02-16T20:16:32.066+0000] {dagbag.py:538} INFO - Filling up the DagBag from /opt/airflow/dags/etl_dag.py
[2026-02-16T20:16:32.112+0000] {logging_mixin.py:188} INFO - Warning: Your Kaggle API key is readable by other users on this system! To fix this, you can run 'chmod 600 /home/airflow/.kaggle/kaggle.json'
[2026-02-16T20:16:32.171+0000] {logging_mixin.py:188} WARNING - /home/airflow/.local/lib/python3.8/site-packages/airflow/models/baseoperator.py:437 AirflowProviderDeprecationWarning: `exists_ok` parameter is deprecated, please use `if_exists`
[2026-02-16T20:16:32.180+0000] {processor.py:840} INFO - DAG(s) 'ecommerce_etl_v2' retrieved from /opt/airflow/dags/etl_dag.py
[2026-02-16T20:16:32.198+0000] {logging_mixin.py:188} INFO - [2026-02-16T20:16:32.198+0000] {dag.py:3036} INFO - Sync 1 DAGs
[2026-02-16T20:16:32.208+0000] {logging_mixin.py:188} INFO - [2026-02-16T20:16:32.208+0000] {dag.py:3823} INFO - Setting next_dagrun for ecommerce_etl_v2 to 2026-02-16 13:00:00+00:00, run_after=2026-02-17 13:00:00+00:00
[2026-02-16T20:16:32.217+0000] {processor.py:183} INFO - Processing /opt/airflow/dags/etl_dag.py took 0.158 seconds
[2026-02-16T20:17:02.372+0000] {processor.py:161} INFO - Started process (PID=45623) to work on /opt/airflow/dags/etl_dag.py
[2026-02-16T20:17:02.373+0000] {processor.py:830} INFO - Processing file /opt/airflow/dags/etl_dag.py for tasks to queue
[2026-02-16T20:17:02.374+0000] {logging_mixin.py:188} INFO - [2026-02-16T20:17:02.374+0000] {dagbag.py:538} INFO - Filling up the DagBag from /opt/airflow/dags/etl_dag.py
[2026-02-16T20:17:02.424+0000] {logging_mixin.py:188} INFO - Warning: Your Kaggle API key is readable by other users on this system! To fix this, you can run 'chmod 600 /home/airflow/.kaggle/kaggle.json'
[2026-02-16T20:17:02.488+0000] {logging_mixin.py:188} WARNING - /home/airflow/.local/lib/python3.8/site-packages/airflow/models/baseoperator.py:437 AirflowProviderDeprecationWarning: `exists_ok` parameter is deprecated, please use `if_exists`
[2026-02-16T20:17:02.500+0000] {processor.py:840} INFO - DAG(s) 'ecommerce_etl_v2' retrieved from /opt/airflow/dags/etl_dag.py
[2026-02-16T20:17:02.521+0000] {logging_mixin.py:188} INFO - [2026-02-16T20:17:02.521+0000] {dag.py:3036} INFO - Sync 1 DAGs
[2026-02-16T20:17:02.533+0000] {logging_mixin.py:188} INFO - [2026-02-16T20:17:02.533+0000] {dag.py:3823} INFO - Setting next_dagrun for ecommerce_etl_v2 to 2026-02-16 13:00:00+00:00, run_after=2026-02-17 13:00:00+00:00
[2026-02-16T20:17:02.542+0000] {processor.py:183} INFO - Processing /opt/airflow/dags/etl_dag.py took 0.172 seconds
[2026-02-16T20:17:32.768+0000] {processor.py:161} INFO - Started process (PID=45654) to work on /opt/airflow/dags/etl_dag.py
[2026-02-16T20:17:32.769+0000] {processor.py:830} INFO - Processing file /opt/airflow/dags/etl_dag.py for tasks to queue
[2026-02-16T20:17:32.770+0000] {logging_mixin.py:188} INFO - [2026-02-16T20:17:32.770+0000] {dagbag.py:538} INFO - Filling up the DagBag from /opt/airflow/dags/etl_dag.py
[2026-02-16T20:17:32.819+0000] {logging_mixin.py:188} INFO - Warning: Your Kaggle API key is readable by other users on this system! To fix this, you can run 'chmod 600 /home/airflow/.kaggle/kaggle.json'
[2026-02-16T20:17:32.882+0000] {logging_mixin.py:188} WARNING - /home/airflow/.local/lib/python3.8/site-packages/airflow/models/baseoperator.py:437 AirflowProviderDeprecationWarning: `exists_ok` parameter is deprecated, please use `if_exists`
[2026-02-16T20:17:32.891+0000] {processor.py:840} INFO - DAG(s) 'ecommerce_etl_v2' retrieved from /opt/airflow/dags/etl_dag.py
[2026-02-16T20:17:32.911+0000] {logging_mixin.py:188} INFO - [2026-02-16T20:17:32.910+0000] {dag.py:3036} INFO - Sync 1 DAGs
[2026-02-16T20:17:32.922+0000] {logging_mixin.py:188} INFO - [2026-02-16T20:17:32.922+0000] {dag.py:3823} INFO - Setting next_dagrun for ecommerce_etl_v2 to 2026-02-16 13:00:00+00:00, run_after=2026-02-17 13:00:00+00:00
[2026-02-16T20:17:32.931+0000] {processor.py:183} INFO - Processing /opt/airflow/dags/etl_dag.py took 0.168 seconds
[2026-02-16T20:18:03.100+0000] {processor.py:161} INFO - Started process (PID=45685) to work on /opt/airflow/dags/etl_dag.py
[2026-02-16T20:18:03.101+0000] {processor.py:830} INFO - Processing file /opt/airflow/dags/etl_dag.py for tasks to queue
[2026-02-16T20:18:03.102+0000] {logging_mixin.py:188} INFO - [2026-02-16T20:18:03.102+0000] {dagbag.py:538} INFO - Filling up the DagBag from /opt/airflow/dags/etl_dag.py
[2026-02-16T20:18:03.148+0000] {logging_mixin.py:188} INFO - Warning: Your Kaggle API key is readable by other users on this system! To fix this, you can run 'chmod 600 /home/airflow/.kaggle/kaggle.json'
[2026-02-16T20:18:03.211+0000] {logging_mixin.py:188} WARNING - /home/airflow/.local/lib/python3.8/site-packages/airflow/models/baseoperator.py:437 AirflowProviderDeprecationWarning: `exists_ok` parameter is deprecated, please use `if_exists`
[2026-02-16T20:18:03.224+0000] {processor.py:840} INFO - DAG(s) 'ecommerce_etl_v2' retrieved from /opt/airflow/dags/etl_dag.py
[2026-02-16T20:18:03.246+0000] {logging_mixin.py:188} INFO - [2026-02-16T20:18:03.246+0000] {dag.py:3036} INFO - Sync 1 DAGs
[2026-02-16T20:18:03.257+0000] {logging_mixin.py:188} INFO - [2026-02-16T20:18:03.257+0000] {dag.py:3823} INFO - Setting next_dagrun for ecommerce_etl_v2 to 2026-02-16 13:00:00+00:00, run_after=2026-02-17 13:00:00+00:00
[2026-02-16T20:18:03.266+0000] {processor.py:183} INFO - Processing /opt/airflow/dags/etl_dag.py took 0.171 seconds
[2026-02-16T20:18:33.449+0000] {processor.py:161} INFO - Started process (PID=45716) to work on /opt/airflow/dags/etl_dag.py
[2026-02-16T20:18:33.450+0000] {processor.py:830} INFO - Processing file /opt/airflow/dags/etl_dag.py for tasks to queue
[2026-02-16T20:18:33.451+0000] {logging_mixin.py:188} INFO - [2026-02-16T20:18:33.450+0000] {dagbag.py:538} INFO - Filling up the DagBag from /opt/airflow/dags/etl_dag.py
[2026-02-16T20:18:33.493+0000] {logging_mixin.py:188} INFO - Warning: Your Kaggle API key is readable by other users on this system! To fix this, you can run 'chmod 600 /home/airflow/.kaggle/kaggle.json'
[2026-02-16T20:18:33.553+0000] {logging_mixin.py:188} WARNING - /home/airflow/.local/lib/python3.8/site-packages/airflow/models/baseoperator.py:437 AirflowProviderDeprecationWarning: `exists_ok` parameter is deprecated, please use `if_exists`
[2026-02-16T20:18:33.562+0000] {processor.py:840} INFO - DAG(s) 'ecommerce_etl_v2' retrieved from /opt/airflow/dags/etl_dag.py
[2026-02-16T20:18:33.580+0000] {logging_mixin.py:188} INFO - [2026-02-16T20:18:33.580+0000] {dag.py:3036} INFO - Sync 1 DAGs
[2026-02-16T20:18:33.590+0000] {logging_mixin.py:188} INFO - [2026-02-16T20:18:33.590+0000] {dag.py:3823} INFO - Setting next_dagrun for ecommerce_etl_v2 to 2026-02-16 13:00:00+00:00, run_after=2026-02-17 13:00:00+00:00
[2026-02-16T20:18:33.600+0000] {processor.py:183} INFO - Processing /opt/airflow/dags/etl_dag.py took 0.153 seconds
[2026-02-16T20:19:03.720+0000] {processor.py:161} INFO - Started process (PID=45747) to work on /opt/airflow/dags/etl_dag.py
[2026-02-16T20:19:03.721+0000] {processor.py:830} INFO - Processing file /opt/airflow/dags/etl_dag.py for tasks to queue
[2026-02-16T20:19:03.722+0000] {logging_mixin.py:188} INFO - [2026-02-16T20:19:03.721+0000] {dagbag.py:538} INFO - Filling up the DagBag from /opt/airflow/dags/etl_dag.py
[2026-02-16T20:19:03.763+0000] {logging_mixin.py:188} INFO - Warning: Your Kaggle API key is readable by other users on this system! To fix this, you can run 'chmod 600 /home/airflow/.kaggle/kaggle.json'
[2026-02-16T20:19:03.822+0000] {logging_mixin.py:188} WARNING - /home/airflow/.local/lib/python3.8/site-packages/airflow/models/baseoperator.py:437 AirflowProviderDeprecationWarning: `exists_ok` parameter is deprecated, please use `if_exists`
[2026-02-16T20:19:03.831+0000] {processor.py:840} INFO - DAG(s) 'ecommerce_etl_v2' retrieved from /opt/airflow/dags/etl_dag.py
[2026-02-16T20:19:03.849+0000] {logging_mixin.py:188} INFO - [2026-02-16T20:19:03.849+0000] {dag.py:3036} INFO - Sync 1 DAGs
[2026-02-16T20:19:03.859+0000] {logging_mixin.py:188} INFO - [2026-02-16T20:19:03.859+0000] {dag.py:3823} INFO - Setting next_dagrun for ecommerce_etl_v2 to 2026-02-16 13:00:00+00:00, run_after=2026-02-17 13:00:00+00:00
[2026-02-16T20:19:03.868+0000] {processor.py:183} INFO - Processing /opt/airflow/dags/etl_dag.py took 0.150 seconds
[2026-02-16T20:19:34.213+0000] {processor.py:161} INFO - Started process (PID=45778) to work on /opt/airflow/dags/etl_dag.py
[2026-02-16T20:19:34.214+0000] {processor.py:830} INFO - Processing file /opt/airflow/dags/etl_dag.py for tasks to queue
[2026-02-16T20:19:34.215+0000] {logging_mixin.py:188} INFO - [2026-02-16T20:19:34.215+0000] {dagbag.py:538} INFO - Filling up the DagBag from /opt/airflow/dags/etl_dag.py
[2026-02-16T20:19:34.264+0000] {logging_mixin.py:188} INFO - Warning: Your Kaggle API key is readable by other users on this system! To fix this, you can run 'chmod 600 /home/airflow/.kaggle/kaggle.json'
[2026-02-16T20:19:34.326+0000] {logging_mixin.py:188} WARNING - /home/airflow/.local/lib/python3.8/site-packages/airflow/models/baseoperator.py:437 AirflowProviderDeprecationWarning: `exists_ok` parameter is deprecated, please use `if_exists`
[2026-02-16T20:19:34.335+0000] {processor.py:840} INFO - DAG(s) 'ecommerce_etl_v2' retrieved from /opt/airflow/dags/etl_dag.py
[2026-02-16T20:19:34.353+0000] {logging_mixin.py:188} INFO - [2026-02-16T20:19:34.353+0000] {dag.py:3036} INFO - Sync 1 DAGs
[2026-02-16T20:19:34.364+0000] {logging_mixin.py:188} INFO - [2026-02-16T20:19:34.364+0000] {dag.py:3823} INFO - Setting next_dagrun for ecommerce_etl_v2 to 2026-02-16 13:00:00+00:00, run_after=2026-02-17 13:00:00+00:00
[2026-02-16T20:19:34.373+0000] {processor.py:183} INFO - Processing /opt/airflow/dags/etl_dag.py took 0.164 seconds
[2026-02-16T20:20:04.561+0000] {processor.py:161} INFO - Started process (PID=45809) to work on /opt/airflow/dags/etl_dag.py
[2026-02-16T20:20:04.562+0000] {processor.py:830} INFO - Processing file /opt/airflow/dags/etl_dag.py for tasks to queue
[2026-02-16T20:20:04.563+0000] {logging_mixin.py:188} INFO - [2026-02-16T20:20:04.563+0000] {dagbag.py:538} INFO - Filling up the DagBag from /opt/airflow/dags/etl_dag.py
[2026-02-16T20:20:04.610+0000] {logging_mixin.py:188} INFO - Warning: Your Kaggle API key is readable by other users on this system! To fix this, you can run 'chmod 600 /home/airflow/.kaggle/kaggle.json'
[2026-02-16T20:20:04.669+0000] {logging_mixin.py:188} WARNING - /home/airflow/.local/lib/python3.8/site-packages/airflow/models/baseoperator.py:437 AirflowProviderDeprecationWarning: `exists_ok` parameter is deprecated, please use `if_exists`
[2026-02-16T20:20:04.678+0000] {processor.py:840} INFO - DAG(s) 'ecommerce_etl_v2' retrieved from /opt/airflow/dags/etl_dag.py
[2026-02-16T20:20:04.697+0000] {logging_mixin.py:188} INFO - [2026-02-16T20:20:04.696+0000] {dag.py:3036} INFO - Sync 1 DAGs
[2026-02-16T20:20:04.707+0000] {logging_mixin.py:188} INFO - [2026-02-16T20:20:04.707+0000] {dag.py:3823} INFO - Setting next_dagrun for ecommerce_etl_v2 to 2026-02-16 13:00:00+00:00, run_after=2026-02-17 13:00:00+00:00
[2026-02-16T20:20:04.716+0000] {processor.py:183} INFO - Processing /opt/airflow/dags/etl_dag.py took 0.159 seconds
[2026-02-16T20:20:34.981+0000] {processor.py:161} INFO - Started process (PID=45840) to work on /opt/airflow/dags/etl_dag.py
[2026-02-16T20:20:34.982+0000] {processor.py:830} INFO - Processing file /opt/airflow/dags/etl_dag.py for tasks to queue
[2026-02-16T20:20:34.983+0000] {logging_mixin.py:188} INFO - [2026-02-16T20:20:34.983+0000] {dagbag.py:538} INFO - Filling up the DagBag from /opt/airflow/dags/etl_dag.py
[2026-02-16T20:20:35.031+0000] {logging_mixin.py:188} INFO - Warning: Your Kaggle API key is readable by other users on this system! To fix this, you can run 'chmod 600 /home/airflow/.kaggle/kaggle.json'
[2026-02-16T20:20:35.091+0000] {logging_mixin.py:188} WARNING - /home/airflow/.local/lib/python3.8/site-packages/airflow/models/baseoperator.py:437 AirflowProviderDeprecationWarning: `exists_ok` parameter is deprecated, please use `if_exists`
[2026-02-16T20:20:35.100+0000] {processor.py:840} INFO - DAG(s) 'ecommerce_etl_v2' retrieved from /opt/airflow/dags/etl_dag.py
[2026-02-16T20:20:35.119+0000] {logging_mixin.py:188} INFO - [2026-02-16T20:20:35.118+0000] {dag.py:3036} INFO - Sync 1 DAGs
[2026-02-16T20:20:35.129+0000] {logging_mixin.py:188} INFO - [2026-02-16T20:20:35.129+0000] {dag.py:3823} INFO - Setting next_dagrun for ecommerce_etl_v2 to 2026-02-16 13:00:00+00:00, run_after=2026-02-17 13:00:00+00:00
[2026-02-16T20:20:35.138+0000] {processor.py:183} INFO - Processing /opt/airflow/dags/etl_dag.py took 0.161 seconds
[2026-02-16T20:21:05.331+0000] {processor.py:161} INFO - Started process (PID=45871) to work on /opt/airflow/dags/etl_dag.py
[2026-02-16T20:21:05.332+0000] {processor.py:830} INFO - Processing file /opt/airflow/dags/etl_dag.py for tasks to queue
[2026-02-16T20:21:05.333+0000] {logging_mixin.py:188} INFO - [2026-02-16T20:21:05.332+0000] {dagbag.py:538} INFO - Filling up the DagBag from /opt/airflow/dags/etl_dag.py
[2026-02-16T20:21:05.381+0000] {logging_mixin.py:188} INFO - Warning: Your Kaggle API key is readable by other users on this system! To fix this, you can run 'chmod 600 /home/airflow/.kaggle/kaggle.json'
[2026-02-16T20:21:05.441+0000] {logging_mixin.py:188} WARNING - /home/airflow/.local/lib/python3.8/site-packages/airflow/models/baseoperator.py:437 AirflowProviderDeprecationWarning: `exists_ok` parameter is deprecated, please use `if_exists`
[2026-02-16T20:21:05.450+0000] {processor.py:840} INFO - DAG(s) 'ecommerce_etl_v2' retrieved from /opt/airflow/dags/etl_dag.py
[2026-02-16T20:21:05.469+0000] {logging_mixin.py:188} INFO - [2026-02-16T20:21:05.469+0000] {dag.py:3036} INFO - Sync 1 DAGs
[2026-02-16T20:21:05.479+0000] {logging_mixin.py:188} INFO - [2026-02-16T20:21:05.479+0000] {dag.py:3823} INFO - Setting next_dagrun for ecommerce_etl_v2 to 2026-02-16 13:00:00+00:00, run_after=2026-02-17 13:00:00+00:00
[2026-02-16T20:21:05.488+0000] {processor.py:183} INFO - Processing /opt/airflow/dags/etl_dag.py took 0.162 seconds
[2026-02-16T20:21:35.717+0000] {processor.py:161} INFO - Started process (PID=45902) to work on /opt/airflow/dags/etl_dag.py
[2026-02-16T20:21:35.718+0000] {processor.py:830} INFO - Processing file /opt/airflow/dags/etl_dag.py for tasks to queue
[2026-02-16T20:21:35.719+0000] {logging_mixin.py:188} INFO - [2026-02-16T20:21:35.719+0000] {dagbag.py:538} INFO - Filling up the DagBag from /opt/airflow/dags/etl_dag.py
[2026-02-16T20:21:35.765+0000] {logging_mixin.py:188} INFO - Warning: Your Kaggle API key is readable by other users on this system! To fix this, you can run 'chmod 600 /home/airflow/.kaggle/kaggle.json'
[2026-02-16T20:21:35.825+0000] {logging_mixin.py:188} WARNING - /home/airflow/.local/lib/python3.8/site-packages/airflow/models/baseoperator.py:437 AirflowProviderDeprecationWarning: `exists_ok` parameter is deprecated, please use `if_exists`
[2026-02-16T20:21:35.834+0000] {processor.py:840} INFO - DAG(s) 'ecommerce_etl_v2' retrieved from /opt/airflow/dags/etl_dag.py
[2026-02-16T20:21:35.853+0000] {logging_mixin.py:188} INFO - [2026-02-16T20:21:35.852+0000] {dag.py:3036} INFO - Sync 1 DAGs
[2026-02-16T20:21:35.863+0000] {logging_mixin.py:188} INFO - [2026-02-16T20:21:35.863+0000] {dag.py:3823} INFO - Setting next_dagrun for ecommerce_etl_v2 to 2026-02-16 13:00:00+00:00, run_after=2026-02-17 13:00:00+00:00
[2026-02-16T20:21:35.873+0000] {processor.py:183} INFO - Processing /opt/airflow/dags/etl_dag.py took 0.160 seconds
[2026-02-16T20:22:05.986+0000] {processor.py:161} INFO - Started process (PID=45933) to work on /opt/airflow/dags/etl_dag.py
[2026-02-16T20:22:05.987+0000] {processor.py:830} INFO - Processing file /opt/airflow/dags/etl_dag.py for tasks to queue
[2026-02-16T20:22:05.988+0000] {logging_mixin.py:188} INFO - [2026-02-16T20:22:05.988+0000] {dagbag.py:538} INFO - Filling up the DagBag from /opt/airflow/dags/etl_dag.py
[2026-02-16T20:22:06.034+0000] {logging_mixin.py:188} INFO - Warning: Your Kaggle API key is readable by other users on this system! To fix this, you can run 'chmod 600 /home/airflow/.kaggle/kaggle.json'
[2026-02-16T20:22:06.094+0000] {logging_mixin.py:188} WARNING - /home/airflow/.local/lib/python3.8/site-packages/airflow/models/baseoperator.py:437 AirflowProviderDeprecationWarning: `exists_ok` parameter is deprecated, please use `if_exists`
[2026-02-16T20:22:06.103+0000] {processor.py:840} INFO - DAG(s) 'ecommerce_etl_v2' retrieved from /opt/airflow/dags/etl_dag.py
[2026-02-16T20:22:06.122+0000] {logging_mixin.py:188} INFO - [2026-02-16T20:22:06.122+0000] {dag.py:3036} INFO - Sync 1 DAGs
[2026-02-16T20:22:06.133+0000] {logging_mixin.py:188} INFO - [2026-02-16T20:22:06.133+0000] {dag.py:3823} INFO - Setting next_dagrun for ecommerce_etl_v2 to 2026-02-16 13:00:00+00:00, run_after=2026-02-17 13:00:00+00:00
[2026-02-16T20:22:06.141+0000] {processor.py:183} INFO - Processing /opt/airflow/dags/etl_dag.py took 0.159 seconds
[2026-02-16T20:22:36.440+0000] {processor.py:161} INFO - Started process (PID=45964) to work on /opt/airflow/dags/etl_dag.py
[2026-02-16T20:22:36.443+0000] {processor.py:830} INFO - Processing file /opt/airflow/dags/etl_dag.py for tasks to queue
[2026-02-16T20:22:36.444+0000] {logging_mixin.py:188} INFO - [2026-02-16T20:22:36.443+0000] {dagbag.py:538} INFO - Filling up the DagBag from /opt/airflow/dags/etl_dag.py
[2026-02-16T20:22:36.492+0000] {logging_mixin.py:188} INFO - Warning: Your Kaggle API key is readable by other users on this system! To fix this, you can run 'chmod 600 /home/airflow/.kaggle/kaggle.json'
[2026-02-16T20:22:36.554+0000] {logging_mixin.py:188} WARNING - /home/airflow/.local/lib/python3.8/site-packages/airflow/models/baseoperator.py:437 AirflowProviderDeprecationWarning: `exists_ok` parameter is deprecated, please use `if_exists`
[2026-02-16T20:22:36.564+0000] {processor.py:840} INFO - DAG(s) 'ecommerce_etl_v2' retrieved from /opt/airflow/dags/etl_dag.py
[2026-02-16T20:22:36.583+0000] {logging_mixin.py:188} INFO - [2026-02-16T20:22:36.583+0000] {dag.py:3036} INFO - Sync 1 DAGs
[2026-02-16T20:22:36.595+0000] {logging_mixin.py:188} INFO - [2026-02-16T20:22:36.595+0000] {dag.py:3823} INFO - Setting next_dagrun for ecommerce_etl_v2 to 2026-02-16 13:00:00+00:00, run_after=2026-02-17 13:00:00+00:00
[2026-02-16T20:22:36.605+0000] {processor.py:183} INFO - Processing /opt/airflow/dags/etl_dag.py took 0.169 seconds
[2026-02-16T20:23:06.807+0000] {processor.py:161} INFO - Started process (PID=45995) to work on /opt/airflow/dags/etl_dag.py
[2026-02-16T20:23:06.809+0000] {processor.py:830} INFO - Processing file /opt/airflow/dags/etl_dag.py for tasks to queue
[2026-02-16T20:23:06.810+0000] {logging_mixin.py:188} INFO - [2026-02-16T20:23:06.809+0000] {dagbag.py:538} INFO - Filling up the DagBag from /opt/airflow/dags/etl_dag.py
[2026-02-16T20:23:06.856+0000] {logging_mixin.py:188} INFO - Warning: Your Kaggle API key is readable by other users on this system! To fix this, you can run 'chmod 600 /home/airflow/.kaggle/kaggle.json'
[2026-02-16T20:23:06.916+0000] {logging_mixin.py:188} WARNING - /home/airflow/.local/lib/python3.8/site-packages/airflow/models/baseoperator.py:437 AirflowProviderDeprecationWarning: `exists_ok` parameter is deprecated, please use `if_exists`
[2026-02-16T20:23:06.924+0000] {processor.py:840} INFO - DAG(s) 'ecommerce_etl_v2' retrieved from /opt/airflow/dags/etl_dag.py
[2026-02-16T20:23:06.944+0000] {logging_mixin.py:188} INFO - [2026-02-16T20:23:06.944+0000] {dag.py:3036} INFO - Sync 1 DAGs
[2026-02-16T20:23:06.955+0000] {logging_mixin.py:188} INFO - [2026-02-16T20:23:06.955+0000] {dag.py:3823} INFO - Setting next_dagrun for ecommerce_etl_v2 to 2026-02-16 13:00:00+00:00, run_after=2026-02-17 13:00:00+00:00
[2026-02-16T20:23:06.964+0000] {processor.py:183} INFO - Processing /opt/airflow/dags/etl_dag.py took 0.161 seconds
[2026-02-16T20:23:37.241+0000] {processor.py:161} INFO - Started process (PID=46026) to work on /opt/airflow/dags/etl_dag.py
[2026-02-16T20:23:37.242+0000] {processor.py:830} INFO - Processing file /opt/airflow/dags/etl_dag.py for tasks to queue
[2026-02-16T20:23:37.243+0000] {logging_mixin.py:188} INFO - [2026-02-16T20:23:37.243+0000] {dagbag.py:538} INFO - Filling up the DagBag from /opt/airflow/dags/etl_dag.py
[2026-02-16T20:23:37.291+0000] {logging_mixin.py:188} INFO - Warning: Your Kaggle API key is readable by other users on this system! To fix this, you can run 'chmod 600 /home/airflow/.kaggle/kaggle.json'
[2026-02-16T20:23:37.350+0000] {logging_mixin.py:188} WARNING - /home/airflow/.local/lib/python3.8/site-packages/airflow/models/baseoperator.py:437 AirflowProviderDeprecationWarning: `exists_ok` parameter is deprecated, please use `if_exists`
[2026-02-16T20:23:37.360+0000] {processor.py:840} INFO - DAG(s) 'ecommerce_etl_v2' retrieved from /opt/airflow/dags/etl_dag.py
[2026-02-16T20:23:37.378+0000] {logging_mixin.py:188} INFO - [2026-02-16T20:23:37.378+0000] {dag.py:3036} INFO - Sync 1 DAGs
[2026-02-16T20:23:37.388+0000] {logging_mixin.py:188} INFO - [2026-02-16T20:23:37.388+0000] {dag.py:3823} INFO - Setting next_dagrun for ecommerce_etl_v2 to 2026-02-16 13:00:00+00:00, run_after=2026-02-17 13:00:00+00:00
[2026-02-16T20:23:37.397+0000] {processor.py:183} INFO - Processing /opt/airflow/dags/etl_dag.py took 0.159 seconds
[2026-02-16T20:24:07.531+0000] {processor.py:161} INFO - Started process (PID=46057) to work on /opt/airflow/dags/etl_dag.py
[2026-02-16T20:24:07.533+0000] {processor.py:830} INFO - Processing file /opt/airflow/dags/etl_dag.py for tasks to queue
[2026-02-16T20:24:07.534+0000] {logging_mixin.py:188} INFO - [2026-02-16T20:24:07.534+0000] {dagbag.py:538} INFO - Filling up the DagBag from /opt/airflow/dags/etl_dag.py
[2026-02-16T20:24:07.579+0000] {logging_mixin.py:188} INFO - Warning: Your Kaggle API key is readable by other users on this system! To fix this, you can run 'chmod 600 /home/airflow/.kaggle/kaggle.json'
[2026-02-16T20:24:07.639+0000] {logging_mixin.py:188} WARNING - /home/airflow/.local/lib/python3.8/site-packages/airflow/models/baseoperator.py:437 AirflowProviderDeprecationWarning: `exists_ok` parameter is deprecated, please use `if_exists`
[2026-02-16T20:24:07.648+0000] {processor.py:840} INFO - DAG(s) 'ecommerce_etl_v2' retrieved from /opt/airflow/dags/etl_dag.py
[2026-02-16T20:24:07.667+0000] {logging_mixin.py:188} INFO - [2026-02-16T20:24:07.667+0000] {dag.py:3036} INFO - Sync 1 DAGs
[2026-02-16T20:24:07.677+0000] {logging_mixin.py:188} INFO - [2026-02-16T20:24:07.677+0000] {dag.py:3823} INFO - Setting next_dagrun for ecommerce_etl_v2 to 2026-02-16 13:00:00+00:00, run_after=2026-02-17 13:00:00+00:00
[2026-02-16T20:24:07.685+0000] {processor.py:183} INFO - Processing /opt/airflow/dags/etl_dag.py took 0.158 seconds
[2026-02-16T20:24:37.878+0000] {processor.py:161} INFO - Started process (PID=46088) to work on /opt/airflow/dags/etl_dag.py
[2026-02-16T20:24:37.880+0000] {processor.py:830} INFO - Processing file /opt/airflow/dags/etl_dag.py for tasks to queue
[2026-02-16T20:24:37.881+0000] {logging_mixin.py:188} INFO - [2026-02-16T20:24:37.880+0000] {dagbag.py:538} INFO - Filling up the DagBag from /opt/airflow/dags/etl_dag.py
[2026-02-16T20:24:37.926+0000] {logging_mixin.py:188} INFO - Warning: Your Kaggle API key is readable by other users on this system! To fix this, you can run 'chmod 600 /home/airflow/.kaggle/kaggle.json'
[2026-02-16T20:24:37.986+0000] {logging_mixin.py:188} WARNING - /home/airflow/.local/lib/python3.8/site-packages/airflow/models/baseoperator.py:437 AirflowProviderDeprecationWarning: `exists_ok` parameter is deprecated, please use `if_exists`
[2026-02-16T20:24:37.995+0000] {processor.py:840} INFO - DAG(s) 'ecommerce_etl_v2' retrieved from /opt/airflow/dags/etl_dag.py
[2026-02-16T20:24:38.014+0000] {logging_mixin.py:188} INFO - [2026-02-16T20:24:38.014+0000] {dag.py:3036} INFO - Sync 1 DAGs
[2026-02-16T20:24:38.024+0000] {logging_mixin.py:188} INFO - [2026-02-16T20:24:38.024+0000] {dag.py:3823} INFO - Setting next_dagrun for ecommerce_etl_v2 to 2026-02-16 13:00:00+00:00, run_after=2026-02-17 13:00:00+00:00
[2026-02-16T20:24:38.033+0000] {processor.py:183} INFO - Processing /opt/airflow/dags/etl_dag.py took 0.159 seconds
[2026-02-16T20:26:10.423+0000] {processor.py:161} INFO - Started process (PID=46121) to work on /opt/airflow/dags/etl_dag.py
[2026-02-16T20:26:10.424+0000] {processor.py:830} INFO - Processing file /opt/airflow/dags/etl_dag.py for tasks to queue
[2026-02-16T20:26:10.425+0000] {logging_mixin.py:188} INFO - [2026-02-16T20:26:10.424+0000] {dagbag.py:538} INFO - Filling up the DagBag from /opt/airflow/dags/etl_dag.py
[2026-02-16T20:26:10.489+0000] {logging_mixin.py:188} INFO - Warning: Your Kaggle API key is readable by other users on this system! To fix this, you can run 'chmod 600 /home/airflow/.kaggle/kaggle.json'
[2026-02-16T20:26:10.563+0000] {logging_mixin.py:188} WARNING - /home/airflow/.local/lib/python3.8/site-packages/airflow/models/baseoperator.py:437 AirflowProviderDeprecationWarning: `exists_ok` parameter is deprecated, please use `if_exists`
[2026-02-16T20:26:10.575+0000] {processor.py:840} INFO - DAG(s) 'ecommerce_etl_v2' retrieved from /opt/airflow/dags/etl_dag.py
[2026-02-16T20:26:10.604+0000] {logging_mixin.py:188} INFO - [2026-02-16T20:26:10.603+0000] {dag.py:3036} INFO - Sync 1 DAGs
[2026-02-16T20:26:10.622+0000] {logging_mixin.py:188} INFO - [2026-02-16T20:26:10.622+0000] {dag.py:3823} INFO - Setting next_dagrun for ecommerce_etl_v2 to 2026-02-16 13:00:00+00:00, run_after=2026-02-17 13:00:00+00:00
[2026-02-16T20:26:10.638+0000] {processor.py:183} INFO - Processing /opt/airflow/dags/etl_dag.py took 0.219 seconds
[2026-02-16T20:26:40.800+0000] {processor.py:161} INFO - Started process (PID=46152) to work on /opt/airflow/dags/etl_dag.py
[2026-02-16T20:26:40.802+0000] {processor.py:830} INFO - Processing file /opt/airflow/dags/etl_dag.py for tasks to queue
[2026-02-16T20:26:40.803+0000] {logging_mixin.py:188} INFO - [2026-02-16T20:26:40.802+0000] {dagbag.py:538} INFO - Filling up the DagBag from /opt/airflow/dags/etl_dag.py
[2026-02-16T20:26:40.851+0000] {logging_mixin.py:188} INFO - Warning: Your Kaggle API key is readable by other users on this system! To fix this, you can run 'chmod 600 /home/airflow/.kaggle/kaggle.json'
[2026-02-16T20:26:40.913+0000] {logging_mixin.py:188} WARNING - /home/airflow/.local/lib/python3.8/site-packages/airflow/models/baseoperator.py:437 AirflowProviderDeprecationWarning: `exists_ok` parameter is deprecated, please use `if_exists`
[2026-02-16T20:26:40.922+0000] {processor.py:840} INFO - DAG(s) 'ecommerce_etl_v2' retrieved from /opt/airflow/dags/etl_dag.py
[2026-02-16T20:26:40.941+0000] {logging_mixin.py:188} INFO - [2026-02-16T20:26:40.941+0000] {dag.py:3036} INFO - Sync 1 DAGs
[2026-02-16T20:26:40.952+0000] {logging_mixin.py:188} INFO - [2026-02-16T20:26:40.952+0000] {dag.py:3823} INFO - Setting next_dagrun for ecommerce_etl_v2 to 2026-02-16 13:00:00+00:00, run_after=2026-02-17 13:00:00+00:00
[2026-02-16T20:26:40.960+0000] {processor.py:183} INFO - Processing /opt/airflow/dags/etl_dag.py took 0.165 seconds
[2026-02-16T20:27:11.271+0000] {processor.py:161} INFO - Started process (PID=46183) to work on /opt/airflow/dags/etl_dag.py
[2026-02-16T20:27:11.272+0000] {processor.py:830} INFO - Processing file /opt/airflow/dags/etl_dag.py for tasks to queue
[2026-02-16T20:27:11.273+0000] {logging_mixin.py:188} INFO - [2026-02-16T20:27:11.272+0000] {dagbag.py:538} INFO - Filling up the DagBag from /opt/airflow/dags/etl_dag.py
[2026-02-16T20:27:11.317+0000] {logging_mixin.py:188} INFO - Warning: Your Kaggle API key is readable by other users on this system! To fix this, you can run 'chmod 600 /home/airflow/.kaggle/kaggle.json'
[2026-02-16T20:27:11.378+0000] {logging_mixin.py:188} WARNING - /home/airflow/.local/lib/python3.8/site-packages/airflow/models/baseoperator.py:437 AirflowProviderDeprecationWarning: `exists_ok` parameter is deprecated, please use `if_exists`
[2026-02-16T20:27:11.387+0000] {processor.py:840} INFO - DAG(s) 'ecommerce_etl_v2' retrieved from /opt/airflow/dags/etl_dag.py
[2026-02-16T20:27:11.406+0000] {logging_mixin.py:188} INFO - [2026-02-16T20:27:11.406+0000] {dag.py:3036} INFO - Sync 1 DAGs
[2026-02-16T20:27:11.416+0000] {logging_mixin.py:188} INFO - [2026-02-16T20:27:11.416+0000] {dag.py:3823} INFO - Setting next_dagrun for ecommerce_etl_v2 to 2026-02-16 13:00:00+00:00, run_after=2026-02-17 13:00:00+00:00
[2026-02-16T20:27:11.425+0000] {processor.py:183} INFO - Processing /opt/airflow/dags/etl_dag.py took 0.158 seconds
[2026-02-16T20:27:41.662+0000] {processor.py:161} INFO - Started process (PID=46214) to work on /opt/airflow/dags/etl_dag.py
[2026-02-16T20:27:41.663+0000] {processor.py:830} INFO - Processing file /opt/airflow/dags/etl_dag.py for tasks to queue
[2026-02-16T20:27:41.664+0000] {logging_mixin.py:188} INFO - [2026-02-16T20:27:41.663+0000] {dagbag.py:538} INFO - Filling up the DagBag from /opt/airflow/dags/etl_dag.py
[2026-02-16T20:27:41.709+0000] {logging_mixin.py:188} INFO - Warning: Your Kaggle API key is readable by other users on this system! To fix this, you can run 'chmod 600 /home/airflow/.kaggle/kaggle.json'
[2026-02-16T20:27:41.768+0000] {logging_mixin.py:188} WARNING - /home/airflow/.local/lib/python3.8/site-packages/airflow/models/baseoperator.py:437 AirflowProviderDeprecationWarning: `exists_ok` parameter is deprecated, please use `if_exists`
[2026-02-16T20:27:41.780+0000] {processor.py:840} INFO - DAG(s) 'ecommerce_etl_v2' retrieved from /opt/airflow/dags/etl_dag.py
[2026-02-16T20:27:41.798+0000] {logging_mixin.py:188} INFO - [2026-02-16T20:27:41.798+0000] {dag.py:3036} INFO - Sync 1 DAGs
[2026-02-16T20:27:41.808+0000] {logging_mixin.py:188} INFO - [2026-02-16T20:27:41.808+0000] {dag.py:3823} INFO - Setting next_dagrun for ecommerce_etl_v2 to 2026-02-16 13:00:00+00:00, run_after=2026-02-17 13:00:00+00:00
[2026-02-16T20:27:41.817+0000] {processor.py:183} INFO - Processing /opt/airflow/dags/etl_dag.py took 0.159 seconds
[2026-02-16T20:28:12.027+0000] {processor.py:161} INFO - Started process (PID=46245) to work on /opt/airflow/dags/etl_dag.py
[2026-02-16T20:28:12.029+0000] {processor.py:830} INFO - Processing file /opt/airflow/dags/etl_dag.py for tasks to queue
[2026-02-16T20:28:12.030+0000] {logging_mixin.py:188} INFO - [2026-02-16T20:28:12.029+0000] {dagbag.py:538} INFO - Filling up the DagBag from /opt/airflow/dags/etl_dag.py
[2026-02-16T20:28:12.076+0000] {logging_mixin.py:188} INFO - Warning: Your Kaggle API key is readable by other users on this system! To fix this, you can run 'chmod 600 /home/airflow/.kaggle/kaggle.json'
[2026-02-16T20:28:12.137+0000] {logging_mixin.py:188} WARNING - /home/airflow/.local/lib/python3.8/site-packages/airflow/models/baseoperator.py:437 AirflowProviderDeprecationWarning: `exists_ok` parameter is deprecated, please use `if_exists`
[2026-02-16T20:28:12.145+0000] {processor.py:840} INFO - DAG(s) 'ecommerce_etl_v2' retrieved from /opt/airflow/dags/etl_dag.py
[2026-02-16T20:28:12.164+0000] {logging_mixin.py:188} INFO - [2026-02-16T20:28:12.164+0000] {dag.py:3036} INFO - Sync 1 DAGs
[2026-02-16T20:28:12.174+0000] {logging_mixin.py:188} INFO - [2026-02-16T20:28:12.174+0000] {dag.py:3823} INFO - Setting next_dagrun for ecommerce_etl_v2 to 2026-02-16 13:00:00+00:00, run_after=2026-02-17 13:00:00+00:00
[2026-02-16T20:28:12.183+0000] {processor.py:183} INFO - Processing /opt/airflow/dags/etl_dag.py took 0.160 seconds
[2026-02-16T20:28:42.430+0000] {processor.py:161} INFO - Started process (PID=46276) to work on /opt/airflow/dags/etl_dag.py
[2026-02-16T20:28:42.431+0000] {processor.py:830} INFO - Processing file /opt/airflow/dags/etl_dag.py for tasks to queue
[2026-02-16T20:28:42.432+0000] {logging_mixin.py:188} INFO - [2026-02-16T20:28:42.432+0000] {dagbag.py:538} INFO - Filling up the DagBag from /opt/airflow/dags/etl_dag.py
[2026-02-16T20:28:42.478+0000] {logging_mixin.py:188} INFO - Warning: Your Kaggle API key is readable by other users on this system! To fix this, you can run 'chmod 600 /home/airflow/.kaggle/kaggle.json'
[2026-02-16T20:28:42.539+0000] {logging_mixin.py:188} WARNING - /home/airflow/.local/lib/python3.8/site-packages/airflow/models/baseoperator.py:437 AirflowProviderDeprecationWarning: `exists_ok` parameter is deprecated, please use `if_exists`
[2026-02-16T20:28:42.548+0000] {processor.py:840} INFO - DAG(s) 'ecommerce_etl_v2' retrieved from /opt/airflow/dags/etl_dag.py
[2026-02-16T20:28:42.566+0000] {logging_mixin.py:188} INFO - [2026-02-16T20:28:42.566+0000] {dag.py:3036} INFO - Sync 1 DAGs
[2026-02-16T20:28:42.577+0000] {logging_mixin.py:188} INFO - [2026-02-16T20:28:42.577+0000] {dag.py:3823} INFO - Setting next_dagrun for ecommerce_etl_v2 to 2026-02-16 13:00:00+00:00, run_after=2026-02-17 13:00:00+00:00
[2026-02-16T20:28:42.585+0000] {processor.py:183} INFO - Processing /opt/airflow/dags/etl_dag.py took 0.159 seconds
[2026-02-16T20:29:12.774+0000] {processor.py:161} INFO - Started process (PID=46307) to work on /opt/airflow/dags/etl_dag.py
[2026-02-16T20:29:12.775+0000] {processor.py:830} INFO - Processing file /opt/airflow/dags/etl_dag.py for tasks to queue
[2026-02-16T20:29:12.776+0000] {logging_mixin.py:188} INFO - [2026-02-16T20:29:12.775+0000] {dagbag.py:538} INFO - Filling up the DagBag from /opt/airflow/dags/etl_dag.py
[2026-02-16T20:29:12.817+0000] {logging_mixin.py:188} INFO - Warning: Your Kaggle API key is readable by other users on this system! To fix this, you can run 'chmod 600 /home/airflow/.kaggle/kaggle.json'
[2026-02-16T20:29:12.877+0000] {logging_mixin.py:188} WARNING - /home/airflow/.local/lib/python3.8/site-packages/airflow/models/baseoperator.py:437 AirflowProviderDeprecationWarning: `exists_ok` parameter is deprecated, please use `if_exists`
[2026-02-16T20:29:12.885+0000] {processor.py:840} INFO - DAG(s) 'ecommerce_etl_v2' retrieved from /opt/airflow/dags/etl_dag.py
[2026-02-16T20:29:12.904+0000] {logging_mixin.py:188} INFO - [2026-02-16T20:29:12.904+0000] {dag.py:3036} INFO - Sync 1 DAGs
[2026-02-16T20:29:12.914+0000] {logging_mixin.py:188} INFO - [2026-02-16T20:29:12.914+0000] {dag.py:3823} INFO - Setting next_dagrun for ecommerce_etl_v2 to 2026-02-16 13:00:00+00:00, run_after=2026-02-17 13:00:00+00:00
[2026-02-16T20:29:12.922+0000] {processor.py:183} INFO - Processing /opt/airflow/dags/etl_dag.py took 0.151 seconds
[2026-02-16T20:29:43.021+0000] {processor.py:161} INFO - Started process (PID=46338) to work on /opt/airflow/dags/etl_dag.py
[2026-02-16T20:29:43.022+0000] {processor.py:830} INFO - Processing file /opt/airflow/dags/etl_dag.py for tasks to queue
[2026-02-16T20:29:43.022+0000] {logging_mixin.py:188} INFO - [2026-02-16T20:29:43.022+0000] {dagbag.py:538} INFO - Filling up the DagBag from /opt/airflow/dags/etl_dag.py
[2026-02-16T20:29:43.064+0000] {logging_mixin.py:188} INFO - Warning: Your Kaggle API key is readable by other users on this system! To fix this, you can run 'chmod 600 /home/airflow/.kaggle/kaggle.json'
[2026-02-16T20:29:43.125+0000] {logging_mixin.py:188} WARNING - /home/airflow/.local/lib/python3.8/site-packages/airflow/models/baseoperator.py:437 AirflowProviderDeprecationWarning: `exists_ok` parameter is deprecated, please use `if_exists`
[2026-02-16T20:29:43.134+0000] {processor.py:840} INFO - DAG(s) 'ecommerce_etl_v2' retrieved from /opt/airflow/dags/etl_dag.py
[2026-02-16T20:29:43.153+0000] {logging_mixin.py:188} INFO - [2026-02-16T20:29:43.153+0000] {dag.py:3036} INFO - Sync 1 DAGs
[2026-02-16T20:29:43.163+0000] {logging_mixin.py:188} INFO - [2026-02-16T20:29:43.163+0000] {dag.py:3823} INFO - Setting next_dagrun for ecommerce_etl_v2 to 2026-02-16 13:00:00+00:00, run_after=2026-02-17 13:00:00+00:00
[2026-02-16T20:29:43.172+0000] {processor.py:183} INFO - Processing /opt/airflow/dags/etl_dag.py took 0.154 seconds
[2026-02-16T20:30:13.411+0000] {processor.py:161} INFO - Started process (PID=46369) to work on /opt/airflow/dags/etl_dag.py
[2026-02-16T20:30:13.413+0000] {processor.py:830} INFO - Processing file /opt/airflow/dags/etl_dag.py for tasks to queue
[2026-02-16T20:30:13.413+0000] {logging_mixin.py:188} INFO - [2026-02-16T20:30:13.413+0000] {dagbag.py:538} INFO - Filling up the DagBag from /opt/airflow/dags/etl_dag.py
[2026-02-16T20:30:13.460+0000] {logging_mixin.py:188} INFO - Warning: Your Kaggle API key is readable by other users on this system! To fix this, you can run 'chmod 600 /home/airflow/.kaggle/kaggle.json'
[2026-02-16T20:30:13.520+0000] {logging_mixin.py:188} WARNING - /home/airflow/.local/lib/python3.8/site-packages/airflow/models/baseoperator.py:437 AirflowProviderDeprecationWarning: `exists_ok` parameter is deprecated, please use `if_exists`
[2026-02-16T20:30:13.529+0000] {processor.py:840} INFO - DAG(s) 'ecommerce_etl_v2' retrieved from /opt/airflow/dags/etl_dag.py
[2026-02-16T20:30:13.547+0000] {logging_mixin.py:188} INFO - [2026-02-16T20:30:13.547+0000] {dag.py:3036} INFO - Sync 1 DAGs
[2026-02-16T20:30:13.557+0000] {logging_mixin.py:188} INFO - [2026-02-16T20:30:13.557+0000] {dag.py:3823} INFO - Setting next_dagrun for ecommerce_etl_v2 to 2026-02-16 13:00:00+00:00, run_after=2026-02-17 13:00:00+00:00
[2026-02-16T20:30:13.566+0000] {processor.py:183} INFO - Processing /opt/airflow/dags/etl_dag.py took 0.158 seconds
[2026-02-16T20:30:43.719+0000] {processor.py:161} INFO - Started process (PID=46400) to work on /opt/airflow/dags/etl_dag.py
[2026-02-16T20:30:43.720+0000] {processor.py:830} INFO - Processing file /opt/airflow/dags/etl_dag.py for tasks to queue
[2026-02-16T20:30:43.721+0000] {logging_mixin.py:188} INFO - [2026-02-16T20:30:43.721+0000] {dagbag.py:538} INFO - Filling up the DagBag from /opt/airflow/dags/etl_dag.py
[2026-02-16T20:30:43.767+0000] {logging_mixin.py:188} INFO - Warning: Your Kaggle API key is readable by other users on this system! To fix this, you can run 'chmod 600 /home/airflow/.kaggle/kaggle.json'
[2026-02-16T20:30:43.827+0000] {logging_mixin.py:188} WARNING - /home/airflow/.local/lib/python3.8/site-packages/airflow/models/baseoperator.py:437 AirflowProviderDeprecationWarning: `exists_ok` parameter is deprecated, please use `if_exists`
[2026-02-16T20:30:43.836+0000] {processor.py:840} INFO - DAG(s) 'ecommerce_etl_v2' retrieved from /opt/airflow/dags/etl_dag.py
[2026-02-16T20:30:43.854+0000] {logging_mixin.py:188} INFO - [2026-02-16T20:30:43.854+0000] {dag.py:3036} INFO - Sync 1 DAGs
[2026-02-16T20:30:43.864+0000] {logging_mixin.py:188} INFO - [2026-02-16T20:30:43.864+0000] {dag.py:3823} INFO - Setting next_dagrun for ecommerce_etl_v2 to 2026-02-16 13:00:00+00:00, run_after=2026-02-17 13:00:00+00:00
[2026-02-16T20:30:43.873+0000] {processor.py:183} INFO - Processing /opt/airflow/dags/etl_dag.py took 0.159 seconds
[2026-02-16T20:31:14.102+0000] {processor.py:161} INFO - Started process (PID=46431) to work on /opt/airflow/dags/etl_dag.py
[2026-02-16T20:31:14.103+0000] {processor.py:830} INFO - Processing file /opt/airflow/dags/etl_dag.py for tasks to queue
[2026-02-16T20:31:14.104+0000] {logging_mixin.py:188} INFO - [2026-02-16T20:31:14.103+0000] {dagbag.py:538} INFO - Filling up the DagBag from /opt/airflow/dags/etl_dag.py
[2026-02-16T20:31:14.149+0000] {logging_mixin.py:188} INFO - Warning: Your Kaggle API key is readable by other users on this system! To fix this, you can run 'chmod 600 /home/airflow/.kaggle/kaggle.json'
[2026-02-16T20:31:14.209+0000] {logging_mixin.py:188} WARNING - /home/airflow/.local/lib/python3.8/site-packages/airflow/models/baseoperator.py:437 AirflowProviderDeprecationWarning: `exists_ok` parameter is deprecated, please use `if_exists`
[2026-02-16T20:31:14.218+0000] {processor.py:840} INFO - DAG(s) 'ecommerce_etl_v2' retrieved from /opt/airflow/dags/etl_dag.py
[2026-02-16T20:31:14.236+0000] {logging_mixin.py:188} INFO - [2026-02-16T20:31:14.236+0000] {dag.py:3036} INFO - Sync 1 DAGs
[2026-02-16T20:31:14.246+0000] {logging_mixin.py:188} INFO - [2026-02-16T20:31:14.246+0000] {dag.py:3823} INFO - Setting next_dagrun for ecommerce_etl_v2 to 2026-02-16 13:00:00+00:00, run_after=2026-02-17 13:00:00+00:00
[2026-02-16T20:31:14.255+0000] {processor.py:183} INFO - Processing /opt/airflow/dags/etl_dag.py took 0.156 seconds
[2026-02-16T20:31:44.471+0000] {processor.py:161} INFO - Started process (PID=46462) to work on /opt/airflow/dags/etl_dag.py
[2026-02-16T20:31:44.472+0000] {processor.py:830} INFO - Processing file /opt/airflow/dags/etl_dag.py for tasks to queue
[2026-02-16T20:31:44.473+0000] {logging_mixin.py:188} INFO - [2026-02-16T20:31:44.473+0000] {dagbag.py:538} INFO - Filling up the DagBag from /opt/airflow/dags/etl_dag.py
[2026-02-16T20:31:44.519+0000] {logging_mixin.py:188} INFO - Warning: Your Kaggle API key is readable by other users on this system! To fix this, you can run 'chmod 600 /home/airflow/.kaggle/kaggle.json'
[2026-02-16T20:31:44.578+0000] {logging_mixin.py:188} WARNING - /home/airflow/.local/lib/python3.8/site-packages/airflow/models/baseoperator.py:437 AirflowProviderDeprecationWarning: `exists_ok` parameter is deprecated, please use `if_exists`
[2026-02-16T20:31:44.587+0000] {processor.py:840} INFO - DAG(s) 'ecommerce_etl_v2' retrieved from /opt/airflow/dags/etl_dag.py
[2026-02-16T20:31:44.605+0000] {logging_mixin.py:188} INFO - [2026-02-16T20:31:44.605+0000] {dag.py:3036} INFO - Sync 1 DAGs
[2026-02-16T20:31:44.615+0000] {logging_mixin.py:188} INFO - [2026-02-16T20:31:44.615+0000] {dag.py:3823} INFO - Setting next_dagrun for ecommerce_etl_v2 to 2026-02-16 13:00:00+00:00, run_after=2026-02-17 13:00:00+00:00
[2026-02-16T20:31:44.624+0000] {processor.py:183} INFO - Processing /opt/airflow/dags/etl_dag.py took 0.157 seconds
[2026-02-16T20:32:14.900+0000] {processor.py:161} INFO - Started process (PID=46493) to work on /opt/airflow/dags/etl_dag.py
[2026-02-16T20:32:14.901+0000] {processor.py:830} INFO - Processing file /opt/airflow/dags/etl_dag.py for tasks to queue
[2026-02-16T20:32:14.902+0000] {logging_mixin.py:188} INFO - [2026-02-16T20:32:14.901+0000] {dagbag.py:538} INFO - Filling up the DagBag from /opt/airflow/dags/etl_dag.py
[2026-02-16T20:32:14.947+0000] {logging_mixin.py:188} INFO - Warning: Your Kaggle API key is readable by other users on this system! To fix this, you can run 'chmod 600 /home/airflow/.kaggle/kaggle.json'
[2026-02-16T20:32:15.007+0000] {logging_mixin.py:188} WARNING - /home/airflow/.local/lib/python3.8/site-packages/airflow/models/baseoperator.py:437 AirflowProviderDeprecationWarning: `exists_ok` parameter is deprecated, please use `if_exists`
[2026-02-16T20:32:15.016+0000] {processor.py:840} INFO - DAG(s) 'ecommerce_etl_v2' retrieved from /opt/airflow/dags/etl_dag.py
[2026-02-16T20:32:15.034+0000] {logging_mixin.py:188} INFO - [2026-02-16T20:32:15.034+0000] {dag.py:3036} INFO - Sync 1 DAGs
[2026-02-16T20:32:15.044+0000] {logging_mixin.py:188} INFO - [2026-02-16T20:32:15.044+0000] {dag.py:3823} INFO - Setting next_dagrun for ecommerce_etl_v2 to 2026-02-16 13:00:00+00:00, run_after=2026-02-17 13:00:00+00:00
[2026-02-16T20:32:15.053+0000] {processor.py:183} INFO - Processing /opt/airflow/dags/etl_dag.py took 0.158 seconds
[2026-02-16T20:32:45.253+0000] {processor.py:161} INFO - Started process (PID=46524) to work on /opt/airflow/dags/etl_dag.py
[2026-02-16T20:32:45.255+0000] {processor.py:830} INFO - Processing file /opt/airflow/dags/etl_dag.py for tasks to queue
[2026-02-16T20:32:45.256+0000] {logging_mixin.py:188} INFO - [2026-02-16T20:32:45.255+0000] {dagbag.py:538} INFO - Filling up the DagBag from /opt/airflow/dags/etl_dag.py
[2026-02-16T20:32:45.301+0000] {logging_mixin.py:188} INFO - Warning: Your Kaggle API key is readable by other users on this system! To fix this, you can run 'chmod 600 /home/airflow/.kaggle/kaggle.json'
[2026-02-16T20:32:45.361+0000] {logging_mixin.py:188} WARNING - /home/airflow/.local/lib/python3.8/site-packages/airflow/models/baseoperator.py:437 AirflowProviderDeprecationWarning: `exists_ok` parameter is deprecated, please use `if_exists`
[2026-02-16T20:32:45.371+0000] {processor.py:840} INFO - DAG(s) 'ecommerce_etl_v2' retrieved from /opt/airflow/dags/etl_dag.py
[2026-02-16T20:32:45.389+0000] {logging_mixin.py:188} INFO - [2026-02-16T20:32:45.389+0000] {dag.py:3036} INFO - Sync 1 DAGs
[2026-02-16T20:32:45.399+0000] {logging_mixin.py:188} INFO - [2026-02-16T20:32:45.399+0000] {dag.py:3823} INFO - Setting next_dagrun for ecommerce_etl_v2 to 2026-02-16 13:00:00+00:00, run_after=2026-02-17 13:00:00+00:00
[2026-02-16T20:32:45.407+0000] {processor.py:183} INFO - Processing /opt/airflow/dags/etl_dag.py took 0.158 seconds
[2026-02-16T20:33:15.618+0000] {processor.py:161} INFO - Started process (PID=46555) to work on /opt/airflow/dags/etl_dag.py
[2026-02-16T20:33:15.619+0000] {processor.py:830} INFO - Processing file /opt/airflow/dags/etl_dag.py for tasks to queue
[2026-02-16T20:33:15.619+0000] {logging_mixin.py:188} INFO - [2026-02-16T20:33:15.619+0000] {dagbag.py:538} INFO - Filling up the DagBag from /opt/airflow/dags/etl_dag.py
[2026-02-16T20:33:15.664+0000] {logging_mixin.py:188} INFO - Warning: Your Kaggle API key is readable by other users on this system! To fix this, you can run 'chmod 600 /home/airflow/.kaggle/kaggle.json'
[2026-02-16T20:33:15.727+0000] {logging_mixin.py:188} WARNING - /home/airflow/.local/lib/python3.8/site-packages/airflow/models/baseoperator.py:437 AirflowProviderDeprecationWarning: `exists_ok` parameter is deprecated, please use `if_exists`
[2026-02-16T20:33:15.736+0000] {processor.py:840} INFO - DAG(s) 'ecommerce_etl_v2' retrieved from /opt/airflow/dags/etl_dag.py
[2026-02-16T20:33:15.755+0000] {logging_mixin.py:188} INFO - [2026-02-16T20:33:15.755+0000] {dag.py:3036} INFO - Sync 1 DAGs
[2026-02-16T20:33:15.766+0000] {logging_mixin.py:188} INFO - [2026-02-16T20:33:15.766+0000] {dag.py:3823} INFO - Setting next_dagrun for ecommerce_etl_v2 to 2026-02-16 13:00:00+00:00, run_after=2026-02-17 13:00:00+00:00
[2026-02-16T20:33:15.775+0000] {processor.py:183} INFO - Processing /opt/airflow/dags/etl_dag.py took 0.161 seconds
[2026-02-16T20:33:45.976+0000] {processor.py:161} INFO - Started process (PID=46586) to work on /opt/airflow/dags/etl_dag.py
[2026-02-16T20:33:45.977+0000] {processor.py:830} INFO - Processing file /opt/airflow/dags/etl_dag.py for tasks to queue
[2026-02-16T20:33:45.978+0000] {logging_mixin.py:188} INFO - [2026-02-16T20:33:45.978+0000] {dagbag.py:538} INFO - Filling up the DagBag from /opt/airflow/dags/etl_dag.py
[2026-02-16T20:33:46.024+0000] {logging_mixin.py:188} INFO - Warning: Your Kaggle API key is readable by other users on this system! To fix this, you can run 'chmod 600 /home/airflow/.kaggle/kaggle.json'
[2026-02-16T20:33:46.084+0000] {logging_mixin.py:188} WARNING - /home/airflow/.local/lib/python3.8/site-packages/airflow/models/baseoperator.py:437 AirflowProviderDeprecationWarning: `exists_ok` parameter is deprecated, please use `if_exists`
[2026-02-16T20:33:46.093+0000] {processor.py:840} INFO - DAG(s) 'ecommerce_etl_v2' retrieved from /opt/airflow/dags/etl_dag.py
[2026-02-16T20:33:46.111+0000] {logging_mixin.py:188} INFO - [2026-02-16T20:33:46.111+0000] {dag.py:3036} INFO - Sync 1 DAGs
[2026-02-16T20:33:46.122+0000] {logging_mixin.py:188} INFO - [2026-02-16T20:33:46.122+0000] {dag.py:3823} INFO - Setting next_dagrun for ecommerce_etl_v2 to 2026-02-16 13:00:00+00:00, run_after=2026-02-17 13:00:00+00:00
[2026-02-16T20:33:46.130+0000] {processor.py:183} INFO - Processing /opt/airflow/dags/etl_dag.py took 0.158 seconds
[2026-02-16T20:34:16.242+0000] {processor.py:161} INFO - Started process (PID=46617) to work on /opt/airflow/dags/etl_dag.py
[2026-02-16T20:34:16.243+0000] {processor.py:830} INFO - Processing file /opt/airflow/dags/etl_dag.py for tasks to queue
[2026-02-16T20:34:16.244+0000] {logging_mixin.py:188} INFO - [2026-02-16T20:34:16.243+0000] {dagbag.py:538} INFO - Filling up the DagBag from /opt/airflow/dags/etl_dag.py
[2026-02-16T20:34:16.285+0000] {logging_mixin.py:188} INFO - Warning: Your Kaggle API key is readable by other users on this system! To fix this, you can run 'chmod 600 /home/airflow/.kaggle/kaggle.json'
[2026-02-16T20:34:16.346+0000] {logging_mixin.py:188} WARNING - /home/airflow/.local/lib/python3.8/site-packages/airflow/models/baseoperator.py:437 AirflowProviderDeprecationWarning: `exists_ok` parameter is deprecated, please use `if_exists`
[2026-02-16T20:34:16.355+0000] {processor.py:840} INFO - DAG(s) 'ecommerce_etl_v2' retrieved from /opt/airflow/dags/etl_dag.py
[2026-02-16T20:34:16.374+0000] {logging_mixin.py:188} INFO - [2026-02-16T20:34:16.374+0000] {dag.py:3036} INFO - Sync 1 DAGs
[2026-02-16T20:34:16.385+0000] {logging_mixin.py:188} INFO - [2026-02-16T20:34:16.385+0000] {dag.py:3823} INFO - Setting next_dagrun for ecommerce_etl_v2 to 2026-02-16 13:00:00+00:00, run_after=2026-02-17 13:00:00+00:00
[2026-02-16T20:34:16.393+0000] {processor.py:183} INFO - Processing /opt/airflow/dags/etl_dag.py took 0.154 seconds
[2026-02-16T20:34:46.744+0000] {processor.py:161} INFO - Started process (PID=46648) to work on /opt/airflow/dags/etl_dag.py
[2026-02-16T20:34:46.745+0000] {processor.py:830} INFO - Processing file /opt/airflow/dags/etl_dag.py for tasks to queue
[2026-02-16T20:34:46.746+0000] {logging_mixin.py:188} INFO - [2026-02-16T20:34:46.746+0000] {dagbag.py:538} INFO - Filling up the DagBag from /opt/airflow/dags/etl_dag.py
[2026-02-16T20:34:46.792+0000] {logging_mixin.py:188} INFO - Warning: Your Kaggle API key is readable by other users on this system! To fix this, you can run 'chmod 600 /home/airflow/.kaggle/kaggle.json'
[2026-02-16T20:34:46.852+0000] {logging_mixin.py:188} WARNING - /home/airflow/.local/lib/python3.8/site-packages/airflow/models/baseoperator.py:437 AirflowProviderDeprecationWarning: `exists_ok` parameter is deprecated, please use `if_exists`
[2026-02-16T20:34:46.861+0000] {processor.py:840} INFO - DAG(s) 'ecommerce_etl_v2' retrieved from /opt/airflow/dags/etl_dag.py
[2026-02-16T20:34:46.880+0000] {logging_mixin.py:188} INFO - [2026-02-16T20:34:46.879+0000] {dag.py:3036} INFO - Sync 1 DAGs
[2026-02-16T20:34:46.890+0000] {logging_mixin.py:188} INFO - [2026-02-16T20:34:46.890+0000] {dag.py:3823} INFO - Setting next_dagrun for ecommerce_etl_v2 to 2026-02-16 13:00:00+00:00, run_after=2026-02-17 13:00:00+00:00
[2026-02-16T20:34:46.899+0000] {processor.py:183} INFO - Processing /opt/airflow/dags/etl_dag.py took 0.159 seconds
[2026-02-16T20:35:17.068+0000] {processor.py:161} INFO - Started process (PID=46679) to work on /opt/airflow/dags/etl_dag.py
[2026-02-16T20:35:17.069+0000] {processor.py:830} INFO - Processing file /opt/airflow/dags/etl_dag.py for tasks to queue
[2026-02-16T20:35:17.069+0000] {logging_mixin.py:188} INFO - [2026-02-16T20:35:17.069+0000] {dagbag.py:538} INFO - Filling up the DagBag from /opt/airflow/dags/etl_dag.py
[2026-02-16T20:35:17.106+0000] {logging_mixin.py:188} INFO - Warning: Your Kaggle API key is readable by other users on this system! To fix this, you can run 'chmod 600 /home/airflow/.kaggle/kaggle.json'
[2026-02-16T20:35:17.166+0000] {logging_mixin.py:188} WARNING - /home/airflow/.local/lib/python3.8/site-packages/airflow/models/baseoperator.py:437 AirflowProviderDeprecationWarning: `exists_ok` parameter is deprecated, please use `if_exists`
[2026-02-16T20:35:17.175+0000] {processor.py:840} INFO - DAG(s) 'ecommerce_etl_v2' retrieved from /opt/airflow/dags/etl_dag.py
[2026-02-16T20:35:17.193+0000] {logging_mixin.py:188} INFO - [2026-02-16T20:35:17.193+0000] {dag.py:3036} INFO - Sync 1 DAGs
[2026-02-16T20:35:17.204+0000] {logging_mixin.py:188} INFO - [2026-02-16T20:35:17.204+0000] {dag.py:3823} INFO - Setting next_dagrun for ecommerce_etl_v2 to 2026-02-16 13:00:00+00:00, run_after=2026-02-17 13:00:00+00:00
[2026-02-16T20:35:17.212+0000] {processor.py:183} INFO - Processing /opt/airflow/dags/etl_dag.py took 0.146 seconds
[2026-02-16T20:35:47.515+0000] {processor.py:161} INFO - Started process (PID=46710) to work on /opt/airflow/dags/etl_dag.py
[2026-02-16T20:35:47.517+0000] {processor.py:830} INFO - Processing file /opt/airflow/dags/etl_dag.py for tasks to queue
[2026-02-16T20:35:47.518+0000] {logging_mixin.py:188} INFO - [2026-02-16T20:35:47.518+0000] {dagbag.py:538} INFO - Filling up the DagBag from /opt/airflow/dags/etl_dag.py
[2026-02-16T20:35:47.567+0000] {logging_mixin.py:188} INFO - Warning: Your Kaggle API key is readable by other users on this system! To fix this, you can run 'chmod 600 /home/airflow/.kaggle/kaggle.json'
[2026-02-16T20:35:47.629+0000] {logging_mixin.py:188} WARNING - /home/airflow/.local/lib/python3.8/site-packages/airflow/models/baseoperator.py:437 AirflowProviderDeprecationWarning: `exists_ok` parameter is deprecated, please use `if_exists`
[2026-02-16T20:35:47.638+0000] {processor.py:840} INFO - DAG(s) 'ecommerce_etl_v2' retrieved from /opt/airflow/dags/etl_dag.py
[2026-02-16T20:35:47.658+0000] {logging_mixin.py:188} INFO - [2026-02-16T20:35:47.658+0000] {dag.py:3036} INFO - Sync 1 DAGs
[2026-02-16T20:35:47.670+0000] {logging_mixin.py:188} INFO - [2026-02-16T20:35:47.670+0000] {dag.py:3823} INFO - Setting next_dagrun for ecommerce_etl_v2 to 2026-02-16 13:00:00+00:00, run_after=2026-02-17 13:00:00+00:00
[2026-02-16T20:35:47.679+0000] {processor.py:183} INFO - Processing /opt/airflow/dags/etl_dag.py took 0.168 seconds
[2026-02-16T20:36:17.892+0000] {processor.py:161} INFO - Started process (PID=46741) to work on /opt/airflow/dags/etl_dag.py
[2026-02-16T20:36:17.893+0000] {processor.py:830} INFO - Processing file /opt/airflow/dags/etl_dag.py for tasks to queue
[2026-02-16T20:36:17.895+0000] {logging_mixin.py:188} INFO - [2026-02-16T20:36:17.895+0000] {dagbag.py:538} INFO - Filling up the DagBag from /opt/airflow/dags/etl_dag.py
[2026-02-16T20:36:17.943+0000] {logging_mixin.py:188} INFO - Warning: Your Kaggle API key is readable by other users on this system! To fix this, you can run 'chmod 600 /home/airflow/.kaggle/kaggle.json'
[2026-02-16T20:36:18.003+0000] {logging_mixin.py:188} WARNING - /home/airflow/.local/lib/python3.8/site-packages/airflow/models/baseoperator.py:437 AirflowProviderDeprecationWarning: `exists_ok` parameter is deprecated, please use `if_exists`
[2026-02-16T20:36:18.012+0000] {processor.py:840} INFO - DAG(s) 'ecommerce_etl_v2' retrieved from /opt/airflow/dags/etl_dag.py
[2026-02-16T20:36:18.033+0000] {logging_mixin.py:188} INFO - [2026-02-16T20:36:18.033+0000] {dag.py:3036} INFO - Sync 1 DAGs
[2026-02-16T20:36:18.044+0000] {logging_mixin.py:188} INFO - [2026-02-16T20:36:18.044+0000] {dag.py:3823} INFO - Setting next_dagrun for ecommerce_etl_v2 to 2026-02-16 13:00:00+00:00, run_after=2026-02-17 13:00:00+00:00
[2026-02-16T20:36:18.053+0000] {processor.py:183} INFO - Processing /opt/airflow/dags/etl_dag.py took 0.166 seconds
[2026-02-16T20:36:48.199+0000] {processor.py:161} INFO - Started process (PID=46772) to work on /opt/airflow/dags/etl_dag.py
[2026-02-16T20:36:48.200+0000] {processor.py:830} INFO - Processing file /opt/airflow/dags/etl_dag.py for tasks to queue
[2026-02-16T20:36:48.201+0000] {logging_mixin.py:188} INFO - [2026-02-16T20:36:48.200+0000] {dagbag.py:538} INFO - Filling up the DagBag from /opt/airflow/dags/etl_dag.py
[2026-02-16T20:36:48.250+0000] {logging_mixin.py:188} INFO - Warning: Your Kaggle API key is readable by other users on this system! To fix this, you can run 'chmod 600 /home/airflow/.kaggle/kaggle.json'
[2026-02-16T20:36:48.309+0000] {logging_mixin.py:188} WARNING - /home/airflow/.local/lib/python3.8/site-packages/airflow/models/baseoperator.py:437 AirflowProviderDeprecationWarning: `exists_ok` parameter is deprecated, please use `if_exists`
[2026-02-16T20:36:48.317+0000] {processor.py:840} INFO - DAG(s) 'ecommerce_etl_v2' retrieved from /opt/airflow/dags/etl_dag.py
[2026-02-16T20:36:48.335+0000] {logging_mixin.py:188} INFO - [2026-02-16T20:36:48.335+0000] {dag.py:3036} INFO - Sync 1 DAGs
[2026-02-16T20:36:48.346+0000] {logging_mixin.py:188} INFO - [2026-02-16T20:36:48.346+0000] {dag.py:3823} INFO - Setting next_dagrun for ecommerce_etl_v2 to 2026-02-16 13:00:00+00:00, run_after=2026-02-17 13:00:00+00:00
[2026-02-16T20:36:48.355+0000] {processor.py:183} INFO - Processing /opt/airflow/dags/etl_dag.py took 0.161 seconds
[2026-02-16T20:37:18.574+0000] {processor.py:161} INFO - Started process (PID=46803) to work on /opt/airflow/dags/etl_dag.py
[2026-02-16T20:37:18.575+0000] {processor.py:830} INFO - Processing file /opt/airflow/dags/etl_dag.py for tasks to queue
[2026-02-16T20:37:18.576+0000] {logging_mixin.py:188} INFO - [2026-02-16T20:37:18.575+0000] {dagbag.py:538} INFO - Filling up the DagBag from /opt/airflow/dags/etl_dag.py
[2026-02-16T20:37:18.619+0000] {logging_mixin.py:188} INFO - Warning: Your Kaggle API key is readable by other users on this system! To fix this, you can run 'chmod 600 /home/airflow/.kaggle/kaggle.json'
[2026-02-16T20:37:18.679+0000] {logging_mixin.py:188} WARNING - /home/airflow/.local/lib/python3.8/site-packages/airflow/models/baseoperator.py:437 AirflowProviderDeprecationWarning: `exists_ok` parameter is deprecated, please use `if_exists`
[2026-02-16T20:37:18.688+0000] {processor.py:840} INFO - DAG(s) 'ecommerce_etl_v2' retrieved from /opt/airflow/dags/etl_dag.py
[2026-02-16T20:37:18.706+0000] {logging_mixin.py:188} INFO - [2026-02-16T20:37:18.706+0000] {dag.py:3036} INFO - Sync 1 DAGs
[2026-02-16T20:37:18.717+0000] {logging_mixin.py:188} INFO - [2026-02-16T20:37:18.716+0000] {dag.py:3823} INFO - Setting next_dagrun for ecommerce_etl_v2 to 2026-02-16 13:00:00+00:00, run_after=2026-02-17 13:00:00+00:00
[2026-02-16T20:37:18.728+0000] {processor.py:183} INFO - Processing /opt/airflow/dags/etl_dag.py took 0.158 seconds
[2026-02-16T20:37:48.948+0000] {processor.py:161} INFO - Started process (PID=46834) to work on /opt/airflow/dags/etl_dag.py
[2026-02-16T20:37:48.950+0000] {processor.py:830} INFO - Processing file /opt/airflow/dags/etl_dag.py for tasks to queue
[2026-02-16T20:37:48.951+0000] {logging_mixin.py:188} INFO - [2026-02-16T20:37:48.950+0000] {dagbag.py:538} INFO - Filling up the DagBag from /opt/airflow/dags/etl_dag.py
[2026-02-16T20:37:48.996+0000] {logging_mixin.py:188} INFO - Warning: Your Kaggle API key is readable by other users on this system! To fix this, you can run 'chmod 600 /home/airflow/.kaggle/kaggle.json'
[2026-02-16T20:37:49.057+0000] {logging_mixin.py:188} WARNING - /home/airflow/.local/lib/python3.8/site-packages/airflow/models/baseoperator.py:437 AirflowProviderDeprecationWarning: `exists_ok` parameter is deprecated, please use `if_exists`
[2026-02-16T20:37:49.070+0000] {processor.py:840} INFO - DAG(s) 'ecommerce_etl_v2' retrieved from /opt/airflow/dags/etl_dag.py
[2026-02-16T20:37:49.091+0000] {logging_mixin.py:188} INFO - [2026-02-16T20:37:49.091+0000] {dag.py:3036} INFO - Sync 1 DAGs
[2026-02-16T20:37:49.103+0000] {logging_mixin.py:188} INFO - [2026-02-16T20:37:49.103+0000] {dag.py:3823} INFO - Setting next_dagrun for ecommerce_etl_v2 to 2026-02-16 13:00:00+00:00, run_after=2026-02-17 13:00:00+00:00
[2026-02-16T20:37:49.112+0000] {processor.py:183} INFO - Processing /opt/airflow/dags/etl_dag.py took 0.167 seconds
[2026-02-16T20:38:19.224+0000] {processor.py:161} INFO - Started process (PID=46865) to work on /opt/airflow/dags/etl_dag.py
[2026-02-16T20:38:19.225+0000] {processor.py:830} INFO - Processing file /opt/airflow/dags/etl_dag.py for tasks to queue
[2026-02-16T20:38:19.225+0000] {logging_mixin.py:188} INFO - [2026-02-16T20:38:19.225+0000] {dagbag.py:538} INFO - Filling up the DagBag from /opt/airflow/dags/etl_dag.py
[2026-02-16T20:38:19.261+0000] {logging_mixin.py:188} INFO - Warning: Your Kaggle API key is readable by other users on this system! To fix this, you can run 'chmod 600 /home/airflow/.kaggle/kaggle.json'
[2026-02-16T20:38:19.321+0000] {logging_mixin.py:188} WARNING - /home/airflow/.local/lib/python3.8/site-packages/airflow/models/baseoperator.py:437 AirflowProviderDeprecationWarning: `exists_ok` parameter is deprecated, please use `if_exists`
[2026-02-16T20:38:19.330+0000] {processor.py:840} INFO - DAG(s) 'ecommerce_etl_v2' retrieved from /opt/airflow/dags/etl_dag.py
[2026-02-16T20:38:19.349+0000] {logging_mixin.py:188} INFO - [2026-02-16T20:38:19.349+0000] {dag.py:3036} INFO - Sync 1 DAGs
[2026-02-16T20:38:19.359+0000] {logging_mixin.py:188} INFO - [2026-02-16T20:38:19.359+0000] {dag.py:3823} INFO - Setting next_dagrun for ecommerce_etl_v2 to 2026-02-16 13:00:00+00:00, run_after=2026-02-17 13:00:00+00:00
[2026-02-16T20:38:19.367+0000] {processor.py:183} INFO - Processing /opt/airflow/dags/etl_dag.py took 0.145 seconds
[2026-02-16T20:38:49.630+0000] {processor.py:161} INFO - Started process (PID=46896) to work on /opt/airflow/dags/etl_dag.py
[2026-02-16T20:38:49.630+0000] {processor.py:830} INFO - Processing file /opt/airflow/dags/etl_dag.py for tasks to queue
[2026-02-16T20:38:49.631+0000] {logging_mixin.py:188} INFO - [2026-02-16T20:38:49.631+0000] {dagbag.py:538} INFO - Filling up the DagBag from /opt/airflow/dags/etl_dag.py
[2026-02-16T20:38:49.670+0000] {logging_mixin.py:188} INFO - Warning: Your Kaggle API key is readable by other users on this system! To fix this, you can run 'chmod 600 /home/airflow/.kaggle/kaggle.json'
[2026-02-16T20:38:49.730+0000] {logging_mixin.py:188} WARNING - /home/airflow/.local/lib/python3.8/site-packages/airflow/models/baseoperator.py:437 AirflowProviderDeprecationWarning: `exists_ok` parameter is deprecated, please use `if_exists`
[2026-02-16T20:38:49.740+0000] {processor.py:840} INFO - DAG(s) 'ecommerce_etl_v2' retrieved from /opt/airflow/dags/etl_dag.py
[2026-02-16T20:38:49.759+0000] {logging_mixin.py:188} INFO - [2026-02-16T20:38:49.758+0000] {dag.py:3036} INFO - Sync 1 DAGs
[2026-02-16T20:38:49.769+0000] {logging_mixin.py:188} INFO - [2026-02-16T20:38:49.768+0000] {dag.py:3823} INFO - Setting next_dagrun for ecommerce_etl_v2 to 2026-02-16 13:00:00+00:00, run_after=2026-02-17 13:00:00+00:00
[2026-02-16T20:38:49.777+0000] {processor.py:183} INFO - Processing /opt/airflow/dags/etl_dag.py took 0.149 seconds
[2026-02-16T20:39:19.884+0000] {processor.py:161} INFO - Started process (PID=46927) to work on /opt/airflow/dags/etl_dag.py
[2026-02-16T20:39:19.884+0000] {processor.py:830} INFO - Processing file /opt/airflow/dags/etl_dag.py for tasks to queue
[2026-02-16T20:39:19.885+0000] {logging_mixin.py:188} INFO - [2026-02-16T20:39:19.885+0000] {dagbag.py:538} INFO - Filling up the DagBag from /opt/airflow/dags/etl_dag.py
[2026-02-16T20:39:19.926+0000] {logging_mixin.py:188} INFO - Warning: Your Kaggle API key is readable by other users on this system! To fix this, you can run 'chmod 600 /home/airflow/.kaggle/kaggle.json'
[2026-02-16T20:39:19.986+0000] {logging_mixin.py:188} WARNING - /home/airflow/.local/lib/python3.8/site-packages/airflow/models/baseoperator.py:437 AirflowProviderDeprecationWarning: `exists_ok` parameter is deprecated, please use `if_exists`
[2026-02-16T20:39:19.995+0000] {processor.py:840} INFO - DAG(s) 'ecommerce_etl_v2' retrieved from /opt/airflow/dags/etl_dag.py
[2026-02-16T20:39:20.014+0000] {logging_mixin.py:188} INFO - [2026-02-16T20:39:20.014+0000] {dag.py:3036} INFO - Sync 1 DAGs
[2026-02-16T20:39:20.024+0000] {logging_mixin.py:188} INFO - [2026-02-16T20:39:20.024+0000] {dag.py:3823} INFO - Setting next_dagrun for ecommerce_etl_v2 to 2026-02-16 13:00:00+00:00, run_after=2026-02-17 13:00:00+00:00
[2026-02-16T20:39:20.034+0000] {processor.py:183} INFO - Processing /opt/airflow/dags/etl_dag.py took 0.153 seconds
[2026-02-16T20:39:50.324+0000] {processor.py:161} INFO - Started process (PID=46958) to work on /opt/airflow/dags/etl_dag.py
[2026-02-16T20:39:50.325+0000] {processor.py:830} INFO - Processing file /opt/airflow/dags/etl_dag.py for tasks to queue
[2026-02-16T20:39:50.326+0000] {logging_mixin.py:188} INFO - [2026-02-16T20:39:50.326+0000] {dagbag.py:538} INFO - Filling up the DagBag from /opt/airflow/dags/etl_dag.py
[2026-02-16T20:39:50.373+0000] {logging_mixin.py:188} INFO - Warning: Your Kaggle API key is readable by other users on this system! To fix this, you can run 'chmod 600 /home/airflow/.kaggle/kaggle.json'
[2026-02-16T20:39:50.432+0000] {logging_mixin.py:188} WARNING - /home/airflow/.local/lib/python3.8/site-packages/airflow/models/baseoperator.py:437 AirflowProviderDeprecationWarning: `exists_ok` parameter is deprecated, please use `if_exists`
[2026-02-16T20:39:50.441+0000] {processor.py:840} INFO - DAG(s) 'ecommerce_etl_v2' retrieved from /opt/airflow/dags/etl_dag.py
[2026-02-16T20:39:50.459+0000] {logging_mixin.py:188} INFO - [2026-02-16T20:39:50.459+0000] {dag.py:3036} INFO - Sync 1 DAGs
[2026-02-16T20:39:50.469+0000] {logging_mixin.py:188} INFO - [2026-02-16T20:39:50.469+0000] {dag.py:3823} INFO - Setting next_dagrun for ecommerce_etl_v2 to 2026-02-16 13:00:00+00:00, run_after=2026-02-17 13:00:00+00:00
[2026-02-16T20:39:50.478+0000] {processor.py:183} INFO - Processing /opt/airflow/dags/etl_dag.py took 0.157 seconds
[2026-02-16T20:40:20.671+0000] {processor.py:161} INFO - Started process (PID=46989) to work on /opt/airflow/dags/etl_dag.py
[2026-02-16T20:40:20.672+0000] {processor.py:830} INFO - Processing file /opt/airflow/dags/etl_dag.py for tasks to queue
[2026-02-16T20:40:20.672+0000] {logging_mixin.py:188} INFO - [2026-02-16T20:40:20.672+0000] {dagbag.py:538} INFO - Filling up the DagBag from /opt/airflow/dags/etl_dag.py
[2026-02-16T20:40:20.715+0000] {logging_mixin.py:188} INFO - Warning: Your Kaggle API key is readable by other users on this system! To fix this, you can run 'chmod 600 /home/airflow/.kaggle/kaggle.json'
[2026-02-16T20:40:20.774+0000] {logging_mixin.py:188} WARNING - /home/airflow/.local/lib/python3.8/site-packages/airflow/models/baseoperator.py:437 AirflowProviderDeprecationWarning: `exists_ok` parameter is deprecated, please use `if_exists`
[2026-02-16T20:40:20.784+0000] {processor.py:840} INFO - DAG(s) 'ecommerce_etl_v2' retrieved from /opt/airflow/dags/etl_dag.py
[2026-02-16T20:40:20.803+0000] {logging_mixin.py:188} INFO - [2026-02-16T20:40:20.802+0000] {dag.py:3036} INFO - Sync 1 DAGs
[2026-02-16T20:40:20.813+0000] {logging_mixin.py:188} INFO - [2026-02-16T20:40:20.812+0000] {dag.py:3823} INFO - Setting next_dagrun for ecommerce_etl_v2 to 2026-02-16 13:00:00+00:00, run_after=2026-02-17 13:00:00+00:00
[2026-02-16T20:40:20.821+0000] {processor.py:183} INFO - Processing /opt/airflow/dags/etl_dag.py took 0.153 seconds
[2026-02-16T20:40:51.080+0000] {processor.py:161} INFO - Started process (PID=47020) to work on /opt/airflow/dags/etl_dag.py
[2026-02-16T20:40:51.081+0000] {processor.py:830} INFO - Processing file /opt/airflow/dags/etl_dag.py for tasks to queue
[2026-02-16T20:40:51.082+0000] {logging_mixin.py:188} INFO - [2026-02-16T20:40:51.081+0000] {dagbag.py:538} INFO - Filling up the DagBag from /opt/airflow/dags/etl_dag.py
[2026-02-16T20:40:51.127+0000] {logging_mixin.py:188} INFO - Warning: Your Kaggle API key is readable by other users on this system! To fix this, you can run 'chmod 600 /home/airflow/.kaggle/kaggle.json'
[2026-02-16T20:40:51.186+0000] {logging_mixin.py:188} WARNING - /home/airflow/.local/lib/python3.8/site-packages/airflow/models/baseoperator.py:437 AirflowProviderDeprecationWarning: `exists_ok` parameter is deprecated, please use `if_exists`
[2026-02-16T20:40:51.195+0000] {processor.py:840} INFO - DAG(s) 'ecommerce_etl_v2' retrieved from /opt/airflow/dags/etl_dag.py
[2026-02-16T20:40:51.213+0000] {logging_mixin.py:188} INFO - [2026-02-16T20:40:51.213+0000] {dag.py:3036} INFO - Sync 1 DAGs
[2026-02-16T20:40:51.223+0000] {logging_mixin.py:188} INFO - [2026-02-16T20:40:51.223+0000] {dag.py:3823} INFO - Setting next_dagrun for ecommerce_etl_v2 to 2026-02-16 13:00:00+00:00, run_after=2026-02-17 13:00:00+00:00
[2026-02-16T20:40:51.231+0000] {processor.py:183} INFO - Processing /opt/airflow/dags/etl_dag.py took 0.156 seconds
[2026-02-16T20:41:21.429+0000] {processor.py:161} INFO - Started process (PID=47051) to work on /opt/airflow/dags/etl_dag.py
[2026-02-16T20:41:21.430+0000] {processor.py:830} INFO - Processing file /opt/airflow/dags/etl_dag.py for tasks to queue
[2026-02-16T20:41:21.432+0000] {logging_mixin.py:188} INFO - [2026-02-16T20:41:21.431+0000] {dagbag.py:538} INFO - Filling up the DagBag from /opt/airflow/dags/etl_dag.py
[2026-02-16T20:41:21.476+0000] {logging_mixin.py:188} INFO - Warning: Your Kaggle API key is readable by other users on this system! To fix this, you can run 'chmod 600 /home/airflow/.kaggle/kaggle.json'
[2026-02-16T20:41:21.536+0000] {logging_mixin.py:188} WARNING - /home/airflow/.local/lib/python3.8/site-packages/airflow/models/baseoperator.py:437 AirflowProviderDeprecationWarning: `exists_ok` parameter is deprecated, please use `if_exists`
[2026-02-16T20:41:21.545+0000] {processor.py:840} INFO - DAG(s) 'ecommerce_etl_v2' retrieved from /opt/airflow/dags/etl_dag.py
[2026-02-16T20:41:21.563+0000] {logging_mixin.py:188} INFO - [2026-02-16T20:41:21.563+0000] {dag.py:3036} INFO - Sync 1 DAGs
[2026-02-16T20:41:21.573+0000] {logging_mixin.py:188} INFO - [2026-02-16T20:41:21.573+0000] {dag.py:3823} INFO - Setting next_dagrun for ecommerce_etl_v2 to 2026-02-16 13:00:00+00:00, run_after=2026-02-17 13:00:00+00:00
[2026-02-16T20:41:21.582+0000] {processor.py:183} INFO - Processing /opt/airflow/dags/etl_dag.py took 0.157 seconds
[2026-02-16T20:41:51.850+0000] {processor.py:161} INFO - Started process (PID=47082) to work on /opt/airflow/dags/etl_dag.py
[2026-02-16T20:41:51.851+0000] {processor.py:830} INFO - Processing file /opt/airflow/dags/etl_dag.py for tasks to queue
[2026-02-16T20:41:51.853+0000] {logging_mixin.py:188} INFO - [2026-02-16T20:41:51.852+0000] {dagbag.py:538} INFO - Filling up the DagBag from /opt/airflow/dags/etl_dag.py
[2026-02-16T20:41:51.898+0000] {logging_mixin.py:188} INFO - Warning: Your Kaggle API key is readable by other users on this system! To fix this, you can run 'chmod 600 /home/airflow/.kaggle/kaggle.json'
[2026-02-16T20:41:51.957+0000] {logging_mixin.py:188} WARNING - /home/airflow/.local/lib/python3.8/site-packages/airflow/models/baseoperator.py:437 AirflowProviderDeprecationWarning: `exists_ok` parameter is deprecated, please use `if_exists`
[2026-02-16T20:41:51.966+0000] {processor.py:840} INFO - DAG(s) 'ecommerce_etl_v2' retrieved from /opt/airflow/dags/etl_dag.py
[2026-02-16T20:41:51.984+0000] {logging_mixin.py:188} INFO - [2026-02-16T20:41:51.984+0000] {dag.py:3036} INFO - Sync 1 DAGs
[2026-02-16T20:41:51.994+0000] {logging_mixin.py:188} INFO - [2026-02-16T20:41:51.994+0000] {dag.py:3823} INFO - Setting next_dagrun for ecommerce_etl_v2 to 2026-02-16 13:00:00+00:00, run_after=2026-02-17 13:00:00+00:00
[2026-02-16T20:41:52.002+0000] {processor.py:183} INFO - Processing /opt/airflow/dags/etl_dag.py took 0.156 seconds
[2026-02-16T20:42:22.222+0000] {processor.py:161} INFO - Started process (PID=47113) to work on /opt/airflow/dags/etl_dag.py
[2026-02-16T20:42:22.223+0000] {processor.py:830} INFO - Processing file /opt/airflow/dags/etl_dag.py for tasks to queue
[2026-02-16T20:42:22.224+0000] {logging_mixin.py:188} INFO - [2026-02-16T20:42:22.223+0000] {dagbag.py:538} INFO - Filling up the DagBag from /opt/airflow/dags/etl_dag.py
[2026-02-16T20:42:22.270+0000] {logging_mixin.py:188} INFO - Warning: Your Kaggle API key is readable by other users on this system! To fix this, you can run 'chmod 600 /home/airflow/.kaggle/kaggle.json'
[2026-02-16T20:42:22.330+0000] {logging_mixin.py:188} WARNING - /home/airflow/.local/lib/python3.8/site-packages/airflow/models/baseoperator.py:437 AirflowProviderDeprecationWarning: `exists_ok` parameter is deprecated, please use `if_exists`
[2026-02-16T20:42:22.340+0000] {processor.py:840} INFO - DAG(s) 'ecommerce_etl_v2' retrieved from /opt/airflow/dags/etl_dag.py
[2026-02-16T20:42:22.360+0000] {logging_mixin.py:188} INFO - [2026-02-16T20:42:22.360+0000] {dag.py:3036} INFO - Sync 1 DAGs
[2026-02-16T20:42:22.371+0000] {logging_mixin.py:188} INFO - [2026-02-16T20:42:22.371+0000] {dag.py:3823} INFO - Setting next_dagrun for ecommerce_etl_v2 to 2026-02-16 13:00:00+00:00, run_after=2026-02-17 13:00:00+00:00
[2026-02-16T20:42:22.380+0000] {processor.py:183} INFO - Processing /opt/airflow/dags/etl_dag.py took 0.163 seconds
[2026-02-16T20:42:52.562+0000] {processor.py:161} INFO - Started process (PID=47144) to work on /opt/airflow/dags/etl_dag.py
[2026-02-16T20:42:52.564+0000] {processor.py:830} INFO - Processing file /opt/airflow/dags/etl_dag.py for tasks to queue
[2026-02-16T20:42:52.565+0000] {logging_mixin.py:188} INFO - [2026-02-16T20:42:52.565+0000] {dagbag.py:538} INFO - Filling up the DagBag from /opt/airflow/dags/etl_dag.py
[2026-02-16T20:42:52.610+0000] {logging_mixin.py:188} INFO - Warning: Your Kaggle API key is readable by other users on this system! To fix this, you can run 'chmod 600 /home/airflow/.kaggle/kaggle.json'
[2026-02-16T20:42:52.670+0000] {logging_mixin.py:188} WARNING - /home/airflow/.local/lib/python3.8/site-packages/airflow/models/baseoperator.py:437 AirflowProviderDeprecationWarning: `exists_ok` parameter is deprecated, please use `if_exists`
[2026-02-16T20:42:52.679+0000] {processor.py:840} INFO - DAG(s) 'ecommerce_etl_v2' retrieved from /opt/airflow/dags/etl_dag.py
[2026-02-16T20:42:52.697+0000] {logging_mixin.py:188} INFO - [2026-02-16T20:42:52.697+0000] {dag.py:3036} INFO - Sync 1 DAGs
[2026-02-16T20:42:52.707+0000] {logging_mixin.py:188} INFO - [2026-02-16T20:42:52.707+0000] {dag.py:3823} INFO - Setting next_dagrun for ecommerce_etl_v2 to 2026-02-16 13:00:00+00:00, run_after=2026-02-17 13:00:00+00:00
[2026-02-16T20:42:52.716+0000] {processor.py:183} INFO - Processing /opt/airflow/dags/etl_dag.py took 0.158 seconds
[2026-02-16T20:43:22.954+0000] {processor.py:161} INFO - Started process (PID=47175) to work on /opt/airflow/dags/etl_dag.py
[2026-02-16T20:43:22.955+0000] {processor.py:830} INFO - Processing file /opt/airflow/dags/etl_dag.py for tasks to queue
[2026-02-16T20:43:22.956+0000] {logging_mixin.py:188} INFO - [2026-02-16T20:43:22.956+0000] {dagbag.py:538} INFO - Filling up the DagBag from /opt/airflow/dags/etl_dag.py
[2026-02-16T20:43:22.995+0000] {logging_mixin.py:188} INFO - Warning: Your Kaggle API key is readable by other users on this system! To fix this, you can run 'chmod 600 /home/airflow/.kaggle/kaggle.json'
[2026-02-16T20:43:23.056+0000] {logging_mixin.py:188} WARNING - /home/airflow/.local/lib/python3.8/site-packages/airflow/models/baseoperator.py:437 AirflowProviderDeprecationWarning: `exists_ok` parameter is deprecated, please use `if_exists`
[2026-02-16T20:43:23.064+0000] {processor.py:840} INFO - DAG(s) 'ecommerce_etl_v2' retrieved from /opt/airflow/dags/etl_dag.py
[2026-02-16T20:43:23.083+0000] {logging_mixin.py:188} INFO - [2026-02-16T20:43:23.083+0000] {dag.py:3036} INFO - Sync 1 DAGs
[2026-02-16T20:43:23.093+0000] {logging_mixin.py:188} INFO - [2026-02-16T20:43:23.093+0000] {dag.py:3823} INFO - Setting next_dagrun for ecommerce_etl_v2 to 2026-02-16 13:00:00+00:00, run_after=2026-02-17 13:00:00+00:00
[2026-02-16T20:43:23.102+0000] {processor.py:183} INFO - Processing /opt/airflow/dags/etl_dag.py took 0.151 seconds
[2026-02-16T20:43:53.299+0000] {processor.py:161} INFO - Started process (PID=47206) to work on /opt/airflow/dags/etl_dag.py
[2026-02-16T20:43:53.300+0000] {processor.py:830} INFO - Processing file /opt/airflow/dags/etl_dag.py for tasks to queue
[2026-02-16T20:43:53.301+0000] {logging_mixin.py:188} INFO - [2026-02-16T20:43:53.301+0000] {dagbag.py:538} INFO - Filling up the DagBag from /opt/airflow/dags/etl_dag.py
[2026-02-16T20:43:53.346+0000] {logging_mixin.py:188} INFO - Warning: Your Kaggle API key is readable by other users on this system! To fix this, you can run 'chmod 600 /home/airflow/.kaggle/kaggle.json'
[2026-02-16T20:43:53.405+0000] {logging_mixin.py:188} WARNING - /home/airflow/.local/lib/python3.8/site-packages/airflow/models/baseoperator.py:437 AirflowProviderDeprecationWarning: `exists_ok` parameter is deprecated, please use `if_exists`
[2026-02-16T20:43:53.414+0000] {processor.py:840} INFO - DAG(s) 'ecommerce_etl_v2' retrieved from /opt/airflow/dags/etl_dag.py
[2026-02-16T20:43:53.432+0000] {logging_mixin.py:188} INFO - [2026-02-16T20:43:53.432+0000] {dag.py:3036} INFO - Sync 1 DAGs
[2026-02-16T20:43:53.443+0000] {logging_mixin.py:188} INFO - [2026-02-16T20:43:53.443+0000] {dag.py:3823} INFO - Setting next_dagrun for ecommerce_etl_v2 to 2026-02-16 13:00:00+00:00, run_after=2026-02-17 13:00:00+00:00
[2026-02-16T20:43:53.452+0000] {processor.py:183} INFO - Processing /opt/airflow/dags/etl_dag.py took 0.158 seconds
[2026-02-16T20:44:23.683+0000] {processor.py:161} INFO - Started process (PID=47237) to work on /opt/airflow/dags/etl_dag.py
[2026-02-16T20:44:23.684+0000] {processor.py:830} INFO - Processing file /opt/airflow/dags/etl_dag.py for tasks to queue
[2026-02-16T20:44:23.685+0000] {logging_mixin.py:188} INFO - [2026-02-16T20:44:23.684+0000] {dagbag.py:538} INFO - Filling up the DagBag from /opt/airflow/dags/etl_dag.py
[2026-02-16T20:44:23.728+0000] {logging_mixin.py:188} INFO - Warning: Your Kaggle API key is readable by other users on this system! To fix this, you can run 'chmod 600 /home/airflow/.kaggle/kaggle.json'
[2026-02-16T20:44:23.789+0000] {logging_mixin.py:188} WARNING - /home/airflow/.local/lib/python3.8/site-packages/airflow/models/baseoperator.py:437 AirflowProviderDeprecationWarning: `exists_ok` parameter is deprecated, please use `if_exists`
[2026-02-16T20:44:23.798+0000] {processor.py:840} INFO - DAG(s) 'ecommerce_etl_v2' retrieved from /opt/airflow/dags/etl_dag.py
[2026-02-16T20:44:23.817+0000] {logging_mixin.py:188} INFO - [2026-02-16T20:44:23.817+0000] {dag.py:3036} INFO - Sync 1 DAGs
[2026-02-16T20:44:23.828+0000] {logging_mixin.py:188} INFO - [2026-02-16T20:44:23.827+0000] {dag.py:3823} INFO - Setting next_dagrun for ecommerce_etl_v2 to 2026-02-16 13:00:00+00:00, run_after=2026-02-17 13:00:00+00:00
[2026-02-16T20:44:23.836+0000] {processor.py:183} INFO - Processing /opt/airflow/dags/etl_dag.py took 0.158 seconds
[2026-02-16T20:44:54.043+0000] {processor.py:161} INFO - Started process (PID=47268) to work on /opt/airflow/dags/etl_dag.py
[2026-02-16T20:44:54.045+0000] {processor.py:830} INFO - Processing file /opt/airflow/dags/etl_dag.py for tasks to queue
[2026-02-16T20:44:54.046+0000] {logging_mixin.py:188} INFO - [2026-02-16T20:44:54.045+0000] {dagbag.py:538} INFO - Filling up the DagBag from /opt/airflow/dags/etl_dag.py
[2026-02-16T20:44:54.093+0000] {logging_mixin.py:188} INFO - Warning: Your Kaggle API key is readable by other users on this system! To fix this, you can run 'chmod 600 /home/airflow/.kaggle/kaggle.json'
[2026-02-16T20:44:54.152+0000] {logging_mixin.py:188} WARNING - /home/airflow/.local/lib/python3.8/site-packages/airflow/models/baseoperator.py:437 AirflowProviderDeprecationWarning: `exists_ok` parameter is deprecated, please use `if_exists`
[2026-02-16T20:44:54.161+0000] {processor.py:840} INFO - DAG(s) 'ecommerce_etl_v2' retrieved from /opt/airflow/dags/etl_dag.py
[2026-02-16T20:44:54.179+0000] {logging_mixin.py:188} INFO - [2026-02-16T20:44:54.179+0000] {dag.py:3036} INFO - Sync 1 DAGs
[2026-02-16T20:44:54.189+0000] {logging_mixin.py:188} INFO - [2026-02-16T20:44:54.189+0000] {dag.py:3823} INFO - Setting next_dagrun for ecommerce_etl_v2 to 2026-02-16 13:00:00+00:00, run_after=2026-02-17 13:00:00+00:00
[2026-02-16T20:44:54.198+0000] {processor.py:183} INFO - Processing /opt/airflow/dags/etl_dag.py took 0.158 seconds
[2026-02-16T20:45:24.462+0000] {processor.py:161} INFO - Started process (PID=47299) to work on /opt/airflow/dags/etl_dag.py
[2026-02-16T20:45:24.463+0000] {processor.py:830} INFO - Processing file /opt/airflow/dags/etl_dag.py for tasks to queue
[2026-02-16T20:45:24.464+0000] {logging_mixin.py:188} INFO - [2026-02-16T20:45:24.463+0000] {dagbag.py:538} INFO - Filling up the DagBag from /opt/airflow/dags/etl_dag.py
[2026-02-16T20:45:24.511+0000] {logging_mixin.py:188} INFO - Warning: Your Kaggle API key is readable by other users on this system! To fix this, you can run 'chmod 600 /home/airflow/.kaggle/kaggle.json'
[2026-02-16T20:45:24.570+0000] {logging_mixin.py:188} WARNING - /home/airflow/.local/lib/python3.8/site-packages/airflow/models/baseoperator.py:437 AirflowProviderDeprecationWarning: `exists_ok` parameter is deprecated, please use `if_exists`
[2026-02-16T20:45:24.579+0000] {processor.py:840} INFO - DAG(s) 'ecommerce_etl_v2' retrieved from /opt/airflow/dags/etl_dag.py
[2026-02-16T20:45:24.597+0000] {logging_mixin.py:188} INFO - [2026-02-16T20:45:24.597+0000] {dag.py:3036} INFO - Sync 1 DAGs
[2026-02-16T20:45:24.607+0000] {logging_mixin.py:188} INFO - [2026-02-16T20:45:24.607+0000] {dag.py:3823} INFO - Setting next_dagrun for ecommerce_etl_v2 to 2026-02-16 13:00:00+00:00, run_after=2026-02-17 13:00:00+00:00
[2026-02-16T20:45:24.616+0000] {processor.py:183} INFO - Processing /opt/airflow/dags/etl_dag.py took 0.158 seconds
[2026-02-16T20:45:54.795+0000] {processor.py:161} INFO - Started process (PID=47330) to work on /opt/airflow/dags/etl_dag.py
[2026-02-16T20:45:54.796+0000] {processor.py:830} INFO - Processing file /opt/airflow/dags/etl_dag.py for tasks to queue
[2026-02-16T20:45:54.797+0000] {logging_mixin.py:188} INFO - [2026-02-16T20:45:54.797+0000] {dagbag.py:538} INFO - Filling up the DagBag from /opt/airflow/dags/etl_dag.py
[2026-02-16T20:45:54.843+0000] {logging_mixin.py:188} INFO - Warning: Your Kaggle API key is readable by other users on this system! To fix this, you can run 'chmod 600 /home/airflow/.kaggle/kaggle.json'
[2026-02-16T20:45:54.903+0000] {logging_mixin.py:188} WARNING - /home/airflow/.local/lib/python3.8/site-packages/airflow/models/baseoperator.py:437 AirflowProviderDeprecationWarning: `exists_ok` parameter is deprecated, please use `if_exists`
[2026-02-16T20:45:54.911+0000] {processor.py:840} INFO - DAG(s) 'ecommerce_etl_v2' retrieved from /opt/airflow/dags/etl_dag.py
[2026-02-16T20:45:54.930+0000] {logging_mixin.py:188} INFO - [2026-02-16T20:45:54.930+0000] {dag.py:3036} INFO - Sync 1 DAGs
[2026-02-16T20:45:54.940+0000] {logging_mixin.py:188} INFO - [2026-02-16T20:45:54.939+0000] {dag.py:3823} INFO - Setting next_dagrun for ecommerce_etl_v2 to 2026-02-16 13:00:00+00:00, run_after=2026-02-17 13:00:00+00:00
[2026-02-16T20:45:54.948+0000] {processor.py:183} INFO - Processing /opt/airflow/dags/etl_dag.py took 0.157 seconds
[2026-02-16T20:46:25.245+0000] {processor.py:161} INFO - Started process (PID=47361) to work on /opt/airflow/dags/etl_dag.py
[2026-02-16T20:46:25.247+0000] {processor.py:830} INFO - Processing file /opt/airflow/dags/etl_dag.py for tasks to queue
[2026-02-16T20:46:25.248+0000] {logging_mixin.py:188} INFO - [2026-02-16T20:46:25.247+0000] {dagbag.py:538} INFO - Filling up the DagBag from /opt/airflow/dags/etl_dag.py
[2026-02-16T20:46:25.295+0000] {logging_mixin.py:188} INFO - Warning: Your Kaggle API key is readable by other users on this system! To fix this, you can run 'chmod 600 /home/airflow/.kaggle/kaggle.json'
[2026-02-16T20:46:25.355+0000] {logging_mixin.py:188} WARNING - /home/airflow/.local/lib/python3.8/site-packages/airflow/models/baseoperator.py:437 AirflowProviderDeprecationWarning: `exists_ok` parameter is deprecated, please use `if_exists`
[2026-02-16T20:46:25.364+0000] {processor.py:840} INFO - DAG(s) 'ecommerce_etl_v2' retrieved from /opt/airflow/dags/etl_dag.py
[2026-02-16T20:46:25.382+0000] {logging_mixin.py:188} INFO - [2026-02-16T20:46:25.382+0000] {dag.py:3036} INFO - Sync 1 DAGs
[2026-02-16T20:46:25.393+0000] {logging_mixin.py:188} INFO - [2026-02-16T20:46:25.393+0000] {dag.py:3823} INFO - Setting next_dagrun for ecommerce_etl_v2 to 2026-02-16 13:00:00+00:00, run_after=2026-02-17 13:00:00+00:00
[2026-02-16T20:46:25.403+0000] {processor.py:183} INFO - Processing /opt/airflow/dags/etl_dag.py took 0.161 seconds
[2026-02-16T20:46:55.571+0000] {processor.py:161} INFO - Started process (PID=47392) to work on /opt/airflow/dags/etl_dag.py
[2026-02-16T20:46:55.572+0000] {processor.py:830} INFO - Processing file /opt/airflow/dags/etl_dag.py for tasks to queue
[2026-02-16T20:46:55.573+0000] {logging_mixin.py:188} INFO - [2026-02-16T20:46:55.572+0000] {dagbag.py:538} INFO - Filling up the DagBag from /opt/airflow/dags/etl_dag.py
[2026-02-16T20:46:55.613+0000] {logging_mixin.py:188} INFO - Warning: Your Kaggle API key is readable by other users on this system! To fix this, you can run 'chmod 600 /home/airflow/.kaggle/kaggle.json'
[2026-02-16T20:46:55.673+0000] {logging_mixin.py:188} WARNING - /home/airflow/.local/lib/python3.8/site-packages/airflow/models/baseoperator.py:437 AirflowProviderDeprecationWarning: `exists_ok` parameter is deprecated, please use `if_exists`
[2026-02-16T20:46:55.681+0000] {processor.py:840} INFO - DAG(s) 'ecommerce_etl_v2' retrieved from /opt/airflow/dags/etl_dag.py
[2026-02-16T20:46:55.700+0000] {logging_mixin.py:188} INFO - [2026-02-16T20:46:55.699+0000] {dag.py:3036} INFO - Sync 1 DAGs
[2026-02-16T20:46:55.710+0000] {logging_mixin.py:188} INFO - [2026-02-16T20:46:55.710+0000] {dag.py:3823} INFO - Setting next_dagrun for ecommerce_etl_v2 to 2026-02-16 13:00:00+00:00, run_after=2026-02-17 13:00:00+00:00
[2026-02-16T20:46:55.719+0000] {processor.py:183} INFO - Processing /opt/airflow/dags/etl_dag.py took 0.150 seconds
[2026-02-16T20:47:25.934+0000] {processor.py:161} INFO - Started process (PID=47423) to work on /opt/airflow/dags/etl_dag.py
[2026-02-16T20:47:25.935+0000] {processor.py:830} INFO - Processing file /opt/airflow/dags/etl_dag.py for tasks to queue
[2026-02-16T20:47:25.936+0000] {logging_mixin.py:188} INFO - [2026-02-16T20:47:25.935+0000] {dagbag.py:538} INFO - Filling up the DagBag from /opt/airflow/dags/etl_dag.py
[2026-02-16T20:47:25.982+0000] {logging_mixin.py:188} INFO - Warning: Your Kaggle API key is readable by other users on this system! To fix this, you can run 'chmod 600 /home/airflow/.kaggle/kaggle.json'
[2026-02-16T20:47:26.042+0000] {logging_mixin.py:188} WARNING - /home/airflow/.local/lib/python3.8/site-packages/airflow/models/baseoperator.py:437 AirflowProviderDeprecationWarning: `exists_ok` parameter is deprecated, please use `if_exists`
[2026-02-16T20:47:26.051+0000] {processor.py:840} INFO - DAG(s) 'ecommerce_etl_v2' retrieved from /opt/airflow/dags/etl_dag.py
[2026-02-16T20:47:26.069+0000] {logging_mixin.py:188} INFO - [2026-02-16T20:47:26.069+0000] {dag.py:3036} INFO - Sync 1 DAGs
[2026-02-16T20:47:26.079+0000] {logging_mixin.py:188} INFO - [2026-02-16T20:47:26.079+0000] {dag.py:3823} INFO - Setting next_dagrun for ecommerce_etl_v2 to 2026-02-16 13:00:00+00:00, run_after=2026-02-17 13:00:00+00:00
[2026-02-16T20:47:26.088+0000] {processor.py:183} INFO - Processing /opt/airflow/dags/etl_dag.py took 0.158 seconds
[2026-02-16T20:47:56.213+0000] {processor.py:161} INFO - Started process (PID=47454) to work on /opt/airflow/dags/etl_dag.py
[2026-02-16T20:47:56.215+0000] {processor.py:830} INFO - Processing file /opt/airflow/dags/etl_dag.py for tasks to queue
[2026-02-16T20:47:56.215+0000] {logging_mixin.py:188} INFO - [2026-02-16T20:47:56.215+0000] {dagbag.py:538} INFO - Filling up the DagBag from /opt/airflow/dags/etl_dag.py
[2026-02-16T20:47:56.262+0000] {logging_mixin.py:188} INFO - Warning: Your Kaggle API key is readable by other users on this system! To fix this, you can run 'chmod 600 /home/airflow/.kaggle/kaggle.json'
[2026-02-16T20:47:56.322+0000] {logging_mixin.py:188} WARNING - /home/airflow/.local/lib/python3.8/site-packages/airflow/models/baseoperator.py:437 AirflowProviderDeprecationWarning: `exists_ok` parameter is deprecated, please use `if_exists`
[2026-02-16T20:47:56.331+0000] {processor.py:840} INFO - DAG(s) 'ecommerce_etl_v2' retrieved from /opt/airflow/dags/etl_dag.py
[2026-02-16T20:47:56.350+0000] {logging_mixin.py:188} INFO - [2026-02-16T20:47:56.350+0000] {dag.py:3036} INFO - Sync 1 DAGs
[2026-02-16T20:47:56.361+0000] {logging_mixin.py:188} INFO - [2026-02-16T20:47:56.361+0000] {dag.py:3823} INFO - Setting next_dagrun for ecommerce_etl_v2 to 2026-02-16 13:00:00+00:00, run_after=2026-02-17 13:00:00+00:00
[2026-02-16T20:47:56.369+0000] {processor.py:183} INFO - Processing /opt/airflow/dags/etl_dag.py took 0.161 seconds
[2026-02-16T20:48:26.674+0000] {processor.py:161} INFO - Started process (PID=47485) to work on /opt/airflow/dags/etl_dag.py
[2026-02-16T20:48:26.675+0000] {processor.py:830} INFO - Processing file /opt/airflow/dags/etl_dag.py for tasks to queue
[2026-02-16T20:48:26.676+0000] {logging_mixin.py:188} INFO - [2026-02-16T20:48:26.676+0000] {dagbag.py:538} INFO - Filling up the DagBag from /opt/airflow/dags/etl_dag.py
[2026-02-16T20:48:26.723+0000] {logging_mixin.py:188} INFO - Warning: Your Kaggle API key is readable by other users on this system! To fix this, you can run 'chmod 600 /home/airflow/.kaggle/kaggle.json'
[2026-02-16T20:48:26.784+0000] {logging_mixin.py:188} WARNING - /home/airflow/.local/lib/python3.8/site-packages/airflow/models/baseoperator.py:437 AirflowProviderDeprecationWarning: `exists_ok` parameter is deprecated, please use `if_exists`
[2026-02-16T20:48:26.793+0000] {processor.py:840} INFO - DAG(s) 'ecommerce_etl_v2' retrieved from /opt/airflow/dags/etl_dag.py
[2026-02-16T20:48:26.812+0000] {logging_mixin.py:188} INFO - [2026-02-16T20:48:26.812+0000] {dag.py:3036} INFO - Sync 1 DAGs
[2026-02-16T20:48:26.823+0000] {logging_mixin.py:188} INFO - [2026-02-16T20:48:26.822+0000] {dag.py:3823} INFO - Setting next_dagrun for ecommerce_etl_v2 to 2026-02-16 13:00:00+00:00, run_after=2026-02-17 13:00:00+00:00
[2026-02-16T20:48:26.832+0000] {processor.py:183} INFO - Processing /opt/airflow/dags/etl_dag.py took 0.162 seconds
[2026-02-16T20:48:57.031+0000] {processor.py:161} INFO - Started process (PID=47516) to work on /opt/airflow/dags/etl_dag.py
[2026-02-16T20:48:57.033+0000] {processor.py:830} INFO - Processing file /opt/airflow/dags/etl_dag.py for tasks to queue
[2026-02-16T20:48:57.034+0000] {logging_mixin.py:188} INFO - [2026-02-16T20:48:57.034+0000] {dagbag.py:538} INFO - Filling up the DagBag from /opt/airflow/dags/etl_dag.py
[2026-02-16T20:48:57.078+0000] {logging_mixin.py:188} INFO - Warning: Your Kaggle API key is readable by other users on this system! To fix this, you can run 'chmod 600 /home/airflow/.kaggle/kaggle.json'
[2026-02-16T20:48:57.138+0000] {logging_mixin.py:188} WARNING - /home/airflow/.local/lib/python3.8/site-packages/airflow/models/baseoperator.py:437 AirflowProviderDeprecationWarning: `exists_ok` parameter is deprecated, please use `if_exists`
[2026-02-16T20:48:57.148+0000] {processor.py:840} INFO - DAG(s) 'ecommerce_etl_v2' retrieved from /opt/airflow/dags/etl_dag.py
[2026-02-16T20:48:57.166+0000] {logging_mixin.py:188} INFO - [2026-02-16T20:48:57.166+0000] {dag.py:3036} INFO - Sync 1 DAGs
[2026-02-16T20:48:57.176+0000] {logging_mixin.py:188} INFO - [2026-02-16T20:48:57.176+0000] {dag.py:3823} INFO - Setting next_dagrun for ecommerce_etl_v2 to 2026-02-16 13:00:00+00:00, run_after=2026-02-17 13:00:00+00:00
[2026-02-16T20:48:57.184+0000] {processor.py:183} INFO - Processing /opt/airflow/dags/etl_dag.py took 0.157 seconds
[2026-02-16T20:49:27.461+0000] {processor.py:161} INFO - Started process (PID=47547) to work on /opt/airflow/dags/etl_dag.py
[2026-02-16T20:49:27.461+0000] {processor.py:830} INFO - Processing file /opt/airflow/dags/etl_dag.py for tasks to queue
[2026-02-16T20:49:27.462+0000] {logging_mixin.py:188} INFO - [2026-02-16T20:49:27.462+0000] {dagbag.py:538} INFO - Filling up the DagBag from /opt/airflow/dags/etl_dag.py
[2026-02-16T20:49:27.497+0000] {logging_mixin.py:188} INFO - Warning: Your Kaggle API key is readable by other users on this system! To fix this, you can run 'chmod 600 /home/airflow/.kaggle/kaggle.json'
[2026-02-16T20:49:27.557+0000] {logging_mixin.py:188} WARNING - /home/airflow/.local/lib/python3.8/site-packages/airflow/models/baseoperator.py:437 AirflowProviderDeprecationWarning: `exists_ok` parameter is deprecated, please use `if_exists`
[2026-02-16T20:49:27.565+0000] {processor.py:840} INFO - DAG(s) 'ecommerce_etl_v2' retrieved from /opt/airflow/dags/etl_dag.py
[2026-02-16T20:49:27.584+0000] {logging_mixin.py:188} INFO - [2026-02-16T20:49:27.584+0000] {dag.py:3036} INFO - Sync 1 DAGs
[2026-02-16T20:49:27.594+0000] {logging_mixin.py:188} INFO - [2026-02-16T20:49:27.594+0000] {dag.py:3823} INFO - Setting next_dagrun for ecommerce_etl_v2 to 2026-02-16 13:00:00+00:00, run_after=2026-02-17 13:00:00+00:00
[2026-02-16T20:49:27.603+0000] {processor.py:183} INFO - Processing /opt/airflow/dags/etl_dag.py took 0.144 seconds
[2026-02-16T20:49:57.786+0000] {processor.py:161} INFO - Started process (PID=47578) to work on /opt/airflow/dags/etl_dag.py
[2026-02-16T20:49:57.788+0000] {processor.py:830} INFO - Processing file /opt/airflow/dags/etl_dag.py for tasks to queue
[2026-02-16T20:49:57.789+0000] {logging_mixin.py:188} INFO - [2026-02-16T20:49:57.788+0000] {dagbag.py:538} INFO - Filling up the DagBag from /opt/airflow/dags/etl_dag.py
[2026-02-16T20:49:57.836+0000] {logging_mixin.py:188} INFO - Warning: Your Kaggle API key is readable by other users on this system! To fix this, you can run 'chmod 600 /home/airflow/.kaggle/kaggle.json'
[2026-02-16T20:49:57.895+0000] {logging_mixin.py:188} WARNING - /home/airflow/.local/lib/python3.8/site-packages/airflow/models/baseoperator.py:437 AirflowProviderDeprecationWarning: `exists_ok` parameter is deprecated, please use `if_exists`
[2026-02-16T20:49:57.904+0000] {processor.py:840} INFO - DAG(s) 'ecommerce_etl_v2' retrieved from /opt/airflow/dags/etl_dag.py
[2026-02-16T20:49:57.922+0000] {logging_mixin.py:188} INFO - [2026-02-16T20:49:57.922+0000] {dag.py:3036} INFO - Sync 1 DAGs
[2026-02-16T20:49:57.932+0000] {logging_mixin.py:188} INFO - [2026-02-16T20:49:57.932+0000] {dag.py:3823} INFO - Setting next_dagrun for ecommerce_etl_v2 to 2026-02-16 13:00:00+00:00, run_after=2026-02-17 13:00:00+00:00
[2026-02-16T20:49:57.941+0000] {processor.py:183} INFO - Processing /opt/airflow/dags/etl_dag.py took 0.159 seconds
[2026-02-16T20:50:28.231+0000] {processor.py:161} INFO - Started process (PID=47609) to work on /opt/airflow/dags/etl_dag.py
[2026-02-16T20:50:28.232+0000] {processor.py:830} INFO - Processing file /opt/airflow/dags/etl_dag.py for tasks to queue
[2026-02-16T20:50:28.233+0000] {logging_mixin.py:188} INFO - [2026-02-16T20:50:28.233+0000] {dagbag.py:538} INFO - Filling up the DagBag from /opt/airflow/dags/etl_dag.py
[2026-02-16T20:50:28.280+0000] {logging_mixin.py:188} INFO - Warning: Your Kaggle API key is readable by other users on this system! To fix this, you can run 'chmod 600 /home/airflow/.kaggle/kaggle.json'
[2026-02-16T20:50:28.341+0000] {logging_mixin.py:188} WARNING - /home/airflow/.local/lib/python3.8/site-packages/airflow/models/baseoperator.py:437 AirflowProviderDeprecationWarning: `exists_ok` parameter is deprecated, please use `if_exists`
[2026-02-16T20:50:28.350+0000] {processor.py:840} INFO - DAG(s) 'ecommerce_etl_v2' retrieved from /opt/airflow/dags/etl_dag.py
[2026-02-16T20:50:28.369+0000] {logging_mixin.py:188} INFO - [2026-02-16T20:50:28.369+0000] {dag.py:3036} INFO - Sync 1 DAGs
[2026-02-16T20:50:28.380+0000] {logging_mixin.py:188} INFO - [2026-02-16T20:50:28.379+0000] {dag.py:3823} INFO - Setting next_dagrun for ecommerce_etl_v2 to 2026-02-16 13:00:00+00:00, run_after=2026-02-17 13:00:00+00:00
[2026-02-16T20:50:28.388+0000] {processor.py:183} INFO - Processing /opt/airflow/dags/etl_dag.py took 0.161 seconds
[2026-02-16T20:50:58.535+0000] {processor.py:161} INFO - Started process (PID=47640) to work on /opt/airflow/dags/etl_dag.py
[2026-02-16T20:50:58.536+0000] {processor.py:830} INFO - Processing file /opt/airflow/dags/etl_dag.py for tasks to queue
[2026-02-16T20:50:58.537+0000] {logging_mixin.py:188} INFO - [2026-02-16T20:50:58.537+0000] {dagbag.py:538} INFO - Filling up the DagBag from /opt/airflow/dags/etl_dag.py
[2026-02-16T20:50:58.582+0000] {logging_mixin.py:188} INFO - Warning: Your Kaggle API key is readable by other users on this system! To fix this, you can run 'chmod 600 /home/airflow/.kaggle/kaggle.json'
[2026-02-16T20:50:58.643+0000] {logging_mixin.py:188} WARNING - /home/airflow/.local/lib/python3.8/site-packages/airflow/models/baseoperator.py:437 AirflowProviderDeprecationWarning: `exists_ok` parameter is deprecated, please use `if_exists`
[2026-02-16T20:50:58.651+0000] {processor.py:840} INFO - DAG(s) 'ecommerce_etl_v2' retrieved from /opt/airflow/dags/etl_dag.py
[2026-02-16T20:50:58.669+0000] {logging_mixin.py:188} INFO - [2026-02-16T20:50:58.669+0000] {dag.py:3036} INFO - Sync 1 DAGs
[2026-02-16T20:50:58.679+0000] {logging_mixin.py:188} INFO - [2026-02-16T20:50:58.679+0000] {dag.py:3823} INFO - Setting next_dagrun for ecommerce_etl_v2 to 2026-02-16 13:00:00+00:00, run_after=2026-02-17 13:00:00+00:00
[2026-02-16T20:50:58.687+0000] {processor.py:183} INFO - Processing /opt/airflow/dags/etl_dag.py took 0.157 seconds
[2026-02-16T20:51:28.855+0000] {processor.py:161} INFO - Started process (PID=47671) to work on /opt/airflow/dags/etl_dag.py
[2026-02-16T20:51:28.856+0000] {processor.py:830} INFO - Processing file /opt/airflow/dags/etl_dag.py for tasks to queue
[2026-02-16T20:51:28.857+0000] {logging_mixin.py:188} INFO - [2026-02-16T20:51:28.857+0000] {dagbag.py:538} INFO - Filling up the DagBag from /opt/airflow/dags/etl_dag.py
[2026-02-16T20:51:28.900+0000] {logging_mixin.py:188} INFO - Warning: Your Kaggle API key is readable by other users on this system! To fix this, you can run 'chmod 600 /home/airflow/.kaggle/kaggle.json'
[2026-02-16T20:51:28.960+0000] {logging_mixin.py:188} WARNING - /home/airflow/.local/lib/python3.8/site-packages/airflow/models/baseoperator.py:437 AirflowProviderDeprecationWarning: `exists_ok` parameter is deprecated, please use `if_exists`
[2026-02-16T20:51:28.969+0000] {processor.py:840} INFO - DAG(s) 'ecommerce_etl_v2' retrieved from /opt/airflow/dags/etl_dag.py
[2026-02-16T20:51:28.988+0000] {logging_mixin.py:188} INFO - [2026-02-16T20:51:28.988+0000] {dag.py:3036} INFO - Sync 1 DAGs
[2026-02-16T20:51:28.998+0000] {logging_mixin.py:188} INFO - [2026-02-16T20:51:28.998+0000] {dag.py:3823} INFO - Setting next_dagrun for ecommerce_etl_v2 to 2026-02-16 13:00:00+00:00, run_after=2026-02-17 13:00:00+00:00
[2026-02-16T20:51:29.014+0000] {processor.py:183} INFO - Processing /opt/airflow/dags/etl_dag.py took 0.161 seconds
[2026-02-16T20:51:59.057+0000] {processor.py:161} INFO - Started process (PID=47702) to work on /opt/airflow/dags/etl_dag.py
[2026-02-16T20:51:59.058+0000] {processor.py:830} INFO - Processing file /opt/airflow/dags/etl_dag.py for tasks to queue
[2026-02-16T20:51:59.059+0000] {logging_mixin.py:188} INFO - [2026-02-16T20:51:59.059+0000] {dagbag.py:538} INFO - Filling up the DagBag from /opt/airflow/dags/etl_dag.py
[2026-02-16T20:51:59.105+0000] {logging_mixin.py:188} INFO - Warning: Your Kaggle API key is readable by other users on this system! To fix this, you can run 'chmod 600 /home/airflow/.kaggle/kaggle.json'
[2026-02-16T20:51:59.165+0000] {logging_mixin.py:188} WARNING - /home/airflow/.local/lib/python3.8/site-packages/airflow/models/baseoperator.py:437 AirflowProviderDeprecationWarning: `exists_ok` parameter is deprecated, please use `if_exists`
[2026-02-16T20:51:59.174+0000] {processor.py:840} INFO - DAG(s) 'ecommerce_etl_v2' retrieved from /opt/airflow/dags/etl_dag.py
[2026-02-16T20:51:59.193+0000] {logging_mixin.py:188} INFO - [2026-02-16T20:51:59.192+0000] {dag.py:3036} INFO - Sync 1 DAGs
[2026-02-16T20:51:59.203+0000] {logging_mixin.py:188} INFO - [2026-02-16T20:51:59.203+0000] {dag.py:3823} INFO - Setting next_dagrun for ecommerce_etl_v2 to 2026-02-16 13:00:00+00:00, run_after=2026-02-17 13:00:00+00:00
[2026-02-16T20:51:59.212+0000] {processor.py:183} INFO - Processing /opt/airflow/dags/etl_dag.py took 0.159 seconds
[2026-02-16T20:52:29.339+0000] {processor.py:161} INFO - Started process (PID=47733) to work on /opt/airflow/dags/etl_dag.py
[2026-02-16T20:52:29.340+0000] {processor.py:830} INFO - Processing file /opt/airflow/dags/etl_dag.py for tasks to queue
[2026-02-16T20:52:29.341+0000] {logging_mixin.py:188} INFO - [2026-02-16T20:52:29.341+0000] {dagbag.py:538} INFO - Filling up the DagBag from /opt/airflow/dags/etl_dag.py
[2026-02-16T20:52:29.379+0000] {logging_mixin.py:188} INFO - Warning: Your Kaggle API key is readable by other users on this system! To fix this, you can run 'chmod 600 /home/airflow/.kaggle/kaggle.json'
[2026-02-16T20:52:29.441+0000] {logging_mixin.py:188} WARNING - /home/airflow/.local/lib/python3.8/site-packages/airflow/models/baseoperator.py:437 AirflowProviderDeprecationWarning: `exists_ok` parameter is deprecated, please use `if_exists`
[2026-02-16T20:52:29.449+0000] {processor.py:840} INFO - DAG(s) 'ecommerce_etl_v2' retrieved from /opt/airflow/dags/etl_dag.py
[2026-02-16T20:52:29.468+0000] {logging_mixin.py:188} INFO - [2026-02-16T20:52:29.468+0000] {dag.py:3036} INFO - Sync 1 DAGs
[2026-02-16T20:52:29.478+0000] {logging_mixin.py:188} INFO - [2026-02-16T20:52:29.478+0000] {dag.py:3823} INFO - Setting next_dagrun for ecommerce_etl_v2 to 2026-02-16 13:00:00+00:00, run_after=2026-02-17 13:00:00+00:00
[2026-02-16T20:52:29.486+0000] {processor.py:183} INFO - Processing /opt/airflow/dags/etl_dag.py took 0.149 seconds
[2026-02-16T20:52:59.776+0000] {processor.py:161} INFO - Started process (PID=47764) to work on /opt/airflow/dags/etl_dag.py
[2026-02-16T20:52:59.777+0000] {processor.py:830} INFO - Processing file /opt/airflow/dags/etl_dag.py for tasks to queue
[2026-02-16T20:52:59.778+0000] {logging_mixin.py:188} INFO - [2026-02-16T20:52:59.777+0000] {dagbag.py:538} INFO - Filling up the DagBag from /opt/airflow/dags/etl_dag.py
[2026-02-16T20:52:59.822+0000] {logging_mixin.py:188} INFO - Warning: Your Kaggle API key is readable by other users on this system! To fix this, you can run 'chmod 600 /home/airflow/.kaggle/kaggle.json'
[2026-02-16T20:52:59.882+0000] {logging_mixin.py:188} WARNING - /home/airflow/.local/lib/python3.8/site-packages/airflow/models/baseoperator.py:437 AirflowProviderDeprecationWarning: `exists_ok` parameter is deprecated, please use `if_exists`
[2026-02-16T20:52:59.894+0000] {processor.py:840} INFO - DAG(s) 'ecommerce_etl_v2' retrieved from /opt/airflow/dags/etl_dag.py
[2026-02-16T20:52:59.912+0000] {logging_mixin.py:188} INFO - [2026-02-16T20:52:59.912+0000] {dag.py:3036} INFO - Sync 1 DAGs
[2026-02-16T20:52:59.922+0000] {logging_mixin.py:188} INFO - [2026-02-16T20:52:59.922+0000] {dag.py:3823} INFO - Setting next_dagrun for ecommerce_etl_v2 to 2026-02-16 13:00:00+00:00, run_after=2026-02-17 13:00:00+00:00
[2026-02-16T20:52:59.930+0000] {processor.py:183} INFO - Processing /opt/airflow/dags/etl_dag.py took 0.158 seconds
[2026-02-16T20:53:30.096+0000] {processor.py:161} INFO - Started process (PID=47795) to work on /opt/airflow/dags/etl_dag.py
[2026-02-16T20:53:30.098+0000] {processor.py:830} INFO - Processing file /opt/airflow/dags/etl_dag.py for tasks to queue
[2026-02-16T20:53:30.099+0000] {logging_mixin.py:188} INFO - [2026-02-16T20:53:30.098+0000] {dagbag.py:538} INFO - Filling up the DagBag from /opt/airflow/dags/etl_dag.py
[2026-02-16T20:53:30.144+0000] {logging_mixin.py:188} INFO - Warning: Your Kaggle API key is readable by other users on this system! To fix this, you can run 'chmod 600 /home/airflow/.kaggle/kaggle.json'
[2026-02-16T20:53:30.204+0000] {logging_mixin.py:188} WARNING - /home/airflow/.local/lib/python3.8/site-packages/airflow/models/baseoperator.py:437 AirflowProviderDeprecationWarning: `exists_ok` parameter is deprecated, please use `if_exists`
[2026-02-16T20:53:30.213+0000] {processor.py:840} INFO - DAG(s) 'ecommerce_etl_v2' retrieved from /opt/airflow/dags/etl_dag.py
[2026-02-16T20:53:30.231+0000] {logging_mixin.py:188} INFO - [2026-02-16T20:53:30.231+0000] {dag.py:3036} INFO - Sync 1 DAGs
[2026-02-16T20:53:30.241+0000] {logging_mixin.py:188} INFO - [2026-02-16T20:53:30.241+0000] {dag.py:3823} INFO - Setting next_dagrun for ecommerce_etl_v2 to 2026-02-16 13:00:00+00:00, run_after=2026-02-17 13:00:00+00:00
[2026-02-16T20:53:30.249+0000] {processor.py:183} INFO - Processing /opt/airflow/dags/etl_dag.py took 0.157 seconds
[2026-02-16T20:54:00.440+0000] {processor.py:161} INFO - Started process (PID=47826) to work on /opt/airflow/dags/etl_dag.py
[2026-02-16T20:54:00.441+0000] {processor.py:830} INFO - Processing file /opt/airflow/dags/etl_dag.py for tasks to queue
[2026-02-16T20:54:00.442+0000] {logging_mixin.py:188} INFO - [2026-02-16T20:54:00.442+0000] {dagbag.py:538} INFO - Filling up the DagBag from /opt/airflow/dags/etl_dag.py
[2026-02-16T20:54:00.488+0000] {logging_mixin.py:188} INFO - Warning: Your Kaggle API key is readable by other users on this system! To fix this, you can run 'chmod 600 /home/airflow/.kaggle/kaggle.json'
[2026-02-16T20:54:00.548+0000] {logging_mixin.py:188} WARNING - /home/airflow/.local/lib/python3.8/site-packages/airflow/models/baseoperator.py:437 AirflowProviderDeprecationWarning: `exists_ok` parameter is deprecated, please use `if_exists`
[2026-02-16T20:54:00.556+0000] {processor.py:840} INFO - DAG(s) 'ecommerce_etl_v2' retrieved from /opt/airflow/dags/etl_dag.py
[2026-02-16T20:54:00.574+0000] {logging_mixin.py:188} INFO - [2026-02-16T20:54:00.574+0000] {dag.py:3036} INFO - Sync 1 DAGs
[2026-02-16T20:54:00.585+0000] {logging_mixin.py:188} INFO - [2026-02-16T20:54:00.585+0000] {dag.py:3823} INFO - Setting next_dagrun for ecommerce_etl_v2 to 2026-02-16 13:00:00+00:00, run_after=2026-02-17 13:00:00+00:00
[2026-02-16T20:54:00.593+0000] {processor.py:183} INFO - Processing /opt/airflow/dags/etl_dag.py took 0.157 seconds
[2026-02-16T20:54:30.776+0000] {processor.py:161} INFO - Started process (PID=47857) to work on /opt/airflow/dags/etl_dag.py
[2026-02-16T20:54:30.778+0000] {processor.py:830} INFO - Processing file /opt/airflow/dags/etl_dag.py for tasks to queue
[2026-02-16T20:54:30.779+0000] {logging_mixin.py:188} INFO - [2026-02-16T20:54:30.778+0000] {dagbag.py:538} INFO - Filling up the DagBag from /opt/airflow/dags/etl_dag.py
[2026-02-16T20:54:30.826+0000] {logging_mixin.py:188} INFO - Warning: Your Kaggle API key is readable by other users on this system! To fix this, you can run 'chmod 600 /home/airflow/.kaggle/kaggle.json'
[2026-02-16T20:54:30.888+0000] {logging_mixin.py:188} WARNING - /home/airflow/.local/lib/python3.8/site-packages/airflow/models/baseoperator.py:437 AirflowProviderDeprecationWarning: `exists_ok` parameter is deprecated, please use `if_exists`
[2026-02-16T20:54:30.897+0000] {processor.py:840} INFO - DAG(s) 'ecommerce_etl_v2' retrieved from /opt/airflow/dags/etl_dag.py
[2026-02-16T20:54:30.916+0000] {logging_mixin.py:188} INFO - [2026-02-16T20:54:30.916+0000] {dag.py:3036} INFO - Sync 1 DAGs
[2026-02-16T20:54:30.926+0000] {logging_mixin.py:188} INFO - [2026-02-16T20:54:30.926+0000] {dag.py:3823} INFO - Setting next_dagrun for ecommerce_etl_v2 to 2026-02-16 13:00:00+00:00, run_after=2026-02-17 13:00:00+00:00
[2026-02-16T20:54:30.935+0000] {processor.py:183} INFO - Processing /opt/airflow/dags/etl_dag.py took 0.163 seconds
[2026-02-16T20:55:01.168+0000] {processor.py:161} INFO - Started process (PID=47888) to work on /opt/airflow/dags/etl_dag.py
[2026-02-16T20:55:01.169+0000] {processor.py:830} INFO - Processing file /opt/airflow/dags/etl_dag.py for tasks to queue
[2026-02-16T20:55:01.170+0000] {logging_mixin.py:188} INFO - [2026-02-16T20:55:01.170+0000] {dagbag.py:538} INFO - Filling up the DagBag from /opt/airflow/dags/etl_dag.py
[2026-02-16T20:55:01.217+0000] {logging_mixin.py:188} INFO - Warning: Your Kaggle API key is readable by other users on this system! To fix this, you can run 'chmod 600 /home/airflow/.kaggle/kaggle.json'
[2026-02-16T20:55:01.276+0000] {logging_mixin.py:188} WARNING - /home/airflow/.local/lib/python3.8/site-packages/airflow/models/baseoperator.py:437 AirflowProviderDeprecationWarning: `exists_ok` parameter is deprecated, please use `if_exists`
[2026-02-16T20:55:01.284+0000] {processor.py:840} INFO - DAG(s) 'ecommerce_etl_v2' retrieved from /opt/airflow/dags/etl_dag.py
[2026-02-16T20:55:01.302+0000] {logging_mixin.py:188} INFO - [2026-02-16T20:55:01.302+0000] {dag.py:3036} INFO - Sync 1 DAGs
[2026-02-16T20:55:01.313+0000] {logging_mixin.py:188} INFO - [2026-02-16T20:55:01.312+0000] {dag.py:3823} INFO - Setting next_dagrun for ecommerce_etl_v2 to 2026-02-16 13:00:00+00:00, run_after=2026-02-17 13:00:00+00:00
[2026-02-16T20:55:01.321+0000] {processor.py:183} INFO - Processing /opt/airflow/dags/etl_dag.py took 0.157 seconds
[2026-02-16T20:55:31.468+0000] {processor.py:161} INFO - Started process (PID=47919) to work on /opt/airflow/dags/etl_dag.py
[2026-02-16T20:55:31.469+0000] {processor.py:830} INFO - Processing file /opt/airflow/dags/etl_dag.py for tasks to queue
[2026-02-16T20:55:31.470+0000] {logging_mixin.py:188} INFO - [2026-02-16T20:55:31.470+0000] {dagbag.py:538} INFO - Filling up the DagBag from /opt/airflow/dags/etl_dag.py
[2026-02-16T20:55:31.517+0000] {logging_mixin.py:188} INFO - Warning: Your Kaggle API key is readable by other users on this system! To fix this, you can run 'chmod 600 /home/airflow/.kaggle/kaggle.json'
[2026-02-16T20:55:31.577+0000] {logging_mixin.py:188} WARNING - /home/airflow/.local/lib/python3.8/site-packages/airflow/models/baseoperator.py:437 AirflowProviderDeprecationWarning: `exists_ok` parameter is deprecated, please use `if_exists`
[2026-02-16T20:55:31.586+0000] {processor.py:840} INFO - DAG(s) 'ecommerce_etl_v2' retrieved from /opt/airflow/dags/etl_dag.py
[2026-02-16T20:55:31.604+0000] {logging_mixin.py:188} INFO - [2026-02-16T20:55:31.604+0000] {dag.py:3036} INFO - Sync 1 DAGs
[2026-02-16T20:55:31.614+0000] {logging_mixin.py:188} INFO - [2026-02-16T20:55:31.614+0000] {dag.py:3823} INFO - Setting next_dagrun for ecommerce_etl_v2 to 2026-02-16 13:00:00+00:00, run_after=2026-02-17 13:00:00+00:00
[2026-02-16T20:55:31.622+0000] {processor.py:183} INFO - Processing /opt/airflow/dags/etl_dag.py took 0.159 seconds
[2026-02-16T20:56:01.788+0000] {processor.py:161} INFO - Started process (PID=47950) to work on /opt/airflow/dags/etl_dag.py
[2026-02-16T20:56:01.789+0000] {processor.py:830} INFO - Processing file /opt/airflow/dags/etl_dag.py for tasks to queue
[2026-02-16T20:56:01.790+0000] {logging_mixin.py:188} INFO - [2026-02-16T20:56:01.789+0000] {dagbag.py:538} INFO - Filling up the DagBag from /opt/airflow/dags/etl_dag.py
[2026-02-16T20:56:01.831+0000] {logging_mixin.py:188} INFO - Warning: Your Kaggle API key is readable by other users on this system! To fix this, you can run 'chmod 600 /home/airflow/.kaggle/kaggle.json'
[2026-02-16T20:56:01.891+0000] {logging_mixin.py:188} WARNING - /home/airflow/.local/lib/python3.8/site-packages/airflow/models/baseoperator.py:437 AirflowProviderDeprecationWarning: `exists_ok` parameter is deprecated, please use `if_exists`
[2026-02-16T20:56:01.900+0000] {processor.py:840} INFO - DAG(s) 'ecommerce_etl_v2' retrieved from /opt/airflow/dags/etl_dag.py
[2026-02-16T20:56:01.919+0000] {logging_mixin.py:188} INFO - [2026-02-16T20:56:01.919+0000] {dag.py:3036} INFO - Sync 1 DAGs
[2026-02-16T20:56:01.929+0000] {logging_mixin.py:188} INFO - [2026-02-16T20:56:01.929+0000] {dag.py:3823} INFO - Setting next_dagrun for ecommerce_etl_v2 to 2026-02-16 13:00:00+00:00, run_after=2026-02-17 13:00:00+00:00
[2026-02-16T20:56:01.938+0000] {processor.py:183} INFO - Processing /opt/airflow/dags/etl_dag.py took 0.153 seconds
[2026-02-16T20:56:32.174+0000] {processor.py:161} INFO - Started process (PID=47981) to work on /opt/airflow/dags/etl_dag.py
[2026-02-16T20:56:32.175+0000] {processor.py:830} INFO - Processing file /opt/airflow/dags/etl_dag.py for tasks to queue
[2026-02-16T20:56:32.176+0000] {logging_mixin.py:188} INFO - [2026-02-16T20:56:32.176+0000] {dagbag.py:538} INFO - Filling up the DagBag from /opt/airflow/dags/etl_dag.py
[2026-02-16T20:56:32.222+0000] {logging_mixin.py:188} INFO - Warning: Your Kaggle API key is readable by other users on this system! To fix this, you can run 'chmod 600 /home/airflow/.kaggle/kaggle.json'
[2026-02-16T20:56:32.282+0000] {logging_mixin.py:188} WARNING - /home/airflow/.local/lib/python3.8/site-packages/airflow/models/baseoperator.py:437 AirflowProviderDeprecationWarning: `exists_ok` parameter is deprecated, please use `if_exists`
[2026-02-16T20:56:32.291+0000] {processor.py:840} INFO - DAG(s) 'ecommerce_etl_v2' retrieved from /opt/airflow/dags/etl_dag.py
[2026-02-16T20:56:32.309+0000] {logging_mixin.py:188} INFO - [2026-02-16T20:56:32.309+0000] {dag.py:3036} INFO - Sync 1 DAGs
[2026-02-16T20:56:32.319+0000] {logging_mixin.py:188} INFO - [2026-02-16T20:56:32.319+0000] {dag.py:3823} INFO - Setting next_dagrun for ecommerce_etl_v2 to 2026-02-16 13:00:00+00:00, run_after=2026-02-17 13:00:00+00:00
[2026-02-16T20:56:32.328+0000] {processor.py:183} INFO - Processing /opt/airflow/dags/etl_dag.py took 0.158 seconds
[2026-02-16T20:57:02.513+0000] {processor.py:161} INFO - Started process (PID=48012) to work on /opt/airflow/dags/etl_dag.py
[2026-02-16T20:57:02.515+0000] {processor.py:830} INFO - Processing file /opt/airflow/dags/etl_dag.py for tasks to queue
[2026-02-16T20:57:02.516+0000] {logging_mixin.py:188} INFO - [2026-02-16T20:57:02.516+0000] {dagbag.py:538} INFO - Filling up the DagBag from /opt/airflow/dags/etl_dag.py
[2026-02-16T20:57:02.573+0000] {logging_mixin.py:188} INFO - Warning: Your Kaggle API key is readable by other users on this system! To fix this, you can run 'chmod 600 /home/airflow/.kaggle/kaggle.json'
[2026-02-16T20:57:02.633+0000] {logging_mixin.py:188} WARNING - /home/airflow/.local/lib/python3.8/site-packages/airflow/models/baseoperator.py:437 AirflowProviderDeprecationWarning: `exists_ok` parameter is deprecated, please use `if_exists`
[2026-02-16T20:57:02.642+0000] {processor.py:840} INFO - DAG(s) 'ecommerce_etl_v2' retrieved from /opt/airflow/dags/etl_dag.py
[2026-02-16T20:57:02.664+0000] {logging_mixin.py:188} INFO - [2026-02-16T20:57:02.664+0000] {dag.py:3036} INFO - Sync 1 DAGs
[2026-02-16T20:57:02.675+0000] {logging_mixin.py:188} INFO - [2026-02-16T20:57:02.675+0000] {dag.py:3823} INFO - Setting next_dagrun for ecommerce_etl_v2 to 2026-02-16 13:00:00+00:00, run_after=2026-02-17 13:00:00+00:00
[2026-02-16T20:57:02.685+0000] {processor.py:183} INFO - Processing /opt/airflow/dags/etl_dag.py took 0.179 seconds
[2026-02-16T20:57:32.912+0000] {processor.py:161} INFO - Started process (PID=48043) to work on /opt/airflow/dags/etl_dag.py
[2026-02-16T20:57:32.914+0000] {processor.py:830} INFO - Processing file /opt/airflow/dags/etl_dag.py for tasks to queue
[2026-02-16T20:57:32.915+0000] {logging_mixin.py:188} INFO - [2026-02-16T20:57:32.915+0000] {dagbag.py:538} INFO - Filling up the DagBag from /opt/airflow/dags/etl_dag.py
[2026-02-16T20:57:32.961+0000] {logging_mixin.py:188} INFO - Warning: Your Kaggle API key is readable by other users on this system! To fix this, you can run 'chmod 600 /home/airflow/.kaggle/kaggle.json'
[2026-02-16T20:57:33.023+0000] {logging_mixin.py:188} WARNING - /home/airflow/.local/lib/python3.8/site-packages/airflow/models/baseoperator.py:437 AirflowProviderDeprecationWarning: `exists_ok` parameter is deprecated, please use `if_exists`
[2026-02-16T20:57:33.032+0000] {processor.py:840} INFO - DAG(s) 'ecommerce_etl_v2' retrieved from /opt/airflow/dags/etl_dag.py
[2026-02-16T20:57:33.054+0000] {logging_mixin.py:188} INFO - [2026-02-16T20:57:33.053+0000] {dag.py:3036} INFO - Sync 1 DAGs
[2026-02-16T20:57:33.065+0000] {logging_mixin.py:188} INFO - [2026-02-16T20:57:33.065+0000] {dag.py:3823} INFO - Setting next_dagrun for ecommerce_etl_v2 to 2026-02-16 13:00:00+00:00, run_after=2026-02-17 13:00:00+00:00
[2026-02-16T20:57:33.075+0000] {processor.py:183} INFO - Processing /opt/airflow/dags/etl_dag.py took 0.168 seconds
[2026-02-16T20:58:03.286+0000] {processor.py:161} INFO - Started process (PID=48074) to work on /opt/airflow/dags/etl_dag.py
[2026-02-16T20:58:03.288+0000] {processor.py:830} INFO - Processing file /opt/airflow/dags/etl_dag.py for tasks to queue
[2026-02-16T20:58:03.289+0000] {logging_mixin.py:188} INFO - [2026-02-16T20:58:03.288+0000] {dagbag.py:538} INFO - Filling up the DagBag from /opt/airflow/dags/etl_dag.py
[2026-02-16T20:58:03.333+0000] {logging_mixin.py:188} INFO - Warning: Your Kaggle API key is readable by other users on this system! To fix this, you can run 'chmod 600 /home/airflow/.kaggle/kaggle.json'
[2026-02-16T20:58:03.394+0000] {logging_mixin.py:188} WARNING - /home/airflow/.local/lib/python3.8/site-packages/airflow/models/baseoperator.py:437 AirflowProviderDeprecationWarning: `exists_ok` parameter is deprecated, please use `if_exists`
[2026-02-16T20:58:03.404+0000] {processor.py:840} INFO - DAG(s) 'ecommerce_etl_v2' retrieved from /opt/airflow/dags/etl_dag.py
[2026-02-16T20:58:03.423+0000] {logging_mixin.py:188} INFO - [2026-02-16T20:58:03.423+0000] {dag.py:3036} INFO - Sync 1 DAGs
[2026-02-16T20:58:03.434+0000] {logging_mixin.py:188} INFO - [2026-02-16T20:58:03.434+0000] {dag.py:3823} INFO - Setting next_dagrun for ecommerce_etl_v2 to 2026-02-16 13:00:00+00:00, run_after=2026-02-17 13:00:00+00:00
[2026-02-16T20:58:03.442+0000] {processor.py:183} INFO - Processing /opt/airflow/dags/etl_dag.py took 0.161 seconds
[2026-02-16T20:58:33.547+0000] {processor.py:161} INFO - Started process (PID=48105) to work on /opt/airflow/dags/etl_dag.py
[2026-02-16T20:58:33.548+0000] {processor.py:830} INFO - Processing file /opt/airflow/dags/etl_dag.py for tasks to queue
[2026-02-16T20:58:33.549+0000] {logging_mixin.py:188} INFO - [2026-02-16T20:58:33.549+0000] {dagbag.py:538} INFO - Filling up the DagBag from /opt/airflow/dags/etl_dag.py
[2026-02-16T20:58:33.597+0000] {logging_mixin.py:188} INFO - Warning: Your Kaggle API key is readable by other users on this system! To fix this, you can run 'chmod 600 /home/airflow/.kaggle/kaggle.json'
[2026-02-16T20:58:33.661+0000] {logging_mixin.py:188} WARNING - /home/airflow/.local/lib/python3.8/site-packages/airflow/models/baseoperator.py:437 AirflowProviderDeprecationWarning: `exists_ok` parameter is deprecated, please use `if_exists`
[2026-02-16T20:58:33.670+0000] {processor.py:840} INFO - DAG(s) 'ecommerce_etl_v2' retrieved from /opt/airflow/dags/etl_dag.py
[2026-02-16T20:58:33.692+0000] {logging_mixin.py:188} INFO - [2026-02-16T20:58:33.692+0000] {dag.py:3036} INFO - Sync 1 DAGs
[2026-02-16T20:58:33.704+0000] {logging_mixin.py:188} INFO - [2026-02-16T20:58:33.704+0000] {dag.py:3823} INFO - Setting next_dagrun for ecommerce_etl_v2 to 2026-02-16 13:00:00+00:00, run_after=2026-02-17 13:00:00+00:00
[2026-02-16T20:58:33.715+0000] {processor.py:183} INFO - Processing /opt/airflow/dags/etl_dag.py took 0.170 seconds
[2026-02-16T20:59:04.019+0000] {processor.py:161} INFO - Started process (PID=48136) to work on /opt/airflow/dags/etl_dag.py
[2026-02-16T20:59:04.020+0000] {processor.py:830} INFO - Processing file /opt/airflow/dags/etl_dag.py for tasks to queue
[2026-02-16T20:59:04.020+0000] {logging_mixin.py:188} INFO - [2026-02-16T20:59:04.020+0000] {dagbag.py:538} INFO - Filling up the DagBag from /opt/airflow/dags/etl_dag.py
[2026-02-16T20:59:04.063+0000] {logging_mixin.py:188} INFO - Warning: Your Kaggle API key is readable by other users on this system! To fix this, you can run 'chmod 600 /home/airflow/.kaggle/kaggle.json'
[2026-02-16T20:59:04.122+0000] {logging_mixin.py:188} WARNING - /home/airflow/.local/lib/python3.8/site-packages/airflow/models/baseoperator.py:437 AirflowProviderDeprecationWarning: `exists_ok` parameter is deprecated, please use `if_exists`
[2026-02-16T20:59:04.132+0000] {processor.py:840} INFO - DAG(s) 'ecommerce_etl_v2' retrieved from /opt/airflow/dags/etl_dag.py
[2026-02-16T20:59:04.151+0000] {logging_mixin.py:188} INFO - [2026-02-16T20:59:04.150+0000] {dag.py:3036} INFO - Sync 1 DAGs
[2026-02-16T20:59:04.160+0000] {logging_mixin.py:188} INFO - [2026-02-16T20:59:04.160+0000] {dag.py:3823} INFO - Setting next_dagrun for ecommerce_etl_v2 to 2026-02-16 13:00:00+00:00, run_after=2026-02-17 13:00:00+00:00
[2026-02-16T20:59:04.170+0000] {processor.py:183} INFO - Processing /opt/airflow/dags/etl_dag.py took 0.154 seconds
[2026-02-16T20:59:34.372+0000] {processor.py:161} INFO - Started process (PID=48167) to work on /opt/airflow/dags/etl_dag.py
[2026-02-16T20:59:34.373+0000] {processor.py:830} INFO - Processing file /opt/airflow/dags/etl_dag.py for tasks to queue
[2026-02-16T20:59:34.374+0000] {logging_mixin.py:188} INFO - [2026-02-16T20:59:34.374+0000] {dagbag.py:538} INFO - Filling up the DagBag from /opt/airflow/dags/etl_dag.py
[2026-02-16T20:59:34.418+0000] {logging_mixin.py:188} INFO - Warning: Your Kaggle API key is readable by other users on this system! To fix this, you can run 'chmod 600 /home/airflow/.kaggle/kaggle.json'
[2026-02-16T20:59:34.478+0000] {logging_mixin.py:188} WARNING - /home/airflow/.local/lib/python3.8/site-packages/airflow/models/baseoperator.py:437 AirflowProviderDeprecationWarning: `exists_ok` parameter is deprecated, please use `if_exists`
[2026-02-16T20:59:34.487+0000] {processor.py:840} INFO - DAG(s) 'ecommerce_etl_v2' retrieved from /opt/airflow/dags/etl_dag.py
[2026-02-16T20:59:34.507+0000] {logging_mixin.py:188} INFO - [2026-02-16T20:59:34.506+0000] {dag.py:3036} INFO - Sync 1 DAGs
[2026-02-16T20:59:34.517+0000] {logging_mixin.py:188} INFO - [2026-02-16T20:59:34.517+0000] {dag.py:3823} INFO - Setting next_dagrun for ecommerce_etl_v2 to 2026-02-16 13:00:00+00:00, run_after=2026-02-17 13:00:00+00:00
[2026-02-16T20:59:34.526+0000] {processor.py:183} INFO - Processing /opt/airflow/dags/etl_dag.py took 0.157 seconds
[2026-02-16T21:00:04.681+0000] {processor.py:161} INFO - Started process (PID=48198) to work on /opt/airflow/dags/etl_dag.py
[2026-02-16T21:00:04.682+0000] {processor.py:830} INFO - Processing file /opt/airflow/dags/etl_dag.py for tasks to queue
[2026-02-16T21:00:04.683+0000] {logging_mixin.py:188} INFO - [2026-02-16T21:00:04.683+0000] {dagbag.py:538} INFO - Filling up the DagBag from /opt/airflow/dags/etl_dag.py
[2026-02-16T21:00:04.728+0000] {logging_mixin.py:188} INFO - Warning: Your Kaggle API key is readable by other users on this system! To fix this, you can run 'chmod 600 /home/airflow/.kaggle/kaggle.json'
[2026-02-16T21:00:04.788+0000] {logging_mixin.py:188} WARNING - /home/airflow/.local/lib/python3.8/site-packages/airflow/models/baseoperator.py:437 AirflowProviderDeprecationWarning: `exists_ok` parameter is deprecated, please use `if_exists`
[2026-02-16T21:00:04.797+0000] {processor.py:840} INFO - DAG(s) 'ecommerce_etl_v2' retrieved from /opt/airflow/dags/etl_dag.py
[2026-02-16T21:00:04.815+0000] {logging_mixin.py:188} INFO - [2026-02-16T21:00:04.815+0000] {dag.py:3036} INFO - Sync 1 DAGs
[2026-02-16T21:00:04.826+0000] {logging_mixin.py:188} INFO - [2026-02-16T21:00:04.825+0000] {dag.py:3823} INFO - Setting next_dagrun for ecommerce_etl_v2 to 2026-02-16 13:00:00+00:00, run_after=2026-02-17 13:00:00+00:00
[2026-02-16T21:00:04.836+0000] {processor.py:183} INFO - Processing /opt/airflow/dags/etl_dag.py took 0.160 seconds
[2026-02-16T21:00:35.045+0000] {processor.py:161} INFO - Started process (PID=48229) to work on /opt/airflow/dags/etl_dag.py
[2026-02-16T21:00:35.046+0000] {processor.py:830} INFO - Processing file /opt/airflow/dags/etl_dag.py for tasks to queue
[2026-02-16T21:00:35.048+0000] {logging_mixin.py:188} INFO - [2026-02-16T21:00:35.047+0000] {dagbag.py:538} INFO - Filling up the DagBag from /opt/airflow/dags/etl_dag.py
[2026-02-16T21:00:35.091+0000] {logging_mixin.py:188} INFO - Warning: Your Kaggle API key is readable by other users on this system! To fix this, you can run 'chmod 600 /home/airflow/.kaggle/kaggle.json'
[2026-02-16T21:00:35.151+0000] {logging_mixin.py:188} WARNING - /home/airflow/.local/lib/python3.8/site-packages/airflow/models/baseoperator.py:437 AirflowProviderDeprecationWarning: `exists_ok` parameter is deprecated, please use `if_exists`
[2026-02-16T21:00:35.160+0000] {processor.py:840} INFO - DAG(s) 'ecommerce_etl_v2' retrieved from /opt/airflow/dags/etl_dag.py
[2026-02-16T21:00:35.179+0000] {logging_mixin.py:188} INFO - [2026-02-16T21:00:35.179+0000] {dag.py:3036} INFO - Sync 1 DAGs
[2026-02-16T21:00:35.189+0000] {logging_mixin.py:188} INFO - [2026-02-16T21:00:35.189+0000] {dag.py:3823} INFO - Setting next_dagrun for ecommerce_etl_v2 to 2026-02-16 13:00:00+00:00, run_after=2026-02-17 13:00:00+00:00
[2026-02-16T21:00:35.198+0000] {processor.py:183} INFO - Processing /opt/airflow/dags/etl_dag.py took 0.157 seconds
[2026-02-16T21:01:05.363+0000] {processor.py:161} INFO - Started process (PID=48260) to work on /opt/airflow/dags/etl_dag.py
[2026-02-16T21:01:05.364+0000] {processor.py:830} INFO - Processing file /opt/airflow/dags/etl_dag.py for tasks to queue
[2026-02-16T21:01:05.365+0000] {logging_mixin.py:188} INFO - [2026-02-16T21:01:05.365+0000] {dagbag.py:538} INFO - Filling up the DagBag from /opt/airflow/dags/etl_dag.py
[2026-02-16T21:01:05.407+0000] {logging_mixin.py:188} INFO - Warning: Your Kaggle API key is readable by other users on this system! To fix this, you can run 'chmod 600 /home/airflow/.kaggle/kaggle.json'
[2026-02-16T21:01:05.467+0000] {logging_mixin.py:188} WARNING - /home/airflow/.local/lib/python3.8/site-packages/airflow/models/baseoperator.py:437 AirflowProviderDeprecationWarning: `exists_ok` parameter is deprecated, please use `if_exists`
[2026-02-16T21:01:05.475+0000] {processor.py:840} INFO - DAG(s) 'ecommerce_etl_v2' retrieved from /opt/airflow/dags/etl_dag.py
[2026-02-16T21:01:05.493+0000] {logging_mixin.py:188} INFO - [2026-02-16T21:01:05.493+0000] {dag.py:3036} INFO - Sync 1 DAGs
[2026-02-16T21:01:05.503+0000] {logging_mixin.py:188} INFO - [2026-02-16T21:01:05.503+0000] {dag.py:3823} INFO - Setting next_dagrun for ecommerce_etl_v2 to 2026-02-16 13:00:00+00:00, run_after=2026-02-17 13:00:00+00:00
[2026-02-16T21:01:05.512+0000] {processor.py:183} INFO - Processing /opt/airflow/dags/etl_dag.py took 0.151 seconds
[2026-02-16T21:01:35.804+0000] {processor.py:161} INFO - Started process (PID=48291) to work on /opt/airflow/dags/etl_dag.py
[2026-02-16T21:01:35.806+0000] {processor.py:830} INFO - Processing file /opt/airflow/dags/etl_dag.py for tasks to queue
[2026-02-16T21:01:35.807+0000] {logging_mixin.py:188} INFO - [2026-02-16T21:01:35.806+0000] {dagbag.py:538} INFO - Filling up the DagBag from /opt/airflow/dags/etl_dag.py
[2026-02-16T21:01:35.853+0000] {logging_mixin.py:188} INFO - Warning: Your Kaggle API key is readable by other users on this system! To fix this, you can run 'chmod 600 /home/airflow/.kaggle/kaggle.json'
[2026-02-16T21:01:35.913+0000] {logging_mixin.py:188} WARNING - /home/airflow/.local/lib/python3.8/site-packages/airflow/models/baseoperator.py:437 AirflowProviderDeprecationWarning: `exists_ok` parameter is deprecated, please use `if_exists`
[2026-02-16T21:01:35.922+0000] {processor.py:840} INFO - DAG(s) 'ecommerce_etl_v2' retrieved from /opt/airflow/dags/etl_dag.py
[2026-02-16T21:01:35.941+0000] {logging_mixin.py:188} INFO - [2026-02-16T21:01:35.941+0000] {dag.py:3036} INFO - Sync 1 DAGs
[2026-02-16T21:01:35.951+0000] {logging_mixin.py:188} INFO - [2026-02-16T21:01:35.951+0000] {dag.py:3823} INFO - Setting next_dagrun for ecommerce_etl_v2 to 2026-02-16 13:00:00+00:00, run_after=2026-02-17 13:00:00+00:00
[2026-02-16T21:01:35.960+0000] {processor.py:183} INFO - Processing /opt/airflow/dags/etl_dag.py took 0.159 seconds
[2026-02-16T21:02:06.168+0000] {processor.py:161} INFO - Started process (PID=48322) to work on /opt/airflow/dags/etl_dag.py
[2026-02-16T21:02:06.169+0000] {processor.py:830} INFO - Processing file /opt/airflow/dags/etl_dag.py for tasks to queue
[2026-02-16T21:02:06.171+0000] {logging_mixin.py:188} INFO - [2026-02-16T21:02:06.170+0000] {dagbag.py:538} INFO - Filling up the DagBag from /opt/airflow/dags/etl_dag.py
[2026-02-16T21:02:06.216+0000] {logging_mixin.py:188} INFO - Warning: Your Kaggle API key is readable by other users on this system! To fix this, you can run 'chmod 600 /home/airflow/.kaggle/kaggle.json'
[2026-02-16T21:02:06.276+0000] {logging_mixin.py:188} WARNING - /home/airflow/.local/lib/python3.8/site-packages/airflow/models/baseoperator.py:437 AirflowProviderDeprecationWarning: `exists_ok` parameter is deprecated, please use `if_exists`
[2026-02-16T21:02:06.286+0000] {processor.py:840} INFO - DAG(s) 'ecommerce_etl_v2' retrieved from /opt/airflow/dags/etl_dag.py
[2026-02-16T21:02:06.306+0000] {logging_mixin.py:188} INFO - [2026-02-16T21:02:06.305+0000] {dag.py:3036} INFO - Sync 1 DAGs
[2026-02-16T21:02:06.317+0000] {logging_mixin.py:188} INFO - [2026-02-16T21:02:06.317+0000] {dag.py:3823} INFO - Setting next_dagrun for ecommerce_etl_v2 to 2026-02-16 13:00:00+00:00, run_after=2026-02-17 13:00:00+00:00
[2026-02-16T21:02:06.325+0000] {processor.py:183} INFO - Processing /opt/airflow/dags/etl_dag.py took 0.161 seconds
[2026-02-16T21:02:36.495+0000] {processor.py:161} INFO - Started process (PID=48353) to work on /opt/airflow/dags/etl_dag.py
[2026-02-16T21:02:36.496+0000] {processor.py:830} INFO - Processing file /opt/airflow/dags/etl_dag.py for tasks to queue
[2026-02-16T21:02:36.496+0000] {logging_mixin.py:188} INFO - [2026-02-16T21:02:36.496+0000] {dagbag.py:538} INFO - Filling up the DagBag from /opt/airflow/dags/etl_dag.py
[2026-02-16T21:02:36.534+0000] {logging_mixin.py:188} INFO - Warning: Your Kaggle API key is readable by other users on this system! To fix this, you can run 'chmod 600 /home/airflow/.kaggle/kaggle.json'
[2026-02-16T21:02:36.594+0000] {logging_mixin.py:188} WARNING - /home/airflow/.local/lib/python3.8/site-packages/airflow/models/baseoperator.py:437 AirflowProviderDeprecationWarning: `exists_ok` parameter is deprecated, please use `if_exists`
[2026-02-16T21:02:36.602+0000] {processor.py:840} INFO - DAG(s) 'ecommerce_etl_v2' retrieved from /opt/airflow/dags/etl_dag.py
[2026-02-16T21:02:36.621+0000] {logging_mixin.py:188} INFO - [2026-02-16T21:02:36.621+0000] {dag.py:3036} INFO - Sync 1 DAGs
[2026-02-16T21:02:36.631+0000] {logging_mixin.py:188} INFO - [2026-02-16T21:02:36.631+0000] {dag.py:3823} INFO - Setting next_dagrun for ecommerce_etl_v2 to 2026-02-16 13:00:00+00:00, run_after=2026-02-17 13:00:00+00:00
[2026-02-16T21:02:36.640+0000] {processor.py:183} INFO - Processing /opt/airflow/dags/etl_dag.py took 0.147 seconds
[2026-02-16T21:03:06.912+0000] {processor.py:161} INFO - Started process (PID=48384) to work on /opt/airflow/dags/etl_dag.py
[2026-02-16T21:03:06.913+0000] {processor.py:830} INFO - Processing file /opt/airflow/dags/etl_dag.py for tasks to queue
[2026-02-16T21:03:06.914+0000] {logging_mixin.py:188} INFO - [2026-02-16T21:03:06.913+0000] {dagbag.py:538} INFO - Filling up the DagBag from /opt/airflow/dags/etl_dag.py
[2026-02-16T21:03:06.952+0000] {logging_mixin.py:188} INFO - Warning: Your Kaggle API key is readable by other users on this system! To fix this, you can run 'chmod 600 /home/airflow/.kaggle/kaggle.json'
[2026-02-16T21:03:07.012+0000] {logging_mixin.py:188} WARNING - /home/airflow/.local/lib/python3.8/site-packages/airflow/models/baseoperator.py:437 AirflowProviderDeprecationWarning: `exists_ok` parameter is deprecated, please use `if_exists`
[2026-02-16T21:03:07.023+0000] {processor.py:840} INFO - DAG(s) 'ecommerce_etl_v2' retrieved from /opt/airflow/dags/etl_dag.py
[2026-02-16T21:03:07.041+0000] {logging_mixin.py:188} INFO - [2026-02-16T21:03:07.041+0000] {dag.py:3036} INFO - Sync 1 DAGs
[2026-02-16T21:03:07.051+0000] {logging_mixin.py:188} INFO - [2026-02-16T21:03:07.051+0000] {dag.py:3823} INFO - Setting next_dagrun for ecommerce_etl_v2 to 2026-02-16 13:00:00+00:00, run_after=2026-02-17 13:00:00+00:00
[2026-02-16T21:03:07.059+0000] {processor.py:183} INFO - Processing /opt/airflow/dags/etl_dag.py took 0.149 seconds
[2026-02-16T21:03:37.388+0000] {processor.py:161} INFO - Started process (PID=48415) to work on /opt/airflow/dags/etl_dag.py
[2026-02-16T21:03:37.389+0000] {processor.py:830} INFO - Processing file /opt/airflow/dags/etl_dag.py for tasks to queue
[2026-02-16T21:03:37.390+0000] {logging_mixin.py:188} INFO - [2026-02-16T21:03:37.389+0000] {dagbag.py:538} INFO - Filling up the DagBag from /opt/airflow/dags/etl_dag.py
[2026-02-16T21:03:37.429+0000] {logging_mixin.py:188} INFO - Warning: Your Kaggle API key is readable by other users on this system! To fix this, you can run 'chmod 600 /home/airflow/.kaggle/kaggle.json'
[2026-02-16T21:03:37.490+0000] {logging_mixin.py:188} WARNING - /home/airflow/.local/lib/python3.8/site-packages/airflow/models/baseoperator.py:437 AirflowProviderDeprecationWarning: `exists_ok` parameter is deprecated, please use `if_exists`
[2026-02-16T21:03:37.499+0000] {processor.py:840} INFO - DAG(s) 'ecommerce_etl_v2' retrieved from /opt/airflow/dags/etl_dag.py
[2026-02-16T21:03:37.518+0000] {logging_mixin.py:188} INFO - [2026-02-16T21:03:37.518+0000] {dag.py:3036} INFO - Sync 1 DAGs
[2026-02-16T21:03:37.528+0000] {logging_mixin.py:188} INFO - [2026-02-16T21:03:37.528+0000] {dag.py:3823} INFO - Setting next_dagrun for ecommerce_etl_v2 to 2026-02-16 13:00:00+00:00, run_after=2026-02-17 13:00:00+00:00
[2026-02-16T21:03:37.537+0000] {processor.py:183} INFO - Processing /opt/airflow/dags/etl_dag.py took 0.151 seconds
[2026-02-16T21:04:07.978+0000] {processor.py:161} INFO - Started process (PID=48446) to work on /opt/airflow/dags/etl_dag.py
[2026-02-16T21:04:07.979+0000] {processor.py:830} INFO - Processing file /opt/airflow/dags/etl_dag.py for tasks to queue
[2026-02-16T21:04:07.980+0000] {logging_mixin.py:188} INFO - [2026-02-16T21:04:07.980+0000] {dagbag.py:538} INFO - Filling up the DagBag from /opt/airflow/dags/etl_dag.py
[2026-02-16T21:04:08.026+0000] {logging_mixin.py:188} INFO - Warning: Your Kaggle API key is readable by other users on this system! To fix this, you can run 'chmod 600 /home/airflow/.kaggle/kaggle.json'
[2026-02-16T21:04:08.086+0000] {logging_mixin.py:188} WARNING - /home/airflow/.local/lib/python3.8/site-packages/airflow/models/baseoperator.py:437 AirflowProviderDeprecationWarning: `exists_ok` parameter is deprecated, please use `if_exists`
[2026-02-16T21:04:08.095+0000] {processor.py:840} INFO - DAG(s) 'ecommerce_etl_v2' retrieved from /opt/airflow/dags/etl_dag.py
[2026-02-16T21:04:08.114+0000] {logging_mixin.py:188} INFO - [2026-02-16T21:04:08.113+0000] {dag.py:3036} INFO - Sync 1 DAGs
[2026-02-16T21:04:08.124+0000] {logging_mixin.py:188} INFO - [2026-02-16T21:04:08.124+0000] {dag.py:3823} INFO - Setting next_dagrun for ecommerce_etl_v2 to 2026-02-16 13:00:00+00:00, run_after=2026-02-17 13:00:00+00:00
[2026-02-16T21:04:08.133+0000] {processor.py:183} INFO - Processing /opt/airflow/dags/etl_dag.py took 0.159 seconds
[2026-02-16T21:04:38.378+0000] {processor.py:161} INFO - Started process (PID=48477) to work on /opt/airflow/dags/etl_dag.py
[2026-02-16T21:04:38.379+0000] {processor.py:830} INFO - Processing file /opt/airflow/dags/etl_dag.py for tasks to queue
[2026-02-16T21:04:38.379+0000] {logging_mixin.py:188} INFO - [2026-02-16T21:04:38.379+0000] {dagbag.py:538} INFO - Filling up the DagBag from /opt/airflow/dags/etl_dag.py
[2026-02-16T21:04:38.422+0000] {logging_mixin.py:188} INFO - Warning: Your Kaggle API key is readable by other users on this system! To fix this, you can run 'chmod 600 /home/airflow/.kaggle/kaggle.json'
[2026-02-16T21:04:38.481+0000] {logging_mixin.py:188} WARNING - /home/airflow/.local/lib/python3.8/site-packages/airflow/models/baseoperator.py:437 AirflowProviderDeprecationWarning: `exists_ok` parameter is deprecated, please use `if_exists`
[2026-02-16T21:04:38.489+0000] {processor.py:840} INFO - DAG(s) 'ecommerce_etl_v2' retrieved from /opt/airflow/dags/etl_dag.py
[2026-02-16T21:04:38.507+0000] {logging_mixin.py:188} INFO - [2026-02-16T21:04:38.507+0000] {dag.py:3036} INFO - Sync 1 DAGs
[2026-02-16T21:04:38.517+0000] {logging_mixin.py:188} INFO - [2026-02-16T21:04:38.517+0000] {dag.py:3823} INFO - Setting next_dagrun for ecommerce_etl_v2 to 2026-02-16 13:00:00+00:00, run_after=2026-02-17 13:00:00+00:00
[2026-02-16T21:04:38.526+0000] {processor.py:183} INFO - Processing /opt/airflow/dags/etl_dag.py took 0.151 seconds
[2026-02-16T21:05:08.660+0000] {processor.py:161} INFO - Started process (PID=48508) to work on /opt/airflow/dags/etl_dag.py
[2026-02-16T21:05:08.661+0000] {processor.py:830} INFO - Processing file /opt/airflow/dags/etl_dag.py for tasks to queue
[2026-02-16T21:05:08.662+0000] {logging_mixin.py:188} INFO - [2026-02-16T21:05:08.662+0000] {dagbag.py:538} INFO - Filling up the DagBag from /opt/airflow/dags/etl_dag.py
[2026-02-16T21:05:08.701+0000] {logging_mixin.py:188} INFO - Warning: Your Kaggle API key is readable by other users on this system! To fix this, you can run 'chmod 600 /home/airflow/.kaggle/kaggle.json'
[2026-02-16T21:05:08.760+0000] {logging_mixin.py:188} WARNING - /home/airflow/.local/lib/python3.8/site-packages/airflow/models/baseoperator.py:437 AirflowProviderDeprecationWarning: `exists_ok` parameter is deprecated, please use `if_exists`
[2026-02-16T21:05:08.769+0000] {processor.py:840} INFO - DAG(s) 'ecommerce_etl_v2' retrieved from /opt/airflow/dags/etl_dag.py
[2026-02-16T21:05:08.787+0000] {logging_mixin.py:188} INFO - [2026-02-16T21:05:08.787+0000] {dag.py:3036} INFO - Sync 1 DAGs
[2026-02-16T21:05:08.797+0000] {logging_mixin.py:188} INFO - [2026-02-16T21:05:08.797+0000] {dag.py:3823} INFO - Setting next_dagrun for ecommerce_etl_v2 to 2026-02-16 13:00:00+00:00, run_after=2026-02-17 13:00:00+00:00
[2026-02-16T21:05:08.806+0000] {processor.py:183} INFO - Processing /opt/airflow/dags/etl_dag.py took 0.148 seconds
[2026-02-16T21:05:39.121+0000] {processor.py:161} INFO - Started process (PID=48539) to work on /opt/airflow/dags/etl_dag.py
[2026-02-16T21:05:39.122+0000] {processor.py:830} INFO - Processing file /opt/airflow/dags/etl_dag.py for tasks to queue
[2026-02-16T21:05:39.123+0000] {logging_mixin.py:188} INFO - [2026-02-16T21:05:39.123+0000] {dagbag.py:538} INFO - Filling up the DagBag from /opt/airflow/dags/etl_dag.py
[2026-02-16T21:05:39.170+0000] {logging_mixin.py:188} INFO - Warning: Your Kaggle API key is readable by other users on this system! To fix this, you can run 'chmod 600 /home/airflow/.kaggle/kaggle.json'
[2026-02-16T21:05:39.229+0000] {logging_mixin.py:188} WARNING - /home/airflow/.local/lib/python3.8/site-packages/airflow/models/baseoperator.py:437 AirflowProviderDeprecationWarning: `exists_ok` parameter is deprecated, please use `if_exists`
[2026-02-16T21:05:39.240+0000] {processor.py:840} INFO - DAG(s) 'ecommerce_etl_v2' retrieved from /opt/airflow/dags/etl_dag.py
[2026-02-16T21:05:39.259+0000] {logging_mixin.py:188} INFO - [2026-02-16T21:05:39.259+0000] {dag.py:3036} INFO - Sync 1 DAGs
[2026-02-16T21:05:39.271+0000] {logging_mixin.py:188} INFO - [2026-02-16T21:05:39.271+0000] {dag.py:3823} INFO - Setting next_dagrun for ecommerce_etl_v2 to 2026-02-16 13:00:00+00:00, run_after=2026-02-17 13:00:00+00:00
[2026-02-16T21:05:39.279+0000] {processor.py:183} INFO - Processing /opt/airflow/dags/etl_dag.py took 0.162 seconds
[2026-02-16T21:06:09.519+0000] {processor.py:161} INFO - Started process (PID=48570) to work on /opt/airflow/dags/etl_dag.py
[2026-02-16T21:06:09.520+0000] {processor.py:830} INFO - Processing file /opt/airflow/dags/etl_dag.py for tasks to queue
[2026-02-16T21:06:09.521+0000] {logging_mixin.py:188} INFO - [2026-02-16T21:06:09.520+0000] {dagbag.py:538} INFO - Filling up the DagBag from /opt/airflow/dags/etl_dag.py
[2026-02-16T21:06:09.566+0000] {logging_mixin.py:188} INFO - Warning: Your Kaggle API key is readable by other users on this system! To fix this, you can run 'chmod 600 /home/airflow/.kaggle/kaggle.json'
[2026-02-16T21:06:09.629+0000] {logging_mixin.py:188} WARNING - /home/airflow/.local/lib/python3.8/site-packages/airflow/models/baseoperator.py:437 AirflowProviderDeprecationWarning: `exists_ok` parameter is deprecated, please use `if_exists`
[2026-02-16T21:06:09.638+0000] {processor.py:840} INFO - DAG(s) 'ecommerce_etl_v2' retrieved from /opt/airflow/dags/etl_dag.py
[2026-02-16T21:06:09.656+0000] {logging_mixin.py:188} INFO - [2026-02-16T21:06:09.656+0000] {dag.py:3036} INFO - Sync 1 DAGs
[2026-02-16T21:06:09.666+0000] {logging_mixin.py:188} INFO - [2026-02-16T21:06:09.666+0000] {dag.py:3823} INFO - Setting next_dagrun for ecommerce_etl_v2 to 2026-02-16 13:00:00+00:00, run_after=2026-02-17 13:00:00+00:00
[2026-02-16T21:06:09.675+0000] {processor.py:183} INFO - Processing /opt/airflow/dags/etl_dag.py took 0.161 seconds
[2026-02-16T21:06:39.907+0000] {processor.py:161} INFO - Started process (PID=48601) to work on /opt/airflow/dags/etl_dag.py
[2026-02-16T21:06:39.908+0000] {processor.py:830} INFO - Processing file /opt/airflow/dags/etl_dag.py for tasks to queue
[2026-02-16T21:06:39.909+0000] {logging_mixin.py:188} INFO - [2026-02-16T21:06:39.909+0000] {dagbag.py:538} INFO - Filling up the DagBag from /opt/airflow/dags/etl_dag.py
[2026-02-16T21:06:39.951+0000] {logging_mixin.py:188} INFO - Warning: Your Kaggle API key is readable by other users on this system! To fix this, you can run 'chmod 600 /home/airflow/.kaggle/kaggle.json'
[2026-02-16T21:06:40.011+0000] {logging_mixin.py:188} WARNING - /home/airflow/.local/lib/python3.8/site-packages/airflow/models/baseoperator.py:437 AirflowProviderDeprecationWarning: `exists_ok` parameter is deprecated, please use `if_exists`
[2026-02-16T21:06:40.020+0000] {processor.py:840} INFO - DAG(s) 'ecommerce_etl_v2' retrieved from /opt/airflow/dags/etl_dag.py
[2026-02-16T21:06:40.038+0000] {logging_mixin.py:188} INFO - [2026-02-16T21:06:40.038+0000] {dag.py:3036} INFO - Sync 1 DAGs
[2026-02-16T21:06:40.048+0000] {logging_mixin.py:188} INFO - [2026-02-16T21:06:40.048+0000] {dag.py:3823} INFO - Setting next_dagrun for ecommerce_etl_v2 to 2026-02-16 13:00:00+00:00, run_after=2026-02-17 13:00:00+00:00
[2026-02-16T21:06:40.057+0000] {processor.py:183} INFO - Processing /opt/airflow/dags/etl_dag.py took 0.154 seconds
[2026-02-16T21:07:10.291+0000] {processor.py:161} INFO - Started process (PID=48632) to work on /opt/airflow/dags/etl_dag.py
[2026-02-16T21:07:10.293+0000] {processor.py:830} INFO - Processing file /opt/airflow/dags/etl_dag.py for tasks to queue
[2026-02-16T21:07:10.294+0000] {logging_mixin.py:188} INFO - [2026-02-16T21:07:10.293+0000] {dagbag.py:538} INFO - Filling up the DagBag from /opt/airflow/dags/etl_dag.py
[2026-02-16T21:07:10.338+0000] {logging_mixin.py:188} INFO - Warning: Your Kaggle API key is readable by other users on this system! To fix this, you can run 'chmod 600 /home/airflow/.kaggle/kaggle.json'
[2026-02-16T21:07:10.398+0000] {logging_mixin.py:188} WARNING - /home/airflow/.local/lib/python3.8/site-packages/airflow/models/baseoperator.py:437 AirflowProviderDeprecationWarning: `exists_ok` parameter is deprecated, please use `if_exists`
[2026-02-16T21:07:10.406+0000] {processor.py:840} INFO - DAG(s) 'ecommerce_etl_v2' retrieved from /opt/airflow/dags/etl_dag.py
[2026-02-16T21:07:10.426+0000] {logging_mixin.py:188} INFO - [2026-02-16T21:07:10.425+0000] {dag.py:3036} INFO - Sync 1 DAGs
[2026-02-16T21:07:10.436+0000] {logging_mixin.py:188} INFO - [2026-02-16T21:07:10.436+0000] {dag.py:3823} INFO - Setting next_dagrun for ecommerce_etl_v2 to 2026-02-16 13:00:00+00:00, run_after=2026-02-17 13:00:00+00:00
[2026-02-16T21:07:10.444+0000] {processor.py:183} INFO - Processing /opt/airflow/dags/etl_dag.py took 0.158 seconds
[2026-02-16T21:07:40.618+0000] {processor.py:161} INFO - Started process (PID=48663) to work on /opt/airflow/dags/etl_dag.py
[2026-02-16T21:07:40.618+0000] {processor.py:830} INFO - Processing file /opt/airflow/dags/etl_dag.py for tasks to queue
[2026-02-16T21:07:40.619+0000] {logging_mixin.py:188} INFO - [2026-02-16T21:07:40.619+0000] {dagbag.py:538} INFO - Filling up the DagBag from /opt/airflow/dags/etl_dag.py
[2026-02-16T21:07:40.661+0000] {logging_mixin.py:188} INFO - Warning: Your Kaggle API key is readable by other users on this system! To fix this, you can run 'chmod 600 /home/airflow/.kaggle/kaggle.json'
[2026-02-16T21:07:40.722+0000] {logging_mixin.py:188} WARNING - /home/airflow/.local/lib/python3.8/site-packages/airflow/models/baseoperator.py:437 AirflowProviderDeprecationWarning: `exists_ok` parameter is deprecated, please use `if_exists`
[2026-02-16T21:07:40.731+0000] {processor.py:840} INFO - DAG(s) 'ecommerce_etl_v2' retrieved from /opt/airflow/dags/etl_dag.py
[2026-02-16T21:07:40.749+0000] {logging_mixin.py:188} INFO - [2026-02-16T21:07:40.749+0000] {dag.py:3036} INFO - Sync 1 DAGs
[2026-02-16T21:07:40.759+0000] {logging_mixin.py:188} INFO - [2026-02-16T21:07:40.759+0000] {dag.py:3823} INFO - Setting next_dagrun for ecommerce_etl_v2 to 2026-02-16 13:00:00+00:00, run_after=2026-02-17 13:00:00+00:00
[2026-02-16T21:07:40.767+0000] {processor.py:183} INFO - Processing /opt/airflow/dags/etl_dag.py took 0.153 seconds
[2026-02-16T21:12:23.056+0000] {processor.py:161} INFO - Started process (PID=48694) to work on /opt/airflow/dags/etl_dag.py
[2026-02-16T21:12:23.057+0000] {processor.py:830} INFO - Processing file /opt/airflow/dags/etl_dag.py for tasks to queue
[2026-02-16T21:12:23.058+0000] {logging_mixin.py:188} INFO - [2026-02-16T21:12:23.057+0000] {dagbag.py:538} INFO - Filling up the DagBag from /opt/airflow/dags/etl_dag.py
[2026-02-16T21:12:23.106+0000] {logging_mixin.py:188} INFO - Warning: Your Kaggle API key is readable by other users on this system! To fix this, you can run 'chmod 600 /home/airflow/.kaggle/kaggle.json'
[2026-02-16T21:12:23.175+0000] {logging_mixin.py:188} WARNING - /home/airflow/.local/lib/python3.8/site-packages/airflow/models/baseoperator.py:437 AirflowProviderDeprecationWarning: `exists_ok` parameter is deprecated, please use `if_exists`
[2026-02-16T21:12:23.189+0000] {processor.py:840} INFO - DAG(s) 'ecommerce_etl_v2' retrieved from /opt/airflow/dags/etl_dag.py
[2026-02-16T21:12:23.211+0000] {logging_mixin.py:188} INFO - [2026-02-16T21:12:23.211+0000] {dag.py:3036} INFO - Sync 1 DAGs
[2026-02-16T21:12:23.230+0000] {logging_mixin.py:188} INFO - [2026-02-16T21:12:23.230+0000] {dag.py:3823} INFO - Setting next_dagrun for ecommerce_etl_v2 to 2026-02-16 13:00:00+00:00, run_after=2026-02-17 13:00:00+00:00
[2026-02-16T21:12:23.242+0000] {processor.py:183} INFO - Processing /opt/airflow/dags/etl_dag.py took 0.189 seconds
[2026-02-16T21:12:53.362+0000] {processor.py:161} INFO - Started process (PID=48727) to work on /opt/airflow/dags/etl_dag.py
[2026-02-16T21:12:53.363+0000] {processor.py:830} INFO - Processing file /opt/airflow/dags/etl_dag.py for tasks to queue
[2026-02-16T21:12:53.364+0000] {logging_mixin.py:188} INFO - [2026-02-16T21:12:53.364+0000] {dagbag.py:538} INFO - Filling up the DagBag from /opt/airflow/dags/etl_dag.py
[2026-02-16T21:12:53.408+0000] {logging_mixin.py:188} INFO - Warning: Your Kaggle API key is readable by other users on this system! To fix this, you can run 'chmod 600 /home/airflow/.kaggle/kaggle.json'
[2026-02-16T21:12:53.470+0000] {logging_mixin.py:188} WARNING - /home/airflow/.local/lib/python3.8/site-packages/airflow/models/baseoperator.py:437 AirflowProviderDeprecationWarning: `exists_ok` parameter is deprecated, please use `if_exists`
[2026-02-16T21:12:53.479+0000] {processor.py:840} INFO - DAG(s) 'ecommerce_etl_v2' retrieved from /opt/airflow/dags/etl_dag.py
[2026-02-16T21:12:53.498+0000] {logging_mixin.py:188} INFO - [2026-02-16T21:12:53.498+0000] {dag.py:3036} INFO - Sync 1 DAGs
[2026-02-16T21:12:53.508+0000] {logging_mixin.py:188} INFO - [2026-02-16T21:12:53.508+0000] {dag.py:3823} INFO - Setting next_dagrun for ecommerce_etl_v2 to 2026-02-16 13:00:00+00:00, run_after=2026-02-17 13:00:00+00:00
[2026-02-16T21:12:53.517+0000] {processor.py:183} INFO - Processing /opt/airflow/dags/etl_dag.py took 0.159 seconds
[2026-02-16T21:13:23.754+0000] {processor.py:161} INFO - Started process (PID=48758) to work on /opt/airflow/dags/etl_dag.py
[2026-02-16T21:13:23.756+0000] {processor.py:830} INFO - Processing file /opt/airflow/dags/etl_dag.py for tasks to queue
[2026-02-16T21:13:23.756+0000] {logging_mixin.py:188} INFO - [2026-02-16T21:13:23.756+0000] {dagbag.py:538} INFO - Filling up the DagBag from /opt/airflow/dags/etl_dag.py
[2026-02-16T21:13:23.806+0000] {logging_mixin.py:188} INFO - Warning: Your Kaggle API key is readable by other users on this system! To fix this, you can run 'chmod 600 /home/airflow/.kaggle/kaggle.json'
[2026-02-16T21:13:23.865+0000] {logging_mixin.py:188} WARNING - /home/airflow/.local/lib/python3.8/site-packages/airflow/models/baseoperator.py:437 AirflowProviderDeprecationWarning: `exists_ok` parameter is deprecated, please use `if_exists`
[2026-02-16T21:13:23.875+0000] {processor.py:840} INFO - DAG(s) 'ecommerce_etl_v2' retrieved from /opt/airflow/dags/etl_dag.py
[2026-02-16T21:13:23.894+0000] {logging_mixin.py:188} INFO - [2026-02-16T21:13:23.894+0000] {dag.py:3036} INFO - Sync 1 DAGs
[2026-02-16T21:13:23.905+0000] {logging_mixin.py:188} INFO - [2026-02-16T21:13:23.905+0000] {dag.py:3823} INFO - Setting next_dagrun for ecommerce_etl_v2 to 2026-02-16 13:00:00+00:00, run_after=2026-02-17 13:00:00+00:00
[2026-02-16T21:13:23.913+0000] {processor.py:183} INFO - Processing /opt/airflow/dags/etl_dag.py took 0.163 seconds
[2026-02-16T21:13:54.003+0000] {processor.py:161} INFO - Started process (PID=48789) to work on /opt/airflow/dags/etl_dag.py
[2026-02-16T21:13:54.004+0000] {processor.py:830} INFO - Processing file /opt/airflow/dags/etl_dag.py for tasks to queue
[2026-02-16T21:13:54.005+0000] {logging_mixin.py:188} INFO - [2026-02-16T21:13:54.005+0000] {dagbag.py:538} INFO - Filling up the DagBag from /opt/airflow/dags/etl_dag.py
[2026-02-16T21:13:54.051+0000] {logging_mixin.py:188} INFO - Warning: Your Kaggle API key is readable by other users on this system! To fix this, you can run 'chmod 600 /home/airflow/.kaggle/kaggle.json'
[2026-02-16T21:13:54.111+0000] {logging_mixin.py:188} WARNING - /home/airflow/.local/lib/python3.8/site-packages/airflow/models/baseoperator.py:437 AirflowProviderDeprecationWarning: `exists_ok` parameter is deprecated, please use `if_exists`
[2026-02-16T21:13:54.120+0000] {processor.py:840} INFO - DAG(s) 'ecommerce_etl_v2' retrieved from /opt/airflow/dags/etl_dag.py
[2026-02-16T21:13:54.139+0000] {logging_mixin.py:188} INFO - [2026-02-16T21:13:54.139+0000] {dag.py:3036} INFO - Sync 1 DAGs
[2026-02-16T21:13:54.149+0000] {logging_mixin.py:188} INFO - [2026-02-16T21:13:54.149+0000] {dag.py:3823} INFO - Setting next_dagrun for ecommerce_etl_v2 to 2026-02-16 13:00:00+00:00, run_after=2026-02-17 13:00:00+00:00
[2026-02-16T21:13:54.158+0000] {processor.py:183} INFO - Processing /opt/airflow/dags/etl_dag.py took 0.159 seconds
[2026-02-16T21:14:24.448+0000] {processor.py:161} INFO - Started process (PID=48820) to work on /opt/airflow/dags/etl_dag.py
[2026-02-16T21:14:24.449+0000] {processor.py:830} INFO - Processing file /opt/airflow/dags/etl_dag.py for tasks to queue
[2026-02-16T21:14:24.450+0000] {logging_mixin.py:188} INFO - [2026-02-16T21:14:24.450+0000] {dagbag.py:538} INFO - Filling up the DagBag from /opt/airflow/dags/etl_dag.py
[2026-02-16T21:14:24.495+0000] {logging_mixin.py:188} INFO - Warning: Your Kaggle API key is readable by other users on this system! To fix this, you can run 'chmod 600 /home/airflow/.kaggle/kaggle.json'
[2026-02-16T21:14:24.554+0000] {logging_mixin.py:188} WARNING - /home/airflow/.local/lib/python3.8/site-packages/airflow/models/baseoperator.py:437 AirflowProviderDeprecationWarning: `exists_ok` parameter is deprecated, please use `if_exists`
[2026-02-16T21:14:24.563+0000] {processor.py:840} INFO - DAG(s) 'ecommerce_etl_v2' retrieved from /opt/airflow/dags/etl_dag.py
[2026-02-16T21:14:24.581+0000] {logging_mixin.py:188} INFO - [2026-02-16T21:14:24.581+0000] {dag.py:3036} INFO - Sync 1 DAGs
[2026-02-16T21:14:24.591+0000] {logging_mixin.py:188} INFO - [2026-02-16T21:14:24.591+0000] {dag.py:3823} INFO - Setting next_dagrun for ecommerce_etl_v2 to 2026-02-16 13:00:00+00:00, run_after=2026-02-17 13:00:00+00:00
[2026-02-16T21:14:24.600+0000] {processor.py:183} INFO - Processing /opt/airflow/dags/etl_dag.py took 0.156 seconds
[2026-02-16T21:14:54.768+0000] {processor.py:161} INFO - Started process (PID=48851) to work on /opt/airflow/dags/etl_dag.py
[2026-02-16T21:14:54.770+0000] {processor.py:830} INFO - Processing file /opt/airflow/dags/etl_dag.py for tasks to queue
[2026-02-16T21:14:54.771+0000] {logging_mixin.py:188} INFO - [2026-02-16T21:14:54.770+0000] {dagbag.py:538} INFO - Filling up the DagBag from /opt/airflow/dags/etl_dag.py
[2026-02-16T21:14:54.820+0000] {logging_mixin.py:188} INFO - Warning: Your Kaggle API key is readable by other users on this system! To fix this, you can run 'chmod 600 /home/airflow/.kaggle/kaggle.json'
[2026-02-16T21:14:54.883+0000] {logging_mixin.py:188} WARNING - /home/airflow/.local/lib/python3.8/site-packages/airflow/models/baseoperator.py:437 AirflowProviderDeprecationWarning: `exists_ok` parameter is deprecated, please use `if_exists`
[2026-02-16T21:14:54.893+0000] {processor.py:840} INFO - DAG(s) 'ecommerce_etl_v2' retrieved from /opt/airflow/dags/etl_dag.py
[2026-02-16T21:14:54.912+0000] {logging_mixin.py:188} INFO - [2026-02-16T21:14:54.912+0000] {dag.py:3036} INFO - Sync 1 DAGs
[2026-02-16T21:14:54.923+0000] {logging_mixin.py:188} INFO - [2026-02-16T21:14:54.923+0000] {dag.py:3823} INFO - Setting next_dagrun for ecommerce_etl_v2 to 2026-02-16 13:00:00+00:00, run_after=2026-02-17 13:00:00+00:00
[2026-02-16T21:14:54.933+0000] {processor.py:183} INFO - Processing /opt/airflow/dags/etl_dag.py took 0.169 seconds
[2026-02-16T21:15:25.135+0000] {processor.py:161} INFO - Started process (PID=48882) to work on /opt/airflow/dags/etl_dag.py
[2026-02-16T21:15:25.136+0000] {processor.py:830} INFO - Processing file /opt/airflow/dags/etl_dag.py for tasks to queue
[2026-02-16T21:15:25.137+0000] {logging_mixin.py:188} INFO - [2026-02-16T21:15:25.136+0000] {dagbag.py:538} INFO - Filling up the DagBag from /opt/airflow/dags/etl_dag.py
[2026-02-16T21:15:25.182+0000] {logging_mixin.py:188} INFO - Warning: Your Kaggle API key is readable by other users on this system! To fix this, you can run 'chmod 600 /home/airflow/.kaggle/kaggle.json'
[2026-02-16T21:15:25.241+0000] {logging_mixin.py:188} WARNING - /home/airflow/.local/lib/python3.8/site-packages/airflow/models/baseoperator.py:437 AirflowProviderDeprecationWarning: `exists_ok` parameter is deprecated, please use `if_exists`
[2026-02-16T21:15:25.250+0000] {processor.py:840} INFO - DAG(s) 'ecommerce_etl_v2' retrieved from /opt/airflow/dags/etl_dag.py
[2026-02-16T21:15:25.268+0000] {logging_mixin.py:188} INFO - [2026-02-16T21:15:25.268+0000] {dag.py:3036} INFO - Sync 1 DAGs
[2026-02-16T21:15:25.278+0000] {logging_mixin.py:188} INFO - [2026-02-16T21:15:25.278+0000] {dag.py:3823} INFO - Setting next_dagrun for ecommerce_etl_v2 to 2026-02-16 13:00:00+00:00, run_after=2026-02-17 13:00:00+00:00
[2026-02-16T21:15:25.287+0000] {processor.py:183} INFO - Processing /opt/airflow/dags/etl_dag.py took 0.157 seconds
[2026-02-16T21:15:55.474+0000] {processor.py:161} INFO - Started process (PID=48913) to work on /opt/airflow/dags/etl_dag.py
[2026-02-16T21:15:55.476+0000] {processor.py:830} INFO - Processing file /opt/airflow/dags/etl_dag.py for tasks to queue
[2026-02-16T21:15:55.477+0000] {logging_mixin.py:188} INFO - [2026-02-16T21:15:55.477+0000] {dagbag.py:538} INFO - Filling up the DagBag from /opt/airflow/dags/etl_dag.py
[2026-02-16T21:15:55.524+0000] {logging_mixin.py:188} INFO - Warning: Your Kaggle API key is readable by other users on this system! To fix this, you can run 'chmod 600 /home/airflow/.kaggle/kaggle.json'
[2026-02-16T21:15:55.584+0000] {logging_mixin.py:188} WARNING - /home/airflow/.local/lib/python3.8/site-packages/airflow/models/baseoperator.py:437 AirflowProviderDeprecationWarning: `exists_ok` parameter is deprecated, please use `if_exists`
[2026-02-16T21:15:55.593+0000] {processor.py:840} INFO - DAG(s) 'ecommerce_etl_v2' retrieved from /opt/airflow/dags/etl_dag.py
[2026-02-16T21:15:55.611+0000] {logging_mixin.py:188} INFO - [2026-02-16T21:15:55.611+0000] {dag.py:3036} INFO - Sync 1 DAGs
[2026-02-16T21:15:55.621+0000] {logging_mixin.py:188} INFO - [2026-02-16T21:15:55.621+0000] {dag.py:3823} INFO - Setting next_dagrun for ecommerce_etl_v2 to 2026-02-16 13:00:00+00:00, run_after=2026-02-17 13:00:00+00:00
[2026-02-16T21:15:55.629+0000] {processor.py:183} INFO - Processing /opt/airflow/dags/etl_dag.py took 0.160 seconds
[2026-02-16T21:16:25.838+0000] {processor.py:161} INFO - Started process (PID=48944) to work on /opt/airflow/dags/etl_dag.py
[2026-02-16T21:16:25.839+0000] {processor.py:830} INFO - Processing file /opt/airflow/dags/etl_dag.py for tasks to queue
[2026-02-16T21:16:25.840+0000] {logging_mixin.py:188} INFO - [2026-02-16T21:16:25.840+0000] {dagbag.py:538} INFO - Filling up the DagBag from /opt/airflow/dags/etl_dag.py
[2026-02-16T21:16:25.883+0000] {logging_mixin.py:188} INFO - Warning: Your Kaggle API key is readable by other users on this system! To fix this, you can run 'chmod 600 /home/airflow/.kaggle/kaggle.json'
[2026-02-16T21:16:25.944+0000] {logging_mixin.py:188} WARNING - /home/airflow/.local/lib/python3.8/site-packages/airflow/models/baseoperator.py:437 AirflowProviderDeprecationWarning: `exists_ok` parameter is deprecated, please use `if_exists`
[2026-02-16T21:16:25.953+0000] {processor.py:840} INFO - DAG(s) 'ecommerce_etl_v2' retrieved from /opt/airflow/dags/etl_dag.py
[2026-02-16T21:16:25.972+0000] {logging_mixin.py:188} INFO - [2026-02-16T21:16:25.972+0000] {dag.py:3036} INFO - Sync 1 DAGs
[2026-02-16T21:16:25.983+0000] {logging_mixin.py:188} INFO - [2026-02-16T21:16:25.983+0000] {dag.py:3823} INFO - Setting next_dagrun for ecommerce_etl_v2 to 2026-02-16 13:00:00+00:00, run_after=2026-02-17 13:00:00+00:00
[2026-02-16T21:16:25.992+0000] {processor.py:183} INFO - Processing /opt/airflow/dags/etl_dag.py took 0.158 seconds
[2026-02-16T21:16:56.117+0000] {processor.py:161} INFO - Started process (PID=48975) to work on /opt/airflow/dags/etl_dag.py
[2026-02-16T21:16:56.118+0000] {processor.py:830} INFO - Processing file /opt/airflow/dags/etl_dag.py for tasks to queue
[2026-02-16T21:16:56.119+0000] {logging_mixin.py:188} INFO - [2026-02-16T21:16:56.118+0000] {dagbag.py:538} INFO - Filling up the DagBag from /opt/airflow/dags/etl_dag.py
[2026-02-16T21:16:56.165+0000] {logging_mixin.py:188} INFO - Warning: Your Kaggle API key is readable by other users on this system! To fix this, you can run 'chmod 600 /home/airflow/.kaggle/kaggle.json'
[2026-02-16T21:16:56.229+0000] {logging_mixin.py:188} WARNING - /home/airflow/.local/lib/python3.8/site-packages/airflow/models/baseoperator.py:437 AirflowProviderDeprecationWarning: `exists_ok` parameter is deprecated, please use `if_exists`
[2026-02-16T21:16:56.239+0000] {processor.py:840} INFO - DAG(s) 'ecommerce_etl_v2' retrieved from /opt/airflow/dags/etl_dag.py
[2026-02-16T21:16:56.259+0000] {logging_mixin.py:188} INFO - [2026-02-16T21:16:56.259+0000] {dag.py:3036} INFO - Sync 1 DAGs
[2026-02-16T21:16:56.271+0000] {logging_mixin.py:188} INFO - [2026-02-16T21:16:56.271+0000] {dag.py:3823} INFO - Setting next_dagrun for ecommerce_etl_v2 to 2026-02-16 13:00:00+00:00, run_after=2026-02-17 13:00:00+00:00
[2026-02-16T21:16:56.282+0000] {processor.py:183} INFO - Processing /opt/airflow/dags/etl_dag.py took 0.167 seconds
[2026-02-16T21:17:26.463+0000] {processor.py:161} INFO - Started process (PID=49006) to work on /opt/airflow/dags/etl_dag.py
[2026-02-16T21:17:26.466+0000] {processor.py:830} INFO - Processing file /opt/airflow/dags/etl_dag.py for tasks to queue
[2026-02-16T21:17:26.467+0000] {logging_mixin.py:188} INFO - [2026-02-16T21:17:26.466+0000] {dagbag.py:538} INFO - Filling up the DagBag from /opt/airflow/dags/etl_dag.py
[2026-02-16T21:17:26.527+0000] {logging_mixin.py:188} INFO - Warning: Your Kaggle API key is readable by other users on this system! To fix this, you can run 'chmod 600 /home/airflow/.kaggle/kaggle.json'
[2026-02-16T21:17:26.597+0000] {logging_mixin.py:188} WARNING - /home/airflow/.local/lib/python3.8/site-packages/airflow/models/baseoperator.py:437 AirflowProviderDeprecationWarning: `exists_ok` parameter is deprecated, please use `if_exists`
[2026-02-16T21:17:26.611+0000] {processor.py:840} INFO - DAG(s) 'ecommerce_etl_v2' retrieved from /opt/airflow/dags/etl_dag.py
[2026-02-16T21:17:26.635+0000] {logging_mixin.py:188} INFO - [2026-02-16T21:17:26.634+0000] {dag.py:3036} INFO - Sync 1 DAGs
[2026-02-16T21:17:26.648+0000] {logging_mixin.py:188} INFO - [2026-02-16T21:17:26.648+0000] {dag.py:3823} INFO - Setting next_dagrun for ecommerce_etl_v2 to 2026-02-16 13:00:00+00:00, run_after=2026-02-17 13:00:00+00:00
[2026-02-16T21:17:26.659+0000] {processor.py:183} INFO - Processing /opt/airflow/dags/etl_dag.py took 0.200 seconds
[2026-02-16T21:17:56.886+0000] {processor.py:161} INFO - Started process (PID=49037) to work on /opt/airflow/dags/etl_dag.py
[2026-02-16T21:17:56.888+0000] {processor.py:830} INFO - Processing file /opt/airflow/dags/etl_dag.py for tasks to queue
[2026-02-16T21:17:56.889+0000] {logging_mixin.py:188} INFO - [2026-02-16T21:17:56.889+0000] {dagbag.py:538} INFO - Filling up the DagBag from /opt/airflow/dags/etl_dag.py
[2026-02-16T21:17:56.936+0000] {logging_mixin.py:188} INFO - Warning: Your Kaggle API key is readable by other users on this system! To fix this, you can run 'chmod 600 /home/airflow/.kaggle/kaggle.json'
[2026-02-16T21:17:56.996+0000] {logging_mixin.py:188} WARNING - /home/airflow/.local/lib/python3.8/site-packages/airflow/models/baseoperator.py:437 AirflowProviderDeprecationWarning: `exists_ok` parameter is deprecated, please use `if_exists`
[2026-02-16T21:17:57.005+0000] {processor.py:840} INFO - DAG(s) 'ecommerce_etl_v2' retrieved from /opt/airflow/dags/etl_dag.py
[2026-02-16T21:17:57.024+0000] {logging_mixin.py:188} INFO - [2026-02-16T21:17:57.024+0000] {dag.py:3036} INFO - Sync 1 DAGs
[2026-02-16T21:17:57.034+0000] {logging_mixin.py:188} INFO - [2026-02-16T21:17:57.034+0000] {dag.py:3823} INFO - Setting next_dagrun for ecommerce_etl_v2 to 2026-02-16 13:00:00+00:00, run_after=2026-02-17 13:00:00+00:00
[2026-02-16T21:17:57.043+0000] {processor.py:183} INFO - Processing /opt/airflow/dags/etl_dag.py took 0.161 seconds
[2026-02-16T21:18:27.258+0000] {processor.py:161} INFO - Started process (PID=49068) to work on /opt/airflow/dags/etl_dag.py
[2026-02-16T21:18:27.260+0000] {processor.py:830} INFO - Processing file /opt/airflow/dags/etl_dag.py for tasks to queue
[2026-02-16T21:18:27.260+0000] {logging_mixin.py:188} INFO - [2026-02-16T21:18:27.260+0000] {dagbag.py:538} INFO - Filling up the DagBag from /opt/airflow/dags/etl_dag.py
[2026-02-16T21:18:27.305+0000] {logging_mixin.py:188} INFO - Warning: Your Kaggle API key is readable by other users on this system! To fix this, you can run 'chmod 600 /home/airflow/.kaggle/kaggle.json'
[2026-02-16T21:18:27.365+0000] {logging_mixin.py:188} WARNING - /home/airflow/.local/lib/python3.8/site-packages/airflow/models/baseoperator.py:437 AirflowProviderDeprecationWarning: `exists_ok` parameter is deprecated, please use `if_exists`
[2026-02-16T21:18:27.375+0000] {processor.py:840} INFO - DAG(s) 'ecommerce_etl_v2' retrieved from /opt/airflow/dags/etl_dag.py
[2026-02-16T21:18:27.394+0000] {logging_mixin.py:188} INFO - [2026-02-16T21:18:27.394+0000] {dag.py:3036} INFO - Sync 1 DAGs
[2026-02-16T21:18:27.404+0000] {logging_mixin.py:188} INFO - [2026-02-16T21:18:27.404+0000] {dag.py:3823} INFO - Setting next_dagrun for ecommerce_etl_v2 to 2026-02-16 13:00:00+00:00, run_after=2026-02-17 13:00:00+00:00
[2026-02-16T21:18:27.412+0000] {processor.py:183} INFO - Processing /opt/airflow/dags/etl_dag.py took 0.158 seconds
[2026-02-16T21:18:57.517+0000] {processor.py:161} INFO - Started process (PID=49099) to work on /opt/airflow/dags/etl_dag.py
[2026-02-16T21:18:57.518+0000] {processor.py:830} INFO - Processing file /opt/airflow/dags/etl_dag.py for tasks to queue
[2026-02-16T21:18:57.518+0000] {logging_mixin.py:188} INFO - [2026-02-16T21:18:57.518+0000] {dagbag.py:538} INFO - Filling up the DagBag from /opt/airflow/dags/etl_dag.py
[2026-02-16T21:18:57.561+0000] {logging_mixin.py:188} INFO - Warning: Your Kaggle API key is readable by other users on this system! To fix this, you can run 'chmod 600 /home/airflow/.kaggle/kaggle.json'
[2026-02-16T21:18:57.622+0000] {logging_mixin.py:188} WARNING - /home/airflow/.local/lib/python3.8/site-packages/airflow/models/baseoperator.py:437 AirflowProviderDeprecationWarning: `exists_ok` parameter is deprecated, please use `if_exists`
[2026-02-16T21:18:57.631+0000] {processor.py:840} INFO - DAG(s) 'ecommerce_etl_v2' retrieved from /opt/airflow/dags/etl_dag.py
[2026-02-16T21:18:57.650+0000] {logging_mixin.py:188} INFO - [2026-02-16T21:18:57.649+0000] {dag.py:3036} INFO - Sync 1 DAGs
[2026-02-16T21:18:57.660+0000] {logging_mixin.py:188} INFO - [2026-02-16T21:18:57.660+0000] {dag.py:3823} INFO - Setting next_dagrun for ecommerce_etl_v2 to 2026-02-16 13:00:00+00:00, run_after=2026-02-17 13:00:00+00:00
[2026-02-16T21:18:57.669+0000] {processor.py:183} INFO - Processing /opt/airflow/dags/etl_dag.py took 0.155 seconds
[2026-02-16T21:19:27.960+0000] {processor.py:161} INFO - Started process (PID=49130) to work on /opt/airflow/dags/etl_dag.py
[2026-02-16T21:19:27.961+0000] {processor.py:830} INFO - Processing file /opt/airflow/dags/etl_dag.py for tasks to queue
[2026-02-16T21:19:27.962+0000] {logging_mixin.py:188} INFO - [2026-02-16T21:19:27.962+0000] {dagbag.py:538} INFO - Filling up the DagBag from /opt/airflow/dags/etl_dag.py
[2026-02-16T21:19:28.010+0000] {logging_mixin.py:188} INFO - Warning: Your Kaggle API key is readable by other users on this system! To fix this, you can run 'chmod 600 /home/airflow/.kaggle/kaggle.json'
[2026-02-16T21:19:28.069+0000] {logging_mixin.py:188} WARNING - /home/airflow/.local/lib/python3.8/site-packages/airflow/models/baseoperator.py:437 AirflowProviderDeprecationWarning: `exists_ok` parameter is deprecated, please use `if_exists`
[2026-02-16T21:19:28.077+0000] {processor.py:840} INFO - DAG(s) 'ecommerce_etl_v2' retrieved from /opt/airflow/dags/etl_dag.py
[2026-02-16T21:19:28.095+0000] {logging_mixin.py:188} INFO - [2026-02-16T21:19:28.095+0000] {dag.py:3036} INFO - Sync 1 DAGs
[2026-02-16T21:19:28.105+0000] {logging_mixin.py:188} INFO - [2026-02-16T21:19:28.105+0000] {dag.py:3823} INFO - Setting next_dagrun for ecommerce_etl_v2 to 2026-02-16 13:00:00+00:00, run_after=2026-02-17 13:00:00+00:00
[2026-02-16T21:19:28.114+0000] {processor.py:183} INFO - Processing /opt/airflow/dags/etl_dag.py took 0.157 seconds
[2026-02-16T21:19:58.250+0000] {processor.py:161} INFO - Started process (PID=49161) to work on /opt/airflow/dags/etl_dag.py
[2026-02-16T21:19:58.251+0000] {processor.py:830} INFO - Processing file /opt/airflow/dags/etl_dag.py for tasks to queue
[2026-02-16T21:19:58.252+0000] {logging_mixin.py:188} INFO - [2026-02-16T21:19:58.252+0000] {dagbag.py:538} INFO - Filling up the DagBag from /opt/airflow/dags/etl_dag.py
[2026-02-16T21:19:58.301+0000] {logging_mixin.py:188} INFO - Warning: Your Kaggle API key is readable by other users on this system! To fix this, you can run 'chmod 600 /home/airflow/.kaggle/kaggle.json'
[2026-02-16T21:19:58.362+0000] {logging_mixin.py:188} WARNING - /home/airflow/.local/lib/python3.8/site-packages/airflow/models/baseoperator.py:437 AirflowProviderDeprecationWarning: `exists_ok` parameter is deprecated, please use `if_exists`
[2026-02-16T21:19:58.372+0000] {processor.py:840} INFO - DAG(s) 'ecommerce_etl_v2' retrieved from /opt/airflow/dags/etl_dag.py
[2026-02-16T21:19:58.391+0000] {logging_mixin.py:188} INFO - [2026-02-16T21:19:58.391+0000] {dag.py:3036} INFO - Sync 1 DAGs
[2026-02-16T21:19:58.402+0000] {logging_mixin.py:188} INFO - [2026-02-16T21:19:58.401+0000] {dag.py:3823} INFO - Setting next_dagrun for ecommerce_etl_v2 to 2026-02-16 13:00:00+00:00, run_after=2026-02-17 13:00:00+00:00
[2026-02-16T21:19:58.410+0000] {processor.py:183} INFO - Processing /opt/airflow/dags/etl_dag.py took 0.164 seconds
[2026-02-16T21:20:28.761+0000] {processor.py:161} INFO - Started process (PID=49192) to work on /opt/airflow/dags/etl_dag.py
[2026-02-16T21:20:28.762+0000] {processor.py:830} INFO - Processing file /opt/airflow/dags/etl_dag.py for tasks to queue
[2026-02-16T21:20:28.763+0000] {logging_mixin.py:188} INFO - [2026-02-16T21:20:28.763+0000] {dagbag.py:538} INFO - Filling up the DagBag from /opt/airflow/dags/etl_dag.py
[2026-02-16T21:20:28.812+0000] {logging_mixin.py:188} INFO - Warning: Your Kaggle API key is readable by other users on this system! To fix this, you can run 'chmod 600 /home/airflow/.kaggle/kaggle.json'
[2026-02-16T21:20:28.873+0000] {logging_mixin.py:188} WARNING - /home/airflow/.local/lib/python3.8/site-packages/airflow/models/baseoperator.py:437 AirflowProviderDeprecationWarning: `exists_ok` parameter is deprecated, please use `if_exists`
[2026-02-16T21:20:28.886+0000] {processor.py:840} INFO - DAG(s) 'ecommerce_etl_v2' retrieved from /opt/airflow/dags/etl_dag.py
[2026-02-16T21:20:28.908+0000] {logging_mixin.py:188} INFO - [2026-02-16T21:20:28.907+0000] {dag.py:3036} INFO - Sync 1 DAGs
[2026-02-16T21:20:28.921+0000] {logging_mixin.py:188} INFO - [2026-02-16T21:20:28.921+0000] {dag.py:3823} INFO - Setting next_dagrun for ecommerce_etl_v2 to 2026-02-16 13:00:00+00:00, run_after=2026-02-17 13:00:00+00:00
[2026-02-16T21:20:28.932+0000] {processor.py:183} INFO - Processing /opt/airflow/dags/etl_dag.py took 0.175 seconds
[2026-02-16T21:20:59.040+0000] {processor.py:161} INFO - Started process (PID=49223) to work on /opt/airflow/dags/etl_dag.py
[2026-02-16T21:20:59.041+0000] {processor.py:830} INFO - Processing file /opt/airflow/dags/etl_dag.py for tasks to queue
[2026-02-16T21:20:59.041+0000] {logging_mixin.py:188} INFO - [2026-02-16T21:20:59.041+0000] {dagbag.py:538} INFO - Filling up the DagBag from /opt/airflow/dags/etl_dag.py
[2026-02-16T21:20:59.079+0000] {logging_mixin.py:188} INFO - Warning: Your Kaggle API key is readable by other users on this system! To fix this, you can run 'chmod 600 /home/airflow/.kaggle/kaggle.json'
[2026-02-16T21:20:59.140+0000] {logging_mixin.py:188} WARNING - /home/airflow/.local/lib/python3.8/site-packages/airflow/models/baseoperator.py:437 AirflowProviderDeprecationWarning: `exists_ok` parameter is deprecated, please use `if_exists`
[2026-02-16T21:20:59.149+0000] {processor.py:840} INFO - DAG(s) 'ecommerce_etl_v2' retrieved from /opt/airflow/dags/etl_dag.py
[2026-02-16T21:20:59.168+0000] {logging_mixin.py:188} INFO - [2026-02-16T21:20:59.168+0000] {dag.py:3036} INFO - Sync 1 DAGs
[2026-02-16T21:20:59.179+0000] {logging_mixin.py:188} INFO - [2026-02-16T21:20:59.179+0000] {dag.py:3823} INFO - Setting next_dagrun for ecommerce_etl_v2 to 2026-02-16 13:00:00+00:00, run_after=2026-02-17 13:00:00+00:00
[2026-02-16T21:20:59.187+0000] {processor.py:183} INFO - Processing /opt/airflow/dags/etl_dag.py took 0.149 seconds
[2026-02-16T21:21:29.587+0000] {processor.py:161} INFO - Started process (PID=49254) to work on /opt/airflow/dags/etl_dag.py
[2026-02-16T21:21:29.588+0000] {processor.py:830} INFO - Processing file /opt/airflow/dags/etl_dag.py for tasks to queue
[2026-02-16T21:21:29.589+0000] {logging_mixin.py:188} INFO - [2026-02-16T21:21:29.589+0000] {dagbag.py:538} INFO - Filling up the DagBag from /opt/airflow/dags/etl_dag.py
[2026-02-16T21:21:29.635+0000] {logging_mixin.py:188} INFO - Warning: Your Kaggle API key is readable by other users on this system! To fix this, you can run 'chmod 600 /home/airflow/.kaggle/kaggle.json'
[2026-02-16T21:21:29.695+0000] {logging_mixin.py:188} WARNING - /home/airflow/.local/lib/python3.8/site-packages/airflow/models/baseoperator.py:437 AirflowProviderDeprecationWarning: `exists_ok` parameter is deprecated, please use `if_exists`
[2026-02-16T21:21:29.704+0000] {processor.py:840} INFO - DAG(s) 'ecommerce_etl_v2' retrieved from /opt/airflow/dags/etl_dag.py
[2026-02-16T21:21:29.723+0000] {logging_mixin.py:188} INFO - [2026-02-16T21:21:29.723+0000] {dag.py:3036} INFO - Sync 1 DAGs
[2026-02-16T21:21:29.733+0000] {logging_mixin.py:188} INFO - [2026-02-16T21:21:29.733+0000] {dag.py:3823} INFO - Setting next_dagrun for ecommerce_etl_v2 to 2026-02-16 13:00:00+00:00, run_after=2026-02-17 13:00:00+00:00
[2026-02-16T21:21:29.742+0000] {processor.py:183} INFO - Processing /opt/airflow/dags/etl_dag.py took 0.159 seconds
[2026-02-16T21:21:59.966+0000] {processor.py:161} INFO - Started process (PID=49285) to work on /opt/airflow/dags/etl_dag.py
[2026-02-16T21:21:59.967+0000] {processor.py:830} INFO - Processing file /opt/airflow/dags/etl_dag.py for tasks to queue
[2026-02-16T21:21:59.968+0000] {logging_mixin.py:188} INFO - [2026-02-16T21:21:59.968+0000] {dagbag.py:538} INFO - Filling up the DagBag from /opt/airflow/dags/etl_dag.py
[2026-02-16T21:22:00.014+0000] {logging_mixin.py:188} INFO - Warning: Your Kaggle API key is readable by other users on this system! To fix this, you can run 'chmod 600 /home/airflow/.kaggle/kaggle.json'
[2026-02-16T21:22:00.077+0000] {logging_mixin.py:188} WARNING - /home/airflow/.local/lib/python3.8/site-packages/airflow/models/baseoperator.py:437 AirflowProviderDeprecationWarning: `exists_ok` parameter is deprecated, please use `if_exists`
[2026-02-16T21:22:00.086+0000] {processor.py:840} INFO - DAG(s) 'ecommerce_etl_v2' retrieved from /opt/airflow/dags/etl_dag.py
[2026-02-16T21:22:00.104+0000] {logging_mixin.py:188} INFO - [2026-02-16T21:22:00.104+0000] {dag.py:3036} INFO - Sync 1 DAGs
[2026-02-16T21:22:00.114+0000] {logging_mixin.py:188} INFO - [2026-02-16T21:22:00.114+0000] {dag.py:3823} INFO - Setting next_dagrun for ecommerce_etl_v2 to 2026-02-16 13:00:00+00:00, run_after=2026-02-17 13:00:00+00:00
[2026-02-16T21:22:00.122+0000] {processor.py:183} INFO - Processing /opt/airflow/dags/etl_dag.py took 0.160 seconds
[2026-02-16T21:22:30.353+0000] {processor.py:161} INFO - Started process (PID=49316) to work on /opt/airflow/dags/etl_dag.py
[2026-02-16T21:22:30.354+0000] {processor.py:830} INFO - Processing file /opt/airflow/dags/etl_dag.py for tasks to queue
[2026-02-16T21:22:30.355+0000] {logging_mixin.py:188} INFO - [2026-02-16T21:22:30.355+0000] {dagbag.py:538} INFO - Filling up the DagBag from /opt/airflow/dags/etl_dag.py
[2026-02-16T21:22:30.401+0000] {logging_mixin.py:188} INFO - Warning: Your Kaggle API key is readable by other users on this system! To fix this, you can run 'chmod 600 /home/airflow/.kaggle/kaggle.json'
[2026-02-16T21:22:30.462+0000] {logging_mixin.py:188} WARNING - /home/airflow/.local/lib/python3.8/site-packages/airflow/models/baseoperator.py:437 AirflowProviderDeprecationWarning: `exists_ok` parameter is deprecated, please use `if_exists`
[2026-02-16T21:22:30.471+0000] {processor.py:840} INFO - DAG(s) 'ecommerce_etl_v2' retrieved from /opt/airflow/dags/etl_dag.py
[2026-02-16T21:22:30.490+0000] {logging_mixin.py:188} INFO - [2026-02-16T21:22:30.489+0000] {dag.py:3036} INFO - Sync 1 DAGs
[2026-02-16T21:22:30.502+0000] {logging_mixin.py:188} INFO - [2026-02-16T21:22:30.502+0000] {dag.py:3823} INFO - Setting next_dagrun for ecommerce_etl_v2 to 2026-02-16 13:00:00+00:00, run_after=2026-02-17 13:00:00+00:00
[2026-02-16T21:22:30.512+0000] {processor.py:183} INFO - Processing /opt/airflow/dags/etl_dag.py took 0.162 seconds
[2026-02-16T21:23:00.683+0000] {processor.py:161} INFO - Started process (PID=49347) to work on /opt/airflow/dags/etl_dag.py
[2026-02-16T21:23:00.684+0000] {processor.py:830} INFO - Processing file /opt/airflow/dags/etl_dag.py for tasks to queue
[2026-02-16T21:23:00.684+0000] {logging_mixin.py:188} INFO - [2026-02-16T21:23:00.684+0000] {dagbag.py:538} INFO - Filling up the DagBag from /opt/airflow/dags/etl_dag.py
[2026-02-16T21:23:00.726+0000] {logging_mixin.py:188} INFO - Warning: Your Kaggle API key is readable by other users on this system! To fix this, you can run 'chmod 600 /home/airflow/.kaggle/kaggle.json'
[2026-02-16T21:23:00.787+0000] {logging_mixin.py:188} WARNING - /home/airflow/.local/lib/python3.8/site-packages/airflow/models/baseoperator.py:437 AirflowProviderDeprecationWarning: `exists_ok` parameter is deprecated, please use `if_exists`
[2026-02-16T21:23:00.796+0000] {processor.py:840} INFO - DAG(s) 'ecommerce_etl_v2' retrieved from /opt/airflow/dags/etl_dag.py
[2026-02-16T21:23:00.816+0000] {logging_mixin.py:188} INFO - [2026-02-16T21:23:00.815+0000] {dag.py:3036} INFO - Sync 1 DAGs
[2026-02-16T21:23:00.825+0000] {logging_mixin.py:188} INFO - [2026-02-16T21:23:00.825+0000] {dag.py:3823} INFO - Setting next_dagrun for ecommerce_etl_v2 to 2026-02-16 13:00:00+00:00, run_after=2026-02-17 13:00:00+00:00
[2026-02-16T21:23:00.833+0000] {processor.py:183} INFO - Processing /opt/airflow/dags/etl_dag.py took 0.154 seconds
[2026-02-16T21:23:31.081+0000] {processor.py:161} INFO - Started process (PID=49378) to work on /opt/airflow/dags/etl_dag.py
[2026-02-16T21:23:31.081+0000] {processor.py:830} INFO - Processing file /opt/airflow/dags/etl_dag.py for tasks to queue
[2026-02-16T21:23:31.082+0000] {logging_mixin.py:188} INFO - [2026-02-16T21:23:31.082+0000] {dagbag.py:538} INFO - Filling up the DagBag from /opt/airflow/dags/etl_dag.py
[2026-02-16T21:23:31.123+0000] {logging_mixin.py:188} INFO - Warning: Your Kaggle API key is readable by other users on this system! To fix this, you can run 'chmod 600 /home/airflow/.kaggle/kaggle.json'
[2026-02-16T21:23:31.185+0000] {logging_mixin.py:188} WARNING - /home/airflow/.local/lib/python3.8/site-packages/airflow/models/baseoperator.py:437 AirflowProviderDeprecationWarning: `exists_ok` parameter is deprecated, please use `if_exists`
[2026-02-16T21:23:31.194+0000] {processor.py:840} INFO - DAG(s) 'ecommerce_etl_v2' retrieved from /opt/airflow/dags/etl_dag.py
[2026-02-16T21:23:31.213+0000] {logging_mixin.py:188} INFO - [2026-02-16T21:23:31.212+0000] {dag.py:3036} INFO - Sync 1 DAGs
[2026-02-16T21:23:31.223+0000] {logging_mixin.py:188} INFO - [2026-02-16T21:23:31.223+0000] {dag.py:3823} INFO - Setting next_dagrun for ecommerce_etl_v2 to 2026-02-16 13:00:00+00:00, run_after=2026-02-17 13:00:00+00:00
[2026-02-16T21:23:31.233+0000] {processor.py:183} INFO - Processing /opt/airflow/dags/etl_dag.py took 0.154 seconds
[2026-02-16T21:24:01.405+0000] {processor.py:161} INFO - Started process (PID=49409) to work on /opt/airflow/dags/etl_dag.py
[2026-02-16T21:24:01.407+0000] {processor.py:830} INFO - Processing file /opt/airflow/dags/etl_dag.py for tasks to queue
[2026-02-16T21:24:01.408+0000] {logging_mixin.py:188} INFO - [2026-02-16T21:24:01.408+0000] {dagbag.py:538} INFO - Filling up the DagBag from /opt/airflow/dags/etl_dag.py
[2026-02-16T21:24:01.455+0000] {logging_mixin.py:188} INFO - Warning: Your Kaggle API key is readable by other users on this system! To fix this, you can run 'chmod 600 /home/airflow/.kaggle/kaggle.json'
[2026-02-16T21:24:01.516+0000] {logging_mixin.py:188} WARNING - /home/airflow/.local/lib/python3.8/site-packages/airflow/models/baseoperator.py:437 AirflowProviderDeprecationWarning: `exists_ok` parameter is deprecated, please use `if_exists`
[2026-02-16T21:24:01.525+0000] {processor.py:840} INFO - DAG(s) 'ecommerce_etl_v2' retrieved from /opt/airflow/dags/etl_dag.py
[2026-02-16T21:24:01.543+0000] {logging_mixin.py:188} INFO - [2026-02-16T21:24:01.543+0000] {dag.py:3036} INFO - Sync 1 DAGs
[2026-02-16T21:24:01.553+0000] {logging_mixin.py:188} INFO - [2026-02-16T21:24:01.553+0000] {dag.py:3823} INFO - Setting next_dagrun for ecommerce_etl_v2 to 2026-02-16 13:00:00+00:00, run_after=2026-02-17 13:00:00+00:00
[2026-02-16T21:24:01.562+0000] {processor.py:183} INFO - Processing /opt/airflow/dags/etl_dag.py took 0.161 seconds
[2026-02-16T21:24:31.824+0000] {processor.py:161} INFO - Started process (PID=49440) to work on /opt/airflow/dags/etl_dag.py
[2026-02-16T21:24:31.825+0000] {processor.py:830} INFO - Processing file /opt/airflow/dags/etl_dag.py for tasks to queue
[2026-02-16T21:24:31.825+0000] {logging_mixin.py:188} INFO - [2026-02-16T21:24:31.825+0000] {dagbag.py:538} INFO - Filling up the DagBag from /opt/airflow/dags/etl_dag.py
[2026-02-16T21:24:31.862+0000] {logging_mixin.py:188} INFO - Warning: Your Kaggle API key is readable by other users on this system! To fix this, you can run 'chmod 600 /home/airflow/.kaggle/kaggle.json'
[2026-02-16T21:24:31.922+0000] {logging_mixin.py:188} WARNING - /home/airflow/.local/lib/python3.8/site-packages/airflow/models/baseoperator.py:437 AirflowProviderDeprecationWarning: `exists_ok` parameter is deprecated, please use `if_exists`
[2026-02-16T21:24:31.930+0000] {processor.py:840} INFO - DAG(s) 'ecommerce_etl_v2' retrieved from /opt/airflow/dags/etl_dag.py
[2026-02-16T21:24:31.949+0000] {logging_mixin.py:188} INFO - [2026-02-16T21:24:31.948+0000] {dag.py:3036} INFO - Sync 1 DAGs
[2026-02-16T21:24:31.959+0000] {logging_mixin.py:188} INFO - [2026-02-16T21:24:31.959+0000] {dag.py:3823} INFO - Setting next_dagrun for ecommerce_etl_v2 to 2026-02-16 13:00:00+00:00, run_after=2026-02-17 13:00:00+00:00
[2026-02-16T21:24:31.968+0000] {processor.py:183} INFO - Processing /opt/airflow/dags/etl_dag.py took 0.145 seconds
[2026-02-16T21:25:02.129+0000] {processor.py:161} INFO - Started process (PID=49471) to work on /opt/airflow/dags/etl_dag.py
[2026-02-16T21:25:02.129+0000] {processor.py:830} INFO - Processing file /opt/airflow/dags/etl_dag.py for tasks to queue
[2026-02-16T21:25:02.130+0000] {logging_mixin.py:188} INFO - [2026-02-16T21:25:02.130+0000] {dagbag.py:538} INFO - Filling up the DagBag from /opt/airflow/dags/etl_dag.py
[2026-02-16T21:25:02.173+0000] {logging_mixin.py:188} INFO - Warning: Your Kaggle API key is readable by other users on this system! To fix this, you can run 'chmod 600 /home/airflow/.kaggle/kaggle.json'
[2026-02-16T21:25:02.233+0000] {logging_mixin.py:188} WARNING - /home/airflow/.local/lib/python3.8/site-packages/airflow/models/baseoperator.py:437 AirflowProviderDeprecationWarning: `exists_ok` parameter is deprecated, please use `if_exists`
[2026-02-16T21:25:02.242+0000] {processor.py:840} INFO - DAG(s) 'ecommerce_etl_v2' retrieved from /opt/airflow/dags/etl_dag.py
[2026-02-16T21:25:02.260+0000] {logging_mixin.py:188} INFO - [2026-02-16T21:25:02.260+0000] {dag.py:3036} INFO - Sync 1 DAGs
[2026-02-16T21:25:02.270+0000] {logging_mixin.py:188} INFO - [2026-02-16T21:25:02.270+0000] {dag.py:3823} INFO - Setting next_dagrun for ecommerce_etl_v2 to 2026-02-16 13:00:00+00:00, run_after=2026-02-17 13:00:00+00:00
[2026-02-16T21:25:02.279+0000] {processor.py:183} INFO - Processing /opt/airflow/dags/etl_dag.py took 0.153 seconds
[2026-02-16T21:25:32.547+0000] {processor.py:161} INFO - Started process (PID=49502) to work on /opt/airflow/dags/etl_dag.py
[2026-02-16T21:25:32.548+0000] {processor.py:830} INFO - Processing file /opt/airflow/dags/etl_dag.py for tasks to queue
[2026-02-16T21:25:32.548+0000] {logging_mixin.py:188} INFO - [2026-02-16T21:25:32.548+0000] {dagbag.py:538} INFO - Filling up the DagBag from /opt/airflow/dags/etl_dag.py
[2026-02-16T21:25:32.585+0000] {logging_mixin.py:188} INFO - Warning: Your Kaggle API key is readable by other users on this system! To fix this, you can run 'chmod 600 /home/airflow/.kaggle/kaggle.json'
[2026-02-16T21:25:32.644+0000] {logging_mixin.py:188} WARNING - /home/airflow/.local/lib/python3.8/site-packages/airflow/models/baseoperator.py:437 AirflowProviderDeprecationWarning: `exists_ok` parameter is deprecated, please use `if_exists`
[2026-02-16T21:25:32.653+0000] {processor.py:840} INFO - DAG(s) 'ecommerce_etl_v2' retrieved from /opt/airflow/dags/etl_dag.py
[2026-02-16T21:25:32.671+0000] {logging_mixin.py:188} INFO - [2026-02-16T21:25:32.671+0000] {dag.py:3036} INFO - Sync 1 DAGs
[2026-02-16T21:25:32.681+0000] {logging_mixin.py:188} INFO - [2026-02-16T21:25:32.681+0000] {dag.py:3823} INFO - Setting next_dagrun for ecommerce_etl_v2 to 2026-02-16 13:00:00+00:00, run_after=2026-02-17 13:00:00+00:00
[2026-02-16T21:25:32.690+0000] {processor.py:183} INFO - Processing /opt/airflow/dags/etl_dag.py took 0.145 seconds
[2026-02-16T21:26:02.886+0000] {processor.py:161} INFO - Started process (PID=49533) to work on /opt/airflow/dags/etl_dag.py
[2026-02-16T21:26:02.887+0000] {processor.py:830} INFO - Processing file /opt/airflow/dags/etl_dag.py for tasks to queue
[2026-02-16T21:26:02.888+0000] {logging_mixin.py:188} INFO - [2026-02-16T21:26:02.887+0000] {dagbag.py:538} INFO - Filling up the DagBag from /opt/airflow/dags/etl_dag.py
[2026-02-16T21:26:02.930+0000] {logging_mixin.py:188} INFO - Warning: Your Kaggle API key is readable by other users on this system! To fix this, you can run 'chmod 600 /home/airflow/.kaggle/kaggle.json'
[2026-02-16T21:26:02.990+0000] {logging_mixin.py:188} WARNING - /home/airflow/.local/lib/python3.8/site-packages/airflow/models/baseoperator.py:437 AirflowProviderDeprecationWarning: `exists_ok` parameter is deprecated, please use `if_exists`
[2026-02-16T21:26:02.999+0000] {processor.py:840} INFO - DAG(s) 'ecommerce_etl_v2' retrieved from /opt/airflow/dags/etl_dag.py
[2026-02-16T21:26:03.018+0000] {logging_mixin.py:188} INFO - [2026-02-16T21:26:03.018+0000] {dag.py:3036} INFO - Sync 1 DAGs
[2026-02-16T21:26:03.028+0000] {logging_mixin.py:188} INFO - [2026-02-16T21:26:03.028+0000] {dag.py:3823} INFO - Setting next_dagrun for ecommerce_etl_v2 to 2026-02-16 13:00:00+00:00, run_after=2026-02-17 13:00:00+00:00
[2026-02-16T21:26:03.036+0000] {processor.py:183} INFO - Processing /opt/airflow/dags/etl_dag.py took 0.153 seconds
[2026-02-16T21:26:33.266+0000] {processor.py:161} INFO - Started process (PID=49564) to work on /opt/airflow/dags/etl_dag.py
[2026-02-16T21:26:33.267+0000] {processor.py:830} INFO - Processing file /opt/airflow/dags/etl_dag.py for tasks to queue
[2026-02-16T21:26:33.268+0000] {logging_mixin.py:188} INFO - [2026-02-16T21:26:33.268+0000] {dagbag.py:538} INFO - Filling up the DagBag from /opt/airflow/dags/etl_dag.py
[2026-02-16T21:26:33.311+0000] {logging_mixin.py:188} INFO - Warning: Your Kaggle API key is readable by other users on this system! To fix this, you can run 'chmod 600 /home/airflow/.kaggle/kaggle.json'
[2026-02-16T21:26:33.374+0000] {logging_mixin.py:188} WARNING - /home/airflow/.local/lib/python3.8/site-packages/airflow/models/baseoperator.py:437 AirflowProviderDeprecationWarning: `exists_ok` parameter is deprecated, please use `if_exists`
[2026-02-16T21:26:33.384+0000] {processor.py:840} INFO - DAG(s) 'ecommerce_etl_v2' retrieved from /opt/airflow/dags/etl_dag.py
[2026-02-16T21:26:33.406+0000] {logging_mixin.py:188} INFO - [2026-02-16T21:26:33.406+0000] {dag.py:3036} INFO - Sync 1 DAGs
[2026-02-16T21:26:33.418+0000] {logging_mixin.py:188} INFO - [2026-02-16T21:26:33.418+0000] {dag.py:3823} INFO - Setting next_dagrun for ecommerce_etl_v2 to 2026-02-16 13:00:00+00:00, run_after=2026-02-17 13:00:00+00:00
[2026-02-16T21:26:33.427+0000] {processor.py:183} INFO - Processing /opt/airflow/dags/etl_dag.py took 0.163 seconds
[2026-02-16T21:27:03.584+0000] {processor.py:161} INFO - Started process (PID=49595) to work on /opt/airflow/dags/etl_dag.py
[2026-02-16T21:27:03.585+0000] {processor.py:830} INFO - Processing file /opt/airflow/dags/etl_dag.py for tasks to queue
[2026-02-16T21:27:03.586+0000] {logging_mixin.py:188} INFO - [2026-02-16T21:27:03.585+0000] {dagbag.py:538} INFO - Filling up the DagBag from /opt/airflow/dags/etl_dag.py
[2026-02-16T21:27:03.637+0000] {logging_mixin.py:188} INFO - Warning: Your Kaggle API key is readable by other users on this system! To fix this, you can run 'chmod 600 /home/airflow/.kaggle/kaggle.json'
[2026-02-16T21:27:03.700+0000] {logging_mixin.py:188} WARNING - /home/airflow/.local/lib/python3.8/site-packages/airflow/models/baseoperator.py:437 AirflowProviderDeprecationWarning: `exists_ok` parameter is deprecated, please use `if_exists`
[2026-02-16T21:27:03.710+0000] {processor.py:840} INFO - DAG(s) 'ecommerce_etl_v2' retrieved from /opt/airflow/dags/etl_dag.py
[2026-02-16T21:27:03.730+0000] {logging_mixin.py:188} INFO - [2026-02-16T21:27:03.730+0000] {dag.py:3036} INFO - Sync 1 DAGs
[2026-02-16T21:27:03.740+0000] {logging_mixin.py:188} INFO - [2026-02-16T21:27:03.740+0000] {dag.py:3823} INFO - Setting next_dagrun for ecommerce_etl_v2 to 2026-02-16 13:00:00+00:00, run_after=2026-02-17 13:00:00+00:00
[2026-02-16T21:27:03.750+0000] {processor.py:183} INFO - Processing /opt/airflow/dags/etl_dag.py took 0.171 seconds
[2026-02-16T21:27:33.926+0000] {processor.py:161} INFO - Started process (PID=49626) to work on /opt/airflow/dags/etl_dag.py
[2026-02-16T21:27:33.927+0000] {processor.py:830} INFO - Processing file /opt/airflow/dags/etl_dag.py for tasks to queue
[2026-02-16T21:27:33.927+0000] {logging_mixin.py:188} INFO - [2026-02-16T21:27:33.927+0000] {dagbag.py:538} INFO - Filling up the DagBag from /opt/airflow/dags/etl_dag.py
[2026-02-16T21:27:33.973+0000] {logging_mixin.py:188} INFO - Warning: Your Kaggle API key is readable by other users on this system! To fix this, you can run 'chmod 600 /home/airflow/.kaggle/kaggle.json'
[2026-02-16T21:27:34.033+0000] {logging_mixin.py:188} WARNING - /home/airflow/.local/lib/python3.8/site-packages/airflow/models/baseoperator.py:437 AirflowProviderDeprecationWarning: `exists_ok` parameter is deprecated, please use `if_exists`
[2026-02-16T21:27:34.043+0000] {processor.py:840} INFO - DAG(s) 'ecommerce_etl_v2' retrieved from /opt/airflow/dags/etl_dag.py
[2026-02-16T21:27:34.062+0000] {logging_mixin.py:188} INFO - [2026-02-16T21:27:34.061+0000] {dag.py:3036} INFO - Sync 1 DAGs
[2026-02-16T21:27:34.072+0000] {logging_mixin.py:188} INFO - [2026-02-16T21:27:34.072+0000] {dag.py:3823} INFO - Setting next_dagrun for ecommerce_etl_v2 to 2026-02-16 13:00:00+00:00, run_after=2026-02-17 13:00:00+00:00
[2026-02-16T21:27:34.080+0000] {processor.py:183} INFO - Processing /opt/airflow/dags/etl_dag.py took 0.157 seconds
[2026-02-16T21:28:04.222+0000] {processor.py:161} INFO - Started process (PID=49657) to work on /opt/airflow/dags/etl_dag.py
[2026-02-16T21:28:04.225+0000] {processor.py:830} INFO - Processing file /opt/airflow/dags/etl_dag.py for tasks to queue
[2026-02-16T21:28:04.226+0000] {logging_mixin.py:188} INFO - [2026-02-16T21:28:04.225+0000] {dagbag.py:538} INFO - Filling up the DagBag from /opt/airflow/dags/etl_dag.py
[2026-02-16T21:28:04.269+0000] {logging_mixin.py:188} INFO - Warning: Your Kaggle API key is readable by other users on this system! To fix this, you can run 'chmod 600 /home/airflow/.kaggle/kaggle.json'
[2026-02-16T21:28:04.329+0000] {logging_mixin.py:188} WARNING - /home/airflow/.local/lib/python3.8/site-packages/airflow/models/baseoperator.py:437 AirflowProviderDeprecationWarning: `exists_ok` parameter is deprecated, please use `if_exists`
[2026-02-16T21:28:04.338+0000] {processor.py:840} INFO - DAG(s) 'ecommerce_etl_v2' retrieved from /opt/airflow/dags/etl_dag.py
[2026-02-16T21:28:04.356+0000] {logging_mixin.py:188} INFO - [2026-02-16T21:28:04.356+0000] {dag.py:3036} INFO - Sync 1 DAGs
[2026-02-16T21:28:04.366+0000] {logging_mixin.py:188} INFO - [2026-02-16T21:28:04.366+0000] {dag.py:3823} INFO - Setting next_dagrun for ecommerce_etl_v2 to 2026-02-16 13:00:00+00:00, run_after=2026-02-17 13:00:00+00:00
[2026-02-16T21:28:04.375+0000] {processor.py:183} INFO - Processing /opt/airflow/dags/etl_dag.py took 0.157 seconds
[2026-02-16T21:28:34.634+0000] {processor.py:161} INFO - Started process (PID=49688) to work on /opt/airflow/dags/etl_dag.py
[2026-02-16T21:28:34.634+0000] {processor.py:830} INFO - Processing file /opt/airflow/dags/etl_dag.py for tasks to queue
[2026-02-16T21:28:34.635+0000] {logging_mixin.py:188} INFO - [2026-02-16T21:28:34.635+0000] {dagbag.py:538} INFO - Filling up the DagBag from /opt/airflow/dags/etl_dag.py
[2026-02-16T21:28:34.673+0000] {logging_mixin.py:188} INFO - Warning: Your Kaggle API key is readable by other users on this system! To fix this, you can run 'chmod 600 /home/airflow/.kaggle/kaggle.json'
[2026-02-16T21:28:34.732+0000] {logging_mixin.py:188} WARNING - /home/airflow/.local/lib/python3.8/site-packages/airflow/models/baseoperator.py:437 AirflowProviderDeprecationWarning: `exists_ok` parameter is deprecated, please use `if_exists`
[2026-02-16T21:28:34.742+0000] {processor.py:840} INFO - DAG(s) 'ecommerce_etl_v2' retrieved from /opt/airflow/dags/etl_dag.py
[2026-02-16T21:28:34.761+0000] {logging_mixin.py:188} INFO - [2026-02-16T21:28:34.761+0000] {dag.py:3036} INFO - Sync 1 DAGs
[2026-02-16T21:28:34.771+0000] {logging_mixin.py:188} INFO - [2026-02-16T21:28:34.771+0000] {dag.py:3823} INFO - Setting next_dagrun for ecommerce_etl_v2 to 2026-02-16 13:00:00+00:00, run_after=2026-02-17 13:00:00+00:00
[2026-02-16T21:28:34.779+0000] {processor.py:183} INFO - Processing /opt/airflow/dags/etl_dag.py took 0.148 seconds
[2026-02-16T21:29:04.966+0000] {processor.py:161} INFO - Started process (PID=49719) to work on /opt/airflow/dags/etl_dag.py
[2026-02-16T21:29:04.967+0000] {processor.py:830} INFO - Processing file /opt/airflow/dags/etl_dag.py for tasks to queue
[2026-02-16T21:29:04.968+0000] {logging_mixin.py:188} INFO - [2026-02-16T21:29:04.968+0000] {dagbag.py:538} INFO - Filling up the DagBag from /opt/airflow/dags/etl_dag.py
[2026-02-16T21:29:05.012+0000] {logging_mixin.py:188} INFO - Warning: Your Kaggle API key is readable by other users on this system! To fix this, you can run 'chmod 600 /home/airflow/.kaggle/kaggle.json'
[2026-02-16T21:29:05.072+0000] {logging_mixin.py:188} WARNING - /home/airflow/.local/lib/python3.8/site-packages/airflow/models/baseoperator.py:437 AirflowProviderDeprecationWarning: `exists_ok` parameter is deprecated, please use `if_exists`
[2026-02-16T21:29:05.081+0000] {processor.py:840} INFO - DAG(s) 'ecommerce_etl_v2' retrieved from /opt/airflow/dags/etl_dag.py
[2026-02-16T21:29:05.099+0000] {logging_mixin.py:188} INFO - [2026-02-16T21:29:05.099+0000] {dag.py:3036} INFO - Sync 1 DAGs
[2026-02-16T21:29:05.109+0000] {logging_mixin.py:188} INFO - [2026-02-16T21:29:05.109+0000] {dag.py:3823} INFO - Setting next_dagrun for ecommerce_etl_v2 to 2026-02-16 13:00:00+00:00, run_after=2026-02-17 13:00:00+00:00
[2026-02-16T21:29:05.118+0000] {processor.py:183} INFO - Processing /opt/airflow/dags/etl_dag.py took 0.155 seconds
[2026-02-16T21:29:35.348+0000] {processor.py:161} INFO - Started process (PID=49750) to work on /opt/airflow/dags/etl_dag.py
[2026-02-16T21:29:35.349+0000] {processor.py:830} INFO - Processing file /opt/airflow/dags/etl_dag.py for tasks to queue
[2026-02-16T21:29:35.350+0000] {logging_mixin.py:188} INFO - [2026-02-16T21:29:35.350+0000] {dagbag.py:538} INFO - Filling up the DagBag from /opt/airflow/dags/etl_dag.py
[2026-02-16T21:29:35.394+0000] {logging_mixin.py:188} INFO - Warning: Your Kaggle API key is readable by other users on this system! To fix this, you can run 'chmod 600 /home/airflow/.kaggle/kaggle.json'
[2026-02-16T21:29:35.454+0000] {logging_mixin.py:188} WARNING - /home/airflow/.local/lib/python3.8/site-packages/airflow/models/baseoperator.py:437 AirflowProviderDeprecationWarning: `exists_ok` parameter is deprecated, please use `if_exists`
[2026-02-16T21:29:35.463+0000] {processor.py:840} INFO - DAG(s) 'ecommerce_etl_v2' retrieved from /opt/airflow/dags/etl_dag.py
[2026-02-16T21:29:35.482+0000] {logging_mixin.py:188} INFO - [2026-02-16T21:29:35.482+0000] {dag.py:3036} INFO - Sync 1 DAGs
[2026-02-16T21:29:35.494+0000] {logging_mixin.py:188} INFO - [2026-02-16T21:29:35.494+0000] {dag.py:3823} INFO - Setting next_dagrun for ecommerce_etl_v2 to 2026-02-16 13:00:00+00:00, run_after=2026-02-17 13:00:00+00:00
[2026-02-16T21:29:35.505+0000] {processor.py:183} INFO - Processing /opt/airflow/dags/etl_dag.py took 0.159 seconds
[2026-02-16T21:30:05.732+0000] {processor.py:161} INFO - Started process (PID=49781) to work on /opt/airflow/dags/etl_dag.py
[2026-02-16T21:30:05.733+0000] {processor.py:830} INFO - Processing file /opt/airflow/dags/etl_dag.py for tasks to queue
[2026-02-16T21:30:05.733+0000] {logging_mixin.py:188} INFO - [2026-02-16T21:30:05.733+0000] {dagbag.py:538} INFO - Filling up the DagBag from /opt/airflow/dags/etl_dag.py
[2026-02-16T21:30:05.778+0000] {logging_mixin.py:188} INFO - Warning: Your Kaggle API key is readable by other users on this system! To fix this, you can run 'chmod 600 /home/airflow/.kaggle/kaggle.json'
[2026-02-16T21:30:05.838+0000] {logging_mixin.py:188} WARNING - /home/airflow/.local/lib/python3.8/site-packages/airflow/models/baseoperator.py:437 AirflowProviderDeprecationWarning: `exists_ok` parameter is deprecated, please use `if_exists`
[2026-02-16T21:30:05.847+0000] {processor.py:840} INFO - DAG(s) 'ecommerce_etl_v2' retrieved from /opt/airflow/dags/etl_dag.py
[2026-02-16T21:30:05.866+0000] {logging_mixin.py:188} INFO - [2026-02-16T21:30:05.866+0000] {dag.py:3036} INFO - Sync 1 DAGs
[2026-02-16T21:30:05.876+0000] {logging_mixin.py:188} INFO - [2026-02-16T21:30:05.876+0000] {dag.py:3823} INFO - Setting next_dagrun for ecommerce_etl_v2 to 2026-02-16 13:00:00+00:00, run_after=2026-02-17 13:00:00+00:00
[2026-02-16T21:30:05.884+0000] {processor.py:183} INFO - Processing /opt/airflow/dags/etl_dag.py took 0.155 seconds
[2026-02-16T21:30:36.103+0000] {processor.py:161} INFO - Started process (PID=49812) to work on /opt/airflow/dags/etl_dag.py
[2026-02-16T21:30:36.103+0000] {processor.py:830} INFO - Processing file /opt/airflow/dags/etl_dag.py for tasks to queue
[2026-02-16T21:30:36.104+0000] {logging_mixin.py:188} INFO - [2026-02-16T21:30:36.104+0000] {dagbag.py:538} INFO - Filling up the DagBag from /opt/airflow/dags/etl_dag.py
[2026-02-16T21:30:36.148+0000] {logging_mixin.py:188} INFO - Warning: Your Kaggle API key is readable by other users on this system! To fix this, you can run 'chmod 600 /home/airflow/.kaggle/kaggle.json'
[2026-02-16T21:30:36.209+0000] {logging_mixin.py:188} WARNING - /home/airflow/.local/lib/python3.8/site-packages/airflow/models/baseoperator.py:437 AirflowProviderDeprecationWarning: `exists_ok` parameter is deprecated, please use `if_exists`
[2026-02-16T21:30:36.218+0000] {processor.py:840} INFO - DAG(s) 'ecommerce_etl_v2' retrieved from /opt/airflow/dags/etl_dag.py
[2026-02-16T21:30:36.236+0000] {logging_mixin.py:188} INFO - [2026-02-16T21:30:36.236+0000] {dag.py:3036} INFO - Sync 1 DAGs
[2026-02-16T21:30:36.246+0000] {logging_mixin.py:188} INFO - [2026-02-16T21:30:36.246+0000] {dag.py:3823} INFO - Setting next_dagrun for ecommerce_etl_v2 to 2026-02-16 13:00:00+00:00, run_after=2026-02-17 13:00:00+00:00
[2026-02-16T21:30:36.255+0000] {processor.py:183} INFO - Processing /opt/airflow/dags/etl_dag.py took 0.155 seconds
[2026-02-16T21:31:06.410+0000] {processor.py:161} INFO - Started process (PID=49843) to work on /opt/airflow/dags/etl_dag.py
[2026-02-16T21:31:06.412+0000] {processor.py:830} INFO - Processing file /opt/airflow/dags/etl_dag.py for tasks to queue
[2026-02-16T21:31:06.412+0000] {logging_mixin.py:188} INFO - [2026-02-16T21:31:06.412+0000] {dagbag.py:538} INFO - Filling up the DagBag from /opt/airflow/dags/etl_dag.py
[2026-02-16T21:31:06.463+0000] {logging_mixin.py:188} INFO - Warning: Your Kaggle API key is readable by other users on this system! To fix this, you can run 'chmod 600 /home/airflow/.kaggle/kaggle.json'
[2026-02-16T21:31:06.525+0000] {logging_mixin.py:188} WARNING - /home/airflow/.local/lib/python3.8/site-packages/airflow/models/baseoperator.py:437 AirflowProviderDeprecationWarning: `exists_ok` parameter is deprecated, please use `if_exists`
[2026-02-16T21:31:06.534+0000] {processor.py:840} INFO - DAG(s) 'ecommerce_etl_v2' retrieved from /opt/airflow/dags/etl_dag.py
[2026-02-16T21:31:06.552+0000] {logging_mixin.py:188} INFO - [2026-02-16T21:31:06.552+0000] {dag.py:3036} INFO - Sync 1 DAGs
[2026-02-16T21:31:06.563+0000] {logging_mixin.py:188} INFO - [2026-02-16T21:31:06.563+0000] {dag.py:3823} INFO - Setting next_dagrun for ecommerce_etl_v2 to 2026-02-16 13:00:00+00:00, run_after=2026-02-17 13:00:00+00:00
[2026-02-16T21:31:06.572+0000] {processor.py:183} INFO - Processing /opt/airflow/dags/etl_dag.py took 0.166 seconds
[2026-02-16T21:31:37.074+0000] {processor.py:161} INFO - Started process (PID=49874) to work on /opt/airflow/dags/etl_dag.py
[2026-02-16T21:31:37.075+0000] {processor.py:830} INFO - Processing file /opt/airflow/dags/etl_dag.py for tasks to queue
[2026-02-16T21:31:37.076+0000] {logging_mixin.py:188} INFO - [2026-02-16T21:31:37.075+0000] {dagbag.py:538} INFO - Filling up the DagBag from /opt/airflow/dags/etl_dag.py
[2026-02-16T21:31:37.124+0000] {logging_mixin.py:188} INFO - Warning: Your Kaggle API key is readable by other users on this system! To fix this, you can run 'chmod 600 /home/airflow/.kaggle/kaggle.json'
[2026-02-16T21:31:37.185+0000] {logging_mixin.py:188} WARNING - /home/airflow/.local/lib/python3.8/site-packages/airflow/models/baseoperator.py:437 AirflowProviderDeprecationWarning: `exists_ok` parameter is deprecated, please use `if_exists`
[2026-02-16T21:31:37.194+0000] {processor.py:840} INFO - DAG(s) 'ecommerce_etl_v2' retrieved from /opt/airflow/dags/etl_dag.py
[2026-02-16T21:31:37.213+0000] {logging_mixin.py:188} INFO - [2026-02-16T21:31:37.213+0000] {dag.py:3036} INFO - Sync 1 DAGs
[2026-02-16T21:31:37.224+0000] {logging_mixin.py:188} INFO - [2026-02-16T21:31:37.224+0000] {dag.py:3823} INFO - Setting next_dagrun for ecommerce_etl_v2 to 2026-02-16 13:00:00+00:00, run_after=2026-02-17 13:00:00+00:00
[2026-02-16T21:31:37.233+0000] {processor.py:183} INFO - Processing /opt/airflow/dags/etl_dag.py took 0.164 seconds
[2026-02-16T22:38:54.358+0000] {processor.py:161} INFO - Started process (PID=49905) to work on /opt/airflow/dags/etl_dag.py
[2026-02-16T22:38:54.360+0000] {processor.py:830} INFO - Processing file /opt/airflow/dags/etl_dag.py for tasks to queue
[2026-02-16T22:38:54.361+0000] {logging_mixin.py:188} INFO - [2026-02-16T22:38:54.360+0000] {dagbag.py:538} INFO - Filling up the DagBag from /opt/airflow/dags/etl_dag.py
[2026-02-16T22:38:54.425+0000] {logging_mixin.py:188} INFO - Warning: Your Kaggle API key is readable by other users on this system! To fix this, you can run 'chmod 600 /home/airflow/.kaggle/kaggle.json'
[2026-02-16T22:38:54.518+0000] {logging_mixin.py:188} WARNING - /home/airflow/.local/lib/python3.8/site-packages/airflow/models/baseoperator.py:437 AirflowProviderDeprecationWarning: `exists_ok` parameter is deprecated, please use `if_exists`
[2026-02-16T22:38:54.535+0000] {processor.py:840} INFO - DAG(s) 'ecommerce_etl_v2' retrieved from /opt/airflow/dags/etl_dag.py
[2026-02-16T22:38:54.580+0000] {logging_mixin.py:188} INFO - [2026-02-16T22:38:54.580+0000] {dag.py:3036} INFO - Sync 1 DAGs
[2026-02-16T22:38:54.597+0000] {logging_mixin.py:188} INFO - [2026-02-16T22:38:54.597+0000] {dag.py:3823} INFO - Setting next_dagrun for ecommerce_etl_v2 to 2026-02-16 13:00:00+00:00, run_after=2026-02-17 13:00:00+00:00
[2026-02-16T22:38:54.611+0000] {processor.py:183} INFO - Processing /opt/airflow/dags/etl_dag.py took 0.257 seconds
[2026-02-16T23:47:42.889+0000] {processor.py:161} INFO - Started process (PID=49938) to work on /opt/airflow/dags/etl_dag.py
[2026-02-16T23:47:42.890+0000] {processor.py:830} INFO - Processing file /opt/airflow/dags/etl_dag.py for tasks to queue
[2026-02-16T23:47:42.890+0000] {logging_mixin.py:188} INFO - [2026-02-16T23:47:42.890+0000] {dagbag.py:538} INFO - Filling up the DagBag from /opt/airflow/dags/etl_dag.py
[2026-02-16T23:47:42.929+0000] {logging_mixin.py:188} INFO - Warning: Your Kaggle API key is readable by other users on this system! To fix this, you can run 'chmod 600 /home/airflow/.kaggle/kaggle.json'
[2026-02-16T23:47:42.991+0000] {logging_mixin.py:188} WARNING - /home/airflow/.local/lib/python3.8/site-packages/airflow/models/baseoperator.py:437 AirflowProviderDeprecationWarning: `exists_ok` parameter is deprecated, please use `if_exists`
[2026-02-16T23:47:43.001+0000] {processor.py:840} INFO - DAG(s) 'ecommerce_etl_v2' retrieved from /opt/airflow/dags/etl_dag.py
[2026-02-16T23:47:43.020+0000] {logging_mixin.py:188} INFO - [2026-02-16T23:47:43.020+0000] {dag.py:3036} INFO - Sync 1 DAGs
[2026-02-16T23:47:43.031+0000] {logging_mixin.py:188} INFO - [2026-02-16T23:47:43.031+0000] {dag.py:3823} INFO - Setting next_dagrun for ecommerce_etl_v2 to 2026-02-16 13:00:00+00:00, run_after=2026-02-17 13:00:00+00:00
[2026-02-16T23:47:43.039+0000] {processor.py:183} INFO - Processing /opt/airflow/dags/etl_dag.py took 0.152 seconds
