[2026-02-19T00:47:41.292+0000] {processor.py:161} INFO - Started process (PID=64533) to work on /opt/airflow/dags/etl_dag.py
[2026-02-19T00:47:41.293+0000] {processor.py:830} INFO - Processing file /opt/airflow/dags/etl_dag.py for tasks to queue
[2026-02-19T00:47:41.294+0000] {logging_mixin.py:188} INFO - [2026-02-19T00:47:41.293+0000] {dagbag.py:538} INFO - Filling up the DagBag from /opt/airflow/dags/etl_dag.py
[2026-02-19T00:47:41.333+0000] {logging_mixin.py:188} INFO - Warning: Your Kaggle API key is readable by other users on this system! To fix this, you can run 'chmod 600 /home/airflow/.kaggle/kaggle.json'
[2026-02-19T00:47:41.394+0000] {logging_mixin.py:188} WARNING - /home/airflow/.local/lib/python3.8/site-packages/airflow/models/baseoperator.py:437 AirflowProviderDeprecationWarning: `exists_ok` parameter is deprecated, please use `if_exists`
[2026-02-19T00:47:41.403+0000] {processor.py:840} INFO - DAG(s) 'ecommerce_etl_v2' retrieved from /opt/airflow/dags/etl_dag.py
[2026-02-19T00:47:41.425+0000] {logging_mixin.py:188} INFO - [2026-02-19T00:47:41.424+0000] {dag.py:3036} INFO - Sync 1 DAGs
[2026-02-19T00:47:41.436+0000] {logging_mixin.py:188} INFO - [2026-02-19T00:47:41.436+0000] {dag.py:3823} INFO - Setting next_dagrun for ecommerce_etl_v2 to 2026-02-18 13:00:00+00:00, run_after=2026-02-19 13:00:00+00:00
[2026-02-19T00:47:41.445+0000] {processor.py:183} INFO - Processing /opt/airflow/dags/etl_dag.py took 0.155 seconds
[2026-02-19T01:37:18.397+0000] {processor.py:161} INFO - Started process (PID=64564) to work on /opt/airflow/dags/etl_dag.py
[2026-02-19T01:37:18.425+0000] {processor.py:830} INFO - Processing file /opt/airflow/dags/etl_dag.py for tasks to queue
[2026-02-19T01:37:18.436+0000] {logging_mixin.py:188} INFO - [2026-02-19T01:37:18.435+0000] {dagbag.py:538} INFO - Filling up the DagBag from /opt/airflow/dags/etl_dag.py
[2026-02-19T01:37:18.534+0000] {logging_mixin.py:188} INFO - Warning: Your Kaggle API key is readable by other users on this system! To fix this, you can run 'chmod 600 /home/airflow/.kaggle/kaggle.json'
[2026-02-19T01:37:18.651+0000] {logging_mixin.py:188} WARNING - /home/airflow/.local/lib/python3.8/site-packages/airflow/models/baseoperator.py:437 AirflowProviderDeprecationWarning: `exists_ok` parameter is deprecated, please use `if_exists`
[2026-02-19T01:37:18.667+0000] {processor.py:840} INFO - DAG(s) 'ecommerce_etl_v2' retrieved from /opt/airflow/dags/etl_dag.py
[2026-02-19T01:37:18.693+0000] {logging_mixin.py:188} INFO - [2026-02-19T01:37:18.693+0000] {dag.py:3036} INFO - Sync 1 DAGs
[2026-02-19T01:37:18.708+0000] {logging_mixin.py:188} INFO - [2026-02-19T01:37:18.707+0000] {dag.py:3823} INFO - Setting next_dagrun for ecommerce_etl_v2 to 2026-02-18 13:00:00+00:00, run_after=2026-02-19 13:00:00+00:00
[2026-02-19T01:37:18.720+0000] {processor.py:183} INFO - Processing /opt/airflow/dags/etl_dag.py took 0.592 seconds
[2026-02-19T02:37:47.933+0000] {processor.py:161} INFO - Started process (PID=64595) to work on /opt/airflow/dags/etl_dag.py
[2026-02-19T02:37:47.934+0000] {processor.py:830} INFO - Processing file /opt/airflow/dags/etl_dag.py for tasks to queue
[2026-02-19T02:37:47.935+0000] {logging_mixin.py:188} INFO - [2026-02-19T02:37:47.934+0000] {dagbag.py:538} INFO - Filling up the DagBag from /opt/airflow/dags/etl_dag.py
[2026-02-19T02:37:47.976+0000] {logging_mixin.py:188} INFO - Warning: Your Kaggle API key is readable by other users on this system! To fix this, you can run 'chmod 600 /home/airflow/.kaggle/kaggle.json'
[2026-02-19T02:37:48.039+0000] {logging_mixin.py:188} WARNING - /home/airflow/.local/lib/python3.8/site-packages/airflow/models/baseoperator.py:437 AirflowProviderDeprecationWarning: `exists_ok` parameter is deprecated, please use `if_exists`
[2026-02-19T02:37:48.050+0000] {processor.py:840} INFO - DAG(s) 'ecommerce_etl_v2' retrieved from /opt/airflow/dags/etl_dag.py
[2026-02-19T02:37:48.074+0000] {logging_mixin.py:188} INFO - [2026-02-19T02:37:48.074+0000] {dag.py:3036} INFO - Sync 1 DAGs
[2026-02-19T02:37:48.088+0000] {logging_mixin.py:188} INFO - [2026-02-19T02:37:48.088+0000] {dag.py:3823} INFO - Setting next_dagrun for ecommerce_etl_v2 to 2026-02-18 13:00:00+00:00, run_after=2026-02-19 13:00:00+00:00
[2026-02-19T02:37:48.100+0000] {processor.py:183} INFO - Processing /opt/airflow/dags/etl_dag.py took 0.171 seconds
[2026-02-19T03:22:20.445+0000] {processor.py:161} INFO - Started process (PID=64626) to work on /opt/airflow/dags/etl_dag.py
[2026-02-19T03:22:20.446+0000] {processor.py:830} INFO - Processing file /opt/airflow/dags/etl_dag.py for tasks to queue
[2026-02-19T03:22:20.447+0000] {logging_mixin.py:188} INFO - [2026-02-19T03:22:20.447+0000] {dagbag.py:538} INFO - Filling up the DagBag from /opt/airflow/dags/etl_dag.py
[2026-02-19T03:22:20.503+0000] {logging_mixin.py:188} INFO - Warning: Your Kaggle API key is readable by other users on this system! To fix this, you can run 'chmod 600 /home/airflow/.kaggle/kaggle.json'
[2026-02-19T03:22:20.572+0000] {logging_mixin.py:188} WARNING - /home/airflow/.local/lib/python3.8/site-packages/airflow/models/baseoperator.py:437 AirflowProviderDeprecationWarning: `exists_ok` parameter is deprecated, please use `if_exists`
[2026-02-19T03:22:20.585+0000] {processor.py:840} INFO - DAG(s) 'ecommerce_etl_v2' retrieved from /opt/airflow/dags/etl_dag.py
[2026-02-19T03:22:20.614+0000] {logging_mixin.py:188} INFO - [2026-02-19T03:22:20.614+0000] {dag.py:3036} INFO - Sync 1 DAGs
[2026-02-19T03:22:20.633+0000] {logging_mixin.py:188} INFO - [2026-02-19T03:22:20.633+0000] {dag.py:3823} INFO - Setting next_dagrun for ecommerce_etl_v2 to 2026-02-18 13:00:00+00:00, run_after=2026-02-19 13:00:00+00:00
[2026-02-19T03:22:20.646+0000] {processor.py:183} INFO - Processing /opt/airflow/dags/etl_dag.py took 0.204 seconds
[2026-02-19T04:08:53.789+0000] {processor.py:161} INFO - Started process (PID=64657) to work on /opt/airflow/dags/etl_dag.py
[2026-02-19T04:08:53.790+0000] {processor.py:830} INFO - Processing file /opt/airflow/dags/etl_dag.py for tasks to queue
[2026-02-19T04:08:53.791+0000] {logging_mixin.py:188} INFO - [2026-02-19T04:08:53.791+0000] {dagbag.py:538} INFO - Filling up the DagBag from /opt/airflow/dags/etl_dag.py
[2026-02-19T04:08:53.840+0000] {logging_mixin.py:188} INFO - Warning: Your Kaggle API key is readable by other users on this system! To fix this, you can run 'chmod 600 /home/airflow/.kaggle/kaggle.json'
[2026-02-19T04:08:53.912+0000] {logging_mixin.py:188} WARNING - /home/airflow/.local/lib/python3.8/site-packages/airflow/models/baseoperator.py:437 AirflowProviderDeprecationWarning: `exists_ok` parameter is deprecated, please use `if_exists`
[2026-02-19T04:08:53.923+0000] {processor.py:840} INFO - DAG(s) 'ecommerce_etl_v2' retrieved from /opt/airflow/dags/etl_dag.py
[2026-02-19T04:08:53.947+0000] {logging_mixin.py:188} INFO - [2026-02-19T04:08:53.946+0000] {dag.py:3036} INFO - Sync 1 DAGs
[2026-02-19T04:08:53.966+0000] {logging_mixin.py:188} INFO - [2026-02-19T04:08:53.966+0000] {dag.py:3823} INFO - Setting next_dagrun for ecommerce_etl_v2 to 2026-02-18 13:00:00+00:00, run_after=2026-02-19 13:00:00+00:00
[2026-02-19T04:08:53.978+0000] {processor.py:183} INFO - Processing /opt/airflow/dags/etl_dag.py took 0.192 seconds
[2026-02-19T05:08:32.591+0000] {processor.py:161} INFO - Started process (PID=64688) to work on /opt/airflow/dags/etl_dag.py
[2026-02-19T05:08:32.592+0000] {processor.py:830} INFO - Processing file /opt/airflow/dags/etl_dag.py for tasks to queue
[2026-02-19T05:08:32.592+0000] {logging_mixin.py:188} INFO - [2026-02-19T05:08:32.592+0000] {dagbag.py:538} INFO - Filling up the DagBag from /opt/airflow/dags/etl_dag.py
[2026-02-19T05:08:32.633+0000] {logging_mixin.py:188} INFO - Warning: Your Kaggle API key is readable by other users on this system! To fix this, you can run 'chmod 600 /home/airflow/.kaggle/kaggle.json'
[2026-02-19T05:08:32.694+0000] {logging_mixin.py:188} WARNING - /home/airflow/.local/lib/python3.8/site-packages/airflow/models/baseoperator.py:437 AirflowProviderDeprecationWarning: `exists_ok` parameter is deprecated, please use `if_exists`
[2026-02-19T05:08:32.703+0000] {processor.py:840} INFO - DAG(s) 'ecommerce_etl_v2' retrieved from /opt/airflow/dags/etl_dag.py
[2026-02-19T05:08:32.722+0000] {logging_mixin.py:188} INFO - [2026-02-19T05:08:32.722+0000] {dag.py:3036} INFO - Sync 1 DAGs
[2026-02-19T05:08:32.733+0000] {logging_mixin.py:188} INFO - [2026-02-19T05:08:32.733+0000] {dag.py:3823} INFO - Setting next_dagrun for ecommerce_etl_v2 to 2026-02-18 13:00:00+00:00, run_after=2026-02-19 13:00:00+00:00
[2026-02-19T05:08:32.742+0000] {processor.py:183} INFO - Processing /opt/airflow/dags/etl_dag.py took 0.153 seconds
[2026-02-19T05:52:46.587+0000] {processor.py:161} INFO - Started process (PID=64721) to work on /opt/airflow/dags/etl_dag.py
[2026-02-19T05:52:46.588+0000] {processor.py:830} INFO - Processing file /opt/airflow/dags/etl_dag.py for tasks to queue
[2026-02-19T05:52:46.589+0000] {logging_mixin.py:188} INFO - [2026-02-19T05:52:46.589+0000] {dagbag.py:538} INFO - Filling up the DagBag from /opt/airflow/dags/etl_dag.py
[2026-02-19T05:52:46.638+0000] {logging_mixin.py:188} INFO - Warning: Your Kaggle API key is readable by other users on this system! To fix this, you can run 'chmod 600 /home/airflow/.kaggle/kaggle.json'
[2026-02-19T05:52:46.707+0000] {logging_mixin.py:188} WARNING - /home/airflow/.local/lib/python3.8/site-packages/airflow/models/baseoperator.py:437 AirflowProviderDeprecationWarning: `exists_ok` parameter is deprecated, please use `if_exists`
[2026-02-19T05:52:46.720+0000] {processor.py:840} INFO - DAG(s) 'ecommerce_etl_v2' retrieved from /opt/airflow/dags/etl_dag.py
[2026-02-19T05:52:46.743+0000] {logging_mixin.py:188} INFO - [2026-02-19T05:52:46.743+0000] {dag.py:3036} INFO - Sync 1 DAGs
[2026-02-19T05:52:46.757+0000] {logging_mixin.py:188} INFO - [2026-02-19T05:52:46.757+0000] {dag.py:3823} INFO - Setting next_dagrun for ecommerce_etl_v2 to 2026-02-18 13:00:00+00:00, run_after=2026-02-19 13:00:00+00:00
[2026-02-19T05:52:46.770+0000] {processor.py:183} INFO - Processing /opt/airflow/dags/etl_dag.py took 0.184 seconds
[2026-02-19T06:29:09.153+0000] {processor.py:161} INFO - Started process (PID=64752) to work on /opt/airflow/dags/etl_dag.py
[2026-02-19T06:29:09.154+0000] {processor.py:830} INFO - Processing file /opt/airflow/dags/etl_dag.py for tasks to queue
[2026-02-19T06:29:09.155+0000] {logging_mixin.py:188} INFO - [2026-02-19T06:29:09.154+0000] {dagbag.py:538} INFO - Filling up the DagBag from /opt/airflow/dags/etl_dag.py
[2026-02-19T06:29:09.200+0000] {logging_mixin.py:188} INFO - Warning: Your Kaggle API key is readable by other users on this system! To fix this, you can run 'chmod 600 /home/airflow/.kaggle/kaggle.json'
[2026-02-19T06:29:09.262+0000] {logging_mixin.py:188} WARNING - /home/airflow/.local/lib/python3.8/site-packages/airflow/models/baseoperator.py:437 AirflowProviderDeprecationWarning: `exists_ok` parameter is deprecated, please use `if_exists`
[2026-02-19T06:29:09.272+0000] {processor.py:840} INFO - DAG(s) 'ecommerce_etl_v2' retrieved from /opt/airflow/dags/etl_dag.py
[2026-02-19T06:29:09.293+0000] {logging_mixin.py:188} INFO - [2026-02-19T06:29:09.292+0000] {dag.py:3036} INFO - Sync 1 DAGs
[2026-02-19T06:29:09.305+0000] {logging_mixin.py:188} INFO - [2026-02-19T06:29:09.305+0000] {dag.py:3823} INFO - Setting next_dagrun for ecommerce_etl_v2 to 2026-02-18 13:00:00+00:00, run_after=2026-02-19 13:00:00+00:00
[2026-02-19T06:29:09.315+0000] {processor.py:183} INFO - Processing /opt/airflow/dags/etl_dag.py took 0.166 seconds
[2026-02-19T07:09:01.679+0000] {processor.py:161} INFO - Started process (PID=64783) to work on /opt/airflow/dags/etl_dag.py
[2026-02-19T07:09:01.681+0000] {processor.py:830} INFO - Processing file /opt/airflow/dags/etl_dag.py for tasks to queue
[2026-02-19T07:09:01.682+0000] {logging_mixin.py:188} INFO - [2026-02-19T07:09:01.681+0000] {dagbag.py:538} INFO - Filling up the DagBag from /opt/airflow/dags/etl_dag.py
[2026-02-19T07:09:01.732+0000] {logging_mixin.py:188} INFO - Warning: Your Kaggle API key is readable by other users on this system! To fix this, you can run 'chmod 600 /home/airflow/.kaggle/kaggle.json'
[2026-02-19T07:09:01.801+0000] {logging_mixin.py:188} WARNING - /home/airflow/.local/lib/python3.8/site-packages/airflow/models/baseoperator.py:437 AirflowProviderDeprecationWarning: `exists_ok` parameter is deprecated, please use `if_exists`
[2026-02-19T07:09:01.815+0000] {processor.py:840} INFO - DAG(s) 'ecommerce_etl_v2' retrieved from /opt/airflow/dags/etl_dag.py
[2026-02-19T07:09:01.836+0000] {logging_mixin.py:188} INFO - [2026-02-19T07:09:01.836+0000] {dag.py:3036} INFO - Sync 1 DAGs
[2026-02-19T07:09:01.848+0000] {logging_mixin.py:188} INFO - [2026-02-19T07:09:01.848+0000] {dag.py:3823} INFO - Setting next_dagrun for ecommerce_etl_v2 to 2026-02-18 13:00:00+00:00, run_after=2026-02-19 13:00:00+00:00
[2026-02-19T07:09:01.858+0000] {processor.py:183} INFO - Processing /opt/airflow/dags/etl_dag.py took 0.184 seconds
[2026-02-19T08:11:42.352+0000] {processor.py:161} INFO - Started process (PID=64816) to work on /opt/airflow/dags/etl_dag.py
[2026-02-19T08:11:42.353+0000] {processor.py:830} INFO - Processing file /opt/airflow/dags/etl_dag.py for tasks to queue
[2026-02-19T08:11:42.354+0000] {logging_mixin.py:188} INFO - [2026-02-19T08:11:42.353+0000] {dagbag.py:538} INFO - Filling up the DagBag from /opt/airflow/dags/etl_dag.py
[2026-02-19T08:11:42.401+0000] {logging_mixin.py:188} INFO - Warning: Your Kaggle API key is readable by other users on this system! To fix this, you can run 'chmod 600 /home/airflow/.kaggle/kaggle.json'
[2026-02-19T08:11:42.467+0000] {logging_mixin.py:188} WARNING - /home/airflow/.local/lib/python3.8/site-packages/airflow/models/baseoperator.py:437 AirflowProviderDeprecationWarning: `exists_ok` parameter is deprecated, please use `if_exists`
[2026-02-19T08:11:42.477+0000] {processor.py:840} INFO - DAG(s) 'ecommerce_etl_v2' retrieved from /opt/airflow/dags/etl_dag.py
[2026-02-19T08:11:42.504+0000] {logging_mixin.py:188} INFO - [2026-02-19T08:11:42.504+0000] {dag.py:3036} INFO - Sync 1 DAGs
[2026-02-19T08:11:42.522+0000] {logging_mixin.py:188} INFO - [2026-02-19T08:11:42.522+0000] {dag.py:3823} INFO - Setting next_dagrun for ecommerce_etl_v2 to 2026-02-18 13:00:00+00:00, run_after=2026-02-19 13:00:00+00:00
[2026-02-19T08:11:42.535+0000] {processor.py:183} INFO - Processing /opt/airflow/dags/etl_dag.py took 0.185 seconds
[2026-02-19T09:13:20.274+0000] {processor.py:161} INFO - Started process (PID=64847) to work on /opt/airflow/dags/etl_dag.py
[2026-02-19T09:13:20.275+0000] {processor.py:830} INFO - Processing file /opt/airflow/dags/etl_dag.py for tasks to queue
[2026-02-19T09:13:20.276+0000] {logging_mixin.py:188} INFO - [2026-02-19T09:13:20.276+0000] {dagbag.py:538} INFO - Filling up the DagBag from /opt/airflow/dags/etl_dag.py
[2026-02-19T09:13:20.318+0000] {logging_mixin.py:188} INFO - Warning: Your Kaggle API key is readable by other users on this system! To fix this, you can run 'chmod 600 /home/airflow/.kaggle/kaggle.json'
[2026-02-19T09:13:20.379+0000] {logging_mixin.py:188} WARNING - /home/airflow/.local/lib/python3.8/site-packages/airflow/models/baseoperator.py:437 AirflowProviderDeprecationWarning: `exists_ok` parameter is deprecated, please use `if_exists`
[2026-02-19T09:13:20.390+0000] {processor.py:840} INFO - DAG(s) 'ecommerce_etl_v2' retrieved from /opt/airflow/dags/etl_dag.py
[2026-02-19T09:13:20.410+0000] {logging_mixin.py:188} INFO - [2026-02-19T09:13:20.410+0000] {dag.py:3036} INFO - Sync 1 DAGs
[2026-02-19T09:13:20.420+0000] {logging_mixin.py:188} INFO - [2026-02-19T09:13:20.420+0000] {dag.py:3823} INFO - Setting next_dagrun for ecommerce_etl_v2 to 2026-02-18 13:00:00+00:00, run_after=2026-02-19 13:00:00+00:00
[2026-02-19T09:13:20.428+0000] {processor.py:183} INFO - Processing /opt/airflow/dags/etl_dag.py took 0.157 seconds
[2026-02-19T09:17:19.176+0000] {processor.py:161} INFO - Started process (PID=64878) to work on /opt/airflow/dags/etl_dag.py
[2026-02-19T09:17:19.177+0000] {processor.py:830} INFO - Processing file /opt/airflow/dags/etl_dag.py for tasks to queue
[2026-02-19T09:17:19.178+0000] {logging_mixin.py:188} INFO - [2026-02-19T09:17:19.178+0000] {dagbag.py:538} INFO - Filling up the DagBag from /opt/airflow/dags/etl_dag.py
[2026-02-19T09:17:19.225+0000] {logging_mixin.py:188} INFO - Warning: Your Kaggle API key is readable by other users on this system! To fix this, you can run 'chmod 600 /home/airflow/.kaggle/kaggle.json'
[2026-02-19T09:17:19.295+0000] {logging_mixin.py:188} WARNING - /home/airflow/.local/lib/python3.8/site-packages/airflow/models/baseoperator.py:437 AirflowProviderDeprecationWarning: `exists_ok` parameter is deprecated, please use `if_exists`
[2026-02-19T09:17:19.306+0000] {processor.py:840} INFO - DAG(s) 'ecommerce_etl_v2' retrieved from /opt/airflow/dags/etl_dag.py
[2026-02-19T09:17:19.333+0000] {logging_mixin.py:188} INFO - [2026-02-19T09:17:19.333+0000] {dag.py:3036} INFO - Sync 1 DAGs
[2026-02-19T09:17:19.348+0000] {logging_mixin.py:188} INFO - [2026-02-19T09:17:19.348+0000] {dag.py:3823} INFO - Setting next_dagrun for ecommerce_etl_v2 to 2026-02-18 13:00:00+00:00, run_after=2026-02-19 13:00:00+00:00
[2026-02-19T09:17:19.540+0000] {processor.py:183} INFO - Processing /opt/airflow/dags/etl_dag.py took 0.366 seconds
[2026-02-19T09:24:37.997+0000] {processor.py:161} INFO - Started process (PID=64909) to work on /opt/airflow/dags/etl_dag.py
[2026-02-19T09:24:37.998+0000] {processor.py:830} INFO - Processing file /opt/airflow/dags/etl_dag.py for tasks to queue
[2026-02-19T09:24:37.999+0000] {logging_mixin.py:188} INFO - [2026-02-19T09:24:37.999+0000] {dagbag.py:538} INFO - Filling up the DagBag from /opt/airflow/dags/etl_dag.py
[2026-02-19T09:24:38.041+0000] {logging_mixin.py:188} INFO - Warning: Your Kaggle API key is readable by other users on this system! To fix this, you can run 'chmod 600 /home/airflow/.kaggle/kaggle.json'
[2026-02-19T09:24:38.103+0000] {logging_mixin.py:188} WARNING - /home/airflow/.local/lib/python3.8/site-packages/airflow/models/baseoperator.py:437 AirflowProviderDeprecationWarning: `exists_ok` parameter is deprecated, please use `if_exists`
[2026-02-19T09:24:38.111+0000] {processor.py:840} INFO - DAG(s) 'ecommerce_etl_v2' retrieved from /opt/airflow/dags/etl_dag.py
[2026-02-19T09:24:38.130+0000] {logging_mixin.py:188} INFO - [2026-02-19T09:24:38.129+0000] {dag.py:3036} INFO - Sync 1 DAGs
[2026-02-19T09:24:38.140+0000] {logging_mixin.py:188} INFO - [2026-02-19T09:24:38.139+0000] {dag.py:3823} INFO - Setting next_dagrun for ecommerce_etl_v2 to 2026-02-18 13:00:00+00:00, run_after=2026-02-19 13:00:00+00:00
[2026-02-19T09:24:38.147+0000] {processor.py:183} INFO - Processing /opt/airflow/dags/etl_dag.py took 0.154 seconds
[2026-02-19T09:38:09.849+0000] {processor.py:161} INFO - Started process (PID=64940) to work on /opt/airflow/dags/etl_dag.py
[2026-02-19T09:38:09.850+0000] {processor.py:830} INFO - Processing file /opt/airflow/dags/etl_dag.py for tasks to queue
[2026-02-19T09:38:09.851+0000] {logging_mixin.py:188} INFO - [2026-02-19T09:38:09.851+0000] {dagbag.py:538} INFO - Filling up the DagBag from /opt/airflow/dags/etl_dag.py
[2026-02-19T09:38:09.910+0000] {logging_mixin.py:188} INFO - Warning: Your Kaggle API key is readable by other users on this system! To fix this, you can run 'chmod 600 /home/airflow/.kaggle/kaggle.json'
[2026-02-19T09:38:09.979+0000] {logging_mixin.py:188} WARNING - /home/airflow/.local/lib/python3.8/site-packages/airflow/models/baseoperator.py:437 AirflowProviderDeprecationWarning: `exists_ok` parameter is deprecated, please use `if_exists`
[2026-02-19T09:38:09.991+0000] {processor.py:840} INFO - DAG(s) 'ecommerce_etl_v2' retrieved from /opt/airflow/dags/etl_dag.py
[2026-02-19T09:38:10.014+0000] {logging_mixin.py:188} INFO - [2026-02-19T09:38:10.014+0000] {dag.py:3036} INFO - Sync 1 DAGs
[2026-02-19T09:38:10.029+0000] {logging_mixin.py:188} INFO - [2026-02-19T09:38:10.029+0000] {dag.py:3823} INFO - Setting next_dagrun for ecommerce_etl_v2 to 2026-02-18 13:00:00+00:00, run_after=2026-02-19 13:00:00+00:00
[2026-02-19T09:38:10.182+0000] {processor.py:183} INFO - Processing /opt/airflow/dags/etl_dag.py took 0.337 seconds
[2026-02-19T09:57:04.242+0000] {processor.py:161} INFO - Started process (PID=64973) to work on /opt/airflow/dags/etl_dag.py
[2026-02-19T09:57:04.243+0000] {processor.py:830} INFO - Processing file /opt/airflow/dags/etl_dag.py for tasks to queue
[2026-02-19T09:57:04.243+0000] {logging_mixin.py:188} INFO - [2026-02-19T09:57:04.243+0000] {dagbag.py:538} INFO - Filling up the DagBag from /opt/airflow/dags/etl_dag.py
[2026-02-19T09:57:04.284+0000] {logging_mixin.py:188} INFO - Warning: Your Kaggle API key is readable by other users on this system! To fix this, you can run 'chmod 600 /home/airflow/.kaggle/kaggle.json'
[2026-02-19T09:57:04.345+0000] {logging_mixin.py:188} WARNING - /home/airflow/.local/lib/python3.8/site-packages/airflow/models/baseoperator.py:437 AirflowProviderDeprecationWarning: `exists_ok` parameter is deprecated, please use `if_exists`
[2026-02-19T09:57:04.355+0000] {processor.py:840} INFO - DAG(s) 'ecommerce_etl_v2' retrieved from /opt/airflow/dags/etl_dag.py
[2026-02-19T09:57:04.375+0000] {logging_mixin.py:188} INFO - [2026-02-19T09:57:04.375+0000] {dag.py:3036} INFO - Sync 1 DAGs
[2026-02-19T09:57:04.386+0000] {logging_mixin.py:188} INFO - [2026-02-19T09:57:04.386+0000] {dag.py:3823} INFO - Setting next_dagrun for ecommerce_etl_v2 to 2026-02-18 13:00:00+00:00, run_after=2026-02-19 13:00:00+00:00
[2026-02-19T09:57:04.396+0000] {processor.py:183} INFO - Processing /opt/airflow/dags/etl_dag.py took 0.156 seconds
[2026-02-19T10:12:34.508+0000] {processor.py:161} INFO - Started process (PID=65004) to work on /opt/airflow/dags/etl_dag.py
[2026-02-19T10:12:34.509+0000] {processor.py:830} INFO - Processing file /opt/airflow/dags/etl_dag.py for tasks to queue
[2026-02-19T10:12:34.510+0000] {logging_mixin.py:188} INFO - [2026-02-19T10:12:34.510+0000] {dagbag.py:538} INFO - Filling up the DagBag from /opt/airflow/dags/etl_dag.py
[2026-02-19T10:12:34.554+0000] {logging_mixin.py:188} INFO - Warning: Your Kaggle API key is readable by other users on this system! To fix this, you can run 'chmod 600 /home/airflow/.kaggle/kaggle.json'
[2026-02-19T10:12:34.620+0000] {logging_mixin.py:188} WARNING - /home/airflow/.local/lib/python3.8/site-packages/airflow/models/baseoperator.py:437 AirflowProviderDeprecationWarning: `exists_ok` parameter is deprecated, please use `if_exists`
[2026-02-19T10:12:34.629+0000] {processor.py:840} INFO - DAG(s) 'ecommerce_etl_v2' retrieved from /opt/airflow/dags/etl_dag.py
[2026-02-19T10:12:34.652+0000] {logging_mixin.py:188} INFO - [2026-02-19T10:12:34.652+0000] {dag.py:3036} INFO - Sync 1 DAGs
[2026-02-19T10:12:34.667+0000] {logging_mixin.py:188} INFO - [2026-02-19T10:12:34.667+0000] {dag.py:3823} INFO - Setting next_dagrun for ecommerce_etl_v2 to 2026-02-18 13:00:00+00:00, run_after=2026-02-19 13:00:00+00:00
[2026-02-19T10:12:34.910+0000] {processor.py:183} INFO - Processing /opt/airflow/dags/etl_dag.py took 0.404 seconds
[2026-02-19T10:23:06.211+0000] {processor.py:161} INFO - Started process (PID=65035) to work on /opt/airflow/dags/etl_dag.py
[2026-02-19T10:23:06.213+0000] {processor.py:830} INFO - Processing file /opt/airflow/dags/etl_dag.py for tasks to queue
[2026-02-19T10:23:06.214+0000] {logging_mixin.py:188} INFO - [2026-02-19T10:23:06.214+0000] {dagbag.py:538} INFO - Filling up the DagBag from /opt/airflow/dags/etl_dag.py
[2026-02-19T10:23:06.264+0000] {logging_mixin.py:188} INFO - Warning: Your Kaggle API key is readable by other users on this system! To fix this, you can run 'chmod 600 /home/airflow/.kaggle/kaggle.json'
[2026-02-19T10:23:06.333+0000] {logging_mixin.py:188} WARNING - /home/airflow/.local/lib/python3.8/site-packages/airflow/models/baseoperator.py:437 AirflowProviderDeprecationWarning: `exists_ok` parameter is deprecated, please use `if_exists`
[2026-02-19T10:23:06.344+0000] {processor.py:840} INFO - DAG(s) 'ecommerce_etl_v2' retrieved from /opt/airflow/dags/etl_dag.py
[2026-02-19T10:23:06.368+0000] {logging_mixin.py:188} INFO - [2026-02-19T10:23:06.368+0000] {dag.py:3036} INFO - Sync 1 DAGs
[2026-02-19T10:23:06.382+0000] {logging_mixin.py:188} INFO - [2026-02-19T10:23:06.382+0000] {dag.py:3823} INFO - Setting next_dagrun for ecommerce_etl_v2 to 2026-02-18 13:00:00+00:00, run_after=2026-02-19 13:00:00+00:00
[2026-02-19T10:23:06.393+0000] {processor.py:183} INFO - Processing /opt/airflow/dags/etl_dag.py took 0.188 seconds
[2026-02-19T10:33:43.157+0000] {processor.py:161} INFO - Started process (PID=65068) to work on /opt/airflow/dags/etl_dag.py
[2026-02-19T10:33:43.158+0000] {processor.py:830} INFO - Processing file /opt/airflow/dags/etl_dag.py for tasks to queue
[2026-02-19T10:33:43.159+0000] {logging_mixin.py:188} INFO - [2026-02-19T10:33:43.159+0000] {dagbag.py:538} INFO - Filling up the DagBag from /opt/airflow/dags/etl_dag.py
[2026-02-19T10:33:43.204+0000] {logging_mixin.py:188} INFO - Warning: Your Kaggle API key is readable by other users on this system! To fix this, you can run 'chmod 600 /home/airflow/.kaggle/kaggle.json'
[2026-02-19T10:33:43.444+0000] {logging_mixin.py:188} WARNING - /home/airflow/.local/lib/python3.8/site-packages/airflow/models/baseoperator.py:437 AirflowProviderDeprecationWarning: `exists_ok` parameter is deprecated, please use `if_exists`
[2026-02-19T10:33:43.457+0000] {processor.py:840} INFO - DAG(s) 'ecommerce_etl_v2' retrieved from /opt/airflow/dags/etl_dag.py
[2026-02-19T10:33:43.484+0000] {logging_mixin.py:188} INFO - [2026-02-19T10:33:43.484+0000] {dag.py:3036} INFO - Sync 1 DAGs
[2026-02-19T10:33:43.513+0000] {logging_mixin.py:188} INFO - [2026-02-19T10:33:43.513+0000] {dag.py:3823} INFO - Setting next_dagrun for ecommerce_etl_v2 to 2026-02-18 13:00:00+00:00, run_after=2026-02-19 13:00:00+00:00
[2026-02-19T10:33:43.557+0000] {processor.py:183} INFO - Processing /opt/airflow/dags/etl_dag.py took 0.403 seconds
[2026-02-19T10:34:17.902+0000] {processor.py:161} INFO - Started process (PID=65099) to work on /opt/airflow/dags/etl_dag.py
[2026-02-19T10:34:17.904+0000] {processor.py:830} INFO - Processing file /opt/airflow/dags/etl_dag.py for tasks to queue
[2026-02-19T10:34:17.905+0000] {logging_mixin.py:188} INFO - [2026-02-19T10:34:17.905+0000] {dagbag.py:538} INFO - Filling up the DagBag from /opt/airflow/dags/etl_dag.py
[2026-02-19T10:34:17.960+0000] {logging_mixin.py:188} INFO - Warning: Your Kaggle API key is readable by other users on this system! To fix this, you can run 'chmod 600 /home/airflow/.kaggle/kaggle.json'
[2026-02-19T10:34:18.133+0000] {logging_mixin.py:188} WARNING - /home/airflow/.local/lib/python3.8/site-packages/airflow/models/baseoperator.py:437 AirflowProviderDeprecationWarning: `exists_ok` parameter is deprecated, please use `if_exists`
[2026-02-19T10:34:18.142+0000] {processor.py:840} INFO - DAG(s) 'ecommerce_etl_v2' retrieved from /opt/airflow/dags/etl_dag.py
[2026-02-19T10:34:18.161+0000] {logging_mixin.py:188} INFO - [2026-02-19T10:34:18.161+0000] {dag.py:3036} INFO - Sync 1 DAGs
[2026-02-19T10:34:18.171+0000] {logging_mixin.py:188} INFO - [2026-02-19T10:34:18.171+0000] {dag.py:3823} INFO - Setting next_dagrun for ecommerce_etl_v2 to 2026-02-18 13:00:00+00:00, run_after=2026-02-19 13:00:00+00:00
[2026-02-19T10:34:18.180+0000] {processor.py:183} INFO - Processing /opt/airflow/dags/etl_dag.py took 0.283 seconds
[2026-02-19T10:34:48.261+0000] {processor.py:161} INFO - Started process (PID=65130) to work on /opt/airflow/dags/etl_dag.py
[2026-02-19T10:34:48.263+0000] {processor.py:830} INFO - Processing file /opt/airflow/dags/etl_dag.py for tasks to queue
[2026-02-19T10:34:48.264+0000] {logging_mixin.py:188} INFO - [2026-02-19T10:34:48.264+0000] {dagbag.py:538} INFO - Filling up the DagBag from /opt/airflow/dags/etl_dag.py
[2026-02-19T10:34:48.326+0000] {logging_mixin.py:188} INFO - Warning: Your Kaggle API key is readable by other users on this system! To fix this, you can run 'chmod 600 /home/airflow/.kaggle/kaggle.json'
[2026-02-19T10:34:48.528+0000] {logging_mixin.py:188} WARNING - /home/airflow/.local/lib/python3.8/site-packages/airflow/models/baseoperator.py:437 AirflowProviderDeprecationWarning: `exists_ok` parameter is deprecated, please use `if_exists`
[2026-02-19T10:34:48.538+0000] {processor.py:840} INFO - DAG(s) 'ecommerce_etl_v2' retrieved from /opt/airflow/dags/etl_dag.py
[2026-02-19T10:34:48.555+0000] {logging_mixin.py:188} INFO - [2026-02-19T10:34:48.555+0000] {dag.py:3036} INFO - Sync 1 DAGs
[2026-02-19T10:34:48.565+0000] {logging_mixin.py:188} INFO - [2026-02-19T10:34:48.565+0000] {dag.py:3823} INFO - Setting next_dagrun for ecommerce_etl_v2 to 2026-02-18 13:00:00+00:00, run_after=2026-02-19 13:00:00+00:00
[2026-02-19T10:34:48.573+0000] {processor.py:183} INFO - Processing /opt/airflow/dags/etl_dag.py took 0.319 seconds
[2026-02-19T10:35:18.709+0000] {processor.py:161} INFO - Started process (PID=65161) to work on /opt/airflow/dags/etl_dag.py
[2026-02-19T10:35:18.710+0000] {processor.py:830} INFO - Processing file /opt/airflow/dags/etl_dag.py for tasks to queue
[2026-02-19T10:35:18.711+0000] {logging_mixin.py:188} INFO - [2026-02-19T10:35:18.711+0000] {dagbag.py:538} INFO - Filling up the DagBag from /opt/airflow/dags/etl_dag.py
[2026-02-19T10:35:18.759+0000] {logging_mixin.py:188} INFO - Warning: Your Kaggle API key is readable by other users on this system! To fix this, you can run 'chmod 600 /home/airflow/.kaggle/kaggle.json'
[2026-02-19T10:35:18.921+0000] {logging_mixin.py:188} WARNING - /home/airflow/.local/lib/python3.8/site-packages/airflow/models/baseoperator.py:437 AirflowProviderDeprecationWarning: `exists_ok` parameter is deprecated, please use `if_exists`
[2026-02-19T10:35:18.929+0000] {processor.py:840} INFO - DAG(s) 'ecommerce_etl_v2' retrieved from /opt/airflow/dags/etl_dag.py
[2026-02-19T10:35:18.946+0000] {logging_mixin.py:188} INFO - [2026-02-19T10:35:18.946+0000] {dag.py:3036} INFO - Sync 1 DAGs
[2026-02-19T10:35:18.955+0000] {logging_mixin.py:188} INFO - [2026-02-19T10:35:18.955+0000] {dag.py:3823} INFO - Setting next_dagrun for ecommerce_etl_v2 to 2026-02-18 13:00:00+00:00, run_after=2026-02-19 13:00:00+00:00
[2026-02-19T10:35:18.963+0000] {processor.py:183} INFO - Processing /opt/airflow/dags/etl_dag.py took 0.258 seconds
[2026-02-19T10:35:49.207+0000] {processor.py:161} INFO - Started process (PID=65192) to work on /opt/airflow/dags/etl_dag.py
[2026-02-19T10:35:49.208+0000] {processor.py:830} INFO - Processing file /opt/airflow/dags/etl_dag.py for tasks to queue
[2026-02-19T10:35:49.208+0000] {logging_mixin.py:188} INFO - [2026-02-19T10:35:49.208+0000] {dagbag.py:538} INFO - Filling up the DagBag from /opt/airflow/dags/etl_dag.py
[2026-02-19T10:35:49.250+0000] {logging_mixin.py:188} INFO - Warning: Your Kaggle API key is readable by other users on this system! To fix this, you can run 'chmod 600 /home/airflow/.kaggle/kaggle.json'
[2026-02-19T10:35:49.416+0000] {logging_mixin.py:188} WARNING - /home/airflow/.local/lib/python3.8/site-packages/airflow/models/baseoperator.py:437 AirflowProviderDeprecationWarning: `exists_ok` parameter is deprecated, please use `if_exists`
[2026-02-19T10:35:49.424+0000] {processor.py:840} INFO - DAG(s) 'ecommerce_etl_v2' retrieved from /opt/airflow/dags/etl_dag.py
[2026-02-19T10:35:49.442+0000] {logging_mixin.py:188} INFO - [2026-02-19T10:35:49.441+0000] {dag.py:3036} INFO - Sync 1 DAGs
[2026-02-19T10:35:49.451+0000] {logging_mixin.py:188} INFO - [2026-02-19T10:35:49.451+0000] {dag.py:3823} INFO - Setting next_dagrun for ecommerce_etl_v2 to 2026-02-18 13:00:00+00:00, run_after=2026-02-19 13:00:00+00:00
[2026-02-19T10:35:49.459+0000] {processor.py:183} INFO - Processing /opt/airflow/dags/etl_dag.py took 0.254 seconds
[2026-02-19T10:36:19.583+0000] {processor.py:161} INFO - Started process (PID=65223) to work on /opt/airflow/dags/etl_dag.py
[2026-02-19T10:36:19.585+0000] {processor.py:830} INFO - Processing file /opt/airflow/dags/etl_dag.py for tasks to queue
[2026-02-19T10:36:19.585+0000] {logging_mixin.py:188} INFO - [2026-02-19T10:36:19.585+0000] {dagbag.py:538} INFO - Filling up the DagBag from /opt/airflow/dags/etl_dag.py
[2026-02-19T10:36:19.634+0000] {logging_mixin.py:188} INFO - Warning: Your Kaggle API key is readable by other users on this system! To fix this, you can run 'chmod 600 /home/airflow/.kaggle/kaggle.json'
[2026-02-19T10:36:19.789+0000] {logging_mixin.py:188} WARNING - /home/airflow/.local/lib/python3.8/site-packages/airflow/models/baseoperator.py:437 AirflowProviderDeprecationWarning: `exists_ok` parameter is deprecated, please use `if_exists`
[2026-02-19T10:36:19.797+0000] {processor.py:840} INFO - DAG(s) 'ecommerce_etl_v2' retrieved from /opt/airflow/dags/etl_dag.py
[2026-02-19T10:36:19.814+0000] {logging_mixin.py:188} INFO - [2026-02-19T10:36:19.814+0000] {dag.py:3036} INFO - Sync 1 DAGs
[2026-02-19T10:36:19.824+0000] {logging_mixin.py:188} INFO - [2026-02-19T10:36:19.824+0000] {dag.py:3823} INFO - Setting next_dagrun for ecommerce_etl_v2 to 2026-02-18 13:00:00+00:00, run_after=2026-02-19 13:00:00+00:00
[2026-02-19T10:36:19.832+0000] {processor.py:183} INFO - Processing /opt/airflow/dags/etl_dag.py took 0.253 seconds
[2026-02-19T10:36:50.096+0000] {processor.py:161} INFO - Started process (PID=65254) to work on /opt/airflow/dags/etl_dag.py
[2026-02-19T10:36:50.097+0000] {processor.py:830} INFO - Processing file /opt/airflow/dags/etl_dag.py for tasks to queue
[2026-02-19T10:36:50.098+0000] {logging_mixin.py:188} INFO - [2026-02-19T10:36:50.097+0000] {dagbag.py:538} INFO - Filling up the DagBag from /opt/airflow/dags/etl_dag.py
[2026-02-19T10:36:50.146+0000] {logging_mixin.py:188} INFO - Warning: Your Kaggle API key is readable by other users on this system! To fix this, you can run 'chmod 600 /home/airflow/.kaggle/kaggle.json'
[2026-02-19T10:36:50.313+0000] {logging_mixin.py:188} WARNING - /home/airflow/.local/lib/python3.8/site-packages/airflow/models/baseoperator.py:437 AirflowProviderDeprecationWarning: `exists_ok` parameter is deprecated, please use `if_exists`
[2026-02-19T10:36:50.323+0000] {processor.py:840} INFO - DAG(s) 'ecommerce_etl_v2' retrieved from /opt/airflow/dags/etl_dag.py
[2026-02-19T10:36:50.342+0000] {logging_mixin.py:188} INFO - [2026-02-19T10:36:50.341+0000] {dag.py:3036} INFO - Sync 1 DAGs
[2026-02-19T10:36:50.352+0000] {logging_mixin.py:188} INFO - [2026-02-19T10:36:50.352+0000] {dag.py:3823} INFO - Setting next_dagrun for ecommerce_etl_v2 to 2026-02-18 13:00:00+00:00, run_after=2026-02-19 13:00:00+00:00
[2026-02-19T10:36:50.360+0000] {processor.py:183} INFO - Processing /opt/airflow/dags/etl_dag.py took 0.268 seconds
[2026-02-19T10:37:20.436+0000] {processor.py:161} INFO - Started process (PID=65285) to work on /opt/airflow/dags/etl_dag.py
[2026-02-19T10:37:20.437+0000] {processor.py:830} INFO - Processing file /opt/airflow/dags/etl_dag.py for tasks to queue
[2026-02-19T10:37:20.438+0000] {logging_mixin.py:188} INFO - [2026-02-19T10:37:20.438+0000] {dagbag.py:538} INFO - Filling up the DagBag from /opt/airflow/dags/etl_dag.py
[2026-02-19T10:37:20.485+0000] {logging_mixin.py:188} INFO - Warning: Your Kaggle API key is readable by other users on this system! To fix this, you can run 'chmod 600 /home/airflow/.kaggle/kaggle.json'
[2026-02-19T10:37:20.644+0000] {logging_mixin.py:188} WARNING - /home/airflow/.local/lib/python3.8/site-packages/airflow/models/baseoperator.py:437 AirflowProviderDeprecationWarning: `exists_ok` parameter is deprecated, please use `if_exists`
[2026-02-19T10:37:20.653+0000] {processor.py:840} INFO - DAG(s) 'ecommerce_etl_v2' retrieved from /opt/airflow/dags/etl_dag.py
[2026-02-19T10:37:20.670+0000] {logging_mixin.py:188} INFO - [2026-02-19T10:37:20.670+0000] {dag.py:3036} INFO - Sync 1 DAGs
[2026-02-19T10:37:20.680+0000] {logging_mixin.py:188} INFO - [2026-02-19T10:37:20.680+0000] {dag.py:3823} INFO - Setting next_dagrun for ecommerce_etl_v2 to 2026-02-18 13:00:00+00:00, run_after=2026-02-19 13:00:00+00:00
[2026-02-19T10:37:20.688+0000] {processor.py:183} INFO - Processing /opt/airflow/dags/etl_dag.py took 0.255 seconds
[2026-02-19T10:37:50.958+0000] {processor.py:161} INFO - Started process (PID=65316) to work on /opt/airflow/dags/etl_dag.py
[2026-02-19T10:37:50.959+0000] {processor.py:830} INFO - Processing file /opt/airflow/dags/etl_dag.py for tasks to queue
[2026-02-19T10:37:50.959+0000] {logging_mixin.py:188} INFO - [2026-02-19T10:37:50.959+0000] {dagbag.py:538} INFO - Filling up the DagBag from /opt/airflow/dags/etl_dag.py
[2026-02-19T10:37:51.000+0000] {logging_mixin.py:188} INFO - Warning: Your Kaggle API key is readable by other users on this system! To fix this, you can run 'chmod 600 /home/airflow/.kaggle/kaggle.json'
[2026-02-19T10:37:51.159+0000] {logging_mixin.py:188} WARNING - /home/airflow/.local/lib/python3.8/site-packages/airflow/models/baseoperator.py:437 AirflowProviderDeprecationWarning: `exists_ok` parameter is deprecated, please use `if_exists`
[2026-02-19T10:37:51.168+0000] {processor.py:840} INFO - DAG(s) 'ecommerce_etl_v2' retrieved from /opt/airflow/dags/etl_dag.py
[2026-02-19T10:37:51.186+0000] {logging_mixin.py:188} INFO - [2026-02-19T10:37:51.186+0000] {dag.py:3036} INFO - Sync 1 DAGs
[2026-02-19T10:37:51.196+0000] {logging_mixin.py:188} INFO - [2026-02-19T10:37:51.196+0000] {dag.py:3823} INFO - Setting next_dagrun for ecommerce_etl_v2 to 2026-02-18 13:00:00+00:00, run_after=2026-02-19 13:00:00+00:00
[2026-02-19T10:37:51.207+0000] {processor.py:183} INFO - Processing /opt/airflow/dags/etl_dag.py took 0.252 seconds
[2026-02-19T10:38:21.255+0000] {processor.py:161} INFO - Started process (PID=65347) to work on /opt/airflow/dags/etl_dag.py
[2026-02-19T10:38:21.256+0000] {processor.py:830} INFO - Processing file /opt/airflow/dags/etl_dag.py for tasks to queue
[2026-02-19T10:38:21.257+0000] {logging_mixin.py:188} INFO - [2026-02-19T10:38:21.256+0000] {dagbag.py:538} INFO - Filling up the DagBag from /opt/airflow/dags/etl_dag.py
[2026-02-19T10:38:21.299+0000] {logging_mixin.py:188} INFO - Warning: Your Kaggle API key is readable by other users on this system! To fix this, you can run 'chmod 600 /home/airflow/.kaggle/kaggle.json'
[2026-02-19T10:38:21.467+0000] {logging_mixin.py:188} WARNING - /home/airflow/.local/lib/python3.8/site-packages/airflow/models/baseoperator.py:437 AirflowProviderDeprecationWarning: `exists_ok` parameter is deprecated, please use `if_exists`
[2026-02-19T10:38:21.476+0000] {processor.py:840} INFO - DAG(s) 'ecommerce_etl_v2' retrieved from /opt/airflow/dags/etl_dag.py
[2026-02-19T10:38:21.493+0000] {logging_mixin.py:188} INFO - [2026-02-19T10:38:21.493+0000] {dag.py:3036} INFO - Sync 1 DAGs
[2026-02-19T10:38:21.502+0000] {logging_mixin.py:188} INFO - [2026-02-19T10:38:21.502+0000] {dag.py:3823} INFO - Setting next_dagrun for ecommerce_etl_v2 to 2026-02-18 13:00:00+00:00, run_after=2026-02-19 13:00:00+00:00
[2026-02-19T10:38:21.511+0000] {processor.py:183} INFO - Processing /opt/airflow/dags/etl_dag.py took 0.258 seconds
[2026-02-19T10:38:51.830+0000] {processor.py:161} INFO - Started process (PID=65378) to work on /opt/airflow/dags/etl_dag.py
[2026-02-19T10:38:51.832+0000] {processor.py:830} INFO - Processing file /opt/airflow/dags/etl_dag.py for tasks to queue
[2026-02-19T10:38:51.833+0000] {logging_mixin.py:188} INFO - [2026-02-19T10:38:51.832+0000] {dagbag.py:538} INFO - Filling up the DagBag from /opt/airflow/dags/etl_dag.py
[2026-02-19T10:38:51.883+0000] {logging_mixin.py:188} INFO - Warning: Your Kaggle API key is readable by other users on this system! To fix this, you can run 'chmod 600 /home/airflow/.kaggle/kaggle.json'
[2026-02-19T10:38:52.042+0000] {logging_mixin.py:188} WARNING - /home/airflow/.local/lib/python3.8/site-packages/airflow/models/baseoperator.py:437 AirflowProviderDeprecationWarning: `exists_ok` parameter is deprecated, please use `if_exists`
[2026-02-19T10:38:52.050+0000] {processor.py:840} INFO - DAG(s) 'ecommerce_etl_v2' retrieved from /opt/airflow/dags/etl_dag.py
[2026-02-19T10:38:52.068+0000] {logging_mixin.py:188} INFO - [2026-02-19T10:38:52.068+0000] {dag.py:3036} INFO - Sync 1 DAGs
[2026-02-19T10:38:52.077+0000] {logging_mixin.py:188} INFO - [2026-02-19T10:38:52.077+0000] {dag.py:3823} INFO - Setting next_dagrun for ecommerce_etl_v2 to 2026-02-18 13:00:00+00:00, run_after=2026-02-19 13:00:00+00:00
[2026-02-19T10:38:52.086+0000] {processor.py:183} INFO - Processing /opt/airflow/dags/etl_dag.py took 0.261 seconds
[2026-02-19T10:39:22.164+0000] {processor.py:161} INFO - Started process (PID=65409) to work on /opt/airflow/dags/etl_dag.py
[2026-02-19T10:39:22.166+0000] {processor.py:830} INFO - Processing file /opt/airflow/dags/etl_dag.py for tasks to queue
[2026-02-19T10:39:22.168+0000] {logging_mixin.py:188} INFO - [2026-02-19T10:39:22.167+0000] {dagbag.py:538} INFO - Filling up the DagBag from /opt/airflow/dags/etl_dag.py
[2026-02-19T10:39:22.219+0000] {logging_mixin.py:188} INFO - Warning: Your Kaggle API key is readable by other users on this system! To fix this, you can run 'chmod 600 /home/airflow/.kaggle/kaggle.json'
[2026-02-19T10:39:22.392+0000] {logging_mixin.py:188} WARNING - /home/airflow/.local/lib/python3.8/site-packages/airflow/models/baseoperator.py:437 AirflowProviderDeprecationWarning: `exists_ok` parameter is deprecated, please use `if_exists`
[2026-02-19T10:39:22.401+0000] {processor.py:840} INFO - DAG(s) 'ecommerce_etl_v2' retrieved from /opt/airflow/dags/etl_dag.py
[2026-02-19T10:39:22.420+0000] {logging_mixin.py:188} INFO - [2026-02-19T10:39:22.420+0000] {dag.py:3036} INFO - Sync 1 DAGs
[2026-02-19T10:39:22.430+0000] {logging_mixin.py:188} INFO - [2026-02-19T10:39:22.430+0000] {dag.py:3823} INFO - Setting next_dagrun for ecommerce_etl_v2 to 2026-02-18 13:00:00+00:00, run_after=2026-02-19 13:00:00+00:00
[2026-02-19T10:39:22.439+0000] {processor.py:183} INFO - Processing /opt/airflow/dags/etl_dag.py took 0.279 seconds
[2026-02-19T10:39:52.682+0000] {processor.py:161} INFO - Started process (PID=65440) to work on /opt/airflow/dags/etl_dag.py
[2026-02-19T10:39:52.683+0000] {processor.py:830} INFO - Processing file /opt/airflow/dags/etl_dag.py for tasks to queue
[2026-02-19T10:39:52.684+0000] {logging_mixin.py:188} INFO - [2026-02-19T10:39:52.684+0000] {dagbag.py:538} INFO - Filling up the DagBag from /opt/airflow/dags/etl_dag.py
[2026-02-19T10:39:52.728+0000] {logging_mixin.py:188} INFO - Warning: Your Kaggle API key is readable by other users on this system! To fix this, you can run 'chmod 600 /home/airflow/.kaggle/kaggle.json'
[2026-02-19T10:39:52.895+0000] {logging_mixin.py:188} WARNING - /home/airflow/.local/lib/python3.8/site-packages/airflow/models/baseoperator.py:437 AirflowProviderDeprecationWarning: `exists_ok` parameter is deprecated, please use `if_exists`
[2026-02-19T10:39:52.906+0000] {processor.py:840} INFO - DAG(s) 'ecommerce_etl_v2' retrieved from /opt/airflow/dags/etl_dag.py
[2026-02-19T10:39:52.924+0000] {logging_mixin.py:188} INFO - [2026-02-19T10:39:52.924+0000] {dag.py:3036} INFO - Sync 1 DAGs
[2026-02-19T10:39:52.933+0000] {logging_mixin.py:188} INFO - [2026-02-19T10:39:52.933+0000] {dag.py:3823} INFO - Setting next_dagrun for ecommerce_etl_v2 to 2026-02-18 13:00:00+00:00, run_after=2026-02-19 13:00:00+00:00
[2026-02-19T10:39:52.940+0000] {processor.py:183} INFO - Processing /opt/airflow/dags/etl_dag.py took 0.263 seconds
[2026-02-19T10:40:23.043+0000] {processor.py:161} INFO - Started process (PID=65471) to work on /opt/airflow/dags/etl_dag.py
[2026-02-19T10:40:23.044+0000] {processor.py:830} INFO - Processing file /opt/airflow/dags/etl_dag.py for tasks to queue
[2026-02-19T10:40:23.045+0000] {logging_mixin.py:188} INFO - [2026-02-19T10:40:23.045+0000] {dagbag.py:538} INFO - Filling up the DagBag from /opt/airflow/dags/etl_dag.py
[2026-02-19T10:40:23.094+0000] {logging_mixin.py:188} INFO - Warning: Your Kaggle API key is readable by other users on this system! To fix this, you can run 'chmod 600 /home/airflow/.kaggle/kaggle.json'
[2026-02-19T10:40:23.260+0000] {logging_mixin.py:188} WARNING - /home/airflow/.local/lib/python3.8/site-packages/airflow/models/baseoperator.py:437 AirflowProviderDeprecationWarning: `exists_ok` parameter is deprecated, please use `if_exists`
[2026-02-19T10:40:23.270+0000] {processor.py:840} INFO - DAG(s) 'ecommerce_etl_v2' retrieved from /opt/airflow/dags/etl_dag.py
[2026-02-19T10:40:23.292+0000] {logging_mixin.py:188} INFO - [2026-02-19T10:40:23.291+0000] {dag.py:3036} INFO - Sync 1 DAGs
[2026-02-19T10:40:23.304+0000] {logging_mixin.py:188} INFO - [2026-02-19T10:40:23.304+0000] {dag.py:3823} INFO - Setting next_dagrun for ecommerce_etl_v2 to 2026-02-18 13:00:00+00:00, run_after=2026-02-19 13:00:00+00:00
[2026-02-19T10:40:23.315+0000] {processor.py:183} INFO - Processing /opt/airflow/dags/etl_dag.py took 0.276 seconds
[2026-02-19T10:40:53.531+0000] {processor.py:161} INFO - Started process (PID=65502) to work on /opt/airflow/dags/etl_dag.py
[2026-02-19T10:40:53.532+0000] {processor.py:830} INFO - Processing file /opt/airflow/dags/etl_dag.py for tasks to queue
[2026-02-19T10:40:53.533+0000] {logging_mixin.py:188} INFO - [2026-02-19T10:40:53.533+0000] {dagbag.py:538} INFO - Filling up the DagBag from /opt/airflow/dags/etl_dag.py
[2026-02-19T10:40:53.578+0000] {logging_mixin.py:188} INFO - Warning: Your Kaggle API key is readable by other users on this system! To fix this, you can run 'chmod 600 /home/airflow/.kaggle/kaggle.json'
[2026-02-19T10:40:53.736+0000] {logging_mixin.py:188} WARNING - /home/airflow/.local/lib/python3.8/site-packages/airflow/models/baseoperator.py:437 AirflowProviderDeprecationWarning: `exists_ok` parameter is deprecated, please use `if_exists`
[2026-02-19T10:40:53.744+0000] {processor.py:840} INFO - DAG(s) 'ecommerce_etl_v2' retrieved from /opt/airflow/dags/etl_dag.py
[2026-02-19T10:40:53.761+0000] {logging_mixin.py:188} INFO - [2026-02-19T10:40:53.760+0000] {dag.py:3036} INFO - Sync 1 DAGs
[2026-02-19T10:40:53.770+0000] {logging_mixin.py:188} INFO - [2026-02-19T10:40:53.770+0000] {dag.py:3823} INFO - Setting next_dagrun for ecommerce_etl_v2 to 2026-02-18 13:00:00+00:00, run_after=2026-02-19 13:00:00+00:00
[2026-02-19T10:40:53.778+0000] {processor.py:183} INFO - Processing /opt/airflow/dags/etl_dag.py took 0.251 seconds
[2026-02-19T10:41:23.908+0000] {processor.py:161} INFO - Started process (PID=65533) to work on /opt/airflow/dags/etl_dag.py
[2026-02-19T10:41:23.909+0000] {processor.py:830} INFO - Processing file /opt/airflow/dags/etl_dag.py for tasks to queue
[2026-02-19T10:41:23.910+0000] {logging_mixin.py:188} INFO - [2026-02-19T10:41:23.909+0000] {dagbag.py:538} INFO - Filling up the DagBag from /opt/airflow/dags/etl_dag.py
[2026-02-19T10:41:23.952+0000] {logging_mixin.py:188} INFO - Warning: Your Kaggle API key is readable by other users on this system! To fix this, you can run 'chmod 600 /home/airflow/.kaggle/kaggle.json'
[2026-02-19T10:41:24.112+0000] {logging_mixin.py:188} WARNING - /home/airflow/.local/lib/python3.8/site-packages/airflow/models/baseoperator.py:437 AirflowProviderDeprecationWarning: `exists_ok` parameter is deprecated, please use `if_exists`
[2026-02-19T10:41:24.122+0000] {processor.py:840} INFO - DAG(s) 'ecommerce_etl_v2' retrieved from /opt/airflow/dags/etl_dag.py
[2026-02-19T10:41:24.138+0000] {logging_mixin.py:188} INFO - [2026-02-19T10:41:24.138+0000] {dag.py:3036} INFO - Sync 1 DAGs
[2026-02-19T10:41:24.147+0000] {logging_mixin.py:188} INFO - [2026-02-19T10:41:24.147+0000] {dag.py:3823} INFO - Setting next_dagrun for ecommerce_etl_v2 to 2026-02-18 13:00:00+00:00, run_after=2026-02-19 13:00:00+00:00
[2026-02-19T10:41:24.155+0000] {processor.py:183} INFO - Processing /opt/airflow/dags/etl_dag.py took 0.250 seconds
[2026-02-19T10:41:54.394+0000] {processor.py:161} INFO - Started process (PID=65564) to work on /opt/airflow/dags/etl_dag.py
[2026-02-19T10:41:54.395+0000] {processor.py:830} INFO - Processing file /opt/airflow/dags/etl_dag.py for tasks to queue
[2026-02-19T10:41:54.396+0000] {logging_mixin.py:188} INFO - [2026-02-19T10:41:54.396+0000] {dagbag.py:538} INFO - Filling up the DagBag from /opt/airflow/dags/etl_dag.py
[2026-02-19T10:41:54.446+0000] {logging_mixin.py:188} INFO - Warning: Your Kaggle API key is readable by other users on this system! To fix this, you can run 'chmod 600 /home/airflow/.kaggle/kaggle.json'
[2026-02-19T10:41:54.604+0000] {logging_mixin.py:188} WARNING - /home/airflow/.local/lib/python3.8/site-packages/airflow/models/baseoperator.py:437 AirflowProviderDeprecationWarning: `exists_ok` parameter is deprecated, please use `if_exists`
[2026-02-19T10:41:54.613+0000] {processor.py:840} INFO - DAG(s) 'ecommerce_etl_v2' retrieved from /opt/airflow/dags/etl_dag.py
[2026-02-19T10:41:54.629+0000] {logging_mixin.py:188} INFO - [2026-02-19T10:41:54.629+0000] {dag.py:3036} INFO - Sync 1 DAGs
[2026-02-19T10:41:54.638+0000] {logging_mixin.py:188} INFO - [2026-02-19T10:41:54.638+0000] {dag.py:3823} INFO - Setting next_dagrun for ecommerce_etl_v2 to 2026-02-18 13:00:00+00:00, run_after=2026-02-19 13:00:00+00:00
[2026-02-19T10:41:54.646+0000] {processor.py:183} INFO - Processing /opt/airflow/dags/etl_dag.py took 0.256 seconds
[2026-02-19T10:42:24.763+0000] {processor.py:161} INFO - Started process (PID=65595) to work on /opt/airflow/dags/etl_dag.py
[2026-02-19T10:42:24.765+0000] {processor.py:830} INFO - Processing file /opt/airflow/dags/etl_dag.py for tasks to queue
[2026-02-19T10:42:24.766+0000] {logging_mixin.py:188} INFO - [2026-02-19T10:42:24.766+0000] {dagbag.py:538} INFO - Filling up the DagBag from /opt/airflow/dags/etl_dag.py
[2026-02-19T10:42:24.812+0000] {logging_mixin.py:188} INFO - Warning: Your Kaggle API key is readable by other users on this system! To fix this, you can run 'chmod 600 /home/airflow/.kaggle/kaggle.json'
[2026-02-19T10:42:24.967+0000] {logging_mixin.py:188} WARNING - /home/airflow/.local/lib/python3.8/site-packages/airflow/models/baseoperator.py:437 AirflowProviderDeprecationWarning: `exists_ok` parameter is deprecated, please use `if_exists`
[2026-02-19T10:42:24.976+0000] {processor.py:840} INFO - DAG(s) 'ecommerce_etl_v2' retrieved from /opt/airflow/dags/etl_dag.py
[2026-02-19T10:42:24.992+0000] {logging_mixin.py:188} INFO - [2026-02-19T10:42:24.992+0000] {dag.py:3036} INFO - Sync 1 DAGs
[2026-02-19T10:42:25.001+0000] {logging_mixin.py:188} INFO - [2026-02-19T10:42:25.001+0000] {dag.py:3823} INFO - Setting next_dagrun for ecommerce_etl_v2 to 2026-02-18 13:00:00+00:00, run_after=2026-02-19 13:00:00+00:00
[2026-02-19T10:42:25.009+0000] {processor.py:183} INFO - Processing /opt/airflow/dags/etl_dag.py took 0.250 seconds
[2026-02-19T10:42:55.331+0000] {processor.py:161} INFO - Started process (PID=65626) to work on /opt/airflow/dags/etl_dag.py
[2026-02-19T10:42:55.333+0000] {processor.py:830} INFO - Processing file /opt/airflow/dags/etl_dag.py for tasks to queue
[2026-02-19T10:42:55.333+0000] {logging_mixin.py:188} INFO - [2026-02-19T10:42:55.333+0000] {dagbag.py:538} INFO - Filling up the DagBag from /opt/airflow/dags/etl_dag.py
[2026-02-19T10:42:55.380+0000] {logging_mixin.py:188} INFO - Warning: Your Kaggle API key is readable by other users on this system! To fix this, you can run 'chmod 600 /home/airflow/.kaggle/kaggle.json'
[2026-02-19T10:42:55.537+0000] {logging_mixin.py:188} WARNING - /home/airflow/.local/lib/python3.8/site-packages/airflow/models/baseoperator.py:437 AirflowProviderDeprecationWarning: `exists_ok` parameter is deprecated, please use `if_exists`
[2026-02-19T10:42:55.546+0000] {processor.py:840} INFO - DAG(s) 'ecommerce_etl_v2' retrieved from /opt/airflow/dags/etl_dag.py
[2026-02-19T10:42:55.563+0000] {logging_mixin.py:188} INFO - [2026-02-19T10:42:55.563+0000] {dag.py:3036} INFO - Sync 1 DAGs
[2026-02-19T10:42:55.572+0000] {logging_mixin.py:188} INFO - [2026-02-19T10:42:55.572+0000] {dag.py:3823} INFO - Setting next_dagrun for ecommerce_etl_v2 to 2026-02-18 13:00:00+00:00, run_after=2026-02-19 13:00:00+00:00
[2026-02-19T10:42:55.579+0000] {processor.py:183} INFO - Processing /opt/airflow/dags/etl_dag.py took 0.251 seconds
[2026-02-19T10:43:25.668+0000] {processor.py:161} INFO - Started process (PID=65657) to work on /opt/airflow/dags/etl_dag.py
[2026-02-19T10:43:25.669+0000] {processor.py:830} INFO - Processing file /opt/airflow/dags/etl_dag.py for tasks to queue
[2026-02-19T10:43:25.671+0000] {logging_mixin.py:188} INFO - [2026-02-19T10:43:25.670+0000] {dagbag.py:538} INFO - Filling up the DagBag from /opt/airflow/dags/etl_dag.py
[2026-02-19T10:43:25.719+0000] {logging_mixin.py:188} INFO - Warning: Your Kaggle API key is readable by other users on this system! To fix this, you can run 'chmod 600 /home/airflow/.kaggle/kaggle.json'
[2026-02-19T10:43:25.876+0000] {logging_mixin.py:188} WARNING - /home/airflow/.local/lib/python3.8/site-packages/airflow/models/baseoperator.py:437 AirflowProviderDeprecationWarning: `exists_ok` parameter is deprecated, please use `if_exists`
[2026-02-19T10:43:25.883+0000] {processor.py:840} INFO - DAG(s) 'ecommerce_etl_v2' retrieved from /opt/airflow/dags/etl_dag.py
[2026-02-19T10:43:25.900+0000] {logging_mixin.py:188} INFO - [2026-02-19T10:43:25.900+0000] {dag.py:3036} INFO - Sync 1 DAGs
[2026-02-19T10:43:25.909+0000] {logging_mixin.py:188} INFO - [2026-02-19T10:43:25.909+0000] {dag.py:3823} INFO - Setting next_dagrun for ecommerce_etl_v2 to 2026-02-18 13:00:00+00:00, run_after=2026-02-19 13:00:00+00:00
[2026-02-19T10:43:25.917+0000] {processor.py:183} INFO - Processing /opt/airflow/dags/etl_dag.py took 0.254 seconds
[2026-02-19T10:43:56.184+0000] {processor.py:161} INFO - Started process (PID=65688) to work on /opt/airflow/dags/etl_dag.py
[2026-02-19T10:43:56.185+0000] {processor.py:830} INFO - Processing file /opt/airflow/dags/etl_dag.py for tasks to queue
[2026-02-19T10:43:56.186+0000] {logging_mixin.py:188} INFO - [2026-02-19T10:43:56.186+0000] {dagbag.py:538} INFO - Filling up the DagBag from /opt/airflow/dags/etl_dag.py
[2026-02-19T10:43:56.232+0000] {logging_mixin.py:188} INFO - Warning: Your Kaggle API key is readable by other users on this system! To fix this, you can run 'chmod 600 /home/airflow/.kaggle/kaggle.json'
[2026-02-19T10:43:56.388+0000] {logging_mixin.py:188} WARNING - /home/airflow/.local/lib/python3.8/site-packages/airflow/models/baseoperator.py:437 AirflowProviderDeprecationWarning: `exists_ok` parameter is deprecated, please use `if_exists`
[2026-02-19T10:43:56.397+0000] {processor.py:840} INFO - DAG(s) 'ecommerce_etl_v2' retrieved from /opt/airflow/dags/etl_dag.py
[2026-02-19T10:43:56.414+0000] {logging_mixin.py:188} INFO - [2026-02-19T10:43:56.414+0000] {dag.py:3036} INFO - Sync 1 DAGs
[2026-02-19T10:43:56.423+0000] {logging_mixin.py:188} INFO - [2026-02-19T10:43:56.423+0000] {dag.py:3823} INFO - Setting next_dagrun for ecommerce_etl_v2 to 2026-02-18 13:00:00+00:00, run_after=2026-02-19 13:00:00+00:00
[2026-02-19T10:43:56.430+0000] {processor.py:183} INFO - Processing /opt/airflow/dags/etl_dag.py took 0.249 seconds
[2026-02-19T10:44:26.484+0000] {processor.py:161} INFO - Started process (PID=65719) to work on /opt/airflow/dags/etl_dag.py
[2026-02-19T10:44:26.485+0000] {processor.py:830} INFO - Processing file /opt/airflow/dags/etl_dag.py for tasks to queue
[2026-02-19T10:44:26.486+0000] {logging_mixin.py:188} INFO - [2026-02-19T10:44:26.486+0000] {dagbag.py:538} INFO - Filling up the DagBag from /opt/airflow/dags/etl_dag.py
[2026-02-19T10:44:26.532+0000] {logging_mixin.py:188} INFO - Warning: Your Kaggle API key is readable by other users on this system! To fix this, you can run 'chmod 600 /home/airflow/.kaggle/kaggle.json'
[2026-02-19T10:44:26.697+0000] {logging_mixin.py:188} WARNING - /home/airflow/.local/lib/python3.8/site-packages/airflow/models/baseoperator.py:437 AirflowProviderDeprecationWarning: `exists_ok` parameter is deprecated, please use `if_exists`
[2026-02-19T10:44:26.705+0000] {processor.py:840} INFO - DAG(s) 'ecommerce_etl_v2' retrieved from /opt/airflow/dags/etl_dag.py
[2026-02-19T10:44:26.722+0000] {logging_mixin.py:188} INFO - [2026-02-19T10:44:26.722+0000] {dag.py:3036} INFO - Sync 1 DAGs
[2026-02-19T10:44:26.732+0000] {logging_mixin.py:188} INFO - [2026-02-19T10:44:26.732+0000] {dag.py:3823} INFO - Setting next_dagrun for ecommerce_etl_v2 to 2026-02-18 13:00:00+00:00, run_after=2026-02-19 13:00:00+00:00
[2026-02-19T10:44:26.740+0000] {processor.py:183} INFO - Processing /opt/airflow/dags/etl_dag.py took 0.261 seconds
[2026-02-19T10:44:57.088+0000] {processor.py:161} INFO - Started process (PID=65750) to work on /opt/airflow/dags/etl_dag.py
[2026-02-19T10:44:57.089+0000] {processor.py:830} INFO - Processing file /opt/airflow/dags/etl_dag.py for tasks to queue
[2026-02-19T10:44:57.090+0000] {logging_mixin.py:188} INFO - [2026-02-19T10:44:57.090+0000] {dagbag.py:538} INFO - Filling up the DagBag from /opt/airflow/dags/etl_dag.py
[2026-02-19T10:44:57.136+0000] {logging_mixin.py:188} INFO - Warning: Your Kaggle API key is readable by other users on this system! To fix this, you can run 'chmod 600 /home/airflow/.kaggle/kaggle.json'
[2026-02-19T10:44:57.294+0000] {logging_mixin.py:188} WARNING - /home/airflow/.local/lib/python3.8/site-packages/airflow/models/baseoperator.py:437 AirflowProviderDeprecationWarning: `exists_ok` parameter is deprecated, please use `if_exists`
[2026-02-19T10:44:57.305+0000] {processor.py:840} INFO - DAG(s) 'ecommerce_etl_v2' retrieved from /opt/airflow/dags/etl_dag.py
[2026-02-19T10:44:57.322+0000] {logging_mixin.py:188} INFO - [2026-02-19T10:44:57.322+0000] {dag.py:3036} INFO - Sync 1 DAGs
[2026-02-19T10:44:57.331+0000] {logging_mixin.py:188} INFO - [2026-02-19T10:44:57.331+0000] {dag.py:3823} INFO - Setting next_dagrun for ecommerce_etl_v2 to 2026-02-18 13:00:00+00:00, run_after=2026-02-19 13:00:00+00:00
[2026-02-19T10:44:57.339+0000] {processor.py:183} INFO - Processing /opt/airflow/dags/etl_dag.py took 0.254 seconds
[2026-02-19T10:45:27.394+0000] {processor.py:161} INFO - Started process (PID=65781) to work on /opt/airflow/dags/etl_dag.py
[2026-02-19T10:45:27.396+0000] {processor.py:830} INFO - Processing file /opt/airflow/dags/etl_dag.py for tasks to queue
[2026-02-19T10:45:27.396+0000] {logging_mixin.py:188} INFO - [2026-02-19T10:45:27.396+0000] {dagbag.py:538} INFO - Filling up the DagBag from /opt/airflow/dags/etl_dag.py
[2026-02-19T10:45:27.442+0000] {logging_mixin.py:188} INFO - Warning: Your Kaggle API key is readable by other users on this system! To fix this, you can run 'chmod 600 /home/airflow/.kaggle/kaggle.json'
[2026-02-19T10:45:27.597+0000] {logging_mixin.py:188} WARNING - /home/airflow/.local/lib/python3.8/site-packages/airflow/models/baseoperator.py:437 AirflowProviderDeprecationWarning: `exists_ok` parameter is deprecated, please use `if_exists`
[2026-02-19T10:45:27.605+0000] {processor.py:840} INFO - DAG(s) 'ecommerce_etl_v2' retrieved from /opt/airflow/dags/etl_dag.py
[2026-02-19T10:45:27.622+0000] {logging_mixin.py:188} INFO - [2026-02-19T10:45:27.622+0000] {dag.py:3036} INFO - Sync 1 DAGs
[2026-02-19T10:45:27.631+0000] {logging_mixin.py:188} INFO - [2026-02-19T10:45:27.631+0000] {dag.py:3823} INFO - Setting next_dagrun for ecommerce_etl_v2 to 2026-02-18 13:00:00+00:00, run_after=2026-02-19 13:00:00+00:00
[2026-02-19T10:45:27.639+0000] {processor.py:183} INFO - Processing /opt/airflow/dags/etl_dag.py took 0.249 seconds
[2026-02-19T10:45:58.028+0000] {processor.py:161} INFO - Started process (PID=65812) to work on /opt/airflow/dags/etl_dag.py
[2026-02-19T10:45:58.029+0000] {processor.py:830} INFO - Processing file /opt/airflow/dags/etl_dag.py for tasks to queue
[2026-02-19T10:45:58.030+0000] {logging_mixin.py:188} INFO - [2026-02-19T10:45:58.030+0000] {dagbag.py:538} INFO - Filling up the DagBag from /opt/airflow/dags/etl_dag.py
[2026-02-19T10:45:58.078+0000] {logging_mixin.py:188} INFO - Warning: Your Kaggle API key is readable by other users on this system! To fix this, you can run 'chmod 600 /home/airflow/.kaggle/kaggle.json'
[2026-02-19T10:45:58.237+0000] {logging_mixin.py:188} WARNING - /home/airflow/.local/lib/python3.8/site-packages/airflow/models/baseoperator.py:437 AirflowProviderDeprecationWarning: `exists_ok` parameter is deprecated, please use `if_exists`
[2026-02-19T10:45:58.245+0000] {processor.py:840} INFO - DAG(s) 'ecommerce_etl_v2' retrieved from /opt/airflow/dags/etl_dag.py
[2026-02-19T10:45:58.262+0000] {logging_mixin.py:188} INFO - [2026-02-19T10:45:58.262+0000] {dag.py:3036} INFO - Sync 1 DAGs
[2026-02-19T10:45:58.271+0000] {logging_mixin.py:188} INFO - [2026-02-19T10:45:58.271+0000] {dag.py:3823} INFO - Setting next_dagrun for ecommerce_etl_v2 to 2026-02-18 13:00:00+00:00, run_after=2026-02-19 13:00:00+00:00
[2026-02-19T10:45:58.279+0000] {processor.py:183} INFO - Processing /opt/airflow/dags/etl_dag.py took 0.254 seconds
[2026-02-19T10:46:28.414+0000] {processor.py:161} INFO - Started process (PID=65843) to work on /opt/airflow/dags/etl_dag.py
[2026-02-19T10:46:28.416+0000] {processor.py:830} INFO - Processing file /opt/airflow/dags/etl_dag.py for tasks to queue
[2026-02-19T10:46:28.417+0000] {logging_mixin.py:188} INFO - [2026-02-19T10:46:28.416+0000] {dagbag.py:538} INFO - Filling up the DagBag from /opt/airflow/dags/etl_dag.py
[2026-02-19T10:46:28.464+0000] {logging_mixin.py:188} INFO - Warning: Your Kaggle API key is readable by other users on this system! To fix this, you can run 'chmod 600 /home/airflow/.kaggle/kaggle.json'
[2026-02-19T10:46:28.622+0000] {logging_mixin.py:188} WARNING - /home/airflow/.local/lib/python3.8/site-packages/airflow/models/baseoperator.py:437 AirflowProviderDeprecationWarning: `exists_ok` parameter is deprecated, please use `if_exists`
[2026-02-19T10:46:28.632+0000] {processor.py:840} INFO - DAG(s) 'ecommerce_etl_v2' retrieved from /opt/airflow/dags/etl_dag.py
[2026-02-19T10:46:28.650+0000] {logging_mixin.py:188} INFO - [2026-02-19T10:46:28.649+0000] {dag.py:3036} INFO - Sync 1 DAGs
[2026-02-19T10:46:28.659+0000] {logging_mixin.py:188} INFO - [2026-02-19T10:46:28.659+0000] {dag.py:3823} INFO - Setting next_dagrun for ecommerce_etl_v2 to 2026-02-18 13:00:00+00:00, run_after=2026-02-19 13:00:00+00:00
[2026-02-19T10:46:28.666+0000] {processor.py:183} INFO - Processing /opt/airflow/dags/etl_dag.py took 0.257 seconds
[2026-02-19T10:46:58.857+0000] {processor.py:161} INFO - Started process (PID=65874) to work on /opt/airflow/dags/etl_dag.py
[2026-02-19T10:46:58.859+0000] {processor.py:830} INFO - Processing file /opt/airflow/dags/etl_dag.py for tasks to queue
[2026-02-19T10:46:58.860+0000] {logging_mixin.py:188} INFO - [2026-02-19T10:46:58.859+0000] {dagbag.py:538} INFO - Filling up the DagBag from /opt/airflow/dags/etl_dag.py
[2026-02-19T10:46:58.906+0000] {logging_mixin.py:188} INFO - Warning: Your Kaggle API key is readable by other users on this system! To fix this, you can run 'chmod 600 /home/airflow/.kaggle/kaggle.json'
[2026-02-19T10:46:59.063+0000] {logging_mixin.py:188} WARNING - /home/airflow/.local/lib/python3.8/site-packages/airflow/models/baseoperator.py:437 AirflowProviderDeprecationWarning: `exists_ok` parameter is deprecated, please use `if_exists`
[2026-02-19T10:46:59.072+0000] {processor.py:840} INFO - DAG(s) 'ecommerce_etl_v2' retrieved from /opt/airflow/dags/etl_dag.py
[2026-02-19T10:46:59.089+0000] {logging_mixin.py:188} INFO - [2026-02-19T10:46:59.089+0000] {dag.py:3036} INFO - Sync 1 DAGs
[2026-02-19T10:46:59.098+0000] {logging_mixin.py:188} INFO - [2026-02-19T10:46:59.098+0000] {dag.py:3823} INFO - Setting next_dagrun for ecommerce_etl_v2 to 2026-02-18 13:00:00+00:00, run_after=2026-02-19 13:00:00+00:00
[2026-02-19T10:46:59.106+0000] {processor.py:183} INFO - Processing /opt/airflow/dags/etl_dag.py took 0.254 seconds
[2026-02-19T10:47:29.190+0000] {processor.py:161} INFO - Started process (PID=65905) to work on /opt/airflow/dags/etl_dag.py
[2026-02-19T10:47:29.191+0000] {processor.py:830} INFO - Processing file /opt/airflow/dags/etl_dag.py for tasks to queue
[2026-02-19T10:47:29.191+0000] {logging_mixin.py:188} INFO - [2026-02-19T10:47:29.191+0000] {dagbag.py:538} INFO - Filling up the DagBag from /opt/airflow/dags/etl_dag.py
[2026-02-19T10:47:29.234+0000] {logging_mixin.py:188} INFO - Warning: Your Kaggle API key is readable by other users on this system! To fix this, you can run 'chmod 600 /home/airflow/.kaggle/kaggle.json'
[2026-02-19T10:47:29.402+0000] {logging_mixin.py:188} WARNING - /home/airflow/.local/lib/python3.8/site-packages/airflow/models/baseoperator.py:437 AirflowProviderDeprecationWarning: `exists_ok` parameter is deprecated, please use `if_exists`
[2026-02-19T10:47:29.418+0000] {processor.py:840} INFO - DAG(s) 'ecommerce_etl_v2' retrieved from /opt/airflow/dags/etl_dag.py
[2026-02-19T10:47:29.435+0000] {logging_mixin.py:188} INFO - [2026-02-19T10:47:29.435+0000] {dag.py:3036} INFO - Sync 1 DAGs
[2026-02-19T10:47:29.445+0000] {logging_mixin.py:188} INFO - [2026-02-19T10:47:29.445+0000] {dag.py:3823} INFO - Setting next_dagrun for ecommerce_etl_v2 to 2026-02-18 13:00:00+00:00, run_after=2026-02-19 13:00:00+00:00
[2026-02-19T10:47:29.453+0000] {processor.py:183} INFO - Processing /opt/airflow/dags/etl_dag.py took 0.266 seconds
[2026-02-19T10:47:59.716+0000] {processor.py:161} INFO - Started process (PID=65936) to work on /opt/airflow/dags/etl_dag.py
[2026-02-19T10:47:59.717+0000] {processor.py:830} INFO - Processing file /opt/airflow/dags/etl_dag.py for tasks to queue
[2026-02-19T10:47:59.718+0000] {logging_mixin.py:188} INFO - [2026-02-19T10:47:59.718+0000] {dagbag.py:538} INFO - Filling up the DagBag from /opt/airflow/dags/etl_dag.py
[2026-02-19T10:47:59.764+0000] {logging_mixin.py:188} INFO - Warning: Your Kaggle API key is readable by other users on this system! To fix this, you can run 'chmod 600 /home/airflow/.kaggle/kaggle.json'
[2026-02-19T10:47:59.923+0000] {logging_mixin.py:188} WARNING - /home/airflow/.local/lib/python3.8/site-packages/airflow/models/baseoperator.py:437 AirflowProviderDeprecationWarning: `exists_ok` parameter is deprecated, please use `if_exists`
[2026-02-19T10:47:59.932+0000] {processor.py:840} INFO - DAG(s) 'ecommerce_etl_v2' retrieved from /opt/airflow/dags/etl_dag.py
[2026-02-19T10:47:59.948+0000] {logging_mixin.py:188} INFO - [2026-02-19T10:47:59.948+0000] {dag.py:3036} INFO - Sync 1 DAGs
[2026-02-19T10:47:59.958+0000] {logging_mixin.py:188} INFO - [2026-02-19T10:47:59.957+0000] {dag.py:3823} INFO - Setting next_dagrun for ecommerce_etl_v2 to 2026-02-18 13:00:00+00:00, run_after=2026-02-19 13:00:00+00:00
[2026-02-19T10:47:59.966+0000] {processor.py:183} INFO - Processing /opt/airflow/dags/etl_dag.py took 0.254 seconds
[2026-02-19T10:48:30.072+0000] {processor.py:161} INFO - Started process (PID=65967) to work on /opt/airflow/dags/etl_dag.py
[2026-02-19T10:48:30.073+0000] {processor.py:830} INFO - Processing file /opt/airflow/dags/etl_dag.py for tasks to queue
[2026-02-19T10:48:30.074+0000] {logging_mixin.py:188} INFO - [2026-02-19T10:48:30.074+0000] {dagbag.py:538} INFO - Filling up the DagBag from /opt/airflow/dags/etl_dag.py
[2026-02-19T10:48:30.120+0000] {logging_mixin.py:188} INFO - Warning: Your Kaggle API key is readable by other users on this system! To fix this, you can run 'chmod 600 /home/airflow/.kaggle/kaggle.json'
[2026-02-19T10:48:30.273+0000] {logging_mixin.py:188} WARNING - /home/airflow/.local/lib/python3.8/site-packages/airflow/models/baseoperator.py:437 AirflowProviderDeprecationWarning: `exists_ok` parameter is deprecated, please use `if_exists`
[2026-02-19T10:48:30.282+0000] {processor.py:840} INFO - DAG(s) 'ecommerce_etl_v2' retrieved from /opt/airflow/dags/etl_dag.py
[2026-02-19T10:48:30.299+0000] {logging_mixin.py:188} INFO - [2026-02-19T10:48:30.299+0000] {dag.py:3036} INFO - Sync 1 DAGs
[2026-02-19T10:48:30.308+0000] {logging_mixin.py:188} INFO - [2026-02-19T10:48:30.308+0000] {dag.py:3823} INFO - Setting next_dagrun for ecommerce_etl_v2 to 2026-02-18 13:00:00+00:00, run_after=2026-02-19 13:00:00+00:00
[2026-02-19T10:48:30.316+0000] {processor.py:183} INFO - Processing /opt/airflow/dags/etl_dag.py took 0.248 seconds
[2026-02-19T10:49:00.636+0000] {processor.py:161} INFO - Started process (PID=65998) to work on /opt/airflow/dags/etl_dag.py
[2026-02-19T10:49:00.638+0000] {processor.py:830} INFO - Processing file /opt/airflow/dags/etl_dag.py for tasks to queue
[2026-02-19T10:49:00.638+0000] {logging_mixin.py:188} INFO - [2026-02-19T10:49:00.638+0000] {dagbag.py:538} INFO - Filling up the DagBag from /opt/airflow/dags/etl_dag.py
[2026-02-19T10:49:00.686+0000] {logging_mixin.py:188} INFO - Warning: Your Kaggle API key is readable by other users on this system! To fix this, you can run 'chmod 600 /home/airflow/.kaggle/kaggle.json'
[2026-02-19T10:49:00.841+0000] {logging_mixin.py:188} WARNING - /home/airflow/.local/lib/python3.8/site-packages/airflow/models/baseoperator.py:437 AirflowProviderDeprecationWarning: `exists_ok` parameter is deprecated, please use `if_exists`
[2026-02-19T10:49:00.850+0000] {processor.py:840} INFO - DAG(s) 'ecommerce_etl_v2' retrieved from /opt/airflow/dags/etl_dag.py
[2026-02-19T10:49:00.867+0000] {logging_mixin.py:188} INFO - [2026-02-19T10:49:00.866+0000] {dag.py:3036} INFO - Sync 1 DAGs
[2026-02-19T10:49:00.876+0000] {logging_mixin.py:188} INFO - [2026-02-19T10:49:00.876+0000] {dag.py:3823} INFO - Setting next_dagrun for ecommerce_etl_v2 to 2026-02-18 13:00:00+00:00, run_after=2026-02-19 13:00:00+00:00
[2026-02-19T10:49:00.884+0000] {processor.py:183} INFO - Processing /opt/airflow/dags/etl_dag.py took 0.251 seconds
[2026-02-19T10:49:30.989+0000] {processor.py:161} INFO - Started process (PID=66029) to work on /opt/airflow/dags/etl_dag.py
[2026-02-19T10:49:30.991+0000] {processor.py:830} INFO - Processing file /opt/airflow/dags/etl_dag.py for tasks to queue
[2026-02-19T10:49:30.992+0000] {logging_mixin.py:188} INFO - [2026-02-19T10:49:30.992+0000] {dagbag.py:538} INFO - Filling up the DagBag from /opt/airflow/dags/etl_dag.py
[2026-02-19T10:49:31.038+0000] {logging_mixin.py:188} INFO - Warning: Your Kaggle API key is readable by other users on this system! To fix this, you can run 'chmod 600 /home/airflow/.kaggle/kaggle.json'
[2026-02-19T10:49:31.193+0000] {logging_mixin.py:188} WARNING - /home/airflow/.local/lib/python3.8/site-packages/airflow/models/baseoperator.py:437 AirflowProviderDeprecationWarning: `exists_ok` parameter is deprecated, please use `if_exists`
[2026-02-19T10:49:31.201+0000] {processor.py:840} INFO - DAG(s) 'ecommerce_etl_v2' retrieved from /opt/airflow/dags/etl_dag.py
[2026-02-19T10:49:31.218+0000] {logging_mixin.py:188} INFO - [2026-02-19T10:49:31.218+0000] {dag.py:3036} INFO - Sync 1 DAGs
[2026-02-19T10:49:31.227+0000] {logging_mixin.py:188} INFO - [2026-02-19T10:49:31.226+0000] {dag.py:3823} INFO - Setting next_dagrun for ecommerce_etl_v2 to 2026-02-18 13:00:00+00:00, run_after=2026-02-19 13:00:00+00:00
[2026-02-19T10:49:31.235+0000] {processor.py:183} INFO - Processing /opt/airflow/dags/etl_dag.py took 0.250 seconds
[2026-02-19T10:50:01.500+0000] {processor.py:161} INFO - Started process (PID=66060) to work on /opt/airflow/dags/etl_dag.py
[2026-02-19T10:50:01.501+0000] {processor.py:830} INFO - Processing file /opt/airflow/dags/etl_dag.py for tasks to queue
[2026-02-19T10:50:01.502+0000] {logging_mixin.py:188} INFO - [2026-02-19T10:50:01.502+0000] {dagbag.py:538} INFO - Filling up the DagBag from /opt/airflow/dags/etl_dag.py
[2026-02-19T10:50:01.551+0000] {logging_mixin.py:188} INFO - Warning: Your Kaggle API key is readable by other users on this system! To fix this, you can run 'chmod 600 /home/airflow/.kaggle/kaggle.json'
[2026-02-19T10:50:01.711+0000] {logging_mixin.py:188} WARNING - /home/airflow/.local/lib/python3.8/site-packages/airflow/models/baseoperator.py:437 AirflowProviderDeprecationWarning: `exists_ok` parameter is deprecated, please use `if_exists`
[2026-02-19T10:50:01.720+0000] {processor.py:840} INFO - DAG(s) 'ecommerce_etl_v2' retrieved from /opt/airflow/dags/etl_dag.py
[2026-02-19T10:50:01.737+0000] {logging_mixin.py:188} INFO - [2026-02-19T10:50:01.736+0000] {dag.py:3036} INFO - Sync 1 DAGs
[2026-02-19T10:50:01.746+0000] {logging_mixin.py:188} INFO - [2026-02-19T10:50:01.745+0000] {dag.py:3823} INFO - Setting next_dagrun for ecommerce_etl_v2 to 2026-02-18 13:00:00+00:00, run_after=2026-02-19 13:00:00+00:00
[2026-02-19T10:50:01.754+0000] {processor.py:183} INFO - Processing /opt/airflow/dags/etl_dag.py took 0.257 seconds
[2026-02-19T10:50:31.790+0000] {processor.py:161} INFO - Started process (PID=66091) to work on /opt/airflow/dags/etl_dag.py
[2026-02-19T10:50:31.791+0000] {processor.py:830} INFO - Processing file /opt/airflow/dags/etl_dag.py for tasks to queue
[2026-02-19T10:50:31.792+0000] {logging_mixin.py:188} INFO - [2026-02-19T10:50:31.791+0000] {dagbag.py:538} INFO - Filling up the DagBag from /opt/airflow/dags/etl_dag.py
[2026-02-19T10:50:31.832+0000] {logging_mixin.py:188} INFO - Warning: Your Kaggle API key is readable by other users on this system! To fix this, you can run 'chmod 600 /home/airflow/.kaggle/kaggle.json'
[2026-02-19T10:50:31.995+0000] {logging_mixin.py:188} WARNING - /home/airflow/.local/lib/python3.8/site-packages/airflow/models/baseoperator.py:437 AirflowProviderDeprecationWarning: `exists_ok` parameter is deprecated, please use `if_exists`
[2026-02-19T10:50:32.005+0000] {processor.py:840} INFO - DAG(s) 'ecommerce_etl_v2' retrieved from /opt/airflow/dags/etl_dag.py
[2026-02-19T10:50:32.023+0000] {logging_mixin.py:188} INFO - [2026-02-19T10:50:32.023+0000] {dag.py:3036} INFO - Sync 1 DAGs
[2026-02-19T10:50:32.033+0000] {logging_mixin.py:188} INFO - [2026-02-19T10:50:32.033+0000] {dag.py:3823} INFO - Setting next_dagrun for ecommerce_etl_v2 to 2026-02-18 13:00:00+00:00, run_after=2026-02-19 13:00:00+00:00
[2026-02-19T10:50:32.041+0000] {processor.py:183} INFO - Processing /opt/airflow/dags/etl_dag.py took 0.254 seconds
[2026-02-19T10:51:02.443+0000] {processor.py:161} INFO - Started process (PID=66122) to work on /opt/airflow/dags/etl_dag.py
[2026-02-19T10:51:02.444+0000] {processor.py:830} INFO - Processing file /opt/airflow/dags/etl_dag.py for tasks to queue
[2026-02-19T10:51:02.445+0000] {logging_mixin.py:188} INFO - [2026-02-19T10:51:02.445+0000] {dagbag.py:538} INFO - Filling up the DagBag from /opt/airflow/dags/etl_dag.py
[2026-02-19T10:51:02.491+0000] {logging_mixin.py:188} INFO - Warning: Your Kaggle API key is readable by other users on this system! To fix this, you can run 'chmod 600 /home/airflow/.kaggle/kaggle.json'
[2026-02-19T10:51:02.648+0000] {logging_mixin.py:188} WARNING - /home/airflow/.local/lib/python3.8/site-packages/airflow/models/baseoperator.py:437 AirflowProviderDeprecationWarning: `exists_ok` parameter is deprecated, please use `if_exists`
[2026-02-19T10:51:02.656+0000] {processor.py:840} INFO - DAG(s) 'ecommerce_etl_v2' retrieved from /opt/airflow/dags/etl_dag.py
[2026-02-19T10:51:02.673+0000] {logging_mixin.py:188} INFO - [2026-02-19T10:51:02.673+0000] {dag.py:3036} INFO - Sync 1 DAGs
[2026-02-19T10:51:02.682+0000] {logging_mixin.py:188} INFO - [2026-02-19T10:51:02.682+0000] {dag.py:3823} INFO - Setting next_dagrun for ecommerce_etl_v2 to 2026-02-18 13:00:00+00:00, run_after=2026-02-19 13:00:00+00:00
[2026-02-19T10:51:02.691+0000] {processor.py:183} INFO - Processing /opt/airflow/dags/etl_dag.py took 0.251 seconds
[2026-02-19T10:51:32.788+0000] {processor.py:161} INFO - Started process (PID=66153) to work on /opt/airflow/dags/etl_dag.py
[2026-02-19T10:51:32.789+0000] {processor.py:830} INFO - Processing file /opt/airflow/dags/etl_dag.py for tasks to queue
[2026-02-19T10:51:32.790+0000] {logging_mixin.py:188} INFO - [2026-02-19T10:51:32.790+0000] {dagbag.py:538} INFO - Filling up the DagBag from /opt/airflow/dags/etl_dag.py
[2026-02-19T10:51:32.833+0000] {logging_mixin.py:188} INFO - Warning: Your Kaggle API key is readable by other users on this system! To fix this, you can run 'chmod 600 /home/airflow/.kaggle/kaggle.json'
[2026-02-19T10:51:32.992+0000] {logging_mixin.py:188} WARNING - /home/airflow/.local/lib/python3.8/site-packages/airflow/models/baseoperator.py:437 AirflowProviderDeprecationWarning: `exists_ok` parameter is deprecated, please use `if_exists`
[2026-02-19T10:51:33.002+0000] {processor.py:840} INFO - DAG(s) 'ecommerce_etl_v2' retrieved from /opt/airflow/dags/etl_dag.py
[2026-02-19T10:51:33.018+0000] {logging_mixin.py:188} INFO - [2026-02-19T10:51:33.018+0000] {dag.py:3036} INFO - Sync 1 DAGs
[2026-02-19T10:51:33.027+0000] {logging_mixin.py:188} INFO - [2026-02-19T10:51:33.027+0000] {dag.py:3823} INFO - Setting next_dagrun for ecommerce_etl_v2 to 2026-02-18 13:00:00+00:00, run_after=2026-02-19 13:00:00+00:00
[2026-02-19T10:51:33.035+0000] {processor.py:183} INFO - Processing /opt/airflow/dags/etl_dag.py took 0.249 seconds
[2026-02-19T10:52:03.311+0000] {processor.py:161} INFO - Started process (PID=66184) to work on /opt/airflow/dags/etl_dag.py
[2026-02-19T10:52:03.311+0000] {processor.py:830} INFO - Processing file /opt/airflow/dags/etl_dag.py for tasks to queue
[2026-02-19T10:52:03.312+0000] {logging_mixin.py:188} INFO - [2026-02-19T10:52:03.312+0000] {dagbag.py:538} INFO - Filling up the DagBag from /opt/airflow/dags/etl_dag.py
[2026-02-19T10:52:03.353+0000] {logging_mixin.py:188} INFO - Warning: Your Kaggle API key is readable by other users on this system! To fix this, you can run 'chmod 600 /home/airflow/.kaggle/kaggle.json'
[2026-02-19T10:52:03.510+0000] {logging_mixin.py:188} WARNING - /home/airflow/.local/lib/python3.8/site-packages/airflow/models/baseoperator.py:437 AirflowProviderDeprecationWarning: `exists_ok` parameter is deprecated, please use `if_exists`
[2026-02-19T10:52:03.520+0000] {processor.py:840} INFO - DAG(s) 'ecommerce_etl_v2' retrieved from /opt/airflow/dags/etl_dag.py
[2026-02-19T10:52:03.536+0000] {logging_mixin.py:188} INFO - [2026-02-19T10:52:03.536+0000] {dag.py:3036} INFO - Sync 1 DAGs
[2026-02-19T10:52:03.545+0000] {logging_mixin.py:188} INFO - [2026-02-19T10:52:03.545+0000] {dag.py:3823} INFO - Setting next_dagrun for ecommerce_etl_v2 to 2026-02-18 13:00:00+00:00, run_after=2026-02-19 13:00:00+00:00
[2026-02-19T10:52:03.552+0000] {processor.py:183} INFO - Processing /opt/airflow/dags/etl_dag.py took 0.243 seconds
[2026-02-19T10:52:33.616+0000] {processor.py:161} INFO - Started process (PID=66215) to work on /opt/airflow/dags/etl_dag.py
[2026-02-19T10:52:33.617+0000] {processor.py:830} INFO - Processing file /opt/airflow/dags/etl_dag.py for tasks to queue
[2026-02-19T10:52:33.617+0000] {logging_mixin.py:188} INFO - [2026-02-19T10:52:33.617+0000] {dagbag.py:538} INFO - Filling up the DagBag from /opt/airflow/dags/etl_dag.py
[2026-02-19T10:52:33.659+0000] {logging_mixin.py:188} INFO - Warning: Your Kaggle API key is readable by other users on this system! To fix this, you can run 'chmod 600 /home/airflow/.kaggle/kaggle.json'
[2026-02-19T10:52:33.812+0000] {logging_mixin.py:188} WARNING - /home/airflow/.local/lib/python3.8/site-packages/airflow/models/baseoperator.py:437 AirflowProviderDeprecationWarning: `exists_ok` parameter is deprecated, please use `if_exists`
[2026-02-19T10:52:33.820+0000] {processor.py:840} INFO - DAG(s) 'ecommerce_etl_v2' retrieved from /opt/airflow/dags/etl_dag.py
[2026-02-19T10:52:33.837+0000] {logging_mixin.py:188} INFO - [2026-02-19T10:52:33.837+0000] {dag.py:3036} INFO - Sync 1 DAGs
[2026-02-19T10:52:33.846+0000] {logging_mixin.py:188} INFO - [2026-02-19T10:52:33.846+0000] {dag.py:3823} INFO - Setting next_dagrun for ecommerce_etl_v2 to 2026-02-18 13:00:00+00:00, run_after=2026-02-19 13:00:00+00:00
[2026-02-19T10:52:33.854+0000] {processor.py:183} INFO - Processing /opt/airflow/dags/etl_dag.py took 0.240 seconds
[2026-02-19T10:53:04.163+0000] {processor.py:161} INFO - Started process (PID=66246) to work on /opt/airflow/dags/etl_dag.py
[2026-02-19T10:53:04.164+0000] {processor.py:830} INFO - Processing file /opt/airflow/dags/etl_dag.py for tasks to queue
[2026-02-19T10:53:04.165+0000] {logging_mixin.py:188} INFO - [2026-02-19T10:53:04.165+0000] {dagbag.py:538} INFO - Filling up the DagBag from /opt/airflow/dags/etl_dag.py
[2026-02-19T10:53:04.213+0000] {logging_mixin.py:188} INFO - Warning: Your Kaggle API key is readable by other users on this system! To fix this, you can run 'chmod 600 /home/airflow/.kaggle/kaggle.json'
[2026-02-19T10:53:04.370+0000] {logging_mixin.py:188} WARNING - /home/airflow/.local/lib/python3.8/site-packages/airflow/models/baseoperator.py:437 AirflowProviderDeprecationWarning: `exists_ok` parameter is deprecated, please use `if_exists`
[2026-02-19T10:53:04.378+0000] {processor.py:840} INFO - DAG(s) 'ecommerce_etl_v2' retrieved from /opt/airflow/dags/etl_dag.py
[2026-02-19T10:53:04.395+0000] {logging_mixin.py:188} INFO - [2026-02-19T10:53:04.395+0000] {dag.py:3036} INFO - Sync 1 DAGs
[2026-02-19T10:53:04.404+0000] {logging_mixin.py:188} INFO - [2026-02-19T10:53:04.404+0000] {dag.py:3823} INFO - Setting next_dagrun for ecommerce_etl_v2 to 2026-02-18 13:00:00+00:00, run_after=2026-02-19 13:00:00+00:00
[2026-02-19T10:53:04.412+0000] {processor.py:183} INFO - Processing /opt/airflow/dags/etl_dag.py took 0.254 seconds
[2026-02-19T10:53:34.500+0000] {processor.py:161} INFO - Started process (PID=66277) to work on /opt/airflow/dags/etl_dag.py
[2026-02-19T10:53:34.502+0000] {processor.py:830} INFO - Processing file /opt/airflow/dags/etl_dag.py for tasks to queue
[2026-02-19T10:53:34.503+0000] {logging_mixin.py:188} INFO - [2026-02-19T10:53:34.502+0000] {dagbag.py:538} INFO - Filling up the DagBag from /opt/airflow/dags/etl_dag.py
[2026-02-19T10:53:34.553+0000] {logging_mixin.py:188} INFO - Warning: Your Kaggle API key is readable by other users on this system! To fix this, you can run 'chmod 600 /home/airflow/.kaggle/kaggle.json'
[2026-02-19T10:53:34.724+0000] {logging_mixin.py:188} WARNING - /home/airflow/.local/lib/python3.8/site-packages/airflow/models/baseoperator.py:437 AirflowProviderDeprecationWarning: `exists_ok` parameter is deprecated, please use `if_exists`
[2026-02-19T10:53:34.733+0000] {processor.py:840} INFO - DAG(s) 'ecommerce_etl_v2' retrieved from /opt/airflow/dags/etl_dag.py
[2026-02-19T10:53:34.750+0000] {logging_mixin.py:188} INFO - [2026-02-19T10:53:34.750+0000] {dag.py:3036} INFO - Sync 1 DAGs
[2026-02-19T10:53:34.760+0000] {logging_mixin.py:188} INFO - [2026-02-19T10:53:34.759+0000] {dag.py:3823} INFO - Setting next_dagrun for ecommerce_etl_v2 to 2026-02-18 13:00:00+00:00, run_after=2026-02-19 13:00:00+00:00
[2026-02-19T10:53:34.769+0000] {processor.py:183} INFO - Processing /opt/airflow/dags/etl_dag.py took 0.273 seconds
[2026-02-19T10:54:05.051+0000] {processor.py:161} INFO - Started process (PID=66308) to work on /opt/airflow/dags/etl_dag.py
[2026-02-19T10:54:05.052+0000] {processor.py:830} INFO - Processing file /opt/airflow/dags/etl_dag.py for tasks to queue
[2026-02-19T10:54:05.052+0000] {logging_mixin.py:188} INFO - [2026-02-19T10:54:05.052+0000] {dagbag.py:538} INFO - Filling up the DagBag from /opt/airflow/dags/etl_dag.py
[2026-02-19T10:54:05.097+0000] {logging_mixin.py:188} INFO - Warning: Your Kaggle API key is readable by other users on this system! To fix this, you can run 'chmod 600 /home/airflow/.kaggle/kaggle.json'
[2026-02-19T10:54:05.264+0000] {logging_mixin.py:188} WARNING - /home/airflow/.local/lib/python3.8/site-packages/airflow/models/baseoperator.py:437 AirflowProviderDeprecationWarning: `exists_ok` parameter is deprecated, please use `if_exists`
[2026-02-19T10:54:05.272+0000] {processor.py:840} INFO - DAG(s) 'ecommerce_etl_v2' retrieved from /opt/airflow/dags/etl_dag.py
[2026-02-19T10:54:05.290+0000] {logging_mixin.py:188} INFO - [2026-02-19T10:54:05.289+0000] {dag.py:3036} INFO - Sync 1 DAGs
[2026-02-19T10:54:05.299+0000] {logging_mixin.py:188} INFO - [2026-02-19T10:54:05.299+0000] {dag.py:3823} INFO - Setting next_dagrun for ecommerce_etl_v2 to 2026-02-18 13:00:00+00:00, run_after=2026-02-19 13:00:00+00:00
[2026-02-19T10:54:05.308+0000] {processor.py:183} INFO - Processing /opt/airflow/dags/etl_dag.py took 0.260 seconds
[2026-02-19T10:54:35.391+0000] {processor.py:161} INFO - Started process (PID=66339) to work on /opt/airflow/dags/etl_dag.py
[2026-02-19T10:54:35.392+0000] {processor.py:830} INFO - Processing file /opt/airflow/dags/etl_dag.py for tasks to queue
[2026-02-19T10:54:35.393+0000] {logging_mixin.py:188} INFO - [2026-02-19T10:54:35.393+0000] {dagbag.py:538} INFO - Filling up the DagBag from /opt/airflow/dags/etl_dag.py
[2026-02-19T10:54:35.432+0000] {logging_mixin.py:188} INFO - Warning: Your Kaggle API key is readable by other users on this system! To fix this, you can run 'chmod 600 /home/airflow/.kaggle/kaggle.json'
[2026-02-19T10:54:35.597+0000] {logging_mixin.py:188} WARNING - /home/airflow/.local/lib/python3.8/site-packages/airflow/models/baseoperator.py:437 AirflowProviderDeprecationWarning: `exists_ok` parameter is deprecated, please use `if_exists`
[2026-02-19T10:54:35.605+0000] {processor.py:840} INFO - DAG(s) 'ecommerce_etl_v2' retrieved from /opt/airflow/dags/etl_dag.py
[2026-02-19T10:54:35.622+0000] {logging_mixin.py:188} INFO - [2026-02-19T10:54:35.622+0000] {dag.py:3036} INFO - Sync 1 DAGs
[2026-02-19T10:54:35.632+0000] {logging_mixin.py:188} INFO - [2026-02-19T10:54:35.631+0000] {dag.py:3823} INFO - Setting next_dagrun for ecommerce_etl_v2 to 2026-02-18 13:00:00+00:00, run_after=2026-02-19 13:00:00+00:00
[2026-02-19T10:54:35.640+0000] {processor.py:183} INFO - Processing /opt/airflow/dags/etl_dag.py took 0.250 seconds
[2026-02-19T10:55:05.951+0000] {processor.py:161} INFO - Started process (PID=66370) to work on /opt/airflow/dags/etl_dag.py
[2026-02-19T10:55:05.952+0000] {processor.py:830} INFO - Processing file /opt/airflow/dags/etl_dag.py for tasks to queue
[2026-02-19T10:55:05.953+0000] {logging_mixin.py:188} INFO - [2026-02-19T10:55:05.953+0000] {dagbag.py:538} INFO - Filling up the DagBag from /opt/airflow/dags/etl_dag.py
[2026-02-19T10:55:05.997+0000] {logging_mixin.py:188} INFO - Warning: Your Kaggle API key is readable by other users on this system! To fix this, you can run 'chmod 600 /home/airflow/.kaggle/kaggle.json'
[2026-02-19T10:55:06.152+0000] {logging_mixin.py:188} WARNING - /home/airflow/.local/lib/python3.8/site-packages/airflow/models/baseoperator.py:437 AirflowProviderDeprecationWarning: `exists_ok` parameter is deprecated, please use `if_exists`
[2026-02-19T10:55:06.163+0000] {processor.py:840} INFO - DAG(s) 'ecommerce_etl_v2' retrieved from /opt/airflow/dags/etl_dag.py
[2026-02-19T10:55:06.179+0000] {logging_mixin.py:188} INFO - [2026-02-19T10:55:06.179+0000] {dag.py:3036} INFO - Sync 1 DAGs
[2026-02-19T10:55:06.188+0000] {logging_mixin.py:188} INFO - [2026-02-19T10:55:06.188+0000] {dag.py:3823} INFO - Setting next_dagrun for ecommerce_etl_v2 to 2026-02-18 13:00:00+00:00, run_after=2026-02-19 13:00:00+00:00
[2026-02-19T10:55:06.196+0000] {processor.py:183} INFO - Processing /opt/airflow/dags/etl_dag.py took 0.247 seconds
[2026-02-19T10:55:36.320+0000] {processor.py:161} INFO - Started process (PID=66401) to work on /opt/airflow/dags/etl_dag.py
[2026-02-19T10:55:36.321+0000] {processor.py:830} INFO - Processing file /opt/airflow/dags/etl_dag.py for tasks to queue
[2026-02-19T10:55:36.322+0000] {logging_mixin.py:188} INFO - [2026-02-19T10:55:36.322+0000] {dagbag.py:538} INFO - Filling up the DagBag from /opt/airflow/dags/etl_dag.py
[2026-02-19T10:55:36.372+0000] {logging_mixin.py:188} INFO - Warning: Your Kaggle API key is readable by other users on this system! To fix this, you can run 'chmod 600 /home/airflow/.kaggle/kaggle.json'
[2026-02-19T10:55:36.542+0000] {logging_mixin.py:188} WARNING - /home/airflow/.local/lib/python3.8/site-packages/airflow/models/baseoperator.py:437 AirflowProviderDeprecationWarning: `exists_ok` parameter is deprecated, please use `if_exists`
[2026-02-19T10:55:36.552+0000] {processor.py:840} INFO - DAG(s) 'ecommerce_etl_v2' retrieved from /opt/airflow/dags/etl_dag.py
[2026-02-19T10:55:36.571+0000] {logging_mixin.py:188} INFO - [2026-02-19T10:55:36.571+0000] {dag.py:3036} INFO - Sync 1 DAGs
[2026-02-19T10:55:36.582+0000] {logging_mixin.py:188} INFO - [2026-02-19T10:55:36.582+0000] {dag.py:3823} INFO - Setting next_dagrun for ecommerce_etl_v2 to 2026-02-18 13:00:00+00:00, run_after=2026-02-19 13:00:00+00:00
[2026-02-19T10:55:36.593+0000] {processor.py:183} INFO - Processing /opt/airflow/dags/etl_dag.py took 0.277 seconds
[2026-02-19T10:56:06.777+0000] {processor.py:161} INFO - Started process (PID=66432) to work on /opt/airflow/dags/etl_dag.py
[2026-02-19T10:56:06.778+0000] {processor.py:830} INFO - Processing file /opt/airflow/dags/etl_dag.py for tasks to queue
[2026-02-19T10:56:06.779+0000] {logging_mixin.py:188} INFO - [2026-02-19T10:56:06.779+0000] {dagbag.py:538} INFO - Filling up the DagBag from /opt/airflow/dags/etl_dag.py
[2026-02-19T10:56:06.824+0000] {logging_mixin.py:188} INFO - Warning: Your Kaggle API key is readable by other users on this system! To fix this, you can run 'chmod 600 /home/airflow/.kaggle/kaggle.json'
[2026-02-19T10:56:06.983+0000] {logging_mixin.py:188} WARNING - /home/airflow/.local/lib/python3.8/site-packages/airflow/models/baseoperator.py:437 AirflowProviderDeprecationWarning: `exists_ok` parameter is deprecated, please use `if_exists`
[2026-02-19T10:56:06.992+0000] {processor.py:840} INFO - DAG(s) 'ecommerce_etl_v2' retrieved from /opt/airflow/dags/etl_dag.py
[2026-02-19T10:56:07.009+0000] {logging_mixin.py:188} INFO - [2026-02-19T10:56:07.009+0000] {dag.py:3036} INFO - Sync 1 DAGs
[2026-02-19T10:56:07.019+0000] {logging_mixin.py:188} INFO - [2026-02-19T10:56:07.019+0000] {dag.py:3823} INFO - Setting next_dagrun for ecommerce_etl_v2 to 2026-02-18 13:00:00+00:00, run_after=2026-02-19 13:00:00+00:00
[2026-02-19T10:56:07.029+0000] {processor.py:183} INFO - Processing /opt/airflow/dags/etl_dag.py took 0.256 seconds
[2026-02-19T10:56:37.230+0000] {processor.py:161} INFO - Started process (PID=66463) to work on /opt/airflow/dags/etl_dag.py
[2026-02-19T10:56:37.231+0000] {processor.py:830} INFO - Processing file /opt/airflow/dags/etl_dag.py for tasks to queue
[2026-02-19T10:56:37.233+0000] {logging_mixin.py:188} INFO - [2026-02-19T10:56:37.232+0000] {dagbag.py:538} INFO - Filling up the DagBag from /opt/airflow/dags/etl_dag.py
[2026-02-19T10:56:37.279+0000] {logging_mixin.py:188} INFO - Warning: Your Kaggle API key is readable by other users on this system! To fix this, you can run 'chmod 600 /home/airflow/.kaggle/kaggle.json'
[2026-02-19T10:56:37.440+0000] {logging_mixin.py:188} WARNING - /home/airflow/.local/lib/python3.8/site-packages/airflow/models/baseoperator.py:437 AirflowProviderDeprecationWarning: `exists_ok` parameter is deprecated, please use `if_exists`
[2026-02-19T10:56:37.449+0000] {processor.py:840} INFO - DAG(s) 'ecommerce_etl_v2' retrieved from /opt/airflow/dags/etl_dag.py
[2026-02-19T10:56:37.465+0000] {logging_mixin.py:188} INFO - [2026-02-19T10:56:37.465+0000] {dag.py:3036} INFO - Sync 1 DAGs
[2026-02-19T10:56:37.474+0000] {logging_mixin.py:188} INFO - [2026-02-19T10:56:37.474+0000] {dag.py:3823} INFO - Setting next_dagrun for ecommerce_etl_v2 to 2026-02-18 13:00:00+00:00, run_after=2026-02-19 13:00:00+00:00
[2026-02-19T10:56:37.482+0000] {processor.py:183} INFO - Processing /opt/airflow/dags/etl_dag.py took 0.257 seconds
[2026-02-19T10:57:07.579+0000] {processor.py:161} INFO - Started process (PID=66494) to work on /opt/airflow/dags/etl_dag.py
[2026-02-19T10:57:07.581+0000] {processor.py:830} INFO - Processing file /opt/airflow/dags/etl_dag.py for tasks to queue
[2026-02-19T10:57:07.581+0000] {logging_mixin.py:188} INFO - [2026-02-19T10:57:07.581+0000] {dagbag.py:538} INFO - Filling up the DagBag from /opt/airflow/dags/etl_dag.py
[2026-02-19T10:57:07.629+0000] {logging_mixin.py:188} INFO - Warning: Your Kaggle API key is readable by other users on this system! To fix this, you can run 'chmod 600 /home/airflow/.kaggle/kaggle.json'
[2026-02-19T10:57:07.787+0000] {logging_mixin.py:188} WARNING - /home/airflow/.local/lib/python3.8/site-packages/airflow/models/baseoperator.py:437 AirflowProviderDeprecationWarning: `exists_ok` parameter is deprecated, please use `if_exists`
[2026-02-19T10:57:07.796+0000] {processor.py:840} INFO - DAG(s) 'ecommerce_etl_v2' retrieved from /opt/airflow/dags/etl_dag.py
[2026-02-19T10:57:07.813+0000] {logging_mixin.py:188} INFO - [2026-02-19T10:57:07.812+0000] {dag.py:3036} INFO - Sync 1 DAGs
[2026-02-19T10:57:07.822+0000] {logging_mixin.py:188} INFO - [2026-02-19T10:57:07.822+0000] {dag.py:3823} INFO - Setting next_dagrun for ecommerce_etl_v2 to 2026-02-18 13:00:00+00:00, run_after=2026-02-19 13:00:00+00:00
[2026-02-19T10:57:07.830+0000] {processor.py:183} INFO - Processing /opt/airflow/dags/etl_dag.py took 0.254 seconds
[2026-02-19T10:57:38.077+0000] {processor.py:161} INFO - Started process (PID=66525) to work on /opt/airflow/dags/etl_dag.py
[2026-02-19T10:57:38.078+0000] {processor.py:830} INFO - Processing file /opt/airflow/dags/etl_dag.py for tasks to queue
[2026-02-19T10:57:38.079+0000] {logging_mixin.py:188} INFO - [2026-02-19T10:57:38.079+0000] {dagbag.py:538} INFO - Filling up the DagBag from /opt/airflow/dags/etl_dag.py
[2026-02-19T10:57:38.127+0000] {logging_mixin.py:188} INFO - Warning: Your Kaggle API key is readable by other users on this system! To fix this, you can run 'chmod 600 /home/airflow/.kaggle/kaggle.json'
[2026-02-19T10:57:38.293+0000] {logging_mixin.py:188} WARNING - /home/airflow/.local/lib/python3.8/site-packages/airflow/models/baseoperator.py:437 AirflowProviderDeprecationWarning: `exists_ok` parameter is deprecated, please use `if_exists`
[2026-02-19T10:57:38.302+0000] {processor.py:840} INFO - DAG(s) 'ecommerce_etl_v2' retrieved from /opt/airflow/dags/etl_dag.py
[2026-02-19T10:57:38.318+0000] {logging_mixin.py:188} INFO - [2026-02-19T10:57:38.318+0000] {dag.py:3036} INFO - Sync 1 DAGs
[2026-02-19T10:57:38.327+0000] {logging_mixin.py:188} INFO - [2026-02-19T10:57:38.327+0000] {dag.py:3823} INFO - Setting next_dagrun for ecommerce_etl_v2 to 2026-02-18 13:00:00+00:00, run_after=2026-02-19 13:00:00+00:00
[2026-02-19T10:57:38.335+0000] {processor.py:183} INFO - Processing /opt/airflow/dags/etl_dag.py took 0.263 seconds
[2026-02-19T10:58:08.394+0000] {processor.py:161} INFO - Started process (PID=66556) to work on /opt/airflow/dags/etl_dag.py
[2026-02-19T10:58:08.396+0000] {processor.py:830} INFO - Processing file /opt/airflow/dags/etl_dag.py for tasks to queue
[2026-02-19T10:58:08.397+0000] {logging_mixin.py:188} INFO - [2026-02-19T10:58:08.396+0000] {dagbag.py:538} INFO - Filling up the DagBag from /opt/airflow/dags/etl_dag.py
[2026-02-19T10:58:08.444+0000] {logging_mixin.py:188} INFO - Warning: Your Kaggle API key is readable by other users on this system! To fix this, you can run 'chmod 600 /home/airflow/.kaggle/kaggle.json'
[2026-02-19T10:58:08.599+0000] {logging_mixin.py:188} WARNING - /home/airflow/.local/lib/python3.8/site-packages/airflow/models/baseoperator.py:437 AirflowProviderDeprecationWarning: `exists_ok` parameter is deprecated, please use `if_exists`
[2026-02-19T10:58:08.608+0000] {processor.py:840} INFO - DAG(s) 'ecommerce_etl_v2' retrieved from /opt/airflow/dags/etl_dag.py
[2026-02-19T10:58:08.624+0000] {logging_mixin.py:188} INFO - [2026-02-19T10:58:08.624+0000] {dag.py:3036} INFO - Sync 1 DAGs
[2026-02-19T10:58:08.633+0000] {logging_mixin.py:188} INFO - [2026-02-19T10:58:08.633+0000] {dag.py:3823} INFO - Setting next_dagrun for ecommerce_etl_v2 to 2026-02-18 13:00:00+00:00, run_after=2026-02-19 13:00:00+00:00
[2026-02-19T10:58:08.642+0000] {processor.py:183} INFO - Processing /opt/airflow/dags/etl_dag.py took 0.251 seconds
[2026-02-19T10:58:38.937+0000] {processor.py:161} INFO - Started process (PID=66587) to work on /opt/airflow/dags/etl_dag.py
[2026-02-19T10:58:38.938+0000] {processor.py:830} INFO - Processing file /opt/airflow/dags/etl_dag.py for tasks to queue
[2026-02-19T10:58:38.939+0000] {logging_mixin.py:188} INFO - [2026-02-19T10:58:38.939+0000] {dagbag.py:538} INFO - Filling up the DagBag from /opt/airflow/dags/etl_dag.py
[2026-02-19T10:58:38.986+0000] {logging_mixin.py:188} INFO - Warning: Your Kaggle API key is readable by other users on this system! To fix this, you can run 'chmod 600 /home/airflow/.kaggle/kaggle.json'
[2026-02-19T10:58:39.139+0000] {logging_mixin.py:188} WARNING - /home/airflow/.local/lib/python3.8/site-packages/airflow/models/baseoperator.py:437 AirflowProviderDeprecationWarning: `exists_ok` parameter is deprecated, please use `if_exists`
[2026-02-19T10:58:39.146+0000] {processor.py:840} INFO - DAG(s) 'ecommerce_etl_v2' retrieved from /opt/airflow/dags/etl_dag.py
[2026-02-19T10:58:39.163+0000] {logging_mixin.py:188} INFO - [2026-02-19T10:58:39.163+0000] {dag.py:3036} INFO - Sync 1 DAGs
[2026-02-19T10:58:39.172+0000] {logging_mixin.py:188} INFO - [2026-02-19T10:58:39.172+0000] {dag.py:3823} INFO - Setting next_dagrun for ecommerce_etl_v2 to 2026-02-18 13:00:00+00:00, run_after=2026-02-19 13:00:00+00:00
[2026-02-19T10:58:39.180+0000] {processor.py:183} INFO - Processing /opt/airflow/dags/etl_dag.py took 0.246 seconds
[2026-02-19T10:59:09.293+0000] {processor.py:161} INFO - Started process (PID=66618) to work on /opt/airflow/dags/etl_dag.py
[2026-02-19T10:59:09.295+0000] {processor.py:830} INFO - Processing file /opt/airflow/dags/etl_dag.py for tasks to queue
[2026-02-19T10:59:09.295+0000] {logging_mixin.py:188} INFO - [2026-02-19T10:59:09.295+0000] {dagbag.py:538} INFO - Filling up the DagBag from /opt/airflow/dags/etl_dag.py
[2026-02-19T10:59:09.341+0000] {logging_mixin.py:188} INFO - Warning: Your Kaggle API key is readable by other users on this system! To fix this, you can run 'chmod 600 /home/airflow/.kaggle/kaggle.json'
[2026-02-19T10:59:09.501+0000] {logging_mixin.py:188} WARNING - /home/airflow/.local/lib/python3.8/site-packages/airflow/models/baseoperator.py:437 AirflowProviderDeprecationWarning: `exists_ok` parameter is deprecated, please use `if_exists`
[2026-02-19T10:59:09.509+0000] {processor.py:840} INFO - DAG(s) 'ecommerce_etl_v2' retrieved from /opt/airflow/dags/etl_dag.py
[2026-02-19T10:59:09.528+0000] {logging_mixin.py:188} INFO - [2026-02-19T10:59:09.528+0000] {dag.py:3036} INFO - Sync 1 DAGs
[2026-02-19T10:59:09.538+0000] {logging_mixin.py:188} INFO - [2026-02-19T10:59:09.538+0000] {dag.py:3823} INFO - Setting next_dagrun for ecommerce_etl_v2 to 2026-02-18 13:00:00+00:00, run_after=2026-02-19 13:00:00+00:00
[2026-02-19T10:59:09.547+0000] {processor.py:183} INFO - Processing /opt/airflow/dags/etl_dag.py took 0.258 seconds
[2026-02-19T10:59:39.711+0000] {processor.py:161} INFO - Started process (PID=66649) to work on /opt/airflow/dags/etl_dag.py
[2026-02-19T10:59:39.712+0000] {processor.py:830} INFO - Processing file /opt/airflow/dags/etl_dag.py for tasks to queue
[2026-02-19T10:59:39.712+0000] {logging_mixin.py:188} INFO - [2026-02-19T10:59:39.712+0000] {dagbag.py:538} INFO - Filling up the DagBag from /opt/airflow/dags/etl_dag.py
[2026-02-19T10:59:39.751+0000] {logging_mixin.py:188} INFO - Warning: Your Kaggle API key is readable by other users on this system! To fix this, you can run 'chmod 600 /home/airflow/.kaggle/kaggle.json'
[2026-02-19T10:59:39.908+0000] {logging_mixin.py:188} WARNING - /home/airflow/.local/lib/python3.8/site-packages/airflow/models/baseoperator.py:437 AirflowProviderDeprecationWarning: `exists_ok` parameter is deprecated, please use `if_exists`
[2026-02-19T10:59:39.916+0000] {processor.py:840} INFO - DAG(s) 'ecommerce_etl_v2' retrieved from /opt/airflow/dags/etl_dag.py
[2026-02-19T10:59:39.934+0000] {logging_mixin.py:188} INFO - [2026-02-19T10:59:39.934+0000] {dag.py:3036} INFO - Sync 1 DAGs
[2026-02-19T10:59:39.943+0000] {logging_mixin.py:188} INFO - [2026-02-19T10:59:39.943+0000] {dag.py:3823} INFO - Setting next_dagrun for ecommerce_etl_v2 to 2026-02-18 13:00:00+00:00, run_after=2026-02-19 13:00:00+00:00
[2026-02-19T10:59:39.951+0000] {processor.py:183} INFO - Processing /opt/airflow/dags/etl_dag.py took 0.242 seconds
[2026-02-19T11:00:10.141+0000] {processor.py:161} INFO - Started process (PID=66680) to work on /opt/airflow/dags/etl_dag.py
[2026-02-19T11:00:10.142+0000] {processor.py:830} INFO - Processing file /opt/airflow/dags/etl_dag.py for tasks to queue
[2026-02-19T11:00:10.143+0000] {logging_mixin.py:188} INFO - [2026-02-19T11:00:10.143+0000] {dagbag.py:538} INFO - Filling up the DagBag from /opt/airflow/dags/etl_dag.py
[2026-02-19T11:00:10.188+0000] {logging_mixin.py:188} INFO - Warning: Your Kaggle API key is readable by other users on this system! To fix this, you can run 'chmod 600 /home/airflow/.kaggle/kaggle.json'
[2026-02-19T11:00:10.342+0000] {logging_mixin.py:188} WARNING - /home/airflow/.local/lib/python3.8/site-packages/airflow/models/baseoperator.py:437 AirflowProviderDeprecationWarning: `exists_ok` parameter is deprecated, please use `if_exists`
[2026-02-19T11:00:10.353+0000] {processor.py:840} INFO - DAG(s) 'ecommerce_etl_v2' retrieved from /opt/airflow/dags/etl_dag.py
[2026-02-19T11:00:10.369+0000] {logging_mixin.py:188} INFO - [2026-02-19T11:00:10.369+0000] {dag.py:3036} INFO - Sync 1 DAGs
[2026-02-19T11:00:10.378+0000] {logging_mixin.py:188} INFO - [2026-02-19T11:00:10.378+0000] {dag.py:3823} INFO - Setting next_dagrun for ecommerce_etl_v2 to 2026-02-18 13:00:00+00:00, run_after=2026-02-19 13:00:00+00:00
[2026-02-19T11:00:10.388+0000] {processor.py:183} INFO - Processing /opt/airflow/dags/etl_dag.py took 0.251 seconds
[2026-02-19T11:00:40.588+0000] {processor.py:161} INFO - Started process (PID=66711) to work on /opt/airflow/dags/etl_dag.py
[2026-02-19T11:00:40.589+0000] {processor.py:830} INFO - Processing file /opt/airflow/dags/etl_dag.py for tasks to queue
[2026-02-19T11:00:40.590+0000] {logging_mixin.py:188} INFO - [2026-02-19T11:00:40.590+0000] {dagbag.py:538} INFO - Filling up the DagBag from /opt/airflow/dags/etl_dag.py
[2026-02-19T11:00:40.633+0000] {logging_mixin.py:188} INFO - Warning: Your Kaggle API key is readable by other users on this system! To fix this, you can run 'chmod 600 /home/airflow/.kaggle/kaggle.json'
[2026-02-19T11:00:40.819+0000] {logging_mixin.py:188} WARNING - /home/airflow/.local/lib/python3.8/site-packages/airflow/models/baseoperator.py:437 AirflowProviderDeprecationWarning: `exists_ok` parameter is deprecated, please use `if_exists`
[2026-02-19T11:00:40.827+0000] {processor.py:840} INFO - DAG(s) 'ecommerce_etl_v2' retrieved from /opt/airflow/dags/etl_dag.py
[2026-02-19T11:00:40.846+0000] {logging_mixin.py:188} INFO - [2026-02-19T11:00:40.846+0000] {dag.py:3036} INFO - Sync 1 DAGs
[2026-02-19T11:00:40.856+0000] {logging_mixin.py:188} INFO - [2026-02-19T11:00:40.856+0000] {dag.py:3823} INFO - Setting next_dagrun for ecommerce_etl_v2 to 2026-02-18 13:00:00+00:00, run_after=2026-02-19 13:00:00+00:00
[2026-02-19T11:00:40.866+0000] {processor.py:183} INFO - Processing /opt/airflow/dags/etl_dag.py took 0.282 seconds
[2026-02-19T11:01:10.986+0000] {processor.py:161} INFO - Started process (PID=66742) to work on /opt/airflow/dags/etl_dag.py
[2026-02-19T11:01:10.987+0000] {processor.py:830} INFO - Processing file /opt/airflow/dags/etl_dag.py for tasks to queue
[2026-02-19T11:01:10.988+0000] {logging_mixin.py:188} INFO - [2026-02-19T11:01:10.987+0000] {dagbag.py:538} INFO - Filling up the DagBag from /opt/airflow/dags/etl_dag.py
[2026-02-19T11:01:11.033+0000] {logging_mixin.py:188} INFO - Warning: Your Kaggle API key is readable by other users on this system! To fix this, you can run 'chmod 600 /home/airflow/.kaggle/kaggle.json'
[2026-02-19T11:01:11.213+0000] {logging_mixin.py:188} WARNING - /home/airflow/.local/lib/python3.8/site-packages/airflow/models/baseoperator.py:437 AirflowProviderDeprecationWarning: `exists_ok` parameter is deprecated, please use `if_exists`
[2026-02-19T11:01:11.222+0000] {processor.py:840} INFO - DAG(s) 'ecommerce_etl_v2' retrieved from /opt/airflow/dags/etl_dag.py
[2026-02-19T11:01:11.240+0000] {logging_mixin.py:188} INFO - [2026-02-19T11:01:11.240+0000] {dag.py:3036} INFO - Sync 1 DAGs
[2026-02-19T11:01:11.251+0000] {logging_mixin.py:188} INFO - [2026-02-19T11:01:11.250+0000] {dag.py:3823} INFO - Setting next_dagrun for ecommerce_etl_v2 to 2026-02-18 13:00:00+00:00, run_after=2026-02-19 13:00:00+00:00
[2026-02-19T11:01:11.260+0000] {processor.py:183} INFO - Processing /opt/airflow/dags/etl_dag.py took 0.278 seconds
[2026-02-19T11:01:41.369+0000] {processor.py:161} INFO - Started process (PID=66773) to work on /opt/airflow/dags/etl_dag.py
[2026-02-19T11:01:41.370+0000] {processor.py:830} INFO - Processing file /opt/airflow/dags/etl_dag.py for tasks to queue
[2026-02-19T11:01:41.371+0000] {logging_mixin.py:188} INFO - [2026-02-19T11:01:41.371+0000] {dagbag.py:538} INFO - Filling up the DagBag from /opt/airflow/dags/etl_dag.py
[2026-02-19T11:01:41.420+0000] {logging_mixin.py:188} INFO - Warning: Your Kaggle API key is readable by other users on this system! To fix this, you can run 'chmod 600 /home/airflow/.kaggle/kaggle.json'
[2026-02-19T11:01:41.596+0000] {logging_mixin.py:188} WARNING - /home/airflow/.local/lib/python3.8/site-packages/airflow/models/baseoperator.py:437 AirflowProviderDeprecationWarning: `exists_ok` parameter is deprecated, please use `if_exists`
[2026-02-19T11:01:41.606+0000] {processor.py:840} INFO - DAG(s) 'ecommerce_etl_v2' retrieved from /opt/airflow/dags/etl_dag.py
[2026-02-19T11:01:41.624+0000] {logging_mixin.py:188} INFO - [2026-02-19T11:01:41.623+0000] {dag.py:3036} INFO - Sync 1 DAGs
[2026-02-19T11:01:41.633+0000] {logging_mixin.py:188} INFO - [2026-02-19T11:01:41.633+0000] {dag.py:3823} INFO - Setting next_dagrun for ecommerce_etl_v2 to 2026-02-18 13:00:00+00:00, run_after=2026-02-19 13:00:00+00:00
[2026-02-19T11:01:41.642+0000] {processor.py:183} INFO - Processing /opt/airflow/dags/etl_dag.py took 0.278 seconds
[2026-02-19T11:02:11.865+0000] {processor.py:161} INFO - Started process (PID=66804) to work on /opt/airflow/dags/etl_dag.py
[2026-02-19T11:02:11.866+0000] {processor.py:830} INFO - Processing file /opt/airflow/dags/etl_dag.py for tasks to queue
[2026-02-19T11:02:11.866+0000] {logging_mixin.py:188} INFO - [2026-02-19T11:02:11.866+0000] {dagbag.py:538} INFO - Filling up the DagBag from /opt/airflow/dags/etl_dag.py
[2026-02-19T11:02:11.915+0000] {logging_mixin.py:188} INFO - Warning: Your Kaggle API key is readable by other users on this system! To fix this, you can run 'chmod 600 /home/airflow/.kaggle/kaggle.json'
[2026-02-19T11:02:12.080+0000] {logging_mixin.py:188} WARNING - /home/airflow/.local/lib/python3.8/site-packages/airflow/models/baseoperator.py:437 AirflowProviderDeprecationWarning: `exists_ok` parameter is deprecated, please use `if_exists`
[2026-02-19T11:02:12.090+0000] {processor.py:840} INFO - DAG(s) 'ecommerce_etl_v2' retrieved from /opt/airflow/dags/etl_dag.py
[2026-02-19T11:02:12.107+0000] {logging_mixin.py:188} INFO - [2026-02-19T11:02:12.107+0000] {dag.py:3036} INFO - Sync 1 DAGs
[2026-02-19T11:02:12.116+0000] {logging_mixin.py:188} INFO - [2026-02-19T11:02:12.116+0000] {dag.py:3823} INFO - Setting next_dagrun for ecommerce_etl_v2 to 2026-02-18 13:00:00+00:00, run_after=2026-02-19 13:00:00+00:00
[2026-02-19T11:02:12.125+0000] {processor.py:183} INFO - Processing /opt/airflow/dags/etl_dag.py took 0.262 seconds
[2026-02-19T11:02:42.257+0000] {processor.py:161} INFO - Started process (PID=66835) to work on /opt/airflow/dags/etl_dag.py
[2026-02-19T11:02:42.259+0000] {processor.py:830} INFO - Processing file /opt/airflow/dags/etl_dag.py for tasks to queue
[2026-02-19T11:02:42.260+0000] {logging_mixin.py:188} INFO - [2026-02-19T11:02:42.259+0000] {dagbag.py:538} INFO - Filling up the DagBag from /opt/airflow/dags/etl_dag.py
[2026-02-19T11:02:42.307+0000] {logging_mixin.py:188} INFO - Warning: Your Kaggle API key is readable by other users on this system! To fix this, you can run 'chmod 600 /home/airflow/.kaggle/kaggle.json'
[2026-02-19T11:02:42.469+0000] {logging_mixin.py:188} WARNING - /home/airflow/.local/lib/python3.8/site-packages/airflow/models/baseoperator.py:437 AirflowProviderDeprecationWarning: `exists_ok` parameter is deprecated, please use `if_exists`
[2026-02-19T11:02:42.477+0000] {processor.py:840} INFO - DAG(s) 'ecommerce_etl_v2' retrieved from /opt/airflow/dags/etl_dag.py
[2026-02-19T11:02:42.494+0000] {logging_mixin.py:188} INFO - [2026-02-19T11:02:42.494+0000] {dag.py:3036} INFO - Sync 1 DAGs
[2026-02-19T11:02:42.503+0000] {logging_mixin.py:188} INFO - [2026-02-19T11:02:42.503+0000] {dag.py:3823} INFO - Setting next_dagrun for ecommerce_etl_v2 to 2026-02-18 13:00:00+00:00, run_after=2026-02-19 13:00:00+00:00
[2026-02-19T11:02:42.511+0000] {processor.py:183} INFO - Processing /opt/airflow/dags/etl_dag.py took 0.258 seconds
[2026-02-19T11:03:12.773+0000] {processor.py:161} INFO - Started process (PID=66866) to work on /opt/airflow/dags/etl_dag.py
[2026-02-19T11:03:12.775+0000] {processor.py:830} INFO - Processing file /opt/airflow/dags/etl_dag.py for tasks to queue
[2026-02-19T11:03:12.776+0000] {logging_mixin.py:188} INFO - [2026-02-19T11:03:12.776+0000] {dagbag.py:538} INFO - Filling up the DagBag from /opt/airflow/dags/etl_dag.py
[2026-02-19T11:03:12.823+0000] {logging_mixin.py:188} INFO - Warning: Your Kaggle API key is readable by other users on this system! To fix this, you can run 'chmod 600 /home/airflow/.kaggle/kaggle.json'
[2026-02-19T11:03:12.985+0000] {logging_mixin.py:188} WARNING - /home/airflow/.local/lib/python3.8/site-packages/airflow/models/baseoperator.py:437 AirflowProviderDeprecationWarning: `exists_ok` parameter is deprecated, please use `if_exists`
[2026-02-19T11:03:12.994+0000] {processor.py:840} INFO - DAG(s) 'ecommerce_etl_v2' retrieved from /opt/airflow/dags/etl_dag.py
[2026-02-19T11:03:13.012+0000] {logging_mixin.py:188} INFO - [2026-02-19T11:03:13.012+0000] {dag.py:3036} INFO - Sync 1 DAGs
[2026-02-19T11:03:13.023+0000] {logging_mixin.py:188} INFO - [2026-02-19T11:03:13.023+0000] {dag.py:3823} INFO - Setting next_dagrun for ecommerce_etl_v2 to 2026-02-18 13:00:00+00:00, run_after=2026-02-19 13:00:00+00:00
[2026-02-19T11:03:13.033+0000] {processor.py:183} INFO - Processing /opt/airflow/dags/etl_dag.py took 0.264 seconds
[2026-02-19T11:03:43.326+0000] {processor.py:161} INFO - Started process (PID=66897) to work on /opt/airflow/dags/etl_dag.py
[2026-02-19T11:03:43.327+0000] {processor.py:830} INFO - Processing file /opt/airflow/dags/etl_dag.py for tasks to queue
[2026-02-19T11:03:43.329+0000] {logging_mixin.py:188} INFO - [2026-02-19T11:03:43.328+0000] {dagbag.py:538} INFO - Filling up the DagBag from /opt/airflow/dags/etl_dag.py
[2026-02-19T11:03:43.391+0000] {logging_mixin.py:188} INFO - Warning: Your Kaggle API key is readable by other users on this system! To fix this, you can run 'chmod 600 /home/airflow/.kaggle/kaggle.json'
[2026-02-19T11:03:43.628+0000] {logging_mixin.py:188} WARNING - /home/airflow/.local/lib/python3.8/site-packages/airflow/models/baseoperator.py:437 AirflowProviderDeprecationWarning: `exists_ok` parameter is deprecated, please use `if_exists`
[2026-02-19T11:03:43.639+0000] {processor.py:840} INFO - DAG(s) 'ecommerce_etl_v2' retrieved from /opt/airflow/dags/etl_dag.py
[2026-02-19T11:03:43.661+0000] {logging_mixin.py:188} INFO - [2026-02-19T11:03:43.661+0000] {dag.py:3036} INFO - Sync 1 DAGs
[2026-02-19T11:03:43.673+0000] {logging_mixin.py:188} INFO - [2026-02-19T11:03:43.672+0000] {dag.py:3823} INFO - Setting next_dagrun for ecommerce_etl_v2 to 2026-02-18 13:00:00+00:00, run_after=2026-02-19 13:00:00+00:00
[2026-02-19T11:03:43.682+0000] {processor.py:183} INFO - Processing /opt/airflow/dags/etl_dag.py took 0.360 seconds
[2026-02-19T11:04:13.968+0000] {processor.py:161} INFO - Started process (PID=66928) to work on /opt/airflow/dags/etl_dag.py
[2026-02-19T11:04:13.969+0000] {processor.py:830} INFO - Processing file /opt/airflow/dags/etl_dag.py for tasks to queue
[2026-02-19T11:04:13.970+0000] {logging_mixin.py:188} INFO - [2026-02-19T11:04:13.970+0000] {dagbag.py:538} INFO - Filling up the DagBag from /opt/airflow/dags/etl_dag.py
[2026-02-19T11:04:14.021+0000] {logging_mixin.py:188} INFO - Warning: Your Kaggle API key is readable by other users on this system! To fix this, you can run 'chmod 600 /home/airflow/.kaggle/kaggle.json'
[2026-02-19T11:04:14.183+0000] {logging_mixin.py:188} WARNING - /home/airflow/.local/lib/python3.8/site-packages/airflow/models/baseoperator.py:437 AirflowProviderDeprecationWarning: `exists_ok` parameter is deprecated, please use `if_exists`
[2026-02-19T11:04:14.192+0000] {processor.py:840} INFO - DAG(s) 'ecommerce_etl_v2' retrieved from /opt/airflow/dags/etl_dag.py
[2026-02-19T11:04:14.210+0000] {logging_mixin.py:188} INFO - [2026-02-19T11:04:14.209+0000] {dag.py:3036} INFO - Sync 1 DAGs
[2026-02-19T11:04:14.220+0000] {logging_mixin.py:188} INFO - [2026-02-19T11:04:14.220+0000] {dag.py:3823} INFO - Setting next_dagrun for ecommerce_etl_v2 to 2026-02-18 13:00:00+00:00, run_after=2026-02-19 13:00:00+00:00
[2026-02-19T11:04:14.229+0000] {processor.py:183} INFO - Processing /opt/airflow/dags/etl_dag.py took 0.265 seconds
[2026-02-19T11:04:44.284+0000] {processor.py:161} INFO - Started process (PID=66959) to work on /opt/airflow/dags/etl_dag.py
[2026-02-19T11:04:44.285+0000] {processor.py:830} INFO - Processing file /opt/airflow/dags/etl_dag.py for tasks to queue
[2026-02-19T11:04:44.286+0000] {logging_mixin.py:188} INFO - [2026-02-19T11:04:44.285+0000] {dagbag.py:538} INFO - Filling up the DagBag from /opt/airflow/dags/etl_dag.py
[2026-02-19T11:04:44.336+0000] {logging_mixin.py:188} INFO - Warning: Your Kaggle API key is readable by other users on this system! To fix this, you can run 'chmod 600 /home/airflow/.kaggle/kaggle.json'
[2026-02-19T11:04:44.519+0000] {logging_mixin.py:188} WARNING - /home/airflow/.local/lib/python3.8/site-packages/airflow/models/baseoperator.py:437 AirflowProviderDeprecationWarning: `exists_ok` parameter is deprecated, please use `if_exists`
[2026-02-19T11:04:44.528+0000] {processor.py:840} INFO - DAG(s) 'ecommerce_etl_v2' retrieved from /opt/airflow/dags/etl_dag.py
[2026-02-19T11:04:44.546+0000] {logging_mixin.py:188} INFO - [2026-02-19T11:04:44.546+0000] {dag.py:3036} INFO - Sync 1 DAGs
[2026-02-19T11:04:44.556+0000] {logging_mixin.py:188} INFO - [2026-02-19T11:04:44.556+0000] {dag.py:3823} INFO - Setting next_dagrun for ecommerce_etl_v2 to 2026-02-18 13:00:00+00:00, run_after=2026-02-19 13:00:00+00:00
[2026-02-19T11:04:44.565+0000] {processor.py:183} INFO - Processing /opt/airflow/dags/etl_dag.py took 0.284 seconds
[2026-02-19T11:05:14.910+0000] {processor.py:161} INFO - Started process (PID=66990) to work on /opt/airflow/dags/etl_dag.py
[2026-02-19T11:05:14.911+0000] {processor.py:830} INFO - Processing file /opt/airflow/dags/etl_dag.py for tasks to queue
[2026-02-19T11:05:14.912+0000] {logging_mixin.py:188} INFO - [2026-02-19T11:05:14.912+0000] {dagbag.py:538} INFO - Filling up the DagBag from /opt/airflow/dags/etl_dag.py
[2026-02-19T11:05:14.960+0000] {logging_mixin.py:188} INFO - Warning: Your Kaggle API key is readable by other users on this system! To fix this, you can run 'chmod 600 /home/airflow/.kaggle/kaggle.json'
[2026-02-19T11:05:15.122+0000] {logging_mixin.py:188} WARNING - /home/airflow/.local/lib/python3.8/site-packages/airflow/models/baseoperator.py:437 AirflowProviderDeprecationWarning: `exists_ok` parameter is deprecated, please use `if_exists`
[2026-02-19T11:05:15.134+0000] {processor.py:840} INFO - DAG(s) 'ecommerce_etl_v2' retrieved from /opt/airflow/dags/etl_dag.py
[2026-02-19T11:05:15.154+0000] {logging_mixin.py:188} INFO - [2026-02-19T11:05:15.153+0000] {dag.py:3036} INFO - Sync 1 DAGs
[2026-02-19T11:05:15.164+0000] {logging_mixin.py:188} INFO - [2026-02-19T11:05:15.163+0000] {dag.py:3823} INFO - Setting next_dagrun for ecommerce_etl_v2 to 2026-02-18 13:00:00+00:00, run_after=2026-02-19 13:00:00+00:00
[2026-02-19T11:05:15.172+0000] {processor.py:183} INFO - Processing /opt/airflow/dags/etl_dag.py took 0.267 seconds
[2026-02-19T11:05:45.490+0000] {processor.py:161} INFO - Started process (PID=67021) to work on /opt/airflow/dags/etl_dag.py
[2026-02-19T11:05:45.492+0000] {processor.py:830} INFO - Processing file /opt/airflow/dags/etl_dag.py for tasks to queue
[2026-02-19T11:05:45.492+0000] {logging_mixin.py:188} INFO - [2026-02-19T11:05:45.492+0000] {dagbag.py:538} INFO - Filling up the DagBag from /opt/airflow/dags/etl_dag.py
[2026-02-19T11:05:45.540+0000] {logging_mixin.py:188} INFO - Warning: Your Kaggle API key is readable by other users on this system! To fix this, you can run 'chmod 600 /home/airflow/.kaggle/kaggle.json'
[2026-02-19T11:05:45.716+0000] {logging_mixin.py:188} WARNING - /home/airflow/.local/lib/python3.8/site-packages/airflow/models/baseoperator.py:437 AirflowProviderDeprecationWarning: `exists_ok` parameter is deprecated, please use `if_exists`
[2026-02-19T11:05:45.725+0000] {processor.py:840} INFO - DAG(s) 'ecommerce_etl_v2' retrieved from /opt/airflow/dags/etl_dag.py
[2026-02-19T11:05:45.744+0000] {logging_mixin.py:188} INFO - [2026-02-19T11:05:45.744+0000] {dag.py:3036} INFO - Sync 1 DAGs
[2026-02-19T11:05:45.755+0000] {logging_mixin.py:188} INFO - [2026-02-19T11:05:45.754+0000] {dag.py:3823} INFO - Setting next_dagrun for ecommerce_etl_v2 to 2026-02-18 13:00:00+00:00, run_after=2026-02-19 13:00:00+00:00
[2026-02-19T11:05:45.763+0000] {processor.py:183} INFO - Processing /opt/airflow/dags/etl_dag.py took 0.278 seconds
[2026-02-19T11:06:15.810+0000] {processor.py:161} INFO - Started process (PID=67052) to work on /opt/airflow/dags/etl_dag.py
[2026-02-19T11:06:15.811+0000] {processor.py:830} INFO - Processing file /opt/airflow/dags/etl_dag.py for tasks to queue
[2026-02-19T11:06:15.812+0000] {logging_mixin.py:188} INFO - [2026-02-19T11:06:15.812+0000] {dagbag.py:538} INFO - Filling up the DagBag from /opt/airflow/dags/etl_dag.py
[2026-02-19T11:06:15.859+0000] {logging_mixin.py:188} INFO - Warning: Your Kaggle API key is readable by other users on this system! To fix this, you can run 'chmod 600 /home/airflow/.kaggle/kaggle.json'
[2026-02-19T11:06:16.029+0000] {logging_mixin.py:188} WARNING - /home/airflow/.local/lib/python3.8/site-packages/airflow/models/baseoperator.py:437 AirflowProviderDeprecationWarning: `exists_ok` parameter is deprecated, please use `if_exists`
[2026-02-19T11:06:16.037+0000] {processor.py:840} INFO - DAG(s) 'ecommerce_etl_v2' retrieved from /opt/airflow/dags/etl_dag.py
[2026-02-19T11:06:16.056+0000] {logging_mixin.py:188} INFO - [2026-02-19T11:06:16.056+0000] {dag.py:3036} INFO - Sync 1 DAGs
[2026-02-19T11:06:16.066+0000] {logging_mixin.py:188} INFO - [2026-02-19T11:06:16.066+0000] {dag.py:3823} INFO - Setting next_dagrun for ecommerce_etl_v2 to 2026-02-18 13:00:00+00:00, run_after=2026-02-19 13:00:00+00:00
[2026-02-19T11:06:16.075+0000] {processor.py:183} INFO - Processing /opt/airflow/dags/etl_dag.py took 0.269 seconds
[2026-02-19T11:06:46.297+0000] {processor.py:161} INFO - Started process (PID=67083) to work on /opt/airflow/dags/etl_dag.py
[2026-02-19T11:06:46.300+0000] {processor.py:830} INFO - Processing file /opt/airflow/dags/etl_dag.py for tasks to queue
[2026-02-19T11:06:46.301+0000] {logging_mixin.py:188} INFO - [2026-02-19T11:06:46.300+0000] {dagbag.py:538} INFO - Filling up the DagBag from /opt/airflow/dags/etl_dag.py
[2026-02-19T11:06:46.349+0000] {logging_mixin.py:188} INFO - Warning: Your Kaggle API key is readable by other users on this system! To fix this, you can run 'chmod 600 /home/airflow/.kaggle/kaggle.json'
[2026-02-19T11:06:46.521+0000] {logging_mixin.py:188} WARNING - /home/airflow/.local/lib/python3.8/site-packages/airflow/models/baseoperator.py:437 AirflowProviderDeprecationWarning: `exists_ok` parameter is deprecated, please use `if_exists`
[2026-02-19T11:06:46.531+0000] {processor.py:840} INFO - DAG(s) 'ecommerce_etl_v2' retrieved from /opt/airflow/dags/etl_dag.py
[2026-02-19T11:06:46.549+0000] {logging_mixin.py:188} INFO - [2026-02-19T11:06:46.549+0000] {dag.py:3036} INFO - Sync 1 DAGs
[2026-02-19T11:06:46.561+0000] {logging_mixin.py:188} INFO - [2026-02-19T11:06:46.561+0000] {dag.py:3823} INFO - Setting next_dagrun for ecommerce_etl_v2 to 2026-02-18 13:00:00+00:00, run_after=2026-02-19 13:00:00+00:00
[2026-02-19T11:06:46.571+0000] {processor.py:183} INFO - Processing /opt/airflow/dags/etl_dag.py took 0.277 seconds
[2026-02-19T11:07:16.642+0000] {processor.py:161} INFO - Started process (PID=67114) to work on /opt/airflow/dags/etl_dag.py
[2026-02-19T11:07:16.643+0000] {processor.py:830} INFO - Processing file /opt/airflow/dags/etl_dag.py for tasks to queue
[2026-02-19T11:07:16.644+0000] {logging_mixin.py:188} INFO - [2026-02-19T11:07:16.644+0000] {dagbag.py:538} INFO - Filling up the DagBag from /opt/airflow/dags/etl_dag.py
[2026-02-19T11:07:16.692+0000] {logging_mixin.py:188} INFO - Warning: Your Kaggle API key is readable by other users on this system! To fix this, you can run 'chmod 600 /home/airflow/.kaggle/kaggle.json'
[2026-02-19T11:07:16.846+0000] {logging_mixin.py:188} WARNING - /home/airflow/.local/lib/python3.8/site-packages/airflow/models/baseoperator.py:437 AirflowProviderDeprecationWarning: `exists_ok` parameter is deprecated, please use `if_exists`
[2026-02-19T11:07:16.856+0000] {processor.py:840} INFO - DAG(s) 'ecommerce_etl_v2' retrieved from /opt/airflow/dags/etl_dag.py
[2026-02-19T11:07:16.874+0000] {logging_mixin.py:188} INFO - [2026-02-19T11:07:16.874+0000] {dag.py:3036} INFO - Sync 1 DAGs
[2026-02-19T11:07:16.884+0000] {logging_mixin.py:188} INFO - [2026-02-19T11:07:16.884+0000] {dag.py:3823} INFO - Setting next_dagrun for ecommerce_etl_v2 to 2026-02-18 13:00:00+00:00, run_after=2026-02-19 13:00:00+00:00
[2026-02-19T11:07:16.891+0000] {processor.py:183} INFO - Processing /opt/airflow/dags/etl_dag.py took 0.254 seconds
[2026-02-19T11:07:47.200+0000] {processor.py:161} INFO - Started process (PID=67145) to work on /opt/airflow/dags/etl_dag.py
[2026-02-19T11:07:47.202+0000] {processor.py:830} INFO - Processing file /opt/airflow/dags/etl_dag.py for tasks to queue
[2026-02-19T11:07:47.203+0000] {logging_mixin.py:188} INFO - [2026-02-19T11:07:47.202+0000] {dagbag.py:538} INFO - Filling up the DagBag from /opt/airflow/dags/etl_dag.py
[2026-02-19T11:07:47.253+0000] {logging_mixin.py:188} INFO - Warning: Your Kaggle API key is readable by other users on this system! To fix this, you can run 'chmod 600 /home/airflow/.kaggle/kaggle.json'
[2026-02-19T11:07:47.434+0000] {logging_mixin.py:188} WARNING - /home/airflow/.local/lib/python3.8/site-packages/airflow/models/baseoperator.py:437 AirflowProviderDeprecationWarning: `exists_ok` parameter is deprecated, please use `if_exists`
[2026-02-19T11:07:47.443+0000] {processor.py:840} INFO - DAG(s) 'ecommerce_etl_v2' retrieved from /opt/airflow/dags/etl_dag.py
[2026-02-19T11:07:47.464+0000] {logging_mixin.py:188} INFO - [2026-02-19T11:07:47.464+0000] {dag.py:3036} INFO - Sync 1 DAGs
[2026-02-19T11:07:47.476+0000] {logging_mixin.py:188} INFO - [2026-02-19T11:07:47.475+0000] {dag.py:3823} INFO - Setting next_dagrun for ecommerce_etl_v2 to 2026-02-18 13:00:00+00:00, run_after=2026-02-19 13:00:00+00:00
[2026-02-19T11:07:47.485+0000] {processor.py:183} INFO - Processing /opt/airflow/dags/etl_dag.py took 0.289 seconds
[2026-02-19T11:08:17.797+0000] {processor.py:161} INFO - Started process (PID=67176) to work on /opt/airflow/dags/etl_dag.py
[2026-02-19T11:08:17.798+0000] {processor.py:830} INFO - Processing file /opt/airflow/dags/etl_dag.py for tasks to queue
[2026-02-19T11:08:17.799+0000] {logging_mixin.py:188} INFO - [2026-02-19T11:08:17.798+0000] {dagbag.py:538} INFO - Filling up the DagBag from /opt/airflow/dags/etl_dag.py
[2026-02-19T11:08:17.843+0000] {logging_mixin.py:188} INFO - Warning: Your Kaggle API key is readable by other users on this system! To fix this, you can run 'chmod 600 /home/airflow/.kaggle/kaggle.json'
[2026-02-19T11:08:18.021+0000] {logging_mixin.py:188} WARNING - /home/airflow/.local/lib/python3.8/site-packages/airflow/models/baseoperator.py:437 AirflowProviderDeprecationWarning: `exists_ok` parameter is deprecated, please use `if_exists`
[2026-02-19T11:08:18.031+0000] {processor.py:840} INFO - DAG(s) 'ecommerce_etl_v2' retrieved from /opt/airflow/dags/etl_dag.py
[2026-02-19T11:08:18.052+0000] {logging_mixin.py:188} INFO - [2026-02-19T11:08:18.052+0000] {dag.py:3036} INFO - Sync 1 DAGs
[2026-02-19T11:08:18.063+0000] {logging_mixin.py:188} INFO - [2026-02-19T11:08:18.063+0000] {dag.py:3823} INFO - Setting next_dagrun for ecommerce_etl_v2 to 2026-02-18 13:00:00+00:00, run_after=2026-02-19 13:00:00+00:00
[2026-02-19T11:08:18.072+0000] {processor.py:183} INFO - Processing /opt/airflow/dags/etl_dag.py took 0.278 seconds
[2026-02-19T11:08:48.153+0000] {processor.py:161} INFO - Started process (PID=67207) to work on /opt/airflow/dags/etl_dag.py
[2026-02-19T11:08:48.154+0000] {processor.py:830} INFO - Processing file /opt/airflow/dags/etl_dag.py for tasks to queue
[2026-02-19T11:08:48.156+0000] {logging_mixin.py:188} INFO - [2026-02-19T11:08:48.155+0000] {dagbag.py:538} INFO - Filling up the DagBag from /opt/airflow/dags/etl_dag.py
[2026-02-19T11:08:48.214+0000] {logging_mixin.py:188} INFO - Warning: Your Kaggle API key is readable by other users on this system! To fix this, you can run 'chmod 600 /home/airflow/.kaggle/kaggle.json'
[2026-02-19T11:08:48.412+0000] {logging_mixin.py:188} WARNING - /home/airflow/.local/lib/python3.8/site-packages/airflow/models/baseoperator.py:437 AirflowProviderDeprecationWarning: `exists_ok` parameter is deprecated, please use `if_exists`
[2026-02-19T11:08:48.421+0000] {processor.py:840} INFO - DAG(s) 'ecommerce_etl_v2' retrieved from /opt/airflow/dags/etl_dag.py
[2026-02-19T11:08:48.441+0000] {logging_mixin.py:188} INFO - [2026-02-19T11:08:48.441+0000] {dag.py:3036} INFO - Sync 1 DAGs
[2026-02-19T11:08:48.453+0000] {logging_mixin.py:188} INFO - [2026-02-19T11:08:48.453+0000] {dag.py:3823} INFO - Setting next_dagrun for ecommerce_etl_v2 to 2026-02-18 13:00:00+00:00, run_after=2026-02-19 13:00:00+00:00
[2026-02-19T11:08:48.462+0000] {processor.py:183} INFO - Processing /opt/airflow/dags/etl_dag.py took 0.316 seconds
[2026-02-19T11:09:18.697+0000] {processor.py:161} INFO - Started process (PID=67238) to work on /opt/airflow/dags/etl_dag.py
[2026-02-19T11:09:18.698+0000] {processor.py:830} INFO - Processing file /opt/airflow/dags/etl_dag.py for tasks to queue
[2026-02-19T11:09:18.698+0000] {logging_mixin.py:188} INFO - [2026-02-19T11:09:18.698+0000] {dagbag.py:538} INFO - Filling up the DagBag from /opt/airflow/dags/etl_dag.py
[2026-02-19T11:09:18.843+0000] {logging_mixin.py:188} INFO - Warning: Your Kaggle API key is readable by other users on this system! To fix this, you can run 'chmod 600 /home/airflow/.kaggle/kaggle.json'
[2026-02-19T11:09:18.903+0000] {logging_mixin.py:188} WARNING - /home/airflow/.local/lib/python3.8/site-packages/airflow/models/baseoperator.py:437 AirflowProviderDeprecationWarning: `exists_ok` parameter is deprecated, please use `if_exists`
[2026-02-19T11:09:18.912+0000] {processor.py:840} INFO - DAG(s) 'ecommerce_etl_v2' retrieved from /opt/airflow/dags/etl_dag.py
[2026-02-19T11:09:18.931+0000] {logging_mixin.py:188} INFO - [2026-02-19T11:09:18.931+0000] {dag.py:3036} INFO - Sync 1 DAGs
[2026-02-19T11:09:18.942+0000] {logging_mixin.py:188} INFO - [2026-02-19T11:09:18.941+0000] {dag.py:3823} INFO - Setting next_dagrun for ecommerce_etl_v2 to 2026-02-18 13:00:00+00:00, run_after=2026-02-19 13:00:00+00:00
[2026-02-19T11:09:18.951+0000] {processor.py:183} INFO - Processing /opt/airflow/dags/etl_dag.py took 0.257 seconds
[2026-02-19T11:09:49.031+0000] {processor.py:161} INFO - Started process (PID=67269) to work on /opt/airflow/dags/etl_dag.py
[2026-02-19T11:09:49.033+0000] {processor.py:830} INFO - Processing file /opt/airflow/dags/etl_dag.py for tasks to queue
[2026-02-19T11:09:49.034+0000] {logging_mixin.py:188} INFO - [2026-02-19T11:09:49.033+0000] {dagbag.py:538} INFO - Filling up the DagBag from /opt/airflow/dags/etl_dag.py
[2026-02-19T11:09:49.252+0000] {logging_mixin.py:188} INFO - Warning: Your Kaggle API key is readable by other users on this system! To fix this, you can run 'chmod 600 /home/airflow/.kaggle/kaggle.json'
[2026-02-19T11:09:49.314+0000] {logging_mixin.py:188} WARNING - /home/airflow/.local/lib/python3.8/site-packages/airflow/models/baseoperator.py:437 AirflowProviderDeprecationWarning: `exists_ok` parameter is deprecated, please use `if_exists`
[2026-02-19T11:09:49.323+0000] {processor.py:840} INFO - DAG(s) 'ecommerce_etl_v2' retrieved from /opt/airflow/dags/etl_dag.py
[2026-02-19T11:09:49.350+0000] {logging_mixin.py:188} INFO - [2026-02-19T11:09:49.350+0000] {dag.py:3036} INFO - Sync 1 DAGs
[2026-02-19T11:09:49.363+0000] {logging_mixin.py:188} INFO - [2026-02-19T11:09:49.363+0000] {dag.py:3823} INFO - Setting next_dagrun for ecommerce_etl_v2 to 2026-02-18 13:00:00+00:00, run_after=2026-02-19 13:00:00+00:00
[2026-02-19T11:09:49.377+0000] {processor.py:183} INFO - Processing /opt/airflow/dags/etl_dag.py took 0.353 seconds
[2026-02-19T11:10:19.538+0000] {processor.py:161} INFO - Started process (PID=67300) to work on /opt/airflow/dags/etl_dag.py
[2026-02-19T11:10:19.539+0000] {processor.py:830} INFO - Processing file /opt/airflow/dags/etl_dag.py for tasks to queue
[2026-02-19T11:10:19.540+0000] {logging_mixin.py:188} INFO - [2026-02-19T11:10:19.540+0000] {dagbag.py:538} INFO - Filling up the DagBag from /opt/airflow/dags/etl_dag.py
[2026-02-19T11:10:19.726+0000] {logging_mixin.py:188} INFO - Warning: Your Kaggle API key is readable by other users on this system! To fix this, you can run 'chmod 600 /home/airflow/.kaggle/kaggle.json'
[2026-02-19T11:10:19.790+0000] {logging_mixin.py:188} WARNING - /home/airflow/.local/lib/python3.8/site-packages/airflow/models/baseoperator.py:437 AirflowProviderDeprecationWarning: `exists_ok` parameter is deprecated, please use `if_exists`
[2026-02-19T11:10:19.804+0000] {processor.py:840} INFO - DAG(s) 'ecommerce_etl_v2' retrieved from /opt/airflow/dags/etl_dag.py
[2026-02-19T11:10:19.825+0000] {logging_mixin.py:188} INFO - [2026-02-19T11:10:19.825+0000] {dag.py:3036} INFO - Sync 1 DAGs
[2026-02-19T11:10:19.840+0000] {logging_mixin.py:188} INFO - [2026-02-19T11:10:19.839+0000] {dag.py:3823} INFO - Setting next_dagrun for ecommerce_etl_v2 to 2026-02-18 13:00:00+00:00, run_after=2026-02-19 13:00:00+00:00
[2026-02-19T11:10:19.848+0000] {processor.py:183} INFO - Processing /opt/airflow/dags/etl_dag.py took 0.312 seconds
[2026-02-19T11:10:50.034+0000] {processor.py:161} INFO - Started process (PID=67331) to work on /opt/airflow/dags/etl_dag.py
[2026-02-19T11:10:50.035+0000] {processor.py:830} INFO - Processing file /opt/airflow/dags/etl_dag.py for tasks to queue
[2026-02-19T11:10:50.035+0000] {logging_mixin.py:188} INFO - [2026-02-19T11:10:50.035+0000] {dagbag.py:538} INFO - Filling up the DagBag from /opt/airflow/dags/etl_dag.py
[2026-02-19T11:10:50.190+0000] {logging_mixin.py:188} INFO - Warning: Your Kaggle API key is readable by other users on this system! To fix this, you can run 'chmod 600 /home/airflow/.kaggle/kaggle.json'
[2026-02-19T11:10:50.252+0000] {logging_mixin.py:188} WARNING - /home/airflow/.local/lib/python3.8/site-packages/airflow/models/baseoperator.py:437 AirflowProviderDeprecationWarning: `exists_ok` parameter is deprecated, please use `if_exists`
[2026-02-19T11:10:50.262+0000] {processor.py:840} INFO - DAG(s) 'ecommerce_etl_v2' retrieved from /opt/airflow/dags/etl_dag.py
[2026-02-19T11:10:50.280+0000] {logging_mixin.py:188} INFO - [2026-02-19T11:10:50.280+0000] {dag.py:3036} INFO - Sync 1 DAGs
[2026-02-19T11:10:50.291+0000] {logging_mixin.py:188} INFO - [2026-02-19T11:10:50.291+0000] {dag.py:3823} INFO - Setting next_dagrun for ecommerce_etl_v2 to 2026-02-18 13:00:00+00:00, run_after=2026-02-19 13:00:00+00:00
[2026-02-19T11:10:50.300+0000] {processor.py:183} INFO - Processing /opt/airflow/dags/etl_dag.py took 0.268 seconds
[2026-02-19T11:11:20.414+0000] {processor.py:161} INFO - Started process (PID=67362) to work on /opt/airflow/dags/etl_dag.py
[2026-02-19T11:11:20.415+0000] {processor.py:830} INFO - Processing file /opt/airflow/dags/etl_dag.py for tasks to queue
[2026-02-19T11:11:20.415+0000] {logging_mixin.py:188} INFO - [2026-02-19T11:11:20.415+0000] {dagbag.py:538} INFO - Filling up the DagBag from /opt/airflow/dags/etl_dag.py
[2026-02-19T11:11:20.547+0000] {logging_mixin.py:188} INFO - Warning: Your Kaggle API key is readable by other users on this system! To fix this, you can run 'chmod 600 /home/airflow/.kaggle/kaggle.json'
[2026-02-19T11:11:20.611+0000] {logging_mixin.py:188} WARNING - /home/airflow/.local/lib/python3.8/site-packages/airflow/models/baseoperator.py:437 AirflowProviderDeprecationWarning: `exists_ok` parameter is deprecated, please use `if_exists`
[2026-02-19T11:11:20.620+0000] {processor.py:840} INFO - DAG(s) 'ecommerce_etl_v2' retrieved from /opt/airflow/dags/etl_dag.py
[2026-02-19T11:11:20.640+0000] {logging_mixin.py:188} INFO - [2026-02-19T11:11:20.640+0000] {dag.py:3036} INFO - Sync 1 DAGs
[2026-02-19T11:11:20.652+0000] {logging_mixin.py:188} INFO - [2026-02-19T11:11:20.652+0000] {dag.py:3823} INFO - Setting next_dagrun for ecommerce_etl_v2 to 2026-02-18 13:00:00+00:00, run_after=2026-02-19 13:00:00+00:00
[2026-02-19T11:11:20.661+0000] {processor.py:183} INFO - Processing /opt/airflow/dags/etl_dag.py took 0.249 seconds
[2026-02-19T11:11:50.925+0000] {processor.py:161} INFO - Started process (PID=67393) to work on /opt/airflow/dags/etl_dag.py
[2026-02-19T11:11:50.925+0000] {processor.py:830} INFO - Processing file /opt/airflow/dags/etl_dag.py for tasks to queue
[2026-02-19T11:11:50.926+0000] {logging_mixin.py:188} INFO - [2026-02-19T11:11:50.926+0000] {dagbag.py:538} INFO - Filling up the DagBag from /opt/airflow/dags/etl_dag.py
[2026-02-19T11:11:50.965+0000] {logging_mixin.py:188} INFO - Warning: Your Kaggle API key is readable by other users on this system! To fix this, you can run 'chmod 600 /home/airflow/.kaggle/kaggle.json'
[2026-02-19T11:11:51.026+0000] {logging_mixin.py:188} WARNING - /home/airflow/.local/lib/python3.8/site-packages/airflow/models/baseoperator.py:437 AirflowProviderDeprecationWarning: `exists_ok` parameter is deprecated, please use `if_exists`
[2026-02-19T11:11:51.037+0000] {processor.py:840} INFO - DAG(s) 'ecommerce_etl_v2' retrieved from /opt/airflow/dags/etl_dag.py
[2026-02-19T11:11:51.057+0000] {logging_mixin.py:188} INFO - [2026-02-19T11:11:51.057+0000] {dag.py:3036} INFO - Sync 1 DAGs
[2026-02-19T11:11:51.068+0000] {logging_mixin.py:188} INFO - [2026-02-19T11:11:51.068+0000] {dag.py:3823} INFO - Setting next_dagrun for ecommerce_etl_v2 to 2026-02-18 13:00:00+00:00, run_after=2026-02-19 13:00:00+00:00
[2026-02-19T11:11:51.076+0000] {processor.py:183} INFO - Processing /opt/airflow/dags/etl_dag.py took 0.154 seconds
[2026-02-19T11:12:21.303+0000] {processor.py:161} INFO - Started process (PID=67424) to work on /opt/airflow/dags/etl_dag.py
[2026-02-19T11:12:21.304+0000] {processor.py:830} INFO - Processing file /opt/airflow/dags/etl_dag.py for tasks to queue
[2026-02-19T11:12:21.305+0000] {logging_mixin.py:188} INFO - [2026-02-19T11:12:21.304+0000] {dagbag.py:538} INFO - Filling up the DagBag from /opt/airflow/dags/etl_dag.py
[2026-02-19T11:12:21.345+0000] {logging_mixin.py:188} INFO - Warning: Your Kaggle API key is readable by other users on this system! To fix this, you can run 'chmod 600 /home/airflow/.kaggle/kaggle.json'
[2026-02-19T11:12:21.405+0000] {logging_mixin.py:188} WARNING - /home/airflow/.local/lib/python3.8/site-packages/airflow/models/baseoperator.py:437 AirflowProviderDeprecationWarning: `exists_ok` parameter is deprecated, please use `if_exists`
[2026-02-19T11:12:21.416+0000] {processor.py:840} INFO - DAG(s) 'ecommerce_etl_v2' retrieved from /opt/airflow/dags/etl_dag.py
[2026-02-19T11:12:21.436+0000] {logging_mixin.py:188} INFO - [2026-02-19T11:12:21.436+0000] {dag.py:3036} INFO - Sync 1 DAGs
[2026-02-19T11:12:21.451+0000] {logging_mixin.py:188} INFO - [2026-02-19T11:12:21.451+0000] {dag.py:3823} INFO - Setting next_dagrun for ecommerce_etl_v2 to 2026-02-18 13:00:00+00:00, run_after=2026-02-19 13:00:00+00:00
[2026-02-19T11:12:21.461+0000] {processor.py:183} INFO - Processing /opt/airflow/dags/etl_dag.py took 0.159 seconds
[2026-02-19T11:12:51.640+0000] {processor.py:161} INFO - Started process (PID=67455) to work on /opt/airflow/dags/etl_dag.py
[2026-02-19T11:12:51.642+0000] {processor.py:830} INFO - Processing file /opt/airflow/dags/etl_dag.py for tasks to queue
[2026-02-19T11:12:51.643+0000] {logging_mixin.py:188} INFO - [2026-02-19T11:12:51.642+0000] {dagbag.py:538} INFO - Filling up the DagBag from /opt/airflow/dags/etl_dag.py
[2026-02-19T11:12:51.693+0000] {logging_mixin.py:188} INFO - Warning: Your Kaggle API key is readable by other users on this system! To fix this, you can run 'chmod 600 /home/airflow/.kaggle/kaggle.json'
[2026-02-19T11:12:51.755+0000] {logging_mixin.py:188} WARNING - /home/airflow/.local/lib/python3.8/site-packages/airflow/models/baseoperator.py:437 AirflowProviderDeprecationWarning: `exists_ok` parameter is deprecated, please use `if_exists`
[2026-02-19T11:12:51.764+0000] {processor.py:840} INFO - DAG(s) 'ecommerce_etl_v2' retrieved from /opt/airflow/dags/etl_dag.py
[2026-02-19T11:12:51.783+0000] {logging_mixin.py:188} INFO - [2026-02-19T11:12:51.783+0000] {dag.py:3036} INFO - Sync 1 DAGs
[2026-02-19T11:12:51.793+0000] {logging_mixin.py:188} INFO - [2026-02-19T11:12:51.793+0000] {dag.py:3823} INFO - Setting next_dagrun for ecommerce_etl_v2 to 2026-02-18 13:00:00+00:00, run_after=2026-02-19 13:00:00+00:00
[2026-02-19T11:12:51.802+0000] {processor.py:183} INFO - Processing /opt/airflow/dags/etl_dag.py took 0.167 seconds
[2026-02-19T11:13:22.086+0000] {processor.py:161} INFO - Started process (PID=67486) to work on /opt/airflow/dags/etl_dag.py
[2026-02-19T11:13:22.087+0000] {processor.py:830} INFO - Processing file /opt/airflow/dags/etl_dag.py for tasks to queue
[2026-02-19T11:13:22.092+0000] {logging_mixin.py:188} INFO - [2026-02-19T11:13:22.091+0000] {dagbag.py:538} INFO - Filling up the DagBag from /opt/airflow/dags/etl_dag.py
[2026-02-19T11:13:22.143+0000] {logging_mixin.py:188} INFO - Warning: Your Kaggle API key is readable by other users on this system! To fix this, you can run 'chmod 600 /home/airflow/.kaggle/kaggle.json'
[2026-02-19T11:13:22.205+0000] {logging_mixin.py:188} WARNING - /home/airflow/.local/lib/python3.8/site-packages/airflow/models/baseoperator.py:437 AirflowProviderDeprecationWarning: `exists_ok` parameter is deprecated, please use `if_exists`
[2026-02-19T11:13:22.215+0000] {processor.py:840} INFO - DAG(s) 'ecommerce_etl_v2' retrieved from /opt/airflow/dags/etl_dag.py
[2026-02-19T11:13:22.236+0000] {logging_mixin.py:188} INFO - [2026-02-19T11:13:22.236+0000] {dag.py:3036} INFO - Sync 1 DAGs
[2026-02-19T11:13:22.247+0000] {logging_mixin.py:188} INFO - [2026-02-19T11:13:22.247+0000] {dag.py:3823} INFO - Setting next_dagrun for ecommerce_etl_v2 to 2026-02-18 13:00:00+00:00, run_after=2026-02-19 13:00:00+00:00
[2026-02-19T11:13:22.256+0000] {processor.py:183} INFO - Processing /opt/airflow/dags/etl_dag.py took 0.175 seconds
[2026-02-19T11:13:52.430+0000] {processor.py:161} INFO - Started process (PID=67517) to work on /opt/airflow/dags/etl_dag.py
[2026-02-19T11:13:52.431+0000] {processor.py:830} INFO - Processing file /opt/airflow/dags/etl_dag.py for tasks to queue
[2026-02-19T11:13:52.432+0000] {logging_mixin.py:188} INFO - [2026-02-19T11:13:52.432+0000] {dagbag.py:538} INFO - Filling up the DagBag from /opt/airflow/dags/etl_dag.py
[2026-02-19T11:13:52.478+0000] {logging_mixin.py:188} INFO - Warning: Your Kaggle API key is readable by other users on this system! To fix this, you can run 'chmod 600 /home/airflow/.kaggle/kaggle.json'
[2026-02-19T11:13:52.538+0000] {logging_mixin.py:188} WARNING - /home/airflow/.local/lib/python3.8/site-packages/airflow/models/baseoperator.py:437 AirflowProviderDeprecationWarning: `exists_ok` parameter is deprecated, please use `if_exists`
[2026-02-19T11:13:52.547+0000] {processor.py:840} INFO - DAG(s) 'ecommerce_etl_v2' retrieved from /opt/airflow/dags/etl_dag.py
[2026-02-19T11:13:52.565+0000] {logging_mixin.py:188} INFO - [2026-02-19T11:13:52.565+0000] {dag.py:3036} INFO - Sync 1 DAGs
[2026-02-19T11:13:52.576+0000] {logging_mixin.py:188} INFO - [2026-02-19T11:13:52.576+0000] {dag.py:3823} INFO - Setting next_dagrun for ecommerce_etl_v2 to 2026-02-18 13:00:00+00:00, run_after=2026-02-19 13:00:00+00:00
[2026-02-19T11:13:52.585+0000] {processor.py:183} INFO - Processing /opt/airflow/dags/etl_dag.py took 0.159 seconds
[2026-02-19T11:14:22.918+0000] {processor.py:161} INFO - Started process (PID=67548) to work on /opt/airflow/dags/etl_dag.py
[2026-02-19T11:14:22.919+0000] {processor.py:830} INFO - Processing file /opt/airflow/dags/etl_dag.py for tasks to queue
[2026-02-19T11:14:22.920+0000] {logging_mixin.py:188} INFO - [2026-02-19T11:14:22.920+0000] {dagbag.py:538} INFO - Filling up the DagBag from /opt/airflow/dags/etl_dag.py
[2026-02-19T11:14:22.966+0000] {logging_mixin.py:188} INFO - Warning: Your Kaggle API key is readable by other users on this system! To fix this, you can run 'chmod 600 /home/airflow/.kaggle/kaggle.json'
[2026-02-19T11:14:23.025+0000] {logging_mixin.py:188} WARNING - /home/airflow/.local/lib/python3.8/site-packages/airflow/models/baseoperator.py:437 AirflowProviderDeprecationWarning: `exists_ok` parameter is deprecated, please use `if_exists`
[2026-02-19T11:14:23.034+0000] {processor.py:840} INFO - DAG(s) 'ecommerce_etl_v2' retrieved from /opt/airflow/dags/etl_dag.py
[2026-02-19T11:14:23.052+0000] {logging_mixin.py:188} INFO - [2026-02-19T11:14:23.052+0000] {dag.py:3036} INFO - Sync 1 DAGs
[2026-02-19T11:14:23.063+0000] {logging_mixin.py:188} INFO - [2026-02-19T11:14:23.063+0000] {dag.py:3823} INFO - Setting next_dagrun for ecommerce_etl_v2 to 2026-02-18 13:00:00+00:00, run_after=2026-02-19 13:00:00+00:00
[2026-02-19T11:14:23.071+0000] {processor.py:183} INFO - Processing /opt/airflow/dags/etl_dag.py took 0.156 seconds
[2026-02-19T11:14:53.271+0000] {processor.py:161} INFO - Started process (PID=67579) to work on /opt/airflow/dags/etl_dag.py
[2026-02-19T11:14:53.272+0000] {processor.py:830} INFO - Processing file /opt/airflow/dags/etl_dag.py for tasks to queue
[2026-02-19T11:14:53.273+0000] {logging_mixin.py:188} INFO - [2026-02-19T11:14:53.272+0000] {dagbag.py:538} INFO - Filling up the DagBag from /opt/airflow/dags/etl_dag.py
[2026-02-19T11:14:53.349+0000] {logging_mixin.py:188} INFO - Warning: Your Kaggle API key is readable by other users on this system! To fix this, you can run 'chmod 600 /home/airflow/.kaggle/kaggle.json'
[2026-02-19T11:14:53.415+0000] {logging_mixin.py:188} WARNING - /home/airflow/.local/lib/python3.8/site-packages/airflow/models/baseoperator.py:437 AirflowProviderDeprecationWarning: `exists_ok` parameter is deprecated, please use `if_exists`
[2026-02-19T11:14:53.424+0000] {processor.py:840} INFO - DAG(s) 'ecommerce_etl_v2' retrieved from /opt/airflow/dags/etl_dag.py
[2026-02-19T11:14:53.443+0000] {logging_mixin.py:188} INFO - [2026-02-19T11:14:53.443+0000] {dag.py:3036} INFO - Sync 1 DAGs
[2026-02-19T11:14:53.457+0000] {logging_mixin.py:188} INFO - [2026-02-19T11:14:53.456+0000] {dag.py:3823} INFO - Setting next_dagrun for ecommerce_etl_v2 to 2026-02-18 13:00:00+00:00, run_after=2026-02-19 13:00:00+00:00
[2026-02-19T11:14:53.466+0000] {processor.py:183} INFO - Processing /opt/airflow/dags/etl_dag.py took 0.200 seconds
[2026-02-19T11:15:23.610+0000] {processor.py:161} INFO - Started process (PID=67610) to work on /opt/airflow/dags/etl_dag.py
[2026-02-19T11:15:23.612+0000] {processor.py:830} INFO - Processing file /opt/airflow/dags/etl_dag.py for tasks to queue
[2026-02-19T11:15:23.613+0000] {logging_mixin.py:188} INFO - [2026-02-19T11:15:23.613+0000] {dagbag.py:538} INFO - Filling up the DagBag from /opt/airflow/dags/etl_dag.py
[2026-02-19T11:15:23.664+0000] {logging_mixin.py:188} INFO - Warning: Your Kaggle API key is readable by other users on this system! To fix this, you can run 'chmod 600 /home/airflow/.kaggle/kaggle.json'
[2026-02-19T11:15:23.726+0000] {logging_mixin.py:188} WARNING - /home/airflow/.local/lib/python3.8/site-packages/airflow/models/baseoperator.py:437 AirflowProviderDeprecationWarning: `exists_ok` parameter is deprecated, please use `if_exists`
[2026-02-19T11:15:23.736+0000] {processor.py:840} INFO - DAG(s) 'ecommerce_etl_v2' retrieved from /opt/airflow/dags/etl_dag.py
[2026-02-19T11:15:23.757+0000] {logging_mixin.py:188} INFO - [2026-02-19T11:15:23.757+0000] {dag.py:3036} INFO - Sync 1 DAGs
[2026-02-19T11:15:23.771+0000] {logging_mixin.py:188} INFO - [2026-02-19T11:15:23.771+0000] {dag.py:3823} INFO - Setting next_dagrun for ecommerce_etl_v2 to 2026-02-18 13:00:00+00:00, run_after=2026-02-19 13:00:00+00:00
[2026-02-19T11:15:23.781+0000] {processor.py:183} INFO - Processing /opt/airflow/dags/etl_dag.py took 0.176 seconds
[2026-02-19T11:15:54.089+0000] {processor.py:161} INFO - Started process (PID=67641) to work on /opt/airflow/dags/etl_dag.py
[2026-02-19T11:15:54.091+0000] {processor.py:830} INFO - Processing file /opt/airflow/dags/etl_dag.py for tasks to queue
[2026-02-19T11:15:54.091+0000] {logging_mixin.py:188} INFO - [2026-02-19T11:15:54.091+0000] {dagbag.py:538} INFO - Filling up the DagBag from /opt/airflow/dags/etl_dag.py
[2026-02-19T11:15:54.136+0000] {logging_mixin.py:188} INFO - Warning: Your Kaggle API key is readable by other users on this system! To fix this, you can run 'chmod 600 /home/airflow/.kaggle/kaggle.json'
[2026-02-19T11:15:54.195+0000] {logging_mixin.py:188} WARNING - /home/airflow/.local/lib/python3.8/site-packages/airflow/models/baseoperator.py:437 AirflowProviderDeprecationWarning: `exists_ok` parameter is deprecated, please use `if_exists`
[2026-02-19T11:15:54.204+0000] {processor.py:840} INFO - DAG(s) 'ecommerce_etl_v2' retrieved from /opt/airflow/dags/etl_dag.py
[2026-02-19T11:15:54.223+0000] {logging_mixin.py:188} INFO - [2026-02-19T11:15:54.223+0000] {dag.py:3036} INFO - Sync 1 DAGs
[2026-02-19T11:15:54.233+0000] {logging_mixin.py:188} INFO - [2026-02-19T11:15:54.233+0000] {dag.py:3823} INFO - Setting next_dagrun for ecommerce_etl_v2 to 2026-02-18 13:00:00+00:00, run_after=2026-02-19 13:00:00+00:00
[2026-02-19T11:15:54.242+0000] {processor.py:183} INFO - Processing /opt/airflow/dags/etl_dag.py took 0.156 seconds
[2026-02-19T11:16:24.383+0000] {processor.py:161} INFO - Started process (PID=67672) to work on /opt/airflow/dags/etl_dag.py
[2026-02-19T11:16:24.384+0000] {processor.py:830} INFO - Processing file /opt/airflow/dags/etl_dag.py for tasks to queue
[2026-02-19T11:16:24.385+0000] {logging_mixin.py:188} INFO - [2026-02-19T11:16:24.385+0000] {dagbag.py:538} INFO - Filling up the DagBag from /opt/airflow/dags/etl_dag.py
[2026-02-19T11:16:24.434+0000] {logging_mixin.py:188} INFO - Warning: Your Kaggle API key is readable by other users on this system! To fix this, you can run 'chmod 600 /home/airflow/.kaggle/kaggle.json'
[2026-02-19T11:16:24.493+0000] {logging_mixin.py:188} WARNING - /home/airflow/.local/lib/python3.8/site-packages/airflow/models/baseoperator.py:437 AirflowProviderDeprecationWarning: `exists_ok` parameter is deprecated, please use `if_exists`
[2026-02-19T11:16:24.502+0000] {processor.py:840} INFO - DAG(s) 'ecommerce_etl_v2' retrieved from /opt/airflow/dags/etl_dag.py
[2026-02-19T11:16:24.521+0000] {logging_mixin.py:188} INFO - [2026-02-19T11:16:24.521+0000] {dag.py:3036} INFO - Sync 1 DAGs
[2026-02-19T11:16:24.531+0000] {logging_mixin.py:188} INFO - [2026-02-19T11:16:24.531+0000] {dag.py:3823} INFO - Setting next_dagrun for ecommerce_etl_v2 to 2026-02-18 13:00:00+00:00, run_after=2026-02-19 13:00:00+00:00
[2026-02-19T11:16:24.539+0000] {processor.py:183} INFO - Processing /opt/airflow/dags/etl_dag.py took 0.161 seconds
[2026-02-19T11:16:54.849+0000] {processor.py:161} INFO - Started process (PID=67703) to work on /opt/airflow/dags/etl_dag.py
[2026-02-19T11:16:54.850+0000] {processor.py:830} INFO - Processing file /opt/airflow/dags/etl_dag.py for tasks to queue
[2026-02-19T11:16:54.851+0000] {logging_mixin.py:188} INFO - [2026-02-19T11:16:54.851+0000] {dagbag.py:538} INFO - Filling up the DagBag from /opt/airflow/dags/etl_dag.py
[2026-02-19T11:16:54.902+0000] {logging_mixin.py:188} INFO - Warning: Your Kaggle API key is readable by other users on this system! To fix this, you can run 'chmod 600 /home/airflow/.kaggle/kaggle.json'
[2026-02-19T11:16:54.965+0000] {logging_mixin.py:188} WARNING - /home/airflow/.local/lib/python3.8/site-packages/airflow/models/baseoperator.py:437 AirflowProviderDeprecationWarning: `exists_ok` parameter is deprecated, please use `if_exists`
[2026-02-19T11:16:54.975+0000] {processor.py:840} INFO - DAG(s) 'ecommerce_etl_v2' retrieved from /opt/airflow/dags/etl_dag.py
[2026-02-19T11:16:54.994+0000] {logging_mixin.py:188} INFO - [2026-02-19T11:16:54.994+0000] {dag.py:3036} INFO - Sync 1 DAGs
[2026-02-19T11:16:55.004+0000] {logging_mixin.py:188} INFO - [2026-02-19T11:16:55.004+0000] {dag.py:3823} INFO - Setting next_dagrun for ecommerce_etl_v2 to 2026-02-18 13:00:00+00:00, run_after=2026-02-19 13:00:00+00:00
[2026-02-19T11:16:55.014+0000] {processor.py:183} INFO - Processing /opt/airflow/dags/etl_dag.py took 0.168 seconds
[2026-02-19T11:17:25.199+0000] {processor.py:161} INFO - Started process (PID=67734) to work on /opt/airflow/dags/etl_dag.py
[2026-02-19T11:17:25.201+0000] {processor.py:830} INFO - Processing file /opt/airflow/dags/etl_dag.py for tasks to queue
[2026-02-19T11:17:25.202+0000] {logging_mixin.py:188} INFO - [2026-02-19T11:17:25.201+0000] {dagbag.py:538} INFO - Filling up the DagBag from /opt/airflow/dags/etl_dag.py
[2026-02-19T11:17:25.249+0000] {logging_mixin.py:188} INFO - Warning: Your Kaggle API key is readable by other users on this system! To fix this, you can run 'chmod 600 /home/airflow/.kaggle/kaggle.json'
[2026-02-19T11:17:25.310+0000] {logging_mixin.py:188} WARNING - /home/airflow/.local/lib/python3.8/site-packages/airflow/models/baseoperator.py:437 AirflowProviderDeprecationWarning: `exists_ok` parameter is deprecated, please use `if_exists`
[2026-02-19T11:17:25.321+0000] {processor.py:840} INFO - DAG(s) 'ecommerce_etl_v2' retrieved from /opt/airflow/dags/etl_dag.py
[2026-02-19T11:17:25.341+0000] {logging_mixin.py:188} INFO - [2026-02-19T11:17:25.341+0000] {dag.py:3036} INFO - Sync 1 DAGs
[2026-02-19T11:17:25.354+0000] {logging_mixin.py:188} INFO - [2026-02-19T11:17:25.353+0000] {dag.py:3823} INFO - Setting next_dagrun for ecommerce_etl_v2 to 2026-02-18 13:00:00+00:00, run_after=2026-02-19 13:00:00+00:00
[2026-02-19T11:17:25.363+0000] {processor.py:183} INFO - Processing /opt/airflow/dags/etl_dag.py took 0.168 seconds
[2026-02-19T11:17:55.541+0000] {processor.py:161} INFO - Started process (PID=67765) to work on /opt/airflow/dags/etl_dag.py
[2026-02-19T11:17:55.541+0000] {processor.py:830} INFO - Processing file /opt/airflow/dags/etl_dag.py for tasks to queue
[2026-02-19T11:17:55.542+0000] {logging_mixin.py:188} INFO - [2026-02-19T11:17:55.542+0000] {dagbag.py:538} INFO - Filling up the DagBag from /opt/airflow/dags/etl_dag.py
[2026-02-19T11:17:55.589+0000] {logging_mixin.py:188} INFO - Warning: Your Kaggle API key is readable by other users on this system! To fix this, you can run 'chmod 600 /home/airflow/.kaggle/kaggle.json'
[2026-02-19T11:17:55.652+0000] {logging_mixin.py:188} WARNING - /home/airflow/.local/lib/python3.8/site-packages/airflow/models/baseoperator.py:437 AirflowProviderDeprecationWarning: `exists_ok` parameter is deprecated, please use `if_exists`
[2026-02-19T11:17:55.662+0000] {processor.py:840} INFO - DAG(s) 'ecommerce_etl_v2' retrieved from /opt/airflow/dags/etl_dag.py
[2026-02-19T11:17:55.682+0000] {logging_mixin.py:188} INFO - [2026-02-19T11:17:55.682+0000] {dag.py:3036} INFO - Sync 1 DAGs
[2026-02-19T11:17:55.692+0000] {logging_mixin.py:188} INFO - [2026-02-19T11:17:55.692+0000] {dag.py:3823} INFO - Setting next_dagrun for ecommerce_etl_v2 to 2026-02-18 13:00:00+00:00, run_after=2026-02-19 13:00:00+00:00
[2026-02-19T11:17:55.701+0000] {processor.py:183} INFO - Processing /opt/airflow/dags/etl_dag.py took 0.162 seconds
[2026-02-19T11:18:25.854+0000] {processor.py:161} INFO - Started process (PID=67796) to work on /opt/airflow/dags/etl_dag.py
[2026-02-19T11:18:25.855+0000] {processor.py:830} INFO - Processing file /opt/airflow/dags/etl_dag.py for tasks to queue
[2026-02-19T11:18:25.855+0000] {logging_mixin.py:188} INFO - [2026-02-19T11:18:25.855+0000] {dagbag.py:538} INFO - Filling up the DagBag from /opt/airflow/dags/etl_dag.py
[2026-02-19T11:18:25.897+0000] {logging_mixin.py:188} INFO - Warning: Your Kaggle API key is readable by other users on this system! To fix this, you can run 'chmod 600 /home/airflow/.kaggle/kaggle.json'
[2026-02-19T11:18:25.962+0000] {logging_mixin.py:188} WARNING - /home/airflow/.local/lib/python3.8/site-packages/airflow/models/baseoperator.py:437 AirflowProviderDeprecationWarning: `exists_ok` parameter is deprecated, please use `if_exists`
[2026-02-19T11:18:25.972+0000] {processor.py:840} INFO - DAG(s) 'ecommerce_etl_v2' retrieved from /opt/airflow/dags/etl_dag.py
[2026-02-19T11:18:25.994+0000] {logging_mixin.py:188} INFO - [2026-02-19T11:18:25.994+0000] {dag.py:3036} INFO - Sync 1 DAGs
[2026-02-19T11:18:26.007+0000] {logging_mixin.py:188} INFO - [2026-02-19T11:18:26.007+0000] {dag.py:3823} INFO - Setting next_dagrun for ecommerce_etl_v2 to 2026-02-18 13:00:00+00:00, run_after=2026-02-19 13:00:00+00:00
[2026-02-19T11:18:26.018+0000] {processor.py:183} INFO - Processing /opt/airflow/dags/etl_dag.py took 0.167 seconds
[2026-02-19T11:18:56.098+0000] {processor.py:161} INFO - Started process (PID=67827) to work on /opt/airflow/dags/etl_dag.py
[2026-02-19T11:18:56.098+0000] {processor.py:830} INFO - Processing file /opt/airflow/dags/etl_dag.py for tasks to queue
[2026-02-19T11:18:56.099+0000] {logging_mixin.py:188} INFO - [2026-02-19T11:18:56.099+0000] {dagbag.py:538} INFO - Filling up the DagBag from /opt/airflow/dags/etl_dag.py
[2026-02-19T11:18:56.136+0000] {logging_mixin.py:188} INFO - Warning: Your Kaggle API key is readable by other users on this system! To fix this, you can run 'chmod 600 /home/airflow/.kaggle/kaggle.json'
[2026-02-19T11:18:56.195+0000] {logging_mixin.py:188} WARNING - /home/airflow/.local/lib/python3.8/site-packages/airflow/models/baseoperator.py:437 AirflowProviderDeprecationWarning: `exists_ok` parameter is deprecated, please use `if_exists`
[2026-02-19T11:18:56.204+0000] {processor.py:840} INFO - DAG(s) 'ecommerce_etl_v2' retrieved from /opt/airflow/dags/etl_dag.py
[2026-02-19T11:18:56.223+0000] {logging_mixin.py:188} INFO - [2026-02-19T11:18:56.222+0000] {dag.py:3036} INFO - Sync 1 DAGs
[2026-02-19T11:18:56.233+0000] {logging_mixin.py:188} INFO - [2026-02-19T11:18:56.233+0000] {dag.py:3823} INFO - Setting next_dagrun for ecommerce_etl_v2 to 2026-02-18 13:00:00+00:00, run_after=2026-02-19 13:00:00+00:00
[2026-02-19T11:18:56.241+0000] {processor.py:183} INFO - Processing /opt/airflow/dags/etl_dag.py took 0.146 seconds
[2026-02-19T11:19:26.332+0000] {processor.py:161} INFO - Started process (PID=67858) to work on /opt/airflow/dags/etl_dag.py
[2026-02-19T11:19:26.333+0000] {processor.py:830} INFO - Processing file /opt/airflow/dags/etl_dag.py for tasks to queue
[2026-02-19T11:19:26.334+0000] {logging_mixin.py:188} INFO - [2026-02-19T11:19:26.333+0000] {dagbag.py:538} INFO - Filling up the DagBag from /opt/airflow/dags/etl_dag.py
[2026-02-19T11:19:26.379+0000] {logging_mixin.py:188} INFO - Warning: Your Kaggle API key is readable by other users on this system! To fix this, you can run 'chmod 600 /home/airflow/.kaggle/kaggle.json'
[2026-02-19T11:19:26.443+0000] {logging_mixin.py:188} WARNING - /home/airflow/.local/lib/python3.8/site-packages/airflow/models/baseoperator.py:437 AirflowProviderDeprecationWarning: `exists_ok` parameter is deprecated, please use `if_exists`
[2026-02-19T11:19:26.453+0000] {processor.py:840} INFO - DAG(s) 'ecommerce_etl_v2' retrieved from /opt/airflow/dags/etl_dag.py
[2026-02-19T11:19:26.475+0000] {logging_mixin.py:188} INFO - [2026-02-19T11:19:26.475+0000] {dag.py:3036} INFO - Sync 1 DAGs
[2026-02-19T11:19:26.488+0000] {logging_mixin.py:188} INFO - [2026-02-19T11:19:26.488+0000] {dag.py:3823} INFO - Setting next_dagrun for ecommerce_etl_v2 to 2026-02-18 13:00:00+00:00, run_after=2026-02-19 13:00:00+00:00
[2026-02-19T11:19:26.499+0000] {processor.py:183} INFO - Processing /opt/airflow/dags/etl_dag.py took 0.170 seconds
[2026-02-19T11:19:56.818+0000] {processor.py:161} INFO - Started process (PID=67889) to work on /opt/airflow/dags/etl_dag.py
[2026-02-19T11:19:56.819+0000] {processor.py:830} INFO - Processing file /opt/airflow/dags/etl_dag.py for tasks to queue
[2026-02-19T11:19:56.820+0000] {logging_mixin.py:188} INFO - [2026-02-19T11:19:56.819+0000] {dagbag.py:538} INFO - Filling up the DagBag from /opt/airflow/dags/etl_dag.py
[2026-02-19T11:19:56.868+0000] {logging_mixin.py:188} INFO - Warning: Your Kaggle API key is readable by other users on this system! To fix this, you can run 'chmod 600 /home/airflow/.kaggle/kaggle.json'
[2026-02-19T11:19:56.928+0000] {logging_mixin.py:188} WARNING - /home/airflow/.local/lib/python3.8/site-packages/airflow/models/baseoperator.py:437 AirflowProviderDeprecationWarning: `exists_ok` parameter is deprecated, please use `if_exists`
[2026-02-19T11:19:56.937+0000] {processor.py:840} INFO - DAG(s) 'ecommerce_etl_v2' retrieved from /opt/airflow/dags/etl_dag.py
[2026-02-19T11:19:56.956+0000] {logging_mixin.py:188} INFO - [2026-02-19T11:19:56.956+0000] {dag.py:3036} INFO - Sync 1 DAGs
[2026-02-19T11:19:56.966+0000] {logging_mixin.py:188} INFO - [2026-02-19T11:19:56.966+0000] {dag.py:3823} INFO - Setting next_dagrun for ecommerce_etl_v2 to 2026-02-18 13:00:00+00:00, run_after=2026-02-19 13:00:00+00:00
[2026-02-19T11:19:56.975+0000] {processor.py:183} INFO - Processing /opt/airflow/dags/etl_dag.py took 0.161 seconds
[2026-02-19T11:20:27.203+0000] {processor.py:161} INFO - Started process (PID=67920) to work on /opt/airflow/dags/etl_dag.py
[2026-02-19T11:20:27.204+0000] {processor.py:830} INFO - Processing file /opt/airflow/dags/etl_dag.py for tasks to queue
[2026-02-19T11:20:27.205+0000] {logging_mixin.py:188} INFO - [2026-02-19T11:20:27.204+0000] {dagbag.py:538} INFO - Filling up the DagBag from /opt/airflow/dags/etl_dag.py
[2026-02-19T11:20:27.256+0000] {logging_mixin.py:188} INFO - Warning: Your Kaggle API key is readable by other users on this system! To fix this, you can run 'chmod 600 /home/airflow/.kaggle/kaggle.json'
[2026-02-19T11:20:27.318+0000] {logging_mixin.py:188} WARNING - /home/airflow/.local/lib/python3.8/site-packages/airflow/models/baseoperator.py:437 AirflowProviderDeprecationWarning: `exists_ok` parameter is deprecated, please use `if_exists`
[2026-02-19T11:20:27.328+0000] {processor.py:840} INFO - DAG(s) 'ecommerce_etl_v2' retrieved from /opt/airflow/dags/etl_dag.py
[2026-02-19T11:20:27.348+0000] {logging_mixin.py:188} INFO - [2026-02-19T11:20:27.347+0000] {dag.py:3036} INFO - Sync 1 DAGs
[2026-02-19T11:20:27.358+0000] {logging_mixin.py:188} INFO - [2026-02-19T11:20:27.358+0000] {dag.py:3823} INFO - Setting next_dagrun for ecommerce_etl_v2 to 2026-02-18 13:00:00+00:00, run_after=2026-02-19 13:00:00+00:00
[2026-02-19T11:20:27.367+0000] {processor.py:183} INFO - Processing /opt/airflow/dags/etl_dag.py took 0.170 seconds
[2026-02-19T11:20:57.510+0000] {processor.py:161} INFO - Started process (PID=67951) to work on /opt/airflow/dags/etl_dag.py
[2026-02-19T11:20:57.511+0000] {processor.py:830} INFO - Processing file /opt/airflow/dags/etl_dag.py for tasks to queue
[2026-02-19T11:20:57.512+0000] {logging_mixin.py:188} INFO - [2026-02-19T11:20:57.512+0000] {dagbag.py:538} INFO - Filling up the DagBag from /opt/airflow/dags/etl_dag.py
[2026-02-19T11:20:57.562+0000] {logging_mixin.py:188} INFO - Warning: Your Kaggle API key is readable by other users on this system! To fix this, you can run 'chmod 600 /home/airflow/.kaggle/kaggle.json'
[2026-02-19T11:20:57.624+0000] {logging_mixin.py:188} WARNING - /home/airflow/.local/lib/python3.8/site-packages/airflow/models/baseoperator.py:437 AirflowProviderDeprecationWarning: `exists_ok` parameter is deprecated, please use `if_exists`
[2026-02-19T11:20:57.634+0000] {processor.py:840} INFO - DAG(s) 'ecommerce_etl_v2' retrieved from /opt/airflow/dags/etl_dag.py
[2026-02-19T11:20:57.654+0000] {logging_mixin.py:188} INFO - [2026-02-19T11:20:57.654+0000] {dag.py:3036} INFO - Sync 1 DAGs
[2026-02-19T11:20:57.665+0000] {logging_mixin.py:188} INFO - [2026-02-19T11:20:57.665+0000] {dag.py:3823} INFO - Setting next_dagrun for ecommerce_etl_v2 to 2026-02-18 13:00:00+00:00, run_after=2026-02-19 13:00:00+00:00
[2026-02-19T11:20:57.675+0000] {processor.py:183} INFO - Processing /opt/airflow/dags/etl_dag.py took 0.168 seconds
[2026-02-19T11:21:27.977+0000] {processor.py:161} INFO - Started process (PID=67982) to work on /opt/airflow/dags/etl_dag.py
[2026-02-19T11:21:27.979+0000] {processor.py:830} INFO - Processing file /opt/airflow/dags/etl_dag.py for tasks to queue
[2026-02-19T11:21:27.979+0000] {logging_mixin.py:188} INFO - [2026-02-19T11:21:27.979+0000] {dagbag.py:538} INFO - Filling up the DagBag from /opt/airflow/dags/etl_dag.py
[2026-02-19T11:21:28.030+0000] {logging_mixin.py:188} INFO - Warning: Your Kaggle API key is readable by other users on this system! To fix this, you can run 'chmod 600 /home/airflow/.kaggle/kaggle.json'
[2026-02-19T11:21:28.092+0000] {logging_mixin.py:188} WARNING - /home/airflow/.local/lib/python3.8/site-packages/airflow/models/baseoperator.py:437 AirflowProviderDeprecationWarning: `exists_ok` parameter is deprecated, please use `if_exists`
[2026-02-19T11:21:28.102+0000] {processor.py:840} INFO - DAG(s) 'ecommerce_etl_v2' retrieved from /opt/airflow/dags/etl_dag.py
[2026-02-19T11:21:28.122+0000] {logging_mixin.py:188} INFO - [2026-02-19T11:21:28.121+0000] {dag.py:3036} INFO - Sync 1 DAGs
[2026-02-19T11:21:28.133+0000] {logging_mixin.py:188} INFO - [2026-02-19T11:21:28.133+0000] {dag.py:3823} INFO - Setting next_dagrun for ecommerce_etl_v2 to 2026-02-18 13:00:00+00:00, run_after=2026-02-19 13:00:00+00:00
[2026-02-19T11:21:28.143+0000] {processor.py:183} INFO - Processing /opt/airflow/dags/etl_dag.py took 0.169 seconds
[2026-02-19T11:21:58.328+0000] {processor.py:161} INFO - Started process (PID=68013) to work on /opt/airflow/dags/etl_dag.py
[2026-02-19T11:21:58.330+0000] {processor.py:830} INFO - Processing file /opt/airflow/dags/etl_dag.py for tasks to queue
[2026-02-19T11:21:58.331+0000] {logging_mixin.py:188} INFO - [2026-02-19T11:21:58.331+0000] {dagbag.py:538} INFO - Filling up the DagBag from /opt/airflow/dags/etl_dag.py
[2026-02-19T11:21:58.377+0000] {logging_mixin.py:188} INFO - Warning: Your Kaggle API key is readable by other users on this system! To fix this, you can run 'chmod 600 /home/airflow/.kaggle/kaggle.json'
[2026-02-19T11:21:58.438+0000] {logging_mixin.py:188} WARNING - /home/airflow/.local/lib/python3.8/site-packages/airflow/models/baseoperator.py:437 AirflowProviderDeprecationWarning: `exists_ok` parameter is deprecated, please use `if_exists`
[2026-02-19T11:21:58.447+0000] {processor.py:840} INFO - DAG(s) 'ecommerce_etl_v2' retrieved from /opt/airflow/dags/etl_dag.py
[2026-02-19T11:21:58.464+0000] {logging_mixin.py:188} INFO - [2026-02-19T11:21:58.464+0000] {dag.py:3036} INFO - Sync 1 DAGs
[2026-02-19T11:21:58.475+0000] {logging_mixin.py:188} INFO - [2026-02-19T11:21:58.474+0000] {dag.py:3823} INFO - Setting next_dagrun for ecommerce_etl_v2 to 2026-02-18 13:00:00+00:00, run_after=2026-02-19 13:00:00+00:00
[2026-02-19T11:21:58.483+0000] {processor.py:183} INFO - Processing /opt/airflow/dags/etl_dag.py took 0.159 seconds
[2026-02-19T11:22:28.677+0000] {processor.py:161} INFO - Started process (PID=68044) to work on /opt/airflow/dags/etl_dag.py
[2026-02-19T11:22:28.678+0000] {processor.py:830} INFO - Processing file /opt/airflow/dags/etl_dag.py for tasks to queue
[2026-02-19T11:22:28.679+0000] {logging_mixin.py:188} INFO - [2026-02-19T11:22:28.679+0000] {dagbag.py:538} INFO - Filling up the DagBag from /opt/airflow/dags/etl_dag.py
[2026-02-19T11:22:28.726+0000] {logging_mixin.py:188} INFO - Warning: Your Kaggle API key is readable by other users on this system! To fix this, you can run 'chmod 600 /home/airflow/.kaggle/kaggle.json'
[2026-02-19T11:22:28.786+0000] {logging_mixin.py:188} WARNING - /home/airflow/.local/lib/python3.8/site-packages/airflow/models/baseoperator.py:437 AirflowProviderDeprecationWarning: `exists_ok` parameter is deprecated, please use `if_exists`
[2026-02-19T11:22:28.794+0000] {processor.py:840} INFO - DAG(s) 'ecommerce_etl_v2' retrieved from /opt/airflow/dags/etl_dag.py
[2026-02-19T11:22:28.815+0000] {logging_mixin.py:188} INFO - [2026-02-19T11:22:28.815+0000] {dag.py:3036} INFO - Sync 1 DAGs
[2026-02-19T11:22:28.827+0000] {logging_mixin.py:188} INFO - [2026-02-19T11:22:28.826+0000] {dag.py:3823} INFO - Setting next_dagrun for ecommerce_etl_v2 to 2026-02-18 13:00:00+00:00, run_after=2026-02-19 13:00:00+00:00
[2026-02-19T11:22:28.836+0000] {processor.py:183} INFO - Processing /opt/airflow/dags/etl_dag.py took 0.163 seconds
[2026-02-19T11:22:58.962+0000] {processor.py:161} INFO - Started process (PID=68075) to work on /opt/airflow/dags/etl_dag.py
[2026-02-19T11:22:58.964+0000] {processor.py:830} INFO - Processing file /opt/airflow/dags/etl_dag.py for tasks to queue
[2026-02-19T11:22:58.965+0000] {logging_mixin.py:188} INFO - [2026-02-19T11:22:58.965+0000] {dagbag.py:538} INFO - Filling up the DagBag from /opt/airflow/dags/etl_dag.py
[2026-02-19T11:22:59.009+0000] {logging_mixin.py:188} INFO - Warning: Your Kaggle API key is readable by other users on this system! To fix this, you can run 'chmod 600 /home/airflow/.kaggle/kaggle.json'
[2026-02-19T11:22:59.068+0000] {logging_mixin.py:188} WARNING - /home/airflow/.local/lib/python3.8/site-packages/airflow/models/baseoperator.py:437 AirflowProviderDeprecationWarning: `exists_ok` parameter is deprecated, please use `if_exists`
[2026-02-19T11:22:59.076+0000] {processor.py:840} INFO - DAG(s) 'ecommerce_etl_v2' retrieved from /opt/airflow/dags/etl_dag.py
[2026-02-19T11:22:59.094+0000] {logging_mixin.py:188} INFO - [2026-02-19T11:22:59.094+0000] {dag.py:3036} INFO - Sync 1 DAGs
[2026-02-19T11:22:59.104+0000] {logging_mixin.py:188} INFO - [2026-02-19T11:22:59.104+0000] {dag.py:3823} INFO - Setting next_dagrun for ecommerce_etl_v2 to 2026-02-18 13:00:00+00:00, run_after=2026-02-19 13:00:00+00:00
[2026-02-19T11:22:59.113+0000] {processor.py:183} INFO - Processing /opt/airflow/dags/etl_dag.py took 0.155 seconds
[2026-02-19T11:23:29.385+0000] {processor.py:161} INFO - Started process (PID=68106) to work on /opt/airflow/dags/etl_dag.py
[2026-02-19T11:23:29.386+0000] {processor.py:830} INFO - Processing file /opt/airflow/dags/etl_dag.py for tasks to queue
[2026-02-19T11:23:29.387+0000] {logging_mixin.py:188} INFO - [2026-02-19T11:23:29.387+0000] {dagbag.py:538} INFO - Filling up the DagBag from /opt/airflow/dags/etl_dag.py
[2026-02-19T11:23:29.433+0000] {logging_mixin.py:188} INFO - Warning: Your Kaggle API key is readable by other users on this system! To fix this, you can run 'chmod 600 /home/airflow/.kaggle/kaggle.json'
[2026-02-19T11:23:29.492+0000] {logging_mixin.py:188} WARNING - /home/airflow/.local/lib/python3.8/site-packages/airflow/models/baseoperator.py:437 AirflowProviderDeprecationWarning: `exists_ok` parameter is deprecated, please use `if_exists`
[2026-02-19T11:23:29.501+0000] {processor.py:840} INFO - DAG(s) 'ecommerce_etl_v2' retrieved from /opt/airflow/dags/etl_dag.py
[2026-02-19T11:23:29.520+0000] {logging_mixin.py:188} INFO - [2026-02-19T11:23:29.519+0000] {dag.py:3036} INFO - Sync 1 DAGs
[2026-02-19T11:23:29.530+0000] {logging_mixin.py:188} INFO - [2026-02-19T11:23:29.530+0000] {dag.py:3823} INFO - Setting next_dagrun for ecommerce_etl_v2 to 2026-02-18 13:00:00+00:00, run_after=2026-02-19 13:00:00+00:00
[2026-02-19T11:23:29.539+0000] {processor.py:183} INFO - Processing /opt/airflow/dags/etl_dag.py took 0.158 seconds
[2026-02-19T11:23:59.752+0000] {processor.py:161} INFO - Started process (PID=68137) to work on /opt/airflow/dags/etl_dag.py
[2026-02-19T11:23:59.754+0000] {processor.py:830} INFO - Processing file /opt/airflow/dags/etl_dag.py for tasks to queue
[2026-02-19T11:23:59.754+0000] {logging_mixin.py:188} INFO - [2026-02-19T11:23:59.754+0000] {dagbag.py:538} INFO - Filling up the DagBag from /opt/airflow/dags/etl_dag.py
[2026-02-19T11:23:59.800+0000] {logging_mixin.py:188} INFO - Warning: Your Kaggle API key is readable by other users on this system! To fix this, you can run 'chmod 600 /home/airflow/.kaggle/kaggle.json'
[2026-02-19T11:23:59.861+0000] {logging_mixin.py:188} WARNING - /home/airflow/.local/lib/python3.8/site-packages/airflow/models/baseoperator.py:437 AirflowProviderDeprecationWarning: `exists_ok` parameter is deprecated, please use `if_exists`
[2026-02-19T11:23:59.869+0000] {processor.py:840} INFO - DAG(s) 'ecommerce_etl_v2' retrieved from /opt/airflow/dags/etl_dag.py
[2026-02-19T11:23:59.888+0000] {logging_mixin.py:188} INFO - [2026-02-19T11:23:59.888+0000] {dag.py:3036} INFO - Sync 1 DAGs
[2026-02-19T11:23:59.898+0000] {logging_mixin.py:188} INFO - [2026-02-19T11:23:59.898+0000] {dag.py:3823} INFO - Setting next_dagrun for ecommerce_etl_v2 to 2026-02-18 13:00:00+00:00, run_after=2026-02-19 13:00:00+00:00
[2026-02-19T11:23:59.906+0000] {processor.py:183} INFO - Processing /opt/airflow/dags/etl_dag.py took 0.159 seconds
[2026-02-19T11:24:30.166+0000] {processor.py:161} INFO - Started process (PID=68168) to work on /opt/airflow/dags/etl_dag.py
[2026-02-19T11:24:30.167+0000] {processor.py:830} INFO - Processing file /opt/airflow/dags/etl_dag.py for tasks to queue
[2026-02-19T11:24:30.168+0000] {logging_mixin.py:188} INFO - [2026-02-19T11:24:30.168+0000] {dagbag.py:538} INFO - Filling up the DagBag from /opt/airflow/dags/etl_dag.py
[2026-02-19T11:24:30.214+0000] {logging_mixin.py:188} INFO - Warning: Your Kaggle API key is readable by other users on this system! To fix this, you can run 'chmod 600 /home/airflow/.kaggle/kaggle.json'
[2026-02-19T11:24:30.276+0000] {logging_mixin.py:188} WARNING - /home/airflow/.local/lib/python3.8/site-packages/airflow/models/baseoperator.py:437 AirflowProviderDeprecationWarning: `exists_ok` parameter is deprecated, please use `if_exists`
[2026-02-19T11:24:30.287+0000] {processor.py:840} INFO - DAG(s) 'ecommerce_etl_v2' retrieved from /opt/airflow/dags/etl_dag.py
[2026-02-19T11:24:30.309+0000] {logging_mixin.py:188} INFO - [2026-02-19T11:24:30.309+0000] {dag.py:3036} INFO - Sync 1 DAGs
[2026-02-19T11:24:30.322+0000] {logging_mixin.py:188} INFO - [2026-02-19T11:24:30.322+0000] {dag.py:3823} INFO - Setting next_dagrun for ecommerce_etl_v2 to 2026-02-18 13:00:00+00:00, run_after=2026-02-19 13:00:00+00:00
[2026-02-19T11:24:30.330+0000] {processor.py:183} INFO - Processing /opt/airflow/dags/etl_dag.py took 0.168 seconds
[2026-02-19T11:25:00.503+0000] {processor.py:161} INFO - Started process (PID=68199) to work on /opt/airflow/dags/etl_dag.py
[2026-02-19T11:25:00.504+0000] {processor.py:830} INFO - Processing file /opt/airflow/dags/etl_dag.py for tasks to queue
[2026-02-19T11:25:00.504+0000] {logging_mixin.py:188} INFO - [2026-02-19T11:25:00.504+0000] {dagbag.py:538} INFO - Filling up the DagBag from /opt/airflow/dags/etl_dag.py
[2026-02-19T11:25:00.542+0000] {logging_mixin.py:188} INFO - Warning: Your Kaggle API key is readable by other users on this system! To fix this, you can run 'chmod 600 /home/airflow/.kaggle/kaggle.json'
[2026-02-19T11:25:00.603+0000] {logging_mixin.py:188} WARNING - /home/airflow/.local/lib/python3.8/site-packages/airflow/models/baseoperator.py:437 AirflowProviderDeprecationWarning: `exists_ok` parameter is deprecated, please use `if_exists`
[2026-02-19T11:25:00.611+0000] {processor.py:840} INFO - DAG(s) 'ecommerce_etl_v2' retrieved from /opt/airflow/dags/etl_dag.py
[2026-02-19T11:25:00.630+0000] {logging_mixin.py:188} INFO - [2026-02-19T11:25:00.630+0000] {dag.py:3036} INFO - Sync 1 DAGs
[2026-02-19T11:25:00.640+0000] {logging_mixin.py:188} INFO - [2026-02-19T11:25:00.640+0000] {dag.py:3823} INFO - Setting next_dagrun for ecommerce_etl_v2 to 2026-02-18 13:00:00+00:00, run_after=2026-02-19 13:00:00+00:00
[2026-02-19T11:25:00.649+0000] {processor.py:183} INFO - Processing /opt/airflow/dags/etl_dag.py took 0.148 seconds
[2026-02-19T11:25:30.915+0000] {processor.py:161} INFO - Started process (PID=68230) to work on /opt/airflow/dags/etl_dag.py
[2026-02-19T11:25:30.916+0000] {processor.py:830} INFO - Processing file /opt/airflow/dags/etl_dag.py for tasks to queue
[2026-02-19T11:25:30.917+0000] {logging_mixin.py:188} INFO - [2026-02-19T11:25:30.916+0000] {dagbag.py:538} INFO - Filling up the DagBag from /opt/airflow/dags/etl_dag.py
[2026-02-19T11:25:30.964+0000] {logging_mixin.py:188} INFO - Warning: Your Kaggle API key is readable by other users on this system! To fix this, you can run 'chmod 600 /home/airflow/.kaggle/kaggle.json'
[2026-02-19T11:25:31.025+0000] {logging_mixin.py:188} WARNING - /home/airflow/.local/lib/python3.8/site-packages/airflow/models/baseoperator.py:437 AirflowProviderDeprecationWarning: `exists_ok` parameter is deprecated, please use `if_exists`
[2026-02-19T11:25:31.036+0000] {processor.py:840} INFO - DAG(s) 'ecommerce_etl_v2' retrieved from /opt/airflow/dags/etl_dag.py
[2026-02-19T11:25:31.054+0000] {logging_mixin.py:188} INFO - [2026-02-19T11:25:31.054+0000] {dag.py:3036} INFO - Sync 1 DAGs
[2026-02-19T11:25:31.064+0000] {logging_mixin.py:188} INFO - [2026-02-19T11:25:31.064+0000] {dag.py:3823} INFO - Setting next_dagrun for ecommerce_etl_v2 to 2026-02-18 13:00:00+00:00, run_after=2026-02-19 13:00:00+00:00
[2026-02-19T11:25:31.073+0000] {processor.py:183} INFO - Processing /opt/airflow/dags/etl_dag.py took 0.161 seconds
[2026-02-19T11:26:01.200+0000] {processor.py:161} INFO - Started process (PID=68261) to work on /opt/airflow/dags/etl_dag.py
[2026-02-19T11:26:01.203+0000] {processor.py:830} INFO - Processing file /opt/airflow/dags/etl_dag.py for tasks to queue
[2026-02-19T11:26:01.204+0000] {logging_mixin.py:188} INFO - [2026-02-19T11:26:01.203+0000] {dagbag.py:538} INFO - Filling up the DagBag from /opt/airflow/dags/etl_dag.py
[2026-02-19T11:26:01.252+0000] {logging_mixin.py:188} INFO - Warning: Your Kaggle API key is readable by other users on this system! To fix this, you can run 'chmod 600 /home/airflow/.kaggle/kaggle.json'
[2026-02-19T11:26:01.313+0000] {logging_mixin.py:188} WARNING - /home/airflow/.local/lib/python3.8/site-packages/airflow/models/baseoperator.py:437 AirflowProviderDeprecationWarning: `exists_ok` parameter is deprecated, please use `if_exists`
[2026-02-19T11:26:01.323+0000] {processor.py:840} INFO - DAG(s) 'ecommerce_etl_v2' retrieved from /opt/airflow/dags/etl_dag.py
[2026-02-19T11:26:01.343+0000] {logging_mixin.py:188} INFO - [2026-02-19T11:26:01.343+0000] {dag.py:3036} INFO - Sync 1 DAGs
[2026-02-19T11:26:01.355+0000] {logging_mixin.py:188} INFO - [2026-02-19T11:26:01.355+0000] {dag.py:3823} INFO - Setting next_dagrun for ecommerce_etl_v2 to 2026-02-18 13:00:00+00:00, run_after=2026-02-19 13:00:00+00:00
[2026-02-19T11:26:01.366+0000] {processor.py:183} INFO - Processing /opt/airflow/dags/etl_dag.py took 0.172 seconds
[2026-02-19T11:26:31.736+0000] {processor.py:161} INFO - Started process (PID=68292) to work on /opt/airflow/dags/etl_dag.py
[2026-02-19T11:26:31.737+0000] {processor.py:830} INFO - Processing file /opt/airflow/dags/etl_dag.py for tasks to queue
[2026-02-19T11:26:31.738+0000] {logging_mixin.py:188} INFO - [2026-02-19T11:26:31.738+0000] {dagbag.py:538} INFO - Filling up the DagBag from /opt/airflow/dags/etl_dag.py
[2026-02-19T11:26:31.789+0000] {logging_mixin.py:188} INFO - Warning: Your Kaggle API key is readable by other users on this system! To fix this, you can run 'chmod 600 /home/airflow/.kaggle/kaggle.json'
[2026-02-19T11:26:31.850+0000] {logging_mixin.py:188} WARNING - /home/airflow/.local/lib/python3.8/site-packages/airflow/models/baseoperator.py:437 AirflowProviderDeprecationWarning: `exists_ok` parameter is deprecated, please use `if_exists`
[2026-02-19T11:26:31.859+0000] {processor.py:840} INFO - DAG(s) 'ecommerce_etl_v2' retrieved from /opt/airflow/dags/etl_dag.py
[2026-02-19T11:26:31.881+0000] {logging_mixin.py:188} INFO - [2026-02-19T11:26:31.881+0000] {dag.py:3036} INFO - Sync 1 DAGs
[2026-02-19T11:26:31.894+0000] {logging_mixin.py:188} INFO - [2026-02-19T11:26:31.894+0000] {dag.py:3823} INFO - Setting next_dagrun for ecommerce_etl_v2 to 2026-02-18 13:00:00+00:00, run_after=2026-02-19 13:00:00+00:00
[2026-02-19T11:26:31.904+0000] {processor.py:183} INFO - Processing /opt/airflow/dags/etl_dag.py took 0.172 seconds
[2026-02-19T11:27:02.040+0000] {processor.py:161} INFO - Started process (PID=68323) to work on /opt/airflow/dags/etl_dag.py
[2026-02-19T11:27:02.040+0000] {processor.py:830} INFO - Processing file /opt/airflow/dags/etl_dag.py for tasks to queue
[2026-02-19T11:27:02.041+0000] {logging_mixin.py:188} INFO - [2026-02-19T11:27:02.041+0000] {dagbag.py:538} INFO - Filling up the DagBag from /opt/airflow/dags/etl_dag.py
[2026-02-19T11:27:02.082+0000] {logging_mixin.py:188} INFO - Warning: Your Kaggle API key is readable by other users on this system! To fix this, you can run 'chmod 600 /home/airflow/.kaggle/kaggle.json'
[2026-02-19T11:27:02.142+0000] {logging_mixin.py:188} WARNING - /home/airflow/.local/lib/python3.8/site-packages/airflow/models/baseoperator.py:437 AirflowProviderDeprecationWarning: `exists_ok` parameter is deprecated, please use `if_exists`
[2026-02-19T11:27:02.151+0000] {processor.py:840} INFO - DAG(s) 'ecommerce_etl_v2' retrieved from /opt/airflow/dags/etl_dag.py
[2026-02-19T11:27:02.170+0000] {logging_mixin.py:188} INFO - [2026-02-19T11:27:02.169+0000] {dag.py:3036} INFO - Sync 1 DAGs
[2026-02-19T11:27:02.179+0000] {logging_mixin.py:188} INFO - [2026-02-19T11:27:02.179+0000] {dag.py:3823} INFO - Setting next_dagrun for ecommerce_etl_v2 to 2026-02-18 13:00:00+00:00, run_after=2026-02-19 13:00:00+00:00
[2026-02-19T11:27:02.188+0000] {processor.py:183} INFO - Processing /opt/airflow/dags/etl_dag.py took 0.151 seconds
[2026-02-19T11:27:32.486+0000] {processor.py:161} INFO - Started process (PID=68354) to work on /opt/airflow/dags/etl_dag.py
[2026-02-19T11:27:32.487+0000] {processor.py:830} INFO - Processing file /opt/airflow/dags/etl_dag.py for tasks to queue
[2026-02-19T11:27:32.488+0000] {logging_mixin.py:188} INFO - [2026-02-19T11:27:32.488+0000] {dagbag.py:538} INFO - Filling up the DagBag from /opt/airflow/dags/etl_dag.py
[2026-02-19T11:27:32.537+0000] {logging_mixin.py:188} INFO - Warning: Your Kaggle API key is readable by other users on this system! To fix this, you can run 'chmod 600 /home/airflow/.kaggle/kaggle.json'
[2026-02-19T11:27:32.597+0000] {logging_mixin.py:188} WARNING - /home/airflow/.local/lib/python3.8/site-packages/airflow/models/baseoperator.py:437 AirflowProviderDeprecationWarning: `exists_ok` parameter is deprecated, please use `if_exists`
[2026-02-19T11:27:32.606+0000] {processor.py:840} INFO - DAG(s) 'ecommerce_etl_v2' retrieved from /opt/airflow/dags/etl_dag.py
[2026-02-19T11:27:32.625+0000] {logging_mixin.py:188} INFO - [2026-02-19T11:27:32.625+0000] {dag.py:3036} INFO - Sync 1 DAGs
[2026-02-19T11:27:32.635+0000] {logging_mixin.py:188} INFO - [2026-02-19T11:27:32.635+0000] {dag.py:3823} INFO - Setting next_dagrun for ecommerce_etl_v2 to 2026-02-18 13:00:00+00:00, run_after=2026-02-19 13:00:00+00:00
[2026-02-19T11:27:32.645+0000] {processor.py:183} INFO - Processing /opt/airflow/dags/etl_dag.py took 0.163 seconds
[2026-02-19T11:28:02.827+0000] {processor.py:161} INFO - Started process (PID=68385) to work on /opt/airflow/dags/etl_dag.py
[2026-02-19T11:28:02.829+0000] {processor.py:830} INFO - Processing file /opt/airflow/dags/etl_dag.py for tasks to queue
[2026-02-19T11:28:02.830+0000] {logging_mixin.py:188} INFO - [2026-02-19T11:28:02.829+0000] {dagbag.py:538} INFO - Filling up the DagBag from /opt/airflow/dags/etl_dag.py
[2026-02-19T11:28:02.878+0000] {logging_mixin.py:188} INFO - Warning: Your Kaggle API key is readable by other users on this system! To fix this, you can run 'chmod 600 /home/airflow/.kaggle/kaggle.json'
[2026-02-19T11:28:02.938+0000] {logging_mixin.py:188} WARNING - /home/airflow/.local/lib/python3.8/site-packages/airflow/models/baseoperator.py:437 AirflowProviderDeprecationWarning: `exists_ok` parameter is deprecated, please use `if_exists`
[2026-02-19T11:28:02.947+0000] {processor.py:840} INFO - DAG(s) 'ecommerce_etl_v2' retrieved from /opt/airflow/dags/etl_dag.py
[2026-02-19T11:28:02.966+0000] {logging_mixin.py:188} INFO - [2026-02-19T11:28:02.966+0000] {dag.py:3036} INFO - Sync 1 DAGs
[2026-02-19T11:28:02.979+0000] {logging_mixin.py:188} INFO - [2026-02-19T11:28:02.979+0000] {dag.py:3823} INFO - Setting next_dagrun for ecommerce_etl_v2 to 2026-02-18 13:00:00+00:00, run_after=2026-02-19 13:00:00+00:00
[2026-02-19T11:28:02.988+0000] {processor.py:183} INFO - Processing /opt/airflow/dags/etl_dag.py took 0.165 seconds
[2026-02-19T11:28:33.225+0000] {processor.py:161} INFO - Started process (PID=68416) to work on /opt/airflow/dags/etl_dag.py
[2026-02-19T11:28:33.226+0000] {processor.py:830} INFO - Processing file /opt/airflow/dags/etl_dag.py for tasks to queue
[2026-02-19T11:28:33.226+0000] {logging_mixin.py:188} INFO - [2026-02-19T11:28:33.226+0000] {dagbag.py:538} INFO - Filling up the DagBag from /opt/airflow/dags/etl_dag.py
[2026-02-19T11:28:33.263+0000] {logging_mixin.py:188} INFO - Warning: Your Kaggle API key is readable by other users on this system! To fix this, you can run 'chmod 600 /home/airflow/.kaggle/kaggle.json'
[2026-02-19T11:28:33.324+0000] {logging_mixin.py:188} WARNING - /home/airflow/.local/lib/python3.8/site-packages/airflow/models/baseoperator.py:437 AirflowProviderDeprecationWarning: `exists_ok` parameter is deprecated, please use `if_exists`
[2026-02-19T11:28:33.333+0000] {processor.py:840} INFO - DAG(s) 'ecommerce_etl_v2' retrieved from /opt/airflow/dags/etl_dag.py
[2026-02-19T11:28:33.351+0000] {logging_mixin.py:188} INFO - [2026-02-19T11:28:33.351+0000] {dag.py:3036} INFO - Sync 1 DAGs
[2026-02-19T11:28:33.362+0000] {logging_mixin.py:188} INFO - [2026-02-19T11:28:33.361+0000] {dag.py:3823} INFO - Setting next_dagrun for ecommerce_etl_v2 to 2026-02-18 13:00:00+00:00, run_after=2026-02-19 13:00:00+00:00
[2026-02-19T11:28:33.371+0000] {processor.py:183} INFO - Processing /opt/airflow/dags/etl_dag.py took 0.148 seconds
[2026-02-19T11:29:03.601+0000] {processor.py:161} INFO - Started process (PID=68447) to work on /opt/airflow/dags/etl_dag.py
[2026-02-19T11:29:03.602+0000] {processor.py:830} INFO - Processing file /opt/airflow/dags/etl_dag.py for tasks to queue
[2026-02-19T11:29:03.603+0000] {logging_mixin.py:188} INFO - [2026-02-19T11:29:03.603+0000] {dagbag.py:538} INFO - Filling up the DagBag from /opt/airflow/dags/etl_dag.py
[2026-02-19T11:29:03.647+0000] {logging_mixin.py:188} INFO - Warning: Your Kaggle API key is readable by other users on this system! To fix this, you can run 'chmod 600 /home/airflow/.kaggle/kaggle.json'
[2026-02-19T11:29:03.707+0000] {logging_mixin.py:188} WARNING - /home/airflow/.local/lib/python3.8/site-packages/airflow/models/baseoperator.py:437 AirflowProviderDeprecationWarning: `exists_ok` parameter is deprecated, please use `if_exists`
[2026-02-19T11:29:03.715+0000] {processor.py:840} INFO - DAG(s) 'ecommerce_etl_v2' retrieved from /opt/airflow/dags/etl_dag.py
[2026-02-19T11:29:03.734+0000] {logging_mixin.py:188} INFO - [2026-02-19T11:29:03.734+0000] {dag.py:3036} INFO - Sync 1 DAGs
[2026-02-19T11:29:03.744+0000] {logging_mixin.py:188} INFO - [2026-02-19T11:29:03.744+0000] {dag.py:3823} INFO - Setting next_dagrun for ecommerce_etl_v2 to 2026-02-18 13:00:00+00:00, run_after=2026-02-19 13:00:00+00:00
[2026-02-19T11:29:03.753+0000] {processor.py:183} INFO - Processing /opt/airflow/dags/etl_dag.py took 0.155 seconds
[2026-02-19T11:29:33.921+0000] {processor.py:161} INFO - Started process (PID=68478) to work on /opt/airflow/dags/etl_dag.py
[2026-02-19T11:29:33.922+0000] {processor.py:830} INFO - Processing file /opt/airflow/dags/etl_dag.py for tasks to queue
[2026-02-19T11:29:33.924+0000] {logging_mixin.py:188} INFO - [2026-02-19T11:29:33.923+0000] {dagbag.py:538} INFO - Filling up the DagBag from /opt/airflow/dags/etl_dag.py
[2026-02-19T11:29:33.971+0000] {logging_mixin.py:188} INFO - Warning: Your Kaggle API key is readable by other users on this system! To fix this, you can run 'chmod 600 /home/airflow/.kaggle/kaggle.json'
[2026-02-19T11:29:34.032+0000] {logging_mixin.py:188} WARNING - /home/airflow/.local/lib/python3.8/site-packages/airflow/models/baseoperator.py:437 AirflowProviderDeprecationWarning: `exists_ok` parameter is deprecated, please use `if_exists`
[2026-02-19T11:29:34.041+0000] {processor.py:840} INFO - DAG(s) 'ecommerce_etl_v2' retrieved from /opt/airflow/dags/etl_dag.py
[2026-02-19T11:29:34.059+0000] {logging_mixin.py:188} INFO - [2026-02-19T11:29:34.059+0000] {dag.py:3036} INFO - Sync 1 DAGs
[2026-02-19T11:29:34.070+0000] {logging_mixin.py:188} INFO - [2026-02-19T11:29:34.070+0000] {dag.py:3823} INFO - Setting next_dagrun for ecommerce_etl_v2 to 2026-02-18 13:00:00+00:00, run_after=2026-02-19 13:00:00+00:00
[2026-02-19T11:29:34.078+0000] {processor.py:183} INFO - Processing /opt/airflow/dags/etl_dag.py took 0.164 seconds
[2026-02-19T11:30:04.327+0000] {processor.py:161} INFO - Started process (PID=68509) to work on /opt/airflow/dags/etl_dag.py
[2026-02-19T11:30:04.328+0000] {processor.py:830} INFO - Processing file /opt/airflow/dags/etl_dag.py for tasks to queue
[2026-02-19T11:30:04.329+0000] {logging_mixin.py:188} INFO - [2026-02-19T11:30:04.328+0000] {dagbag.py:538} INFO - Filling up the DagBag from /opt/airflow/dags/etl_dag.py
[2026-02-19T11:30:04.375+0000] {logging_mixin.py:188} INFO - Warning: Your Kaggle API key is readable by other users on this system! To fix this, you can run 'chmod 600 /home/airflow/.kaggle/kaggle.json'
[2026-02-19T11:30:04.435+0000] {logging_mixin.py:188} WARNING - /home/airflow/.local/lib/python3.8/site-packages/airflow/models/baseoperator.py:437 AirflowProviderDeprecationWarning: `exists_ok` parameter is deprecated, please use `if_exists`
[2026-02-19T11:30:04.443+0000] {processor.py:840} INFO - DAG(s) 'ecommerce_etl_v2' retrieved from /opt/airflow/dags/etl_dag.py
[2026-02-19T11:30:04.462+0000] {logging_mixin.py:188} INFO - [2026-02-19T11:30:04.462+0000] {dag.py:3036} INFO - Sync 1 DAGs
[2026-02-19T11:30:04.472+0000] {logging_mixin.py:188} INFO - [2026-02-19T11:30:04.472+0000] {dag.py:3823} INFO - Setting next_dagrun for ecommerce_etl_v2 to 2026-02-18 13:00:00+00:00, run_after=2026-02-19 13:00:00+00:00
[2026-02-19T11:30:04.481+0000] {processor.py:183} INFO - Processing /opt/airflow/dags/etl_dag.py took 0.158 seconds
[2026-02-19T11:30:34.703+0000] {processor.py:161} INFO - Started process (PID=68540) to work on /opt/airflow/dags/etl_dag.py
[2026-02-19T11:30:34.704+0000] {processor.py:830} INFO - Processing file /opt/airflow/dags/etl_dag.py for tasks to queue
[2026-02-19T11:30:34.705+0000] {logging_mixin.py:188} INFO - [2026-02-19T11:30:34.705+0000] {dagbag.py:538} INFO - Filling up the DagBag from /opt/airflow/dags/etl_dag.py
[2026-02-19T11:30:34.762+0000] {logging_mixin.py:188} INFO - Warning: Your Kaggle API key is readable by other users on this system! To fix this, you can run 'chmod 600 /home/airflow/.kaggle/kaggle.json'
[2026-02-19T11:30:34.825+0000] {logging_mixin.py:188} WARNING - /home/airflow/.local/lib/python3.8/site-packages/airflow/models/baseoperator.py:437 AirflowProviderDeprecationWarning: `exists_ok` parameter is deprecated, please use `if_exists`
[2026-02-19T11:30:34.838+0000] {processor.py:840} INFO - DAG(s) 'ecommerce_etl_v2' retrieved from /opt/airflow/dags/etl_dag.py
[2026-02-19T11:30:34.862+0000] {logging_mixin.py:188} INFO - [2026-02-19T11:30:34.862+0000] {dag.py:3036} INFO - Sync 1 DAGs
[2026-02-19T11:30:34.874+0000] {logging_mixin.py:188} INFO - [2026-02-19T11:30:34.874+0000] {dag.py:3823} INFO - Setting next_dagrun for ecommerce_etl_v2 to 2026-02-18 13:00:00+00:00, run_after=2026-02-19 13:00:00+00:00
[2026-02-19T11:30:34.883+0000] {processor.py:183} INFO - Processing /opt/airflow/dags/etl_dag.py took 0.187 seconds
[2026-02-19T11:31:05.109+0000] {processor.py:161} INFO - Started process (PID=68571) to work on /opt/airflow/dags/etl_dag.py
[2026-02-19T11:31:05.110+0000] {processor.py:830} INFO - Processing file /opt/airflow/dags/etl_dag.py for tasks to queue
[2026-02-19T11:31:05.111+0000] {logging_mixin.py:188} INFO - [2026-02-19T11:31:05.111+0000] {dagbag.py:538} INFO - Filling up the DagBag from /opt/airflow/dags/etl_dag.py
[2026-02-19T11:31:05.160+0000] {logging_mixin.py:188} INFO - Warning: Your Kaggle API key is readable by other users on this system! To fix this, you can run 'chmod 600 /home/airflow/.kaggle/kaggle.json'
[2026-02-19T11:31:05.219+0000] {logging_mixin.py:188} WARNING - /home/airflow/.local/lib/python3.8/site-packages/airflow/models/baseoperator.py:437 AirflowProviderDeprecationWarning: `exists_ok` parameter is deprecated, please use `if_exists`
[2026-02-19T11:31:05.228+0000] {processor.py:840} INFO - DAG(s) 'ecommerce_etl_v2' retrieved from /opt/airflow/dags/etl_dag.py
[2026-02-19T11:31:05.247+0000] {logging_mixin.py:188} INFO - [2026-02-19T11:31:05.247+0000] {dag.py:3036} INFO - Sync 1 DAGs
[2026-02-19T11:31:05.257+0000] {logging_mixin.py:188} INFO - [2026-02-19T11:31:05.257+0000] {dag.py:3823} INFO - Setting next_dagrun for ecommerce_etl_v2 to 2026-02-18 13:00:00+00:00, run_after=2026-02-19 13:00:00+00:00
[2026-02-19T11:31:05.266+0000] {processor.py:183} INFO - Processing /opt/airflow/dags/etl_dag.py took 0.162 seconds
[2026-02-19T11:31:35.483+0000] {processor.py:161} INFO - Started process (PID=68602) to work on /opt/airflow/dags/etl_dag.py
[2026-02-19T11:31:35.484+0000] {processor.py:830} INFO - Processing file /opt/airflow/dags/etl_dag.py for tasks to queue
[2026-02-19T11:31:35.485+0000] {logging_mixin.py:188} INFO - [2026-02-19T11:31:35.485+0000] {dagbag.py:538} INFO - Filling up the DagBag from /opt/airflow/dags/etl_dag.py
[2026-02-19T11:31:35.531+0000] {logging_mixin.py:188} INFO - Warning: Your Kaggle API key is readable by other users on this system! To fix this, you can run 'chmod 600 /home/airflow/.kaggle/kaggle.json'
[2026-02-19T11:31:35.591+0000] {logging_mixin.py:188} WARNING - /home/airflow/.local/lib/python3.8/site-packages/airflow/models/baseoperator.py:437 AirflowProviderDeprecationWarning: `exists_ok` parameter is deprecated, please use `if_exists`
[2026-02-19T11:31:35.600+0000] {processor.py:840} INFO - DAG(s) 'ecommerce_etl_v2' retrieved from /opt/airflow/dags/etl_dag.py
[2026-02-19T11:31:35.619+0000] {logging_mixin.py:188} INFO - [2026-02-19T11:31:35.619+0000] {dag.py:3036} INFO - Sync 1 DAGs
[2026-02-19T11:31:35.629+0000] {logging_mixin.py:188} INFO - [2026-02-19T11:31:35.629+0000] {dag.py:3823} INFO - Setting next_dagrun for ecommerce_etl_v2 to 2026-02-18 13:00:00+00:00, run_after=2026-02-19 13:00:00+00:00
[2026-02-19T11:31:35.638+0000] {processor.py:183} INFO - Processing /opt/airflow/dags/etl_dag.py took 0.159 seconds
[2026-02-19T11:32:05.873+0000] {processor.py:161} INFO - Started process (PID=68633) to work on /opt/airflow/dags/etl_dag.py
[2026-02-19T11:32:05.874+0000] {processor.py:830} INFO - Processing file /opt/airflow/dags/etl_dag.py for tasks to queue
[2026-02-19T11:32:05.876+0000] {logging_mixin.py:188} INFO - [2026-02-19T11:32:05.875+0000] {dagbag.py:538} INFO - Filling up the DagBag from /opt/airflow/dags/etl_dag.py
[2026-02-19T11:32:05.920+0000] {logging_mixin.py:188} INFO - Warning: Your Kaggle API key is readable by other users on this system! To fix this, you can run 'chmod 600 /home/airflow/.kaggle/kaggle.json'
[2026-02-19T11:32:05.979+0000] {logging_mixin.py:188} WARNING - /home/airflow/.local/lib/python3.8/site-packages/airflow/models/baseoperator.py:437 AirflowProviderDeprecationWarning: `exists_ok` parameter is deprecated, please use `if_exists`
[2026-02-19T11:32:05.990+0000] {processor.py:840} INFO - DAG(s) 'ecommerce_etl_v2' retrieved from /opt/airflow/dags/etl_dag.py
[2026-02-19T11:32:06.008+0000] {logging_mixin.py:188} INFO - [2026-02-19T11:32:06.008+0000] {dag.py:3036} INFO - Sync 1 DAGs
[2026-02-19T11:32:06.018+0000] {logging_mixin.py:188} INFO - [2026-02-19T11:32:06.018+0000] {dag.py:3823} INFO - Setting next_dagrun for ecommerce_etl_v2 to 2026-02-18 13:00:00+00:00, run_after=2026-02-19 13:00:00+00:00
[2026-02-19T11:32:06.026+0000] {processor.py:183} INFO - Processing /opt/airflow/dags/etl_dag.py took 0.158 seconds
[2026-02-19T11:32:36.172+0000] {processor.py:161} INFO - Started process (PID=68664) to work on /opt/airflow/dags/etl_dag.py
[2026-02-19T11:32:36.172+0000] {processor.py:830} INFO - Processing file /opt/airflow/dags/etl_dag.py for tasks to queue
[2026-02-19T11:32:36.173+0000] {logging_mixin.py:188} INFO - [2026-02-19T11:32:36.173+0000] {dagbag.py:538} INFO - Filling up the DagBag from /opt/airflow/dags/etl_dag.py
[2026-02-19T11:32:36.216+0000] {logging_mixin.py:188} INFO - Warning: Your Kaggle API key is readable by other users on this system! To fix this, you can run 'chmod 600 /home/airflow/.kaggle/kaggle.json'
[2026-02-19T11:32:36.276+0000] {logging_mixin.py:188} WARNING - /home/airflow/.local/lib/python3.8/site-packages/airflow/models/baseoperator.py:437 AirflowProviderDeprecationWarning: `exists_ok` parameter is deprecated, please use `if_exists`
[2026-02-19T11:32:36.286+0000] {processor.py:840} INFO - DAG(s) 'ecommerce_etl_v2' retrieved from /opt/airflow/dags/etl_dag.py
[2026-02-19T11:32:36.304+0000] {logging_mixin.py:188} INFO - [2026-02-19T11:32:36.304+0000] {dag.py:3036} INFO - Sync 1 DAGs
[2026-02-19T11:32:36.316+0000] {logging_mixin.py:188} INFO - [2026-02-19T11:32:36.316+0000] {dag.py:3823} INFO - Setting next_dagrun for ecommerce_etl_v2 to 2026-02-18 13:00:00+00:00, run_after=2026-02-19 13:00:00+00:00
[2026-02-19T11:32:36.324+0000] {processor.py:183} INFO - Processing /opt/airflow/dags/etl_dag.py took 0.155 seconds
[2026-02-19T11:39:30.766+0000] {processor.py:161} INFO - Started process (PID=68696) to work on /opt/airflow/dags/etl_dag.py
[2026-02-19T11:39:30.767+0000] {processor.py:830} INFO - Processing file /opt/airflow/dags/etl_dag.py for tasks to queue
[2026-02-19T11:39:30.768+0000] {logging_mixin.py:188} INFO - [2026-02-19T11:39:30.767+0000] {dagbag.py:538} INFO - Filling up the DagBag from /opt/airflow/dags/etl_dag.py
[2026-02-19T11:39:30.837+0000] {logging_mixin.py:188} INFO - Warning: Your Kaggle API key is readable by other users on this system! To fix this, you can run 'chmod 600 /home/airflow/.kaggle/kaggle.json'
[2026-02-19T11:39:30.925+0000] {logging_mixin.py:188} WARNING - /home/airflow/.local/lib/python3.8/site-packages/airflow/models/baseoperator.py:437 AirflowProviderDeprecationWarning: `exists_ok` parameter is deprecated, please use `if_exists`
[2026-02-19T11:39:30.938+0000] {processor.py:840} INFO - DAG(s) 'ecommerce_etl_v2' retrieved from /opt/airflow/dags/etl_dag.py
[2026-02-19T11:39:30.967+0000] {logging_mixin.py:188} INFO - [2026-02-19T11:39:30.966+0000] {dag.py:3036} INFO - Sync 1 DAGs
[2026-02-19T11:39:30.983+0000] {logging_mixin.py:188} INFO - [2026-02-19T11:39:30.983+0000] {dag.py:3823} INFO - Setting next_dagrun for ecommerce_etl_v2 to 2026-02-18 13:00:00+00:00, run_after=2026-02-19 13:00:00+00:00
[2026-02-19T11:39:30.998+0000] {processor.py:183} INFO - Processing /opt/airflow/dags/etl_dag.py took 0.235 seconds
[2026-02-19T12:11:12.891+0000] {processor.py:161} INFO - Started process (PID=68730) to work on /opt/airflow/dags/etl_dag.py
[2026-02-19T12:11:12.892+0000] {processor.py:830} INFO - Processing file /opt/airflow/dags/etl_dag.py for tasks to queue
[2026-02-19T12:11:12.892+0000] {logging_mixin.py:188} INFO - [2026-02-19T12:11:12.892+0000] {dagbag.py:538} INFO - Filling up the DagBag from /opt/airflow/dags/etl_dag.py
[2026-02-19T12:11:12.934+0000] {logging_mixin.py:188} INFO - Warning: Your Kaggle API key is readable by other users on this system! To fix this, you can run 'chmod 600 /home/airflow/.kaggle/kaggle.json'
[2026-02-19T12:11:12.996+0000] {logging_mixin.py:188} WARNING - /home/airflow/.local/lib/python3.8/site-packages/airflow/models/baseoperator.py:437 AirflowProviderDeprecationWarning: `exists_ok` parameter is deprecated, please use `if_exists`
[2026-02-19T12:11:13.005+0000] {processor.py:840} INFO - DAG(s) 'ecommerce_etl_v2' retrieved from /opt/airflow/dags/etl_dag.py
[2026-02-19T12:11:13.023+0000] {logging_mixin.py:188} INFO - [2026-02-19T12:11:13.023+0000] {dag.py:3036} INFO - Sync 1 DAGs
[2026-02-19T12:11:13.034+0000] {logging_mixin.py:188} INFO - [2026-02-19T12:11:13.034+0000] {dag.py:3823} INFO - Setting next_dagrun for ecommerce_etl_v2 to 2026-02-18 13:00:00+00:00, run_after=2026-02-19 13:00:00+00:00
[2026-02-19T12:11:13.042+0000] {processor.py:183} INFO - Processing /opt/airflow/dags/etl_dag.py took 0.153 seconds
[2026-02-19T12:18:21.620+0000] {processor.py:161} INFO - Started process (PID=68761) to work on /opt/airflow/dags/etl_dag.py
[2026-02-19T12:18:21.621+0000] {processor.py:830} INFO - Processing file /opt/airflow/dags/etl_dag.py for tasks to queue
[2026-02-19T12:18:21.622+0000] {logging_mixin.py:188} INFO - [2026-02-19T12:18:21.621+0000] {dagbag.py:538} INFO - Filling up the DagBag from /opt/airflow/dags/etl_dag.py
[2026-02-19T12:18:21.681+0000] {logging_mixin.py:188} INFO - Warning: Your Kaggle API key is readable by other users on this system! To fix this, you can run 'chmod 600 /home/airflow/.kaggle/kaggle.json'
[2026-02-19T12:18:21.755+0000] {logging_mixin.py:188} WARNING - /home/airflow/.local/lib/python3.8/site-packages/airflow/models/baseoperator.py:437 AirflowProviderDeprecationWarning: `exists_ok` parameter is deprecated, please use `if_exists`
[2026-02-19T12:18:21.767+0000] {processor.py:840} INFO - DAG(s) 'ecommerce_etl_v2' retrieved from /opt/airflow/dags/etl_dag.py
[2026-02-19T12:18:21.795+0000] {logging_mixin.py:188} INFO - [2026-02-19T12:18:21.794+0000] {dag.py:3036} INFO - Sync 1 DAGs
[2026-02-19T12:18:21.813+0000] {logging_mixin.py:188} INFO - [2026-02-19T12:18:21.813+0000] {dag.py:3823} INFO - Setting next_dagrun for ecommerce_etl_v2 to 2026-02-18 13:00:00+00:00, run_after=2026-02-19 13:00:00+00:00
[2026-02-19T12:18:21.826+0000] {processor.py:183} INFO - Processing /opt/airflow/dags/etl_dag.py took 0.211 seconds
[2026-02-19T12:18:51.909+0000] {processor.py:161} INFO - Started process (PID=68792) to work on /opt/airflow/dags/etl_dag.py
[2026-02-19T12:18:51.910+0000] {processor.py:830} INFO - Processing file /opt/airflow/dags/etl_dag.py for tasks to queue
[2026-02-19T12:18:51.910+0000] {logging_mixin.py:188} INFO - [2026-02-19T12:18:51.910+0000] {dagbag.py:538} INFO - Filling up the DagBag from /opt/airflow/dags/etl_dag.py
[2026-02-19T12:18:51.953+0000] {logging_mixin.py:188} INFO - Warning: Your Kaggle API key is readable by other users on this system! To fix this, you can run 'chmod 600 /home/airflow/.kaggle/kaggle.json'
[2026-02-19T12:18:52.016+0000] {logging_mixin.py:188} WARNING - /home/airflow/.local/lib/python3.8/site-packages/airflow/models/baseoperator.py:437 AirflowProviderDeprecationWarning: `exists_ok` parameter is deprecated, please use `if_exists`
[2026-02-19T12:18:52.027+0000] {processor.py:840} INFO - DAG(s) 'ecommerce_etl_v2' retrieved from /opt/airflow/dags/etl_dag.py
[2026-02-19T12:18:52.050+0000] {logging_mixin.py:188} INFO - [2026-02-19T12:18:52.050+0000] {dag.py:3036} INFO - Sync 1 DAGs
[2026-02-19T12:18:52.064+0000] {logging_mixin.py:188} INFO - [2026-02-19T12:18:52.064+0000] {dag.py:3823} INFO - Setting next_dagrun for ecommerce_etl_v2 to 2026-02-18 13:00:00+00:00, run_after=2026-02-19 13:00:00+00:00
[2026-02-19T12:18:52.076+0000] {processor.py:183} INFO - Processing /opt/airflow/dags/etl_dag.py took 0.170 seconds
[2026-02-19T12:19:22.382+0000] {processor.py:161} INFO - Started process (PID=68823) to work on /opt/airflow/dags/etl_dag.py
[2026-02-19T12:19:22.382+0000] {processor.py:830} INFO - Processing file /opt/airflow/dags/etl_dag.py for tasks to queue
[2026-02-19T12:19:22.383+0000] {logging_mixin.py:188} INFO - [2026-02-19T12:19:22.383+0000] {dagbag.py:538} INFO - Filling up the DagBag from /opt/airflow/dags/etl_dag.py
[2026-02-19T12:19:22.424+0000] {logging_mixin.py:188} INFO - Warning: Your Kaggle API key is readable by other users on this system! To fix this, you can run 'chmod 600 /home/airflow/.kaggle/kaggle.json'
[2026-02-19T12:19:22.484+0000] {logging_mixin.py:188} WARNING - /home/airflow/.local/lib/python3.8/site-packages/airflow/models/baseoperator.py:437 AirflowProviderDeprecationWarning: `exists_ok` parameter is deprecated, please use `if_exists`
[2026-02-19T12:19:22.493+0000] {processor.py:840} INFO - DAG(s) 'ecommerce_etl_v2' retrieved from /opt/airflow/dags/etl_dag.py
[2026-02-19T12:19:22.512+0000] {logging_mixin.py:188} INFO - [2026-02-19T12:19:22.512+0000] {dag.py:3036} INFO - Sync 1 DAGs
[2026-02-19T12:19:22.522+0000] {logging_mixin.py:188} INFO - [2026-02-19T12:19:22.522+0000] {dag.py:3823} INFO - Setting next_dagrun for ecommerce_etl_v2 to 2026-02-18 13:00:00+00:00, run_after=2026-02-19 13:00:00+00:00
[2026-02-19T12:19:22.531+0000] {processor.py:183} INFO - Processing /opt/airflow/dags/etl_dag.py took 0.151 seconds
[2026-02-19T12:19:52.715+0000] {processor.py:161} INFO - Started process (PID=68854) to work on /opt/airflow/dags/etl_dag.py
[2026-02-19T12:19:52.716+0000] {processor.py:830} INFO - Processing file /opt/airflow/dags/etl_dag.py for tasks to queue
[2026-02-19T12:19:52.717+0000] {logging_mixin.py:188} INFO - [2026-02-19T12:19:52.716+0000] {dagbag.py:538} INFO - Filling up the DagBag from /opt/airflow/dags/etl_dag.py
[2026-02-19T12:19:52.761+0000] {logging_mixin.py:188} INFO - Warning: Your Kaggle API key is readable by other users on this system! To fix this, you can run 'chmod 600 /home/airflow/.kaggle/kaggle.json'
[2026-02-19T12:19:52.820+0000] {logging_mixin.py:188} WARNING - /home/airflow/.local/lib/python3.8/site-packages/airflow/models/baseoperator.py:437 AirflowProviderDeprecationWarning: `exists_ok` parameter is deprecated, please use `if_exists`
[2026-02-19T12:19:52.829+0000] {processor.py:840} INFO - DAG(s) 'ecommerce_etl_v2' retrieved from /opt/airflow/dags/etl_dag.py
[2026-02-19T12:19:52.848+0000] {logging_mixin.py:188} INFO - [2026-02-19T12:19:52.848+0000] {dag.py:3036} INFO - Sync 1 DAGs
[2026-02-19T12:19:52.859+0000] {logging_mixin.py:188} INFO - [2026-02-19T12:19:52.859+0000] {dag.py:3823} INFO - Setting next_dagrun for ecommerce_etl_v2 to 2026-02-18 13:00:00+00:00, run_after=2026-02-19 13:00:00+00:00
[2026-02-19T12:19:52.868+0000] {processor.py:183} INFO - Processing /opt/airflow/dags/etl_dag.py took 0.157 seconds
[2026-02-19T12:20:23.123+0000] {processor.py:161} INFO - Started process (PID=68885) to work on /opt/airflow/dags/etl_dag.py
[2026-02-19T12:20:23.124+0000] {processor.py:830} INFO - Processing file /opt/airflow/dags/etl_dag.py for tasks to queue
[2026-02-19T12:20:23.125+0000] {logging_mixin.py:188} INFO - [2026-02-19T12:20:23.125+0000] {dagbag.py:538} INFO - Filling up the DagBag from /opt/airflow/dags/etl_dag.py
[2026-02-19T12:20:23.173+0000] {logging_mixin.py:188} INFO - Warning: Your Kaggle API key is readable by other users on this system! To fix this, you can run 'chmod 600 /home/airflow/.kaggle/kaggle.json'
[2026-02-19T12:20:23.234+0000] {logging_mixin.py:188} WARNING - /home/airflow/.local/lib/python3.8/site-packages/airflow/models/baseoperator.py:437 AirflowProviderDeprecationWarning: `exists_ok` parameter is deprecated, please use `if_exists`
[2026-02-19T12:20:23.247+0000] {processor.py:840} INFO - DAG(s) 'ecommerce_etl_v2' retrieved from /opt/airflow/dags/etl_dag.py
[2026-02-19T12:20:23.268+0000] {logging_mixin.py:188} INFO - [2026-02-19T12:20:23.268+0000] {dag.py:3036} INFO - Sync 1 DAGs
[2026-02-19T12:20:23.280+0000] {logging_mixin.py:188} INFO - [2026-02-19T12:20:23.280+0000] {dag.py:3823} INFO - Setting next_dagrun for ecommerce_etl_v2 to 2026-02-18 13:00:00+00:00, run_after=2026-02-19 13:00:00+00:00
[2026-02-19T12:20:23.288+0000] {processor.py:183} INFO - Processing /opt/airflow/dags/etl_dag.py took 0.170 seconds
[2026-02-19T12:20:53.463+0000] {processor.py:161} INFO - Started process (PID=68916) to work on /opt/airflow/dags/etl_dag.py
[2026-02-19T12:20:53.465+0000] {processor.py:830} INFO - Processing file /opt/airflow/dags/etl_dag.py for tasks to queue
[2026-02-19T12:20:53.466+0000] {logging_mixin.py:188} INFO - [2026-02-19T12:20:53.466+0000] {dagbag.py:538} INFO - Filling up the DagBag from /opt/airflow/dags/etl_dag.py
[2026-02-19T12:20:53.520+0000] {logging_mixin.py:188} INFO - Warning: Your Kaggle API key is readable by other users on this system! To fix this, you can run 'chmod 600 /home/airflow/.kaggle/kaggle.json'
[2026-02-19T12:20:53.582+0000] {logging_mixin.py:188} WARNING - /home/airflow/.local/lib/python3.8/site-packages/airflow/models/baseoperator.py:437 AirflowProviderDeprecationWarning: `exists_ok` parameter is deprecated, please use `if_exists`
[2026-02-19T12:20:53.592+0000] {processor.py:840} INFO - DAG(s) 'ecommerce_etl_v2' retrieved from /opt/airflow/dags/etl_dag.py
[2026-02-19T12:20:53.614+0000] {logging_mixin.py:188} INFO - [2026-02-19T12:20:53.614+0000] {dag.py:3036} INFO - Sync 1 DAGs
[2026-02-19T12:20:53.627+0000] {logging_mixin.py:188} INFO - [2026-02-19T12:20:53.627+0000] {dag.py:3823} INFO - Setting next_dagrun for ecommerce_etl_v2 to 2026-02-18 13:00:00+00:00, run_after=2026-02-19 13:00:00+00:00
[2026-02-19T12:20:53.637+0000] {processor.py:183} INFO - Processing /opt/airflow/dags/etl_dag.py took 0.180 seconds
[2026-02-19T12:21:23.880+0000] {processor.py:161} INFO - Started process (PID=68947) to work on /opt/airflow/dags/etl_dag.py
[2026-02-19T12:21:23.882+0000] {processor.py:830} INFO - Processing file /opt/airflow/dags/etl_dag.py for tasks to queue
[2026-02-19T12:21:23.882+0000] {logging_mixin.py:188} INFO - [2026-02-19T12:21:23.882+0000] {dagbag.py:538} INFO - Filling up the DagBag from /opt/airflow/dags/etl_dag.py
[2026-02-19T12:21:23.928+0000] {logging_mixin.py:188} INFO - Warning: Your Kaggle API key is readable by other users on this system! To fix this, you can run 'chmod 600 /home/airflow/.kaggle/kaggle.json'
[2026-02-19T12:21:23.988+0000] {logging_mixin.py:188} WARNING - /home/airflow/.local/lib/python3.8/site-packages/airflow/models/baseoperator.py:437 AirflowProviderDeprecationWarning: `exists_ok` parameter is deprecated, please use `if_exists`
[2026-02-19T12:21:23.997+0000] {processor.py:840} INFO - DAG(s) 'ecommerce_etl_v2' retrieved from /opt/airflow/dags/etl_dag.py
[2026-02-19T12:21:24.016+0000] {logging_mixin.py:188} INFO - [2026-02-19T12:21:24.016+0000] {dag.py:3036} INFO - Sync 1 DAGs
[2026-02-19T12:21:24.027+0000] {logging_mixin.py:188} INFO - [2026-02-19T12:21:24.027+0000] {dag.py:3823} INFO - Setting next_dagrun for ecommerce_etl_v2 to 2026-02-18 13:00:00+00:00, run_after=2026-02-19 13:00:00+00:00
[2026-02-19T12:21:24.037+0000] {processor.py:183} INFO - Processing /opt/airflow/dags/etl_dag.py took 0.160 seconds
[2026-02-19T12:21:54.252+0000] {processor.py:161} INFO - Started process (PID=68978) to work on /opt/airflow/dags/etl_dag.py
[2026-02-19T12:21:54.254+0000] {processor.py:830} INFO - Processing file /opt/airflow/dags/etl_dag.py for tasks to queue
[2026-02-19T12:21:54.255+0000] {logging_mixin.py:188} INFO - [2026-02-19T12:21:54.254+0000] {dagbag.py:538} INFO - Filling up the DagBag from /opt/airflow/dags/etl_dag.py
[2026-02-19T12:21:54.309+0000] {logging_mixin.py:188} INFO - Warning: Your Kaggle API key is readable by other users on this system! To fix this, you can run 'chmod 600 /home/airflow/.kaggle/kaggle.json'
[2026-02-19T12:21:54.371+0000] {logging_mixin.py:188} WARNING - /home/airflow/.local/lib/python3.8/site-packages/airflow/models/baseoperator.py:437 AirflowProviderDeprecationWarning: `exists_ok` parameter is deprecated, please use `if_exists`
[2026-02-19T12:21:54.382+0000] {processor.py:840} INFO - DAG(s) 'ecommerce_etl_v2' retrieved from /opt/airflow/dags/etl_dag.py
[2026-02-19T12:21:54.402+0000] {logging_mixin.py:188} INFO - [2026-02-19T12:21:54.402+0000] {dag.py:3036} INFO - Sync 1 DAGs
[2026-02-19T12:21:54.415+0000] {logging_mixin.py:188} INFO - [2026-02-19T12:21:54.415+0000] {dag.py:3823} INFO - Setting next_dagrun for ecommerce_etl_v2 to 2026-02-18 13:00:00+00:00, run_after=2026-02-19 13:00:00+00:00
[2026-02-19T12:21:54.425+0000] {processor.py:183} INFO - Processing /opt/airflow/dags/etl_dag.py took 0.178 seconds
[2026-02-19T12:22:24.551+0000] {processor.py:161} INFO - Started process (PID=69009) to work on /opt/airflow/dags/etl_dag.py
[2026-02-19T12:22:24.553+0000] {processor.py:830} INFO - Processing file /opt/airflow/dags/etl_dag.py for tasks to queue
[2026-02-19T12:22:24.554+0000] {logging_mixin.py:188} INFO - [2026-02-19T12:22:24.553+0000] {dagbag.py:538} INFO - Filling up the DagBag from /opt/airflow/dags/etl_dag.py
[2026-02-19T12:22:24.603+0000] {logging_mixin.py:188} INFO - Warning: Your Kaggle API key is readable by other users on this system! To fix this, you can run 'chmod 600 /home/airflow/.kaggle/kaggle.json'
[2026-02-19T12:22:24.661+0000] {logging_mixin.py:188} WARNING - /home/airflow/.local/lib/python3.8/site-packages/airflow/models/baseoperator.py:437 AirflowProviderDeprecationWarning: `exists_ok` parameter is deprecated, please use `if_exists`
[2026-02-19T12:22:24.671+0000] {processor.py:840} INFO - DAG(s) 'ecommerce_etl_v2' retrieved from /opt/airflow/dags/etl_dag.py
[2026-02-19T12:22:24.690+0000] {logging_mixin.py:188} INFO - [2026-02-19T12:22:24.689+0000] {dag.py:3036} INFO - Sync 1 DAGs
[2026-02-19T12:22:24.700+0000] {logging_mixin.py:188} INFO - [2026-02-19T12:22:24.700+0000] {dag.py:3823} INFO - Setting next_dagrun for ecommerce_etl_v2 to 2026-02-18 13:00:00+00:00, run_after=2026-02-19 13:00:00+00:00
[2026-02-19T12:22:24.707+0000] {processor.py:183} INFO - Processing /opt/airflow/dags/etl_dag.py took 0.161 seconds
[2026-02-19T12:22:55.045+0000] {processor.py:161} INFO - Started process (PID=69040) to work on /opt/airflow/dags/etl_dag.py
[2026-02-19T12:22:55.047+0000] {processor.py:830} INFO - Processing file /opt/airflow/dags/etl_dag.py for tasks to queue
[2026-02-19T12:22:55.048+0000] {logging_mixin.py:188} INFO - [2026-02-19T12:22:55.047+0000] {dagbag.py:538} INFO - Filling up the DagBag from /opt/airflow/dags/etl_dag.py
[2026-02-19T12:22:55.095+0000] {logging_mixin.py:188} INFO - Warning: Your Kaggle API key is readable by other users on this system! To fix this, you can run 'chmod 600 /home/airflow/.kaggle/kaggle.json'
[2026-02-19T12:22:55.157+0000] {logging_mixin.py:188} WARNING - /home/airflow/.local/lib/python3.8/site-packages/airflow/models/baseoperator.py:437 AirflowProviderDeprecationWarning: `exists_ok` parameter is deprecated, please use `if_exists`
[2026-02-19T12:22:55.166+0000] {processor.py:840} INFO - DAG(s) 'ecommerce_etl_v2' retrieved from /opt/airflow/dags/etl_dag.py
[2026-02-19T12:22:55.186+0000] {logging_mixin.py:188} INFO - [2026-02-19T12:22:55.185+0000] {dag.py:3036} INFO - Sync 1 DAGs
[2026-02-19T12:22:55.197+0000] {logging_mixin.py:188} INFO - [2026-02-19T12:22:55.197+0000] {dag.py:3823} INFO - Setting next_dagrun for ecommerce_etl_v2 to 2026-02-18 13:00:00+00:00, run_after=2026-02-19 13:00:00+00:00
[2026-02-19T12:22:55.205+0000] {processor.py:183} INFO - Processing /opt/airflow/dags/etl_dag.py took 0.165 seconds
[2026-02-19T12:41:08.085+0000] {processor.py:161} INFO - Started process (PID=69071) to work on /opt/airflow/dags/etl_dag.py
[2026-02-19T12:41:08.086+0000] {processor.py:830} INFO - Processing file /opt/airflow/dags/etl_dag.py for tasks to queue
[2026-02-19T12:41:08.087+0000] {logging_mixin.py:188} INFO - [2026-02-19T12:41:08.087+0000] {dagbag.py:538} INFO - Filling up the DagBag from /opt/airflow/dags/etl_dag.py
[2026-02-19T12:41:08.141+0000] {logging_mixin.py:188} INFO - Warning: Your Kaggle API key is readable by other users on this system! To fix this, you can run 'chmod 600 /home/airflow/.kaggle/kaggle.json'
[2026-02-19T12:41:08.234+0000] {logging_mixin.py:188} WARNING - /home/airflow/.local/lib/python3.8/site-packages/airflow/models/baseoperator.py:437 AirflowProviderDeprecationWarning: `exists_ok` parameter is deprecated, please use `if_exists`
[2026-02-19T12:41:08.249+0000] {processor.py:840} INFO - DAG(s) 'ecommerce_etl_v2' retrieved from /opt/airflow/dags/etl_dag.py
[2026-02-19T12:41:08.278+0000] {logging_mixin.py:188} INFO - [2026-02-19T12:41:08.278+0000] {dag.py:3036} INFO - Sync 1 DAGs
[2026-02-19T12:41:08.296+0000] {logging_mixin.py:188} INFO - [2026-02-19T12:41:08.296+0000] {dag.py:3823} INFO - Setting next_dagrun for ecommerce_etl_v2 to 2026-02-18 13:00:00+00:00, run_after=2026-02-19 13:00:00+00:00
[2026-02-19T12:41:08.310+0000] {processor.py:183} INFO - Processing /opt/airflow/dags/etl_dag.py took 0.227 seconds
[2026-02-19T12:41:38.495+0000] {processor.py:161} INFO - Started process (PID=69102) to work on /opt/airflow/dags/etl_dag.py
[2026-02-19T12:41:38.496+0000] {processor.py:830} INFO - Processing file /opt/airflow/dags/etl_dag.py for tasks to queue
[2026-02-19T12:41:38.497+0000] {logging_mixin.py:188} INFO - [2026-02-19T12:41:38.497+0000] {dagbag.py:538} INFO - Filling up the DagBag from /opt/airflow/dags/etl_dag.py
[2026-02-19T12:41:38.548+0000] {logging_mixin.py:188} INFO - Warning: Your Kaggle API key is readable by other users on this system! To fix this, you can run 'chmod 600 /home/airflow/.kaggle/kaggle.json'
[2026-02-19T12:41:38.617+0000] {logging_mixin.py:188} WARNING - /home/airflow/.local/lib/python3.8/site-packages/airflow/models/baseoperator.py:437 AirflowProviderDeprecationWarning: `exists_ok` parameter is deprecated, please use `if_exists`
[2026-02-19T12:41:38.628+0000] {processor.py:840} INFO - DAG(s) 'ecommerce_etl_v2' retrieved from /opt/airflow/dags/etl_dag.py
[2026-02-19T12:41:38.651+0000] {logging_mixin.py:188} INFO - [2026-02-19T12:41:38.651+0000] {dag.py:3036} INFO - Sync 1 DAGs
[2026-02-19T12:41:38.665+0000] {logging_mixin.py:188} INFO - [2026-02-19T12:41:38.664+0000] {dag.py:3823} INFO - Setting next_dagrun for ecommerce_etl_v2 to 2026-02-18 13:00:00+00:00, run_after=2026-02-19 13:00:00+00:00
[2026-02-19T12:41:38.678+0000] {processor.py:183} INFO - Processing /opt/airflow/dags/etl_dag.py took 0.185 seconds
[2026-02-19T12:42:08.949+0000] {processor.py:161} INFO - Started process (PID=69133) to work on /opt/airflow/dags/etl_dag.py
[2026-02-19T12:42:08.950+0000] {processor.py:830} INFO - Processing file /opt/airflow/dags/etl_dag.py for tasks to queue
[2026-02-19T12:42:08.951+0000] {logging_mixin.py:188} INFO - [2026-02-19T12:42:08.951+0000] {dagbag.py:538} INFO - Filling up the DagBag from /opt/airflow/dags/etl_dag.py
[2026-02-19T12:42:08.999+0000] {logging_mixin.py:188} INFO - Warning: Your Kaggle API key is readable by other users on this system! To fix this, you can run 'chmod 600 /home/airflow/.kaggle/kaggle.json'
[2026-02-19T12:42:09.061+0000] {logging_mixin.py:188} WARNING - /home/airflow/.local/lib/python3.8/site-packages/airflow/models/baseoperator.py:437 AirflowProviderDeprecationWarning: `exists_ok` parameter is deprecated, please use `if_exists`
[2026-02-19T12:42:09.071+0000] {processor.py:840} INFO - DAG(s) 'ecommerce_etl_v2' retrieved from /opt/airflow/dags/etl_dag.py
[2026-02-19T12:42:09.092+0000] {logging_mixin.py:188} INFO - [2026-02-19T12:42:09.092+0000] {dag.py:3036} INFO - Sync 1 DAGs
[2026-02-19T12:42:09.104+0000] {logging_mixin.py:188} INFO - [2026-02-19T12:42:09.104+0000] {dag.py:3823} INFO - Setting next_dagrun for ecommerce_etl_v2 to 2026-02-18 13:00:00+00:00, run_after=2026-02-19 13:00:00+00:00
[2026-02-19T12:42:09.114+0000] {processor.py:183} INFO - Processing /opt/airflow/dags/etl_dag.py took 0.169 seconds
[2026-02-19T12:42:39.236+0000] {processor.py:161} INFO - Started process (PID=69164) to work on /opt/airflow/dags/etl_dag.py
[2026-02-19T12:42:39.237+0000] {processor.py:830} INFO - Processing file /opt/airflow/dags/etl_dag.py for tasks to queue
[2026-02-19T12:42:39.238+0000] {logging_mixin.py:188} INFO - [2026-02-19T12:42:39.237+0000] {dagbag.py:538} INFO - Filling up the DagBag from /opt/airflow/dags/etl_dag.py
[2026-02-19T12:42:39.285+0000] {logging_mixin.py:188} INFO - Warning: Your Kaggle API key is readable by other users on this system! To fix this, you can run 'chmod 600 /home/airflow/.kaggle/kaggle.json'
[2026-02-19T12:42:39.349+0000] {logging_mixin.py:188} WARNING - /home/airflow/.local/lib/python3.8/site-packages/airflow/models/baseoperator.py:437 AirflowProviderDeprecationWarning: `exists_ok` parameter is deprecated, please use `if_exists`
[2026-02-19T12:42:39.359+0000] {processor.py:840} INFO - DAG(s) 'ecommerce_etl_v2' retrieved from /opt/airflow/dags/etl_dag.py
[2026-02-19T12:42:39.380+0000] {logging_mixin.py:188} INFO - [2026-02-19T12:42:39.380+0000] {dag.py:3036} INFO - Sync 1 DAGs
[2026-02-19T12:42:39.392+0000] {logging_mixin.py:188} INFO - [2026-02-19T12:42:39.392+0000] {dag.py:3823} INFO - Setting next_dagrun for ecommerce_etl_v2 to 2026-02-18 13:00:00+00:00, run_after=2026-02-19 13:00:00+00:00
[2026-02-19T12:42:39.403+0000] {processor.py:183} INFO - Processing /opt/airflow/dags/etl_dag.py took 0.169 seconds
[2026-02-19T12:43:09.662+0000] {processor.py:161} INFO - Started process (PID=69195) to work on /opt/airflow/dags/etl_dag.py
[2026-02-19T12:43:09.664+0000] {processor.py:830} INFO - Processing file /opt/airflow/dags/etl_dag.py for tasks to queue
[2026-02-19T12:43:09.665+0000] {logging_mixin.py:188} INFO - [2026-02-19T12:43:09.664+0000] {dagbag.py:538} INFO - Filling up the DagBag from /opt/airflow/dags/etl_dag.py
[2026-02-19T12:43:09.712+0000] {logging_mixin.py:188} INFO - Warning: Your Kaggle API key is readable by other users on this system! To fix this, you can run 'chmod 600 /home/airflow/.kaggle/kaggle.json'
[2026-02-19T12:43:09.773+0000] {logging_mixin.py:188} WARNING - /home/airflow/.local/lib/python3.8/site-packages/airflow/models/baseoperator.py:437 AirflowProviderDeprecationWarning: `exists_ok` parameter is deprecated, please use `if_exists`
[2026-02-19T12:43:09.783+0000] {processor.py:840} INFO - DAG(s) 'ecommerce_etl_v2' retrieved from /opt/airflow/dags/etl_dag.py
[2026-02-19T12:43:09.806+0000] {logging_mixin.py:188} INFO - [2026-02-19T12:43:09.806+0000] {dag.py:3036} INFO - Sync 1 DAGs
[2026-02-19T12:43:09.820+0000] {logging_mixin.py:188} INFO - [2026-02-19T12:43:09.820+0000] {dag.py:3823} INFO - Setting next_dagrun for ecommerce_etl_v2 to 2026-02-18 13:00:00+00:00, run_after=2026-02-19 13:00:00+00:00
[2026-02-19T12:43:09.832+0000] {processor.py:183} INFO - Processing /opt/airflow/dags/etl_dag.py took 0.173 seconds
[2026-02-19T12:43:39.981+0000] {processor.py:161} INFO - Started process (PID=69226) to work on /opt/airflow/dags/etl_dag.py
[2026-02-19T12:43:39.982+0000] {processor.py:830} INFO - Processing file /opt/airflow/dags/etl_dag.py for tasks to queue
[2026-02-19T12:43:39.983+0000] {logging_mixin.py:188} INFO - [2026-02-19T12:43:39.983+0000] {dagbag.py:538} INFO - Filling up the DagBag from /opt/airflow/dags/etl_dag.py
[2026-02-19T12:43:40.038+0000] {logging_mixin.py:188} INFO - Warning: Your Kaggle API key is readable by other users on this system! To fix this, you can run 'chmod 600 /home/airflow/.kaggle/kaggle.json'
[2026-02-19T12:43:40.107+0000] {logging_mixin.py:188} WARNING - /home/airflow/.local/lib/python3.8/site-packages/airflow/models/baseoperator.py:437 AirflowProviderDeprecationWarning: `exists_ok` parameter is deprecated, please use `if_exists`
[2026-02-19T12:43:40.123+0000] {processor.py:840} INFO - DAG(s) 'ecommerce_etl_v2' retrieved from /opt/airflow/dags/etl_dag.py
[2026-02-19T12:43:40.148+0000] {logging_mixin.py:188} INFO - [2026-02-19T12:43:40.148+0000] {dag.py:3036} INFO - Sync 1 DAGs
[2026-02-19T12:43:40.163+0000] {logging_mixin.py:188} INFO - [2026-02-19T12:43:40.163+0000] {dag.py:3823} INFO - Setting next_dagrun for ecommerce_etl_v2 to 2026-02-18 13:00:00+00:00, run_after=2026-02-19 13:00:00+00:00
[2026-02-19T12:43:40.175+0000] {processor.py:183} INFO - Processing /opt/airflow/dags/etl_dag.py took 0.198 seconds
[2026-02-19T12:44:10.454+0000] {processor.py:161} INFO - Started process (PID=69257) to work on /opt/airflow/dags/etl_dag.py
[2026-02-19T12:44:10.455+0000] {processor.py:830} INFO - Processing file /opt/airflow/dags/etl_dag.py for tasks to queue
[2026-02-19T12:44:10.456+0000] {logging_mixin.py:188} INFO - [2026-02-19T12:44:10.456+0000] {dagbag.py:538} INFO - Filling up the DagBag from /opt/airflow/dags/etl_dag.py
[2026-02-19T12:44:10.512+0000] {logging_mixin.py:188} INFO - Warning: Your Kaggle API key is readable by other users on this system! To fix this, you can run 'chmod 600 /home/airflow/.kaggle/kaggle.json'
[2026-02-19T12:44:10.575+0000] {logging_mixin.py:188} WARNING - /home/airflow/.local/lib/python3.8/site-packages/airflow/models/baseoperator.py:437 AirflowProviderDeprecationWarning: `exists_ok` parameter is deprecated, please use `if_exists`
[2026-02-19T12:44:10.584+0000] {processor.py:840} INFO - DAG(s) 'ecommerce_etl_v2' retrieved from /opt/airflow/dags/etl_dag.py
[2026-02-19T12:44:10.605+0000] {logging_mixin.py:188} INFO - [2026-02-19T12:44:10.605+0000] {dag.py:3036} INFO - Sync 1 DAGs
[2026-02-19T12:44:10.617+0000] {logging_mixin.py:188} INFO - [2026-02-19T12:44:10.617+0000] {dag.py:3823} INFO - Setting next_dagrun for ecommerce_etl_v2 to 2026-02-18 13:00:00+00:00, run_after=2026-02-19 13:00:00+00:00
[2026-02-19T12:44:10.626+0000] {processor.py:183} INFO - Processing /opt/airflow/dags/etl_dag.py took 0.176 seconds
[2026-02-19T12:44:40.765+0000] {processor.py:161} INFO - Started process (PID=69288) to work on /opt/airflow/dags/etl_dag.py
[2026-02-19T12:44:40.767+0000] {processor.py:830} INFO - Processing file /opt/airflow/dags/etl_dag.py for tasks to queue
[2026-02-19T12:44:40.768+0000] {logging_mixin.py:188} INFO - [2026-02-19T12:44:40.767+0000] {dagbag.py:538} INFO - Filling up the DagBag from /opt/airflow/dags/etl_dag.py
[2026-02-19T12:44:40.817+0000] {logging_mixin.py:188} INFO - Warning: Your Kaggle API key is readable by other users on this system! To fix this, you can run 'chmod 600 /home/airflow/.kaggle/kaggle.json'
[2026-02-19T12:44:40.877+0000] {logging_mixin.py:188} WARNING - /home/airflow/.local/lib/python3.8/site-packages/airflow/models/baseoperator.py:437 AirflowProviderDeprecationWarning: `exists_ok` parameter is deprecated, please use `if_exists`
[2026-02-19T12:44:40.887+0000] {processor.py:840} INFO - DAG(s) 'ecommerce_etl_v2' retrieved from /opt/airflow/dags/etl_dag.py
[2026-02-19T12:44:40.909+0000] {logging_mixin.py:188} INFO - [2026-02-19T12:44:40.909+0000] {dag.py:3036} INFO - Sync 1 DAGs
[2026-02-19T12:44:40.922+0000] {logging_mixin.py:188} INFO - [2026-02-19T12:44:40.922+0000] {dag.py:3823} INFO - Setting next_dagrun for ecommerce_etl_v2 to 2026-02-18 13:00:00+00:00, run_after=2026-02-19 13:00:00+00:00
[2026-02-19T12:44:40.933+0000] {processor.py:183} INFO - Processing /opt/airflow/dags/etl_dag.py took 0.172 seconds
[2026-02-19T12:45:11.207+0000] {processor.py:161} INFO - Started process (PID=69319) to work on /opt/airflow/dags/etl_dag.py
[2026-02-19T12:45:11.207+0000] {processor.py:830} INFO - Processing file /opt/airflow/dags/etl_dag.py for tasks to queue
[2026-02-19T12:45:11.208+0000] {logging_mixin.py:188} INFO - [2026-02-19T12:45:11.208+0000] {dagbag.py:538} INFO - Filling up the DagBag from /opt/airflow/dags/etl_dag.py
[2026-02-19T12:45:11.261+0000] {logging_mixin.py:188} INFO - Warning: Your Kaggle API key is readable by other users on this system! To fix this, you can run 'chmod 600 /home/airflow/.kaggle/kaggle.json'
[2026-02-19T12:45:11.337+0000] {logging_mixin.py:188} WARNING - /home/airflow/.local/lib/python3.8/site-packages/airflow/models/baseoperator.py:437 AirflowProviderDeprecationWarning: `exists_ok` parameter is deprecated, please use `if_exists`
[2026-02-19T12:45:11.348+0000] {processor.py:840} INFO - DAG(s) 'ecommerce_etl_v2' retrieved from /opt/airflow/dags/etl_dag.py
[2026-02-19T12:45:11.373+0000] {logging_mixin.py:188} INFO - [2026-02-19T12:45:11.373+0000] {dag.py:3036} INFO - Sync 1 DAGs
[2026-02-19T12:45:11.397+0000] {logging_mixin.py:188} INFO - [2026-02-19T12:45:11.397+0000] {dag.py:3823} INFO - Setting next_dagrun for ecommerce_etl_v2 to 2026-02-18 13:00:00+00:00, run_after=2026-02-19 13:00:00+00:00
[2026-02-19T12:45:11.410+0000] {processor.py:183} INFO - Processing /opt/airflow/dags/etl_dag.py took 0.205 seconds
[2026-02-19T12:45:41.546+0000] {processor.py:161} INFO - Started process (PID=69350) to work on /opt/airflow/dags/etl_dag.py
[2026-02-19T12:45:41.547+0000] {processor.py:830} INFO - Processing file /opt/airflow/dags/etl_dag.py for tasks to queue
[2026-02-19T12:45:41.548+0000] {logging_mixin.py:188} INFO - [2026-02-19T12:45:41.548+0000] {dagbag.py:538} INFO - Filling up the DagBag from /opt/airflow/dags/etl_dag.py
[2026-02-19T12:45:41.593+0000] {logging_mixin.py:188} INFO - Warning: Your Kaggle API key is readable by other users on this system! To fix this, you can run 'chmod 600 /home/airflow/.kaggle/kaggle.json'
[2026-02-19T12:45:41.656+0000] {logging_mixin.py:188} WARNING - /home/airflow/.local/lib/python3.8/site-packages/airflow/models/baseoperator.py:437 AirflowProviderDeprecationWarning: `exists_ok` parameter is deprecated, please use `if_exists`
[2026-02-19T12:45:41.666+0000] {processor.py:840} INFO - DAG(s) 'ecommerce_etl_v2' retrieved from /opt/airflow/dags/etl_dag.py
[2026-02-19T12:45:41.685+0000] {logging_mixin.py:188} INFO - [2026-02-19T12:45:41.685+0000] {dag.py:3036} INFO - Sync 1 DAGs
[2026-02-19T12:45:41.696+0000] {logging_mixin.py:188} INFO - [2026-02-19T12:45:41.695+0000] {dag.py:3823} INFO - Setting next_dagrun for ecommerce_etl_v2 to 2026-02-18 13:00:00+00:00, run_after=2026-02-19 13:00:00+00:00
[2026-02-19T12:45:41.704+0000] {processor.py:183} INFO - Processing /opt/airflow/dags/etl_dag.py took 0.162 seconds
[2026-02-19T12:46:11.994+0000] {processor.py:161} INFO - Started process (PID=69381) to work on /opt/airflow/dags/etl_dag.py
[2026-02-19T12:46:11.995+0000] {processor.py:830} INFO - Processing file /opt/airflow/dags/etl_dag.py for tasks to queue
[2026-02-19T12:46:11.996+0000] {logging_mixin.py:188} INFO - [2026-02-19T12:46:11.996+0000] {dagbag.py:538} INFO - Filling up the DagBag from /opt/airflow/dags/etl_dag.py
[2026-02-19T12:46:12.055+0000] {logging_mixin.py:188} INFO - Warning: Your Kaggle API key is readable by other users on this system! To fix this, you can run 'chmod 600 /home/airflow/.kaggle/kaggle.json'
[2026-02-19T12:46:12.122+0000] {logging_mixin.py:188} WARNING - /home/airflow/.local/lib/python3.8/site-packages/airflow/models/baseoperator.py:437 AirflowProviderDeprecationWarning: `exists_ok` parameter is deprecated, please use `if_exists`
[2026-02-19T12:46:12.132+0000] {processor.py:840} INFO - DAG(s) 'ecommerce_etl_v2' retrieved from /opt/airflow/dags/etl_dag.py
[2026-02-19T12:46:12.154+0000] {logging_mixin.py:188} INFO - [2026-02-19T12:46:12.154+0000] {dag.py:3036} INFO - Sync 1 DAGs
[2026-02-19T12:46:12.167+0000] {logging_mixin.py:188} INFO - [2026-02-19T12:46:12.167+0000] {dag.py:3823} INFO - Setting next_dagrun for ecommerce_etl_v2 to 2026-02-18 13:00:00+00:00, run_after=2026-02-19 13:00:00+00:00
[2026-02-19T12:46:12.177+0000] {processor.py:183} INFO - Processing /opt/airflow/dags/etl_dag.py took 0.186 seconds
[2026-02-19T12:46:42.371+0000] {processor.py:161} INFO - Started process (PID=69412) to work on /opt/airflow/dags/etl_dag.py
[2026-02-19T12:46:42.372+0000] {processor.py:830} INFO - Processing file /opt/airflow/dags/etl_dag.py for tasks to queue
[2026-02-19T12:46:42.373+0000] {logging_mixin.py:188} INFO - [2026-02-19T12:46:42.373+0000] {dagbag.py:538} INFO - Filling up the DagBag from /opt/airflow/dags/etl_dag.py
[2026-02-19T12:46:42.425+0000] {logging_mixin.py:188} INFO - Warning: Your Kaggle API key is readable by other users on this system! To fix this, you can run 'chmod 600 /home/airflow/.kaggle/kaggle.json'
[2026-02-19T12:46:42.490+0000] {logging_mixin.py:188} WARNING - /home/airflow/.local/lib/python3.8/site-packages/airflow/models/baseoperator.py:437 AirflowProviderDeprecationWarning: `exists_ok` parameter is deprecated, please use `if_exists`
[2026-02-19T12:46:42.499+0000] {processor.py:840} INFO - DAG(s) 'ecommerce_etl_v2' retrieved from /opt/airflow/dags/etl_dag.py
[2026-02-19T12:46:42.523+0000] {logging_mixin.py:188} INFO - [2026-02-19T12:46:42.523+0000] {dag.py:3036} INFO - Sync 1 DAGs
[2026-02-19T12:46:42.537+0000] {logging_mixin.py:188} INFO - [2026-02-19T12:46:42.537+0000] {dag.py:3823} INFO - Setting next_dagrun for ecommerce_etl_v2 to 2026-02-18 13:00:00+00:00, run_after=2026-02-19 13:00:00+00:00
[2026-02-19T12:46:42.548+0000] {processor.py:183} INFO - Processing /opt/airflow/dags/etl_dag.py took 0.184 seconds
[2026-02-19T12:47:12.818+0000] {processor.py:161} INFO - Started process (PID=69443) to work on /opt/airflow/dags/etl_dag.py
[2026-02-19T12:47:12.819+0000] {processor.py:830} INFO - Processing file /opt/airflow/dags/etl_dag.py for tasks to queue
[2026-02-19T12:47:12.820+0000] {logging_mixin.py:188} INFO - [2026-02-19T12:47:12.820+0000] {dagbag.py:538} INFO - Filling up the DagBag from /opt/airflow/dags/etl_dag.py
[2026-02-19T12:47:12.868+0000] {logging_mixin.py:188} INFO - Warning: Your Kaggle API key is readable by other users on this system! To fix this, you can run 'chmod 600 /home/airflow/.kaggle/kaggle.json'
[2026-02-19T12:47:12.928+0000] {logging_mixin.py:188} WARNING - /home/airflow/.local/lib/python3.8/site-packages/airflow/models/baseoperator.py:437 AirflowProviderDeprecationWarning: `exists_ok` parameter is deprecated, please use `if_exists`
[2026-02-19T12:47:12.937+0000] {processor.py:840} INFO - DAG(s) 'ecommerce_etl_v2' retrieved from /opt/airflow/dags/etl_dag.py
[2026-02-19T12:47:12.957+0000] {logging_mixin.py:188} INFO - [2026-02-19T12:47:12.957+0000] {dag.py:3036} INFO - Sync 1 DAGs
[2026-02-19T12:47:12.968+0000] {logging_mixin.py:188} INFO - [2026-02-19T12:47:12.968+0000] {dag.py:3823} INFO - Setting next_dagrun for ecommerce_etl_v2 to 2026-02-18 13:00:00+00:00, run_after=2026-02-19 13:00:00+00:00
[2026-02-19T12:47:12.978+0000] {processor.py:183} INFO - Processing /opt/airflow/dags/etl_dag.py took 0.164 seconds
[2026-02-19T12:47:43.209+0000] {processor.py:161} INFO - Started process (PID=69474) to work on /opt/airflow/dags/etl_dag.py
[2026-02-19T12:47:43.210+0000] {processor.py:830} INFO - Processing file /opt/airflow/dags/etl_dag.py for tasks to queue
[2026-02-19T12:47:43.211+0000] {logging_mixin.py:188} INFO - [2026-02-19T12:47:43.211+0000] {dagbag.py:538} INFO - Filling up the DagBag from /opt/airflow/dags/etl_dag.py
[2026-02-19T12:47:43.260+0000] {logging_mixin.py:188} INFO - Warning: Your Kaggle API key is readable by other users on this system! To fix this, you can run 'chmod 600 /home/airflow/.kaggle/kaggle.json'
[2026-02-19T12:47:43.326+0000] {logging_mixin.py:188} WARNING - /home/airflow/.local/lib/python3.8/site-packages/airflow/models/baseoperator.py:437 AirflowProviderDeprecationWarning: `exists_ok` parameter is deprecated, please use `if_exists`
[2026-02-19T12:47:43.336+0000] {processor.py:840} INFO - DAG(s) 'ecommerce_etl_v2' retrieved from /opt/airflow/dags/etl_dag.py
[2026-02-19T12:47:43.358+0000] {logging_mixin.py:188} INFO - [2026-02-19T12:47:43.358+0000] {dag.py:3036} INFO - Sync 1 DAGs
[2026-02-19T12:47:43.371+0000] {logging_mixin.py:188} INFO - [2026-02-19T12:47:43.371+0000] {dag.py:3823} INFO - Setting next_dagrun for ecommerce_etl_v2 to 2026-02-18 13:00:00+00:00, run_after=2026-02-19 13:00:00+00:00
[2026-02-19T12:47:43.382+0000] {processor.py:183} INFO - Processing /opt/airflow/dags/etl_dag.py took 0.178 seconds
[2026-02-19T12:48:13.607+0000] {processor.py:161} INFO - Started process (PID=69505) to work on /opt/airflow/dags/etl_dag.py
[2026-02-19T12:48:13.608+0000] {processor.py:830} INFO - Processing file /opt/airflow/dags/etl_dag.py for tasks to queue
[2026-02-19T12:48:13.609+0000] {logging_mixin.py:188} INFO - [2026-02-19T12:48:13.609+0000] {dagbag.py:538} INFO - Filling up the DagBag from /opt/airflow/dags/etl_dag.py
[2026-02-19T12:48:13.656+0000] {logging_mixin.py:188} INFO - Warning: Your Kaggle API key is readable by other users on this system! To fix this, you can run 'chmod 600 /home/airflow/.kaggle/kaggle.json'
[2026-02-19T12:48:13.716+0000] {logging_mixin.py:188} WARNING - /home/airflow/.local/lib/python3.8/site-packages/airflow/models/baseoperator.py:437 AirflowProviderDeprecationWarning: `exists_ok` parameter is deprecated, please use `if_exists`
[2026-02-19T12:48:13.725+0000] {processor.py:840} INFO - DAG(s) 'ecommerce_etl_v2' retrieved from /opt/airflow/dags/etl_dag.py
[2026-02-19T12:48:13.744+0000] {logging_mixin.py:188} INFO - [2026-02-19T12:48:13.744+0000] {dag.py:3036} INFO - Sync 1 DAGs
[2026-02-19T12:48:13.755+0000] {logging_mixin.py:188} INFO - [2026-02-19T12:48:13.754+0000] {dag.py:3823} INFO - Setting next_dagrun for ecommerce_etl_v2 to 2026-02-18 13:00:00+00:00, run_after=2026-02-19 13:00:00+00:00
[2026-02-19T12:48:13.763+0000] {processor.py:183} INFO - Processing /opt/airflow/dags/etl_dag.py took 0.160 seconds
[2026-02-19T12:48:43.911+0000] {processor.py:161} INFO - Started process (PID=69536) to work on /opt/airflow/dags/etl_dag.py
[2026-02-19T12:48:43.912+0000] {processor.py:830} INFO - Processing file /opt/airflow/dags/etl_dag.py for tasks to queue
[2026-02-19T12:48:43.914+0000] {logging_mixin.py:188} INFO - [2026-02-19T12:48:43.913+0000] {dagbag.py:538} INFO - Filling up the DagBag from /opt/airflow/dags/etl_dag.py
[2026-02-19T12:48:43.966+0000] {logging_mixin.py:188} INFO - Warning: Your Kaggle API key is readable by other users on this system! To fix this, you can run 'chmod 600 /home/airflow/.kaggle/kaggle.json'
[2026-02-19T12:48:44.029+0000] {logging_mixin.py:188} WARNING - /home/airflow/.local/lib/python3.8/site-packages/airflow/models/baseoperator.py:437 AirflowProviderDeprecationWarning: `exists_ok` parameter is deprecated, please use `if_exists`
[2026-02-19T12:48:44.042+0000] {processor.py:840} INFO - DAG(s) 'ecommerce_etl_v2' retrieved from /opt/airflow/dags/etl_dag.py
[2026-02-19T12:48:44.064+0000] {logging_mixin.py:188} INFO - [2026-02-19T12:48:44.064+0000] {dag.py:3036} INFO - Sync 1 DAGs
[2026-02-19T12:48:44.076+0000] {logging_mixin.py:188} INFO - [2026-02-19T12:48:44.076+0000] {dag.py:3823} INFO - Setting next_dagrun for ecommerce_etl_v2 to 2026-02-18 13:00:00+00:00, run_after=2026-02-19 13:00:00+00:00
[2026-02-19T12:48:44.086+0000] {processor.py:183} INFO - Processing /opt/airflow/dags/etl_dag.py took 0.180 seconds
[2026-02-19T12:49:14.386+0000] {processor.py:161} INFO - Started process (PID=69567) to work on /opt/airflow/dags/etl_dag.py
[2026-02-19T12:49:14.387+0000] {processor.py:830} INFO - Processing file /opt/airflow/dags/etl_dag.py for tasks to queue
[2026-02-19T12:49:14.387+0000] {logging_mixin.py:188} INFO - [2026-02-19T12:49:14.387+0000] {dagbag.py:538} INFO - Filling up the DagBag from /opt/airflow/dags/etl_dag.py
[2026-02-19T12:49:14.433+0000] {logging_mixin.py:188} INFO - Warning: Your Kaggle API key is readable by other users on this system! To fix this, you can run 'chmod 600 /home/airflow/.kaggle/kaggle.json'
[2026-02-19T12:49:14.494+0000] {logging_mixin.py:188} WARNING - /home/airflow/.local/lib/python3.8/site-packages/airflow/models/baseoperator.py:437 AirflowProviderDeprecationWarning: `exists_ok` parameter is deprecated, please use `if_exists`
[2026-02-19T12:49:14.503+0000] {processor.py:840} INFO - DAG(s) 'ecommerce_etl_v2' retrieved from /opt/airflow/dags/etl_dag.py
[2026-02-19T12:49:14.525+0000] {logging_mixin.py:188} INFO - [2026-02-19T12:49:14.524+0000] {dag.py:3036} INFO - Sync 1 DAGs
[2026-02-19T12:49:14.536+0000] {logging_mixin.py:188} INFO - [2026-02-19T12:49:14.536+0000] {dag.py:3823} INFO - Setting next_dagrun for ecommerce_etl_v2 to 2026-02-18 13:00:00+00:00, run_after=2026-02-19 13:00:00+00:00
[2026-02-19T12:49:14.545+0000] {processor.py:183} INFO - Processing /opt/airflow/dags/etl_dag.py took 0.162 seconds
[2026-02-19T12:49:44.746+0000] {processor.py:161} INFO - Started process (PID=69598) to work on /opt/airflow/dags/etl_dag.py
[2026-02-19T12:49:44.747+0000] {processor.py:830} INFO - Processing file /opt/airflow/dags/etl_dag.py for tasks to queue
[2026-02-19T12:49:44.748+0000] {logging_mixin.py:188} INFO - [2026-02-19T12:49:44.747+0000] {dagbag.py:538} INFO - Filling up the DagBag from /opt/airflow/dags/etl_dag.py
[2026-02-19T12:49:44.793+0000] {logging_mixin.py:188} INFO - Warning: Your Kaggle API key is readable by other users on this system! To fix this, you can run 'chmod 600 /home/airflow/.kaggle/kaggle.json'
[2026-02-19T12:49:44.854+0000] {logging_mixin.py:188} WARNING - /home/airflow/.local/lib/python3.8/site-packages/airflow/models/baseoperator.py:437 AirflowProviderDeprecationWarning: `exists_ok` parameter is deprecated, please use `if_exists`
[2026-02-19T12:49:44.862+0000] {processor.py:840} INFO - DAG(s) 'ecommerce_etl_v2' retrieved from /opt/airflow/dags/etl_dag.py
[2026-02-19T12:49:44.881+0000] {logging_mixin.py:188} INFO - [2026-02-19T12:49:44.881+0000] {dag.py:3036} INFO - Sync 1 DAGs
[2026-02-19T12:49:44.891+0000] {logging_mixin.py:188} INFO - [2026-02-19T12:49:44.891+0000] {dag.py:3823} INFO - Setting next_dagrun for ecommerce_etl_v2 to 2026-02-18 13:00:00+00:00, run_after=2026-02-19 13:00:00+00:00
[2026-02-19T12:49:44.901+0000] {processor.py:183} INFO - Processing /opt/airflow/dags/etl_dag.py took 0.159 seconds
[2026-02-19T12:50:15.178+0000] {processor.py:161} INFO - Started process (PID=69629) to work on /opt/airflow/dags/etl_dag.py
[2026-02-19T12:50:15.179+0000] {processor.py:830} INFO - Processing file /opt/airflow/dags/etl_dag.py for tasks to queue
[2026-02-19T12:50:15.180+0000] {logging_mixin.py:188} INFO - [2026-02-19T12:50:15.179+0000] {dagbag.py:538} INFO - Filling up the DagBag from /opt/airflow/dags/etl_dag.py
[2026-02-19T12:50:15.223+0000] {logging_mixin.py:188} INFO - Warning: Your Kaggle API key is readable by other users on this system! To fix this, you can run 'chmod 600 /home/airflow/.kaggle/kaggle.json'
[2026-02-19T12:50:15.283+0000] {logging_mixin.py:188} WARNING - /home/airflow/.local/lib/python3.8/site-packages/airflow/models/baseoperator.py:437 AirflowProviderDeprecationWarning: `exists_ok` parameter is deprecated, please use `if_exists`
[2026-02-19T12:50:15.293+0000] {processor.py:840} INFO - DAG(s) 'ecommerce_etl_v2' retrieved from /opt/airflow/dags/etl_dag.py
[2026-02-19T12:50:15.313+0000] {logging_mixin.py:188} INFO - [2026-02-19T12:50:15.313+0000] {dag.py:3036} INFO - Sync 1 DAGs
[2026-02-19T12:50:15.324+0000] {logging_mixin.py:188} INFO - [2026-02-19T12:50:15.324+0000] {dag.py:3823} INFO - Setting next_dagrun for ecommerce_etl_v2 to 2026-02-18 13:00:00+00:00, run_after=2026-02-19 13:00:00+00:00
[2026-02-19T12:50:15.332+0000] {processor.py:183} INFO - Processing /opt/airflow/dags/etl_dag.py took 0.156 seconds
[2026-02-19T12:50:45.536+0000] {processor.py:161} INFO - Started process (PID=69660) to work on /opt/airflow/dags/etl_dag.py
[2026-02-19T12:50:45.537+0000] {processor.py:830} INFO - Processing file /opt/airflow/dags/etl_dag.py for tasks to queue
[2026-02-19T12:50:45.538+0000] {logging_mixin.py:188} INFO - [2026-02-19T12:50:45.537+0000] {dagbag.py:538} INFO - Filling up the DagBag from /opt/airflow/dags/etl_dag.py
[2026-02-19T12:50:45.589+0000] {logging_mixin.py:188} INFO - Warning: Your Kaggle API key is readable by other users on this system! To fix this, you can run 'chmod 600 /home/airflow/.kaggle/kaggle.json'
[2026-02-19T12:50:45.657+0000] {logging_mixin.py:188} WARNING - /home/airflow/.local/lib/python3.8/site-packages/airflow/models/baseoperator.py:437 AirflowProviderDeprecationWarning: `exists_ok` parameter is deprecated, please use `if_exists`
[2026-02-19T12:50:45.668+0000] {processor.py:840} INFO - DAG(s) 'ecommerce_etl_v2' retrieved from /opt/airflow/dags/etl_dag.py
[2026-02-19T12:50:45.697+0000] {logging_mixin.py:188} INFO - [2026-02-19T12:50:45.697+0000] {dag.py:3036} INFO - Sync 1 DAGs
[2026-02-19T12:50:45.714+0000] {logging_mixin.py:188} INFO - [2026-02-19T12:50:45.714+0000] {dag.py:3823} INFO - Setting next_dagrun for ecommerce_etl_v2 to 2026-02-18 13:00:00+00:00, run_after=2026-02-19 13:00:00+00:00
[2026-02-19T12:50:45.727+0000] {processor.py:183} INFO - Processing /opt/airflow/dags/etl_dag.py took 0.194 seconds
[2026-02-19T12:51:15.936+0000] {processor.py:161} INFO - Started process (PID=69691) to work on /opt/airflow/dags/etl_dag.py
[2026-02-19T12:51:15.936+0000] {processor.py:830} INFO - Processing file /opt/airflow/dags/etl_dag.py for tasks to queue
[2026-02-19T12:51:15.937+0000] {logging_mixin.py:188} INFO - [2026-02-19T12:51:15.937+0000] {dagbag.py:538} INFO - Filling up the DagBag from /opt/airflow/dags/etl_dag.py
[2026-02-19T12:51:15.983+0000] {logging_mixin.py:188} INFO - Warning: Your Kaggle API key is readable by other users on this system! To fix this, you can run 'chmod 600 /home/airflow/.kaggle/kaggle.json'
[2026-02-19T12:51:16.049+0000] {logging_mixin.py:188} WARNING - /home/airflow/.local/lib/python3.8/site-packages/airflow/models/baseoperator.py:437 AirflowProviderDeprecationWarning: `exists_ok` parameter is deprecated, please use `if_exists`
[2026-02-19T12:51:16.066+0000] {processor.py:840} INFO - DAG(s) 'ecommerce_etl_v2' retrieved from /opt/airflow/dags/etl_dag.py
[2026-02-19T12:51:16.096+0000] {logging_mixin.py:188} INFO - [2026-02-19T12:51:16.095+0000] {dag.py:3036} INFO - Sync 1 DAGs
[2026-02-19T12:51:16.108+0000] {logging_mixin.py:188} INFO - [2026-02-19T12:51:16.108+0000] {dag.py:3823} INFO - Setting next_dagrun for ecommerce_etl_v2 to 2026-02-18 13:00:00+00:00, run_after=2026-02-19 13:00:00+00:00
[2026-02-19T12:51:16.117+0000] {processor.py:183} INFO - Processing /opt/airflow/dags/etl_dag.py took 0.184 seconds
[2026-02-19T12:51:46.250+0000] {processor.py:161} INFO - Started process (PID=69722) to work on /opt/airflow/dags/etl_dag.py
[2026-02-19T12:51:46.252+0000] {processor.py:830} INFO - Processing file /opt/airflow/dags/etl_dag.py for tasks to queue
[2026-02-19T12:51:46.253+0000] {logging_mixin.py:188} INFO - [2026-02-19T12:51:46.252+0000] {dagbag.py:538} INFO - Filling up the DagBag from /opt/airflow/dags/etl_dag.py
[2026-02-19T12:51:46.303+0000] {logging_mixin.py:188} INFO - Warning: Your Kaggle API key is readable by other users on this system! To fix this, you can run 'chmod 600 /home/airflow/.kaggle/kaggle.json'
[2026-02-19T12:51:46.366+0000] {logging_mixin.py:188} WARNING - /home/airflow/.local/lib/python3.8/site-packages/airflow/models/baseoperator.py:437 AirflowProviderDeprecationWarning: `exists_ok` parameter is deprecated, please use `if_exists`
[2026-02-19T12:51:46.375+0000] {processor.py:840} INFO - DAG(s) 'ecommerce_etl_v2' retrieved from /opt/airflow/dags/etl_dag.py
[2026-02-19T12:51:46.394+0000] {logging_mixin.py:188} INFO - [2026-02-19T12:51:46.394+0000] {dag.py:3036} INFO - Sync 1 DAGs
[2026-02-19T12:51:46.405+0000] {logging_mixin.py:188} INFO - [2026-02-19T12:51:46.405+0000] {dag.py:3823} INFO - Setting next_dagrun for ecommerce_etl_v2 to 2026-02-18 13:00:00+00:00, run_after=2026-02-19 13:00:00+00:00
[2026-02-19T12:51:46.414+0000] {processor.py:183} INFO - Processing /opt/airflow/dags/etl_dag.py took 0.169 seconds
[2026-02-19T12:52:16.652+0000] {processor.py:161} INFO - Started process (PID=69753) to work on /opt/airflow/dags/etl_dag.py
[2026-02-19T12:52:16.652+0000] {processor.py:830} INFO - Processing file /opt/airflow/dags/etl_dag.py for tasks to queue
[2026-02-19T12:52:16.653+0000] {logging_mixin.py:188} INFO - [2026-02-19T12:52:16.653+0000] {dagbag.py:538} INFO - Filling up the DagBag from /opt/airflow/dags/etl_dag.py
[2026-02-19T12:52:16.701+0000] {logging_mixin.py:188} INFO - Warning: Your Kaggle API key is readable by other users on this system! To fix this, you can run 'chmod 600 /home/airflow/.kaggle/kaggle.json'
[2026-02-19T12:52:16.767+0000] {logging_mixin.py:188} WARNING - /home/airflow/.local/lib/python3.8/site-packages/airflow/models/baseoperator.py:437 AirflowProviderDeprecationWarning: `exists_ok` parameter is deprecated, please use `if_exists`
[2026-02-19T12:52:16.782+0000] {processor.py:840} INFO - DAG(s) 'ecommerce_etl_v2' retrieved from /opt/airflow/dags/etl_dag.py
[2026-02-19T12:52:16.803+0000] {logging_mixin.py:188} INFO - [2026-02-19T12:52:16.803+0000] {dag.py:3036} INFO - Sync 1 DAGs
[2026-02-19T12:52:16.816+0000] {logging_mixin.py:188} INFO - [2026-02-19T12:52:16.816+0000] {dag.py:3823} INFO - Setting next_dagrun for ecommerce_etl_v2 to 2026-02-18 13:00:00+00:00, run_after=2026-02-19 13:00:00+00:00
[2026-02-19T12:52:16.830+0000] {processor.py:183} INFO - Processing /opt/airflow/dags/etl_dag.py took 0.180 seconds
[2026-02-19T12:52:46.970+0000] {processor.py:161} INFO - Started process (PID=69784) to work on /opt/airflow/dags/etl_dag.py
[2026-02-19T12:52:46.971+0000] {processor.py:830} INFO - Processing file /opt/airflow/dags/etl_dag.py for tasks to queue
[2026-02-19T12:52:46.971+0000] {logging_mixin.py:188} INFO - [2026-02-19T12:52:46.971+0000] {dagbag.py:538} INFO - Filling up the DagBag from /opt/airflow/dags/etl_dag.py
[2026-02-19T12:52:47.009+0000] {logging_mixin.py:188} INFO - Warning: Your Kaggle API key is readable by other users on this system! To fix this, you can run 'chmod 600 /home/airflow/.kaggle/kaggle.json'
[2026-02-19T12:52:47.070+0000] {logging_mixin.py:188} WARNING - /home/airflow/.local/lib/python3.8/site-packages/airflow/models/baseoperator.py:437 AirflowProviderDeprecationWarning: `exists_ok` parameter is deprecated, please use `if_exists`
[2026-02-19T12:52:47.079+0000] {processor.py:840} INFO - DAG(s) 'ecommerce_etl_v2' retrieved from /opt/airflow/dags/etl_dag.py
[2026-02-19T12:52:47.097+0000] {logging_mixin.py:188} INFO - [2026-02-19T12:52:47.097+0000] {dag.py:3036} INFO - Sync 1 DAGs
[2026-02-19T12:52:47.109+0000] {logging_mixin.py:188} INFO - [2026-02-19T12:52:47.109+0000] {dag.py:3823} INFO - Setting next_dagrun for ecommerce_etl_v2 to 2026-02-18 13:00:00+00:00, run_after=2026-02-19 13:00:00+00:00
[2026-02-19T12:52:47.119+0000] {processor.py:183} INFO - Processing /opt/airflow/dags/etl_dag.py took 0.151 seconds
[2026-02-19T12:53:17.425+0000] {processor.py:161} INFO - Started process (PID=69815) to work on /opt/airflow/dags/etl_dag.py
[2026-02-19T12:53:17.427+0000] {processor.py:830} INFO - Processing file /opt/airflow/dags/etl_dag.py for tasks to queue
[2026-02-19T12:53:17.427+0000] {logging_mixin.py:188} INFO - [2026-02-19T12:53:17.427+0000] {dagbag.py:538} INFO - Filling up the DagBag from /opt/airflow/dags/etl_dag.py
[2026-02-19T12:53:17.473+0000] {logging_mixin.py:188} INFO - Warning: Your Kaggle API key is readable by other users on this system! To fix this, you can run 'chmod 600 /home/airflow/.kaggle/kaggle.json'
[2026-02-19T12:53:17.533+0000] {logging_mixin.py:188} WARNING - /home/airflow/.local/lib/python3.8/site-packages/airflow/models/baseoperator.py:437 AirflowProviderDeprecationWarning: `exists_ok` parameter is deprecated, please use `if_exists`
[2026-02-19T12:53:17.542+0000] {processor.py:840} INFO - DAG(s) 'ecommerce_etl_v2' retrieved from /opt/airflow/dags/etl_dag.py
[2026-02-19T12:53:17.561+0000] {logging_mixin.py:188} INFO - [2026-02-19T12:53:17.561+0000] {dag.py:3036} INFO - Sync 1 DAGs
[2026-02-19T12:53:17.571+0000] {logging_mixin.py:188} INFO - [2026-02-19T12:53:17.571+0000] {dag.py:3823} INFO - Setting next_dagrun for ecommerce_etl_v2 to 2026-02-18 13:00:00+00:00, run_after=2026-02-19 13:00:00+00:00
[2026-02-19T12:53:17.580+0000] {processor.py:183} INFO - Processing /opt/airflow/dags/etl_dag.py took 0.158 seconds
[2026-02-19T12:53:47.786+0000] {processor.py:161} INFO - Started process (PID=69846) to work on /opt/airflow/dags/etl_dag.py
[2026-02-19T12:53:47.788+0000] {processor.py:830} INFO - Processing file /opt/airflow/dags/etl_dag.py for tasks to queue
[2026-02-19T12:53:47.789+0000] {logging_mixin.py:188} INFO - [2026-02-19T12:53:47.788+0000] {dagbag.py:538} INFO - Filling up the DagBag from /opt/airflow/dags/etl_dag.py
[2026-02-19T12:53:47.839+0000] {logging_mixin.py:188} INFO - Warning: Your Kaggle API key is readable by other users on this system! To fix this, you can run 'chmod 600 /home/airflow/.kaggle/kaggle.json'
[2026-02-19T12:53:47.901+0000] {logging_mixin.py:188} WARNING - /home/airflow/.local/lib/python3.8/site-packages/airflow/models/baseoperator.py:437 AirflowProviderDeprecationWarning: `exists_ok` parameter is deprecated, please use `if_exists`
[2026-02-19T12:53:47.912+0000] {processor.py:840} INFO - DAG(s) 'ecommerce_etl_v2' retrieved from /opt/airflow/dags/etl_dag.py
[2026-02-19T12:53:47.931+0000] {logging_mixin.py:188} INFO - [2026-02-19T12:53:47.931+0000] {dag.py:3036} INFO - Sync 1 DAGs
[2026-02-19T12:53:47.941+0000] {logging_mixin.py:188} INFO - [2026-02-19T12:53:47.941+0000] {dag.py:3823} INFO - Setting next_dagrun for ecommerce_etl_v2 to 2026-02-18 13:00:00+00:00, run_after=2026-02-19 13:00:00+00:00
[2026-02-19T12:53:47.950+0000] {processor.py:183} INFO - Processing /opt/airflow/dags/etl_dag.py took 0.169 seconds
[2026-02-19T12:54:18.160+0000] {processor.py:161} INFO - Started process (PID=69877) to work on /opt/airflow/dags/etl_dag.py
[2026-02-19T12:54:18.162+0000] {processor.py:830} INFO - Processing file /opt/airflow/dags/etl_dag.py for tasks to queue
[2026-02-19T12:54:18.163+0000] {logging_mixin.py:188} INFO - [2026-02-19T12:54:18.162+0000] {dagbag.py:538} INFO - Filling up the DagBag from /opt/airflow/dags/etl_dag.py
[2026-02-19T12:54:18.211+0000] {logging_mixin.py:188} INFO - Warning: Your Kaggle API key is readable by other users on this system! To fix this, you can run 'chmod 600 /home/airflow/.kaggle/kaggle.json'
[2026-02-19T12:54:18.271+0000] {logging_mixin.py:188} WARNING - /home/airflow/.local/lib/python3.8/site-packages/airflow/models/baseoperator.py:437 AirflowProviderDeprecationWarning: `exists_ok` parameter is deprecated, please use `if_exists`
[2026-02-19T12:54:18.279+0000] {processor.py:840} INFO - DAG(s) 'ecommerce_etl_v2' retrieved from /opt/airflow/dags/etl_dag.py
[2026-02-19T12:54:18.298+0000] {logging_mixin.py:188} INFO - [2026-02-19T12:54:18.298+0000] {dag.py:3036} INFO - Sync 1 DAGs
[2026-02-19T12:54:18.308+0000] {logging_mixin.py:188} INFO - [2026-02-19T12:54:18.308+0000] {dag.py:3823} INFO - Setting next_dagrun for ecommerce_etl_v2 to 2026-02-18 13:00:00+00:00, run_after=2026-02-19 13:00:00+00:00
[2026-02-19T12:54:18.317+0000] {processor.py:183} INFO - Processing /opt/airflow/dags/etl_dag.py took 0.160 seconds
[2026-02-19T12:54:48.576+0000] {processor.py:161} INFO - Started process (PID=69908) to work on /opt/airflow/dags/etl_dag.py
[2026-02-19T12:54:48.578+0000] {processor.py:830} INFO - Processing file /opt/airflow/dags/etl_dag.py for tasks to queue
[2026-02-19T12:54:48.579+0000] {logging_mixin.py:188} INFO - [2026-02-19T12:54:48.578+0000] {dagbag.py:538} INFO - Filling up the DagBag from /opt/airflow/dags/etl_dag.py
[2026-02-19T12:54:48.625+0000] {logging_mixin.py:188} INFO - Warning: Your Kaggle API key is readable by other users on this system! To fix this, you can run 'chmod 600 /home/airflow/.kaggle/kaggle.json'
[2026-02-19T12:54:48.684+0000] {logging_mixin.py:188} WARNING - /home/airflow/.local/lib/python3.8/site-packages/airflow/models/baseoperator.py:437 AirflowProviderDeprecationWarning: `exists_ok` parameter is deprecated, please use `if_exists`
[2026-02-19T12:54:48.693+0000] {processor.py:840} INFO - DAG(s) 'ecommerce_etl_v2' retrieved from /opt/airflow/dags/etl_dag.py
[2026-02-19T12:54:48.711+0000] {logging_mixin.py:188} INFO - [2026-02-19T12:54:48.711+0000] {dag.py:3036} INFO - Sync 1 DAGs
[2026-02-19T12:54:48.721+0000] {logging_mixin.py:188} INFO - [2026-02-19T12:54:48.721+0000] {dag.py:3823} INFO - Setting next_dagrun for ecommerce_etl_v2 to 2026-02-18 13:00:00+00:00, run_after=2026-02-19 13:00:00+00:00
[2026-02-19T12:54:48.731+0000] {processor.py:183} INFO - Processing /opt/airflow/dags/etl_dag.py took 0.159 seconds
[2026-02-19T12:55:18.955+0000] {processor.py:161} INFO - Started process (PID=69939) to work on /opt/airflow/dags/etl_dag.py
[2026-02-19T12:55:18.956+0000] {processor.py:830} INFO - Processing file /opt/airflow/dags/etl_dag.py for tasks to queue
[2026-02-19T12:55:18.956+0000] {logging_mixin.py:188} INFO - [2026-02-19T12:55:18.956+0000] {dagbag.py:538} INFO - Filling up the DagBag from /opt/airflow/dags/etl_dag.py
[2026-02-19T12:55:18.999+0000] {logging_mixin.py:188} INFO - Warning: Your Kaggle API key is readable by other users on this system! To fix this, you can run 'chmod 600 /home/airflow/.kaggle/kaggle.json'
[2026-02-19T12:55:19.059+0000] {logging_mixin.py:188} WARNING - /home/airflow/.local/lib/python3.8/site-packages/airflow/models/baseoperator.py:437 AirflowProviderDeprecationWarning: `exists_ok` parameter is deprecated, please use `if_exists`
[2026-02-19T12:55:19.068+0000] {processor.py:840} INFO - DAG(s) 'ecommerce_etl_v2' retrieved from /opt/airflow/dags/etl_dag.py
[2026-02-19T12:55:19.087+0000] {logging_mixin.py:188} INFO - [2026-02-19T12:55:19.087+0000] {dag.py:3036} INFO - Sync 1 DAGs
[2026-02-19T12:55:19.097+0000] {logging_mixin.py:188} INFO - [2026-02-19T12:55:19.097+0000] {dag.py:3823} INFO - Setting next_dagrun for ecommerce_etl_v2 to 2026-02-18 13:00:00+00:00, run_after=2026-02-19 13:00:00+00:00
[2026-02-19T12:55:19.106+0000] {processor.py:183} INFO - Processing /opt/airflow/dags/etl_dag.py took 0.154 seconds
[2026-02-19T12:55:49.322+0000] {processor.py:161} INFO - Started process (PID=69970) to work on /opt/airflow/dags/etl_dag.py
[2026-02-19T12:55:49.324+0000] {processor.py:830} INFO - Processing file /opt/airflow/dags/etl_dag.py for tasks to queue
[2026-02-19T12:55:49.325+0000] {logging_mixin.py:188} INFO - [2026-02-19T12:55:49.325+0000] {dagbag.py:538} INFO - Filling up the DagBag from /opt/airflow/dags/etl_dag.py
[2026-02-19T12:55:49.373+0000] {logging_mixin.py:188} INFO - Warning: Your Kaggle API key is readable by other users on this system! To fix this, you can run 'chmod 600 /home/airflow/.kaggle/kaggle.json'
[2026-02-19T12:55:49.433+0000] {logging_mixin.py:188} WARNING - /home/airflow/.local/lib/python3.8/site-packages/airflow/models/baseoperator.py:437 AirflowProviderDeprecationWarning: `exists_ok` parameter is deprecated, please use `if_exists`
[2026-02-19T12:55:49.442+0000] {processor.py:840} INFO - DAG(s) 'ecommerce_etl_v2' retrieved from /opt/airflow/dags/etl_dag.py
[2026-02-19T12:55:49.461+0000] {logging_mixin.py:188} INFO - [2026-02-19T12:55:49.461+0000] {dag.py:3036} INFO - Sync 1 DAGs
[2026-02-19T12:55:49.473+0000] {logging_mixin.py:188} INFO - [2026-02-19T12:55:49.472+0000] {dag.py:3823} INFO - Setting next_dagrun for ecommerce_etl_v2 to 2026-02-18 13:00:00+00:00, run_after=2026-02-19 13:00:00+00:00
[2026-02-19T12:55:49.482+0000] {processor.py:183} INFO - Processing /opt/airflow/dags/etl_dag.py took 0.164 seconds
[2026-02-19T12:56:19.710+0000] {processor.py:161} INFO - Started process (PID=70001) to work on /opt/airflow/dags/etl_dag.py
[2026-02-19T12:56:19.712+0000] {processor.py:830} INFO - Processing file /opt/airflow/dags/etl_dag.py for tasks to queue
[2026-02-19T12:56:19.713+0000] {logging_mixin.py:188} INFO - [2026-02-19T12:56:19.713+0000] {dagbag.py:538} INFO - Filling up the DagBag from /opt/airflow/dags/etl_dag.py
[2026-02-19T12:56:19.765+0000] {logging_mixin.py:188} INFO - Warning: Your Kaggle API key is readable by other users on this system! To fix this, you can run 'chmod 600 /home/airflow/.kaggle/kaggle.json'
[2026-02-19T12:56:19.827+0000] {logging_mixin.py:188} WARNING - /home/airflow/.local/lib/python3.8/site-packages/airflow/models/baseoperator.py:437 AirflowProviderDeprecationWarning: `exists_ok` parameter is deprecated, please use `if_exists`
[2026-02-19T12:56:19.836+0000] {processor.py:840} INFO - DAG(s) 'ecommerce_etl_v2' retrieved from /opt/airflow/dags/etl_dag.py
[2026-02-19T12:56:19.856+0000] {logging_mixin.py:188} INFO - [2026-02-19T12:56:19.856+0000] {dag.py:3036} INFO - Sync 1 DAGs
[2026-02-19T12:56:19.867+0000] {logging_mixin.py:188} INFO - [2026-02-19T12:56:19.867+0000] {dag.py:3823} INFO - Setting next_dagrun for ecommerce_etl_v2 to 2026-02-18 13:00:00+00:00, run_after=2026-02-19 13:00:00+00:00
[2026-02-19T12:56:19.877+0000] {processor.py:183} INFO - Processing /opt/airflow/dags/etl_dag.py took 0.171 seconds
[2026-02-19T12:56:50.084+0000] {processor.py:161} INFO - Started process (PID=70032) to work on /opt/airflow/dags/etl_dag.py
[2026-02-19T12:56:50.086+0000] {processor.py:830} INFO - Processing file /opt/airflow/dags/etl_dag.py for tasks to queue
[2026-02-19T12:56:50.087+0000] {logging_mixin.py:188} INFO - [2026-02-19T12:56:50.086+0000] {dagbag.py:538} INFO - Filling up the DagBag from /opt/airflow/dags/etl_dag.py
[2026-02-19T12:56:50.137+0000] {logging_mixin.py:188} INFO - Warning: Your Kaggle API key is readable by other users on this system! To fix this, you can run 'chmod 600 /home/airflow/.kaggle/kaggle.json'
[2026-02-19T12:56:50.199+0000] {logging_mixin.py:188} WARNING - /home/airflow/.local/lib/python3.8/site-packages/airflow/models/baseoperator.py:437 AirflowProviderDeprecationWarning: `exists_ok` parameter is deprecated, please use `if_exists`
[2026-02-19T12:56:50.210+0000] {processor.py:840} INFO - DAG(s) 'ecommerce_etl_v2' retrieved from /opt/airflow/dags/etl_dag.py
[2026-02-19T12:56:50.231+0000] {logging_mixin.py:188} INFO - [2026-02-19T12:56:50.231+0000] {dag.py:3036} INFO - Sync 1 DAGs
[2026-02-19T12:56:50.243+0000] {logging_mixin.py:188} INFO - [2026-02-19T12:56:50.243+0000] {dag.py:3823} INFO - Setting next_dagrun for ecommerce_etl_v2 to 2026-02-18 13:00:00+00:00, run_after=2026-02-19 13:00:00+00:00
[2026-02-19T12:56:50.254+0000] {processor.py:183} INFO - Processing /opt/airflow/dags/etl_dag.py took 0.175 seconds
[2026-02-19T12:57:20.427+0000] {processor.py:161} INFO - Started process (PID=70063) to work on /opt/airflow/dags/etl_dag.py
[2026-02-19T12:57:20.428+0000] {processor.py:830} INFO - Processing file /opt/airflow/dags/etl_dag.py for tasks to queue
[2026-02-19T12:57:20.429+0000] {logging_mixin.py:188} INFO - [2026-02-19T12:57:20.429+0000] {dagbag.py:538} INFO - Filling up the DagBag from /opt/airflow/dags/etl_dag.py
[2026-02-19T12:57:20.474+0000] {logging_mixin.py:188} INFO - Warning: Your Kaggle API key is readable by other users on this system! To fix this, you can run 'chmod 600 /home/airflow/.kaggle/kaggle.json'
[2026-02-19T12:57:20.535+0000] {logging_mixin.py:188} WARNING - /home/airflow/.local/lib/python3.8/site-packages/airflow/models/baseoperator.py:437 AirflowProviderDeprecationWarning: `exists_ok` parameter is deprecated, please use `if_exists`
[2026-02-19T12:57:20.544+0000] {processor.py:840} INFO - DAG(s) 'ecommerce_etl_v2' retrieved from /opt/airflow/dags/etl_dag.py
[2026-02-19T12:57:20.563+0000] {logging_mixin.py:188} INFO - [2026-02-19T12:57:20.563+0000] {dag.py:3036} INFO - Sync 1 DAGs
[2026-02-19T12:57:20.574+0000] {logging_mixin.py:188} INFO - [2026-02-19T12:57:20.574+0000] {dag.py:3823} INFO - Setting next_dagrun for ecommerce_etl_v2 to 2026-02-18 13:00:00+00:00, run_after=2026-02-19 13:00:00+00:00
[2026-02-19T12:57:20.583+0000] {processor.py:183} INFO - Processing /opt/airflow/dags/etl_dag.py took 0.160 seconds
[2026-02-19T12:57:50.793+0000] {processor.py:161} INFO - Started process (PID=70094) to work on /opt/airflow/dags/etl_dag.py
[2026-02-19T12:57:50.795+0000] {processor.py:830} INFO - Processing file /opt/airflow/dags/etl_dag.py for tasks to queue
[2026-02-19T12:57:50.796+0000] {logging_mixin.py:188} INFO - [2026-02-19T12:57:50.796+0000] {dagbag.py:538} INFO - Filling up the DagBag from /opt/airflow/dags/etl_dag.py
[2026-02-19T12:57:50.846+0000] {logging_mixin.py:188} INFO - Warning: Your Kaggle API key is readable by other users on this system! To fix this, you can run 'chmod 600 /home/airflow/.kaggle/kaggle.json'
[2026-02-19T12:57:50.908+0000] {logging_mixin.py:188} WARNING - /home/airflow/.local/lib/python3.8/site-packages/airflow/models/baseoperator.py:437 AirflowProviderDeprecationWarning: `exists_ok` parameter is deprecated, please use `if_exists`
[2026-02-19T12:57:50.918+0000] {processor.py:840} INFO - DAG(s) 'ecommerce_etl_v2' retrieved from /opt/airflow/dags/etl_dag.py
[2026-02-19T12:57:50.939+0000] {logging_mixin.py:188} INFO - [2026-02-19T12:57:50.938+0000] {dag.py:3036} INFO - Sync 1 DAGs
[2026-02-19T12:57:50.950+0000] {logging_mixin.py:188} INFO - [2026-02-19T12:57:50.950+0000] {dag.py:3823} INFO - Setting next_dagrun for ecommerce_etl_v2 to 2026-02-18 13:00:00+00:00, run_after=2026-02-19 13:00:00+00:00
[2026-02-19T12:57:50.960+0000] {processor.py:183} INFO - Processing /opt/airflow/dags/etl_dag.py took 0.171 seconds
[2026-02-19T12:58:21.151+0000] {processor.py:161} INFO - Started process (PID=70125) to work on /opt/airflow/dags/etl_dag.py
[2026-02-19T12:58:21.153+0000] {processor.py:830} INFO - Processing file /opt/airflow/dags/etl_dag.py for tasks to queue
[2026-02-19T12:58:21.153+0000] {logging_mixin.py:188} INFO - [2026-02-19T12:58:21.153+0000] {dagbag.py:538} INFO - Filling up the DagBag from /opt/airflow/dags/etl_dag.py
[2026-02-19T12:58:21.202+0000] {logging_mixin.py:188} INFO - Warning: Your Kaggle API key is readable by other users on this system! To fix this, you can run 'chmod 600 /home/airflow/.kaggle/kaggle.json'
[2026-02-19T12:58:21.262+0000] {logging_mixin.py:188} WARNING - /home/airflow/.local/lib/python3.8/site-packages/airflow/models/baseoperator.py:437 AirflowProviderDeprecationWarning: `exists_ok` parameter is deprecated, please use `if_exists`
[2026-02-19T12:58:21.272+0000] {processor.py:840} INFO - DAG(s) 'ecommerce_etl_v2' retrieved from /opt/airflow/dags/etl_dag.py
[2026-02-19T12:58:21.290+0000] {logging_mixin.py:188} INFO - [2026-02-19T12:58:21.290+0000] {dag.py:3036} INFO - Sync 1 DAGs
[2026-02-19T12:58:21.301+0000] {logging_mixin.py:188} INFO - [2026-02-19T12:58:21.301+0000] {dag.py:3823} INFO - Setting next_dagrun for ecommerce_etl_v2 to 2026-02-18 13:00:00+00:00, run_after=2026-02-19 13:00:00+00:00
[2026-02-19T12:58:21.309+0000] {processor.py:183} INFO - Processing /opt/airflow/dags/etl_dag.py took 0.162 seconds
[2026-02-19T12:58:51.583+0000] {processor.py:161} INFO - Started process (PID=70156) to work on /opt/airflow/dags/etl_dag.py
[2026-02-19T12:58:51.584+0000] {processor.py:830} INFO - Processing file /opt/airflow/dags/etl_dag.py for tasks to queue
[2026-02-19T12:58:51.585+0000] {logging_mixin.py:188} INFO - [2026-02-19T12:58:51.585+0000] {dagbag.py:538} INFO - Filling up the DagBag from /opt/airflow/dags/etl_dag.py
[2026-02-19T12:58:51.635+0000] {logging_mixin.py:188} INFO - Warning: Your Kaggle API key is readable by other users on this system! To fix this, you can run 'chmod 600 /home/airflow/.kaggle/kaggle.json'
[2026-02-19T12:58:51.698+0000] {logging_mixin.py:188} WARNING - /home/airflow/.local/lib/python3.8/site-packages/airflow/models/baseoperator.py:437 AirflowProviderDeprecationWarning: `exists_ok` parameter is deprecated, please use `if_exists`
[2026-02-19T12:58:51.709+0000] {processor.py:840} INFO - DAG(s) 'ecommerce_etl_v2' retrieved from /opt/airflow/dags/etl_dag.py
[2026-02-19T12:58:51.733+0000] {logging_mixin.py:188} INFO - [2026-02-19T12:58:51.733+0000] {dag.py:3036} INFO - Sync 1 DAGs
[2026-02-19T12:58:51.748+0000] {logging_mixin.py:188} INFO - [2026-02-19T12:58:51.748+0000] {dag.py:3823} INFO - Setting next_dagrun for ecommerce_etl_v2 to 2026-02-18 13:00:00+00:00, run_after=2026-02-19 13:00:00+00:00
[2026-02-19T12:58:51.758+0000] {processor.py:183} INFO - Processing /opt/airflow/dags/etl_dag.py took 0.180 seconds
[2026-02-19T12:59:21.940+0000] {processor.py:161} INFO - Started process (PID=70187) to work on /opt/airflow/dags/etl_dag.py
[2026-02-19T12:59:21.942+0000] {processor.py:830} INFO - Processing file /opt/airflow/dags/etl_dag.py for tasks to queue
[2026-02-19T12:59:21.943+0000] {logging_mixin.py:188} INFO - [2026-02-19T12:59:21.942+0000] {dagbag.py:538} INFO - Filling up the DagBag from /opt/airflow/dags/etl_dag.py
[2026-02-19T12:59:21.992+0000] {logging_mixin.py:188} INFO - Warning: Your Kaggle API key is readable by other users on this system! To fix this, you can run 'chmod 600 /home/airflow/.kaggle/kaggle.json'
[2026-02-19T12:59:22.052+0000] {logging_mixin.py:188} WARNING - /home/airflow/.local/lib/python3.8/site-packages/airflow/models/baseoperator.py:437 AirflowProviderDeprecationWarning: `exists_ok` parameter is deprecated, please use `if_exists`
[2026-02-19T12:59:22.061+0000] {processor.py:840} INFO - DAG(s) 'ecommerce_etl_v2' retrieved from /opt/airflow/dags/etl_dag.py
[2026-02-19T12:59:22.079+0000] {logging_mixin.py:188} INFO - [2026-02-19T12:59:22.079+0000] {dag.py:3036} INFO - Sync 1 DAGs
[2026-02-19T12:59:22.090+0000] {logging_mixin.py:188} INFO - [2026-02-19T12:59:22.090+0000] {dag.py:3823} INFO - Setting next_dagrun for ecommerce_etl_v2 to 2026-02-18 13:00:00+00:00, run_after=2026-02-19 13:00:00+00:00
[2026-02-19T12:59:22.099+0000] {processor.py:183} INFO - Processing /opt/airflow/dags/etl_dag.py took 0.163 seconds
[2026-02-19T12:59:52.361+0000] {processor.py:161} INFO - Started process (PID=70218) to work on /opt/airflow/dags/etl_dag.py
[2026-02-19T12:59:52.362+0000] {processor.py:830} INFO - Processing file /opt/airflow/dags/etl_dag.py for tasks to queue
[2026-02-19T12:59:52.363+0000] {logging_mixin.py:188} INFO - [2026-02-19T12:59:52.362+0000] {dagbag.py:538} INFO - Filling up the DagBag from /opt/airflow/dags/etl_dag.py
[2026-02-19T12:59:52.407+0000] {logging_mixin.py:188} INFO - Warning: Your Kaggle API key is readable by other users on this system! To fix this, you can run 'chmod 600 /home/airflow/.kaggle/kaggle.json'
[2026-02-19T12:59:52.471+0000] {logging_mixin.py:188} WARNING - /home/airflow/.local/lib/python3.8/site-packages/airflow/models/baseoperator.py:437 AirflowProviderDeprecationWarning: `exists_ok` parameter is deprecated, please use `if_exists`
[2026-02-19T12:59:52.480+0000] {processor.py:840} INFO - DAG(s) 'ecommerce_etl_v2' retrieved from /opt/airflow/dags/etl_dag.py
[2026-02-19T12:59:52.502+0000] {logging_mixin.py:188} INFO - [2026-02-19T12:59:52.502+0000] {dag.py:3036} INFO - Sync 1 DAGs
[2026-02-19T12:59:52.514+0000] {logging_mixin.py:188} INFO - [2026-02-19T12:59:52.514+0000] {dag.py:3823} INFO - Setting next_dagrun for ecommerce_etl_v2 to 2026-02-18 13:00:00+00:00, run_after=2026-02-19 13:00:00+00:00
[2026-02-19T12:59:52.525+0000] {processor.py:183} INFO - Processing /opt/airflow/dags/etl_dag.py took 0.167 seconds
[2026-02-19T13:00:22.682+0000] {processor.py:161} INFO - Started process (PID=70450) to work on /opt/airflow/dags/etl_dag.py
[2026-02-19T13:00:22.684+0000] {processor.py:830} INFO - Processing file /opt/airflow/dags/etl_dag.py for tasks to queue
[2026-02-19T13:00:22.686+0000] {logging_mixin.py:188} INFO - [2026-02-19T13:00:22.685+0000] {dagbag.py:538} INFO - Filling up the DagBag from /opt/airflow/dags/etl_dag.py
[2026-02-19T13:00:22.740+0000] {logging_mixin.py:188} INFO - Warning: Your Kaggle API key is readable by other users on this system! To fix this, you can run 'chmod 600 /home/airflow/.kaggle/kaggle.json'
[2026-02-19T13:00:22.803+0000] {logging_mixin.py:188} WARNING - /home/airflow/.local/lib/python3.8/site-packages/airflow/models/baseoperator.py:437 AirflowProviderDeprecationWarning: `exists_ok` parameter is deprecated, please use `if_exists`
[2026-02-19T13:00:22.813+0000] {processor.py:840} INFO - DAG(s) 'ecommerce_etl_v2' retrieved from /opt/airflow/dags/etl_dag.py
[2026-02-19T13:00:22.833+0000] {logging_mixin.py:188} INFO - [2026-02-19T13:00:22.833+0000] {dag.py:3036} INFO - Sync 1 DAGs
[2026-02-19T13:00:22.853+0000] {processor.py:183} INFO - Processing /opt/airflow/dags/etl_dag.py took 0.177 seconds
[2026-02-19T13:00:53.097+0000] {processor.py:161} INFO - Started process (PID=70481) to work on /opt/airflow/dags/etl_dag.py
[2026-02-19T13:00:53.098+0000] {processor.py:830} INFO - Processing file /opt/airflow/dags/etl_dag.py for tasks to queue
[2026-02-19T13:00:53.098+0000] {logging_mixin.py:188} INFO - [2026-02-19T13:00:53.098+0000] {dagbag.py:538} INFO - Filling up the DagBag from /opt/airflow/dags/etl_dag.py
[2026-02-19T13:00:53.140+0000] {logging_mixin.py:188} INFO - Warning: Your Kaggle API key is readable by other users on this system! To fix this, you can run 'chmod 600 /home/airflow/.kaggle/kaggle.json'
[2026-02-19T13:00:53.200+0000] {logging_mixin.py:188} WARNING - /home/airflow/.local/lib/python3.8/site-packages/airflow/models/baseoperator.py:437 AirflowProviderDeprecationWarning: `exists_ok` parameter is deprecated, please use `if_exists`
[2026-02-19T13:00:53.209+0000] {processor.py:840} INFO - DAG(s) 'ecommerce_etl_v2' retrieved from /opt/airflow/dags/etl_dag.py
[2026-02-19T13:00:53.228+0000] {logging_mixin.py:188} INFO - [2026-02-19T13:00:53.228+0000] {dag.py:3036} INFO - Sync 1 DAGs
[2026-02-19T13:00:53.248+0000] {processor.py:183} INFO - Processing /opt/airflow/dags/etl_dag.py took 0.153 seconds
[2026-02-19T13:01:23.353+0000] {processor.py:161} INFO - Started process (PID=70512) to work on /opt/airflow/dags/etl_dag.py
[2026-02-19T13:01:23.355+0000] {processor.py:830} INFO - Processing file /opt/airflow/dags/etl_dag.py for tasks to queue
[2026-02-19T13:01:23.355+0000] {logging_mixin.py:188} INFO - [2026-02-19T13:01:23.355+0000] {dagbag.py:538} INFO - Filling up the DagBag from /opt/airflow/dags/etl_dag.py
[2026-02-19T13:01:23.398+0000] {logging_mixin.py:188} INFO - Warning: Your Kaggle API key is readable by other users on this system! To fix this, you can run 'chmod 600 /home/airflow/.kaggle/kaggle.json'
[2026-02-19T13:01:23.461+0000] {logging_mixin.py:188} WARNING - /home/airflow/.local/lib/python3.8/site-packages/airflow/models/baseoperator.py:437 AirflowProviderDeprecationWarning: `exists_ok` parameter is deprecated, please use `if_exists`
[2026-02-19T13:01:23.472+0000] {processor.py:840} INFO - DAG(s) 'ecommerce_etl_v2' retrieved from /opt/airflow/dags/etl_dag.py
[2026-02-19T13:01:23.493+0000] {logging_mixin.py:188} INFO - [2026-02-19T13:01:23.492+0000] {dag.py:3036} INFO - Sync 1 DAGs
[2026-02-19T13:01:23.512+0000] {processor.py:183} INFO - Processing /opt/airflow/dags/etl_dag.py took 0.161 seconds
[2026-02-19T13:01:53.806+0000] {processor.py:161} INFO - Started process (PID=70543) to work on /opt/airflow/dags/etl_dag.py
[2026-02-19T13:01:53.807+0000] {processor.py:830} INFO - Processing file /opt/airflow/dags/etl_dag.py for tasks to queue
[2026-02-19T13:01:53.807+0000] {logging_mixin.py:188} INFO - [2026-02-19T13:01:53.807+0000] {dagbag.py:538} INFO - Filling up the DagBag from /opt/airflow/dags/etl_dag.py
[2026-02-19T13:01:53.854+0000] {logging_mixin.py:188} INFO - Warning: Your Kaggle API key is readable by other users on this system! To fix this, you can run 'chmod 600 /home/airflow/.kaggle/kaggle.json'
[2026-02-19T13:01:53.915+0000] {logging_mixin.py:188} WARNING - /home/airflow/.local/lib/python3.8/site-packages/airflow/models/baseoperator.py:437 AirflowProviderDeprecationWarning: `exists_ok` parameter is deprecated, please use `if_exists`
[2026-02-19T13:01:53.924+0000] {processor.py:840} INFO - DAG(s) 'ecommerce_etl_v2' retrieved from /opt/airflow/dags/etl_dag.py
[2026-02-19T13:01:53.945+0000] {logging_mixin.py:188} INFO - [2026-02-19T13:01:53.945+0000] {dag.py:3036} INFO - Sync 1 DAGs
[2026-02-19T13:01:53.964+0000] {processor.py:183} INFO - Processing /opt/airflow/dags/etl_dag.py took 0.163 seconds
[2026-02-19T13:02:24.110+0000] {processor.py:161} INFO - Started process (PID=70574) to work on /opt/airflow/dags/etl_dag.py
[2026-02-19T13:02:24.112+0000] {processor.py:830} INFO - Processing file /opt/airflow/dags/etl_dag.py for tasks to queue
[2026-02-19T13:02:24.112+0000] {logging_mixin.py:188} INFO - [2026-02-19T13:02:24.112+0000] {dagbag.py:538} INFO - Filling up the DagBag from /opt/airflow/dags/etl_dag.py
[2026-02-19T13:02:24.160+0000] {logging_mixin.py:188} INFO - Warning: Your Kaggle API key is readable by other users on this system! To fix this, you can run 'chmod 600 /home/airflow/.kaggle/kaggle.json'
[2026-02-19T13:02:24.224+0000] {logging_mixin.py:188} WARNING - /home/airflow/.local/lib/python3.8/site-packages/airflow/models/baseoperator.py:437 AirflowProviderDeprecationWarning: `exists_ok` parameter is deprecated, please use `if_exists`
[2026-02-19T13:02:24.234+0000] {processor.py:840} INFO - DAG(s) 'ecommerce_etl_v2' retrieved from /opt/airflow/dags/etl_dag.py
[2026-02-19T13:02:24.254+0000] {logging_mixin.py:188} INFO - [2026-02-19T13:02:24.254+0000] {dag.py:3036} INFO - Sync 1 DAGs
[2026-02-19T13:02:24.275+0000] {processor.py:183} INFO - Processing /opt/airflow/dags/etl_dag.py took 0.168 seconds
[2026-02-19T13:02:54.482+0000] {processor.py:161} INFO - Started process (PID=70605) to work on /opt/airflow/dags/etl_dag.py
[2026-02-19T13:02:54.483+0000] {processor.py:830} INFO - Processing file /opt/airflow/dags/etl_dag.py for tasks to queue
[2026-02-19T13:02:54.484+0000] {logging_mixin.py:188} INFO - [2026-02-19T13:02:54.484+0000] {dagbag.py:538} INFO - Filling up the DagBag from /opt/airflow/dags/etl_dag.py
[2026-02-19T13:02:54.529+0000] {logging_mixin.py:188} INFO - Warning: Your Kaggle API key is readable by other users on this system! To fix this, you can run 'chmod 600 /home/airflow/.kaggle/kaggle.json'
[2026-02-19T13:02:54.589+0000] {logging_mixin.py:188} WARNING - /home/airflow/.local/lib/python3.8/site-packages/airflow/models/baseoperator.py:437 AirflowProviderDeprecationWarning: `exists_ok` parameter is deprecated, please use `if_exists`
[2026-02-19T13:02:54.599+0000] {processor.py:840} INFO - DAG(s) 'ecommerce_etl_v2' retrieved from /opt/airflow/dags/etl_dag.py
[2026-02-19T13:02:54.618+0000] {logging_mixin.py:188} INFO - [2026-02-19T13:02:54.618+0000] {dag.py:3036} INFO - Sync 1 DAGs
[2026-02-19T13:02:54.637+0000] {processor.py:183} INFO - Processing /opt/airflow/dags/etl_dag.py took 0.158 seconds
[2026-02-19T13:03:24.788+0000] {processor.py:161} INFO - Started process (PID=70636) to work on /opt/airflow/dags/etl_dag.py
[2026-02-19T13:03:24.789+0000] {processor.py:830} INFO - Processing file /opt/airflow/dags/etl_dag.py for tasks to queue
[2026-02-19T13:03:24.790+0000] {logging_mixin.py:188} INFO - [2026-02-19T13:03:24.790+0000] {dagbag.py:538} INFO - Filling up the DagBag from /opt/airflow/dags/etl_dag.py
[2026-02-19T13:03:24.840+0000] {logging_mixin.py:188} INFO - Warning: Your Kaggle API key is readable by other users on this system! To fix this, you can run 'chmod 600 /home/airflow/.kaggle/kaggle.json'
[2026-02-19T13:03:24.903+0000] {logging_mixin.py:188} WARNING - /home/airflow/.local/lib/python3.8/site-packages/airflow/models/baseoperator.py:437 AirflowProviderDeprecationWarning: `exists_ok` parameter is deprecated, please use `if_exists`
[2026-02-19T13:03:24.913+0000] {processor.py:840} INFO - DAG(s) 'ecommerce_etl_v2' retrieved from /opt/airflow/dags/etl_dag.py
[2026-02-19T13:03:24.935+0000] {logging_mixin.py:188} INFO - [2026-02-19T13:03:24.935+0000] {dag.py:3036} INFO - Sync 1 DAGs
[2026-02-19T13:03:24.960+0000] {processor.py:183} INFO - Processing /opt/airflow/dags/etl_dag.py took 0.175 seconds
[2026-02-19T13:03:55.172+0000] {processor.py:161} INFO - Started process (PID=70667) to work on /opt/airflow/dags/etl_dag.py
[2026-02-19T13:03:55.173+0000] {processor.py:830} INFO - Processing file /opt/airflow/dags/etl_dag.py for tasks to queue
[2026-02-19T13:03:55.173+0000] {logging_mixin.py:188} INFO - [2026-02-19T13:03:55.173+0000] {dagbag.py:538} INFO - Filling up the DagBag from /opt/airflow/dags/etl_dag.py
[2026-02-19T13:03:55.225+0000] {logging_mixin.py:188} INFO - Warning: Your Kaggle API key is readable by other users on this system! To fix this, you can run 'chmod 600 /home/airflow/.kaggle/kaggle.json'
[2026-02-19T13:03:55.295+0000] {logging_mixin.py:188} WARNING - /home/airflow/.local/lib/python3.8/site-packages/airflow/models/baseoperator.py:437 AirflowProviderDeprecationWarning: `exists_ok` parameter is deprecated, please use `if_exists`
[2026-02-19T13:03:55.308+0000] {processor.py:840} INFO - DAG(s) 'ecommerce_etl_v2' retrieved from /opt/airflow/dags/etl_dag.py
[2026-02-19T13:03:55.330+0000] {logging_mixin.py:188} INFO - [2026-02-19T13:03:55.329+0000] {dag.py:3036} INFO - Sync 1 DAGs
[2026-02-19T13:03:55.354+0000] {processor.py:183} INFO - Processing /opt/airflow/dags/etl_dag.py took 0.185 seconds
[2026-02-19T13:04:25.424+0000] {processor.py:161} INFO - Started process (PID=71132) to work on /opt/airflow/dags/etl_dag.py
[2026-02-19T13:04:25.426+0000] {processor.py:830} INFO - Processing file /opt/airflow/dags/etl_dag.py for tasks to queue
[2026-02-19T13:04:25.427+0000] {logging_mixin.py:188} INFO - [2026-02-19T13:04:25.426+0000] {dagbag.py:538} INFO - Filling up the DagBag from /opt/airflow/dags/etl_dag.py
[2026-02-19T13:04:25.466+0000] {logging_mixin.py:188} INFO - Warning: Your Kaggle API key is readable by other users on this system! To fix this, you can run 'chmod 600 /home/airflow/.kaggle/kaggle.json'
[2026-02-19T13:04:25.528+0000] {logging_mixin.py:188} WARNING - /home/airflow/.local/lib/python3.8/site-packages/airflow/models/baseoperator.py:437 AirflowProviderDeprecationWarning: `exists_ok` parameter is deprecated, please use `if_exists`
[2026-02-19T13:04:25.539+0000] {processor.py:840} INFO - DAG(s) 'ecommerce_etl_v2' retrieved from /opt/airflow/dags/etl_dag.py
[2026-02-19T13:04:25.558+0000] {logging_mixin.py:188} INFO - [2026-02-19T13:04:25.558+0000] {dag.py:3036} INFO - Sync 1 DAGs
[2026-02-19T13:04:25.580+0000] {processor.py:183} INFO - Processing /opt/airflow/dags/etl_dag.py took 0.160 seconds
[2026-02-19T13:04:55.863+0000] {processor.py:161} INFO - Started process (PID=71541) to work on /opt/airflow/dags/etl_dag.py
[2026-02-19T13:04:55.864+0000] {processor.py:830} INFO - Processing file /opt/airflow/dags/etl_dag.py for tasks to queue
[2026-02-19T13:04:55.865+0000] {logging_mixin.py:188} INFO - [2026-02-19T13:04:55.864+0000] {dagbag.py:538} INFO - Filling up the DagBag from /opt/airflow/dags/etl_dag.py
[2026-02-19T13:04:55.912+0000] {logging_mixin.py:188} INFO - Warning: Your Kaggle API key is readable by other users on this system! To fix this, you can run 'chmod 600 /home/airflow/.kaggle/kaggle.json'
[2026-02-19T13:04:55.972+0000] {logging_mixin.py:188} WARNING - /home/airflow/.local/lib/python3.8/site-packages/airflow/models/baseoperator.py:437 AirflowProviderDeprecationWarning: `exists_ok` parameter is deprecated, please use `if_exists`
[2026-02-19T13:04:55.981+0000] {processor.py:840} INFO - DAG(s) 'ecommerce_etl_v2' retrieved from /opt/airflow/dags/etl_dag.py
[2026-02-19T13:04:56.001+0000] {logging_mixin.py:188} INFO - [2026-02-19T13:04:56.001+0000] {dag.py:3036} INFO - Sync 1 DAGs
[2026-02-19T13:04:56.019+0000] {processor.py:183} INFO - Processing /opt/airflow/dags/etl_dag.py took 0.161 seconds
[2026-02-19T13:05:26.092+0000] {processor.py:161} INFO - Started process (PID=71775) to work on /opt/airflow/dags/etl_dag.py
[2026-02-19T13:05:26.093+0000] {processor.py:830} INFO - Processing file /opt/airflow/dags/etl_dag.py for tasks to queue
[2026-02-19T13:05:26.094+0000] {logging_mixin.py:188} INFO - [2026-02-19T13:05:26.093+0000] {dagbag.py:538} INFO - Filling up the DagBag from /opt/airflow/dags/etl_dag.py
[2026-02-19T13:05:26.142+0000] {logging_mixin.py:188} INFO - Warning: Your Kaggle API key is readable by other users on this system! To fix this, you can run 'chmod 600 /home/airflow/.kaggle/kaggle.json'
[2026-02-19T13:05:26.204+0000] {logging_mixin.py:188} WARNING - /home/airflow/.local/lib/python3.8/site-packages/airflow/models/baseoperator.py:437 AirflowProviderDeprecationWarning: `exists_ok` parameter is deprecated, please use `if_exists`
[2026-02-19T13:05:26.214+0000] {processor.py:840} INFO - DAG(s) 'ecommerce_etl_v2' retrieved from /opt/airflow/dags/etl_dag.py
[2026-02-19T13:05:26.236+0000] {logging_mixin.py:188} INFO - [2026-02-19T13:05:26.236+0000] {dag.py:3036} INFO - Sync 1 DAGs
[2026-02-19T13:05:26.256+0000] {processor.py:183} INFO - Processing /opt/airflow/dags/etl_dag.py took 0.168 seconds
[2026-02-19T13:05:56.477+0000] {processor.py:161} INFO - Started process (PID=71951) to work on /opt/airflow/dags/etl_dag.py
[2026-02-19T13:05:56.479+0000] {processor.py:830} INFO - Processing file /opt/airflow/dags/etl_dag.py for tasks to queue
[2026-02-19T13:05:56.480+0000] {logging_mixin.py:188} INFO - [2026-02-19T13:05:56.479+0000] {dagbag.py:538} INFO - Filling up the DagBag from /opt/airflow/dags/etl_dag.py
[2026-02-19T13:05:56.526+0000] {logging_mixin.py:188} INFO - Warning: Your Kaggle API key is readable by other users on this system! To fix this, you can run 'chmod 600 /home/airflow/.kaggle/kaggle.json'
[2026-02-19T13:05:56.589+0000] {logging_mixin.py:188} WARNING - /home/airflow/.local/lib/python3.8/site-packages/airflow/models/baseoperator.py:437 AirflowProviderDeprecationWarning: `exists_ok` parameter is deprecated, please use `if_exists`
[2026-02-19T13:05:56.601+0000] {processor.py:840} INFO - DAG(s) 'ecommerce_etl_v2' retrieved from /opt/airflow/dags/etl_dag.py
[2026-02-19T13:05:56.622+0000] {logging_mixin.py:188} INFO - [2026-02-19T13:05:56.622+0000] {dag.py:3036} INFO - Sync 1 DAGs
[2026-02-19T13:05:56.635+0000] {logging_mixin.py:188} INFO - [2026-02-19T13:05:56.635+0000] {dag.py:3823} INFO - Setting next_dagrun for ecommerce_etl_v2 to 2026-02-19 13:00:00+00:00, run_after=2026-02-20 13:00:00+00:00
[2026-02-19T13:05:56.648+0000] {processor.py:183} INFO - Processing /opt/airflow/dags/etl_dag.py took 0.174 seconds
[2026-02-19T13:06:26.818+0000] {processor.py:161} INFO - Started process (PID=71982) to work on /opt/airflow/dags/etl_dag.py
[2026-02-19T13:06:26.819+0000] {processor.py:830} INFO - Processing file /opt/airflow/dags/etl_dag.py for tasks to queue
[2026-02-19T13:06:26.820+0000] {logging_mixin.py:188} INFO - [2026-02-19T13:06:26.820+0000] {dagbag.py:538} INFO - Filling up the DagBag from /opt/airflow/dags/etl_dag.py
[2026-02-19T13:06:26.867+0000] {logging_mixin.py:188} INFO - Warning: Your Kaggle API key is readable by other users on this system! To fix this, you can run 'chmod 600 /home/airflow/.kaggle/kaggle.json'
[2026-02-19T13:06:26.932+0000] {logging_mixin.py:188} WARNING - /home/airflow/.local/lib/python3.8/site-packages/airflow/models/baseoperator.py:437 AirflowProviderDeprecationWarning: `exists_ok` parameter is deprecated, please use `if_exists`
[2026-02-19T13:06:26.941+0000] {processor.py:840} INFO - DAG(s) 'ecommerce_etl_v2' retrieved from /opt/airflow/dags/etl_dag.py
[2026-02-19T13:06:26.962+0000] {logging_mixin.py:188} INFO - [2026-02-19T13:06:26.962+0000] {dag.py:3036} INFO - Sync 1 DAGs
[2026-02-19T13:06:26.974+0000] {logging_mixin.py:188} INFO - [2026-02-19T13:06:26.973+0000] {dag.py:3823} INFO - Setting next_dagrun for ecommerce_etl_v2 to 2026-02-19 13:00:00+00:00, run_after=2026-02-20 13:00:00+00:00
[2026-02-19T13:06:26.983+0000] {processor.py:183} INFO - Processing /opt/airflow/dags/etl_dag.py took 0.169 seconds
[2026-02-19T13:06:57.128+0000] {processor.py:161} INFO - Started process (PID=72013) to work on /opt/airflow/dags/etl_dag.py
[2026-02-19T13:06:57.129+0000] {processor.py:830} INFO - Processing file /opt/airflow/dags/etl_dag.py for tasks to queue
[2026-02-19T13:06:57.129+0000] {logging_mixin.py:188} INFO - [2026-02-19T13:06:57.129+0000] {dagbag.py:538} INFO - Filling up the DagBag from /opt/airflow/dags/etl_dag.py
[2026-02-19T13:06:57.176+0000] {logging_mixin.py:188} INFO - Warning: Your Kaggle API key is readable by other users on this system! To fix this, you can run 'chmod 600 /home/airflow/.kaggle/kaggle.json'
[2026-02-19T13:06:57.239+0000] {logging_mixin.py:188} WARNING - /home/airflow/.local/lib/python3.8/site-packages/airflow/models/baseoperator.py:437 AirflowProviderDeprecationWarning: `exists_ok` parameter is deprecated, please use `if_exists`
[2026-02-19T13:06:57.248+0000] {processor.py:840} INFO - DAG(s) 'ecommerce_etl_v2' retrieved from /opt/airflow/dags/etl_dag.py
[2026-02-19T13:06:57.267+0000] {logging_mixin.py:188} INFO - [2026-02-19T13:06:57.267+0000] {dag.py:3036} INFO - Sync 1 DAGs
[2026-02-19T13:06:57.279+0000] {logging_mixin.py:188} INFO - [2026-02-19T13:06:57.279+0000] {dag.py:3823} INFO - Setting next_dagrun for ecommerce_etl_v2 to 2026-02-19 13:00:00+00:00, run_after=2026-02-20 13:00:00+00:00
[2026-02-19T13:06:57.289+0000] {processor.py:183} INFO - Processing /opt/airflow/dags/etl_dag.py took 0.164 seconds
[2026-02-19T13:07:27.515+0000] {processor.py:161} INFO - Started process (PID=72044) to work on /opt/airflow/dags/etl_dag.py
[2026-02-19T13:07:27.516+0000] {processor.py:830} INFO - Processing file /opt/airflow/dags/etl_dag.py for tasks to queue
[2026-02-19T13:07:27.517+0000] {logging_mixin.py:188} INFO - [2026-02-19T13:07:27.517+0000] {dagbag.py:538} INFO - Filling up the DagBag from /opt/airflow/dags/etl_dag.py
[2026-02-19T13:07:27.567+0000] {logging_mixin.py:188} INFO - Warning: Your Kaggle API key is readable by other users on this system! To fix this, you can run 'chmod 600 /home/airflow/.kaggle/kaggle.json'
[2026-02-19T13:07:27.631+0000] {logging_mixin.py:188} WARNING - /home/airflow/.local/lib/python3.8/site-packages/airflow/models/baseoperator.py:437 AirflowProviderDeprecationWarning: `exists_ok` parameter is deprecated, please use `if_exists`
[2026-02-19T13:07:27.641+0000] {processor.py:840} INFO - DAG(s) 'ecommerce_etl_v2' retrieved from /opt/airflow/dags/etl_dag.py
[2026-02-19T13:07:27.663+0000] {logging_mixin.py:188} INFO - [2026-02-19T13:07:27.663+0000] {dag.py:3036} INFO - Sync 1 DAGs
[2026-02-19T13:07:27.675+0000] {logging_mixin.py:188} INFO - [2026-02-19T13:07:27.675+0000] {dag.py:3823} INFO - Setting next_dagrun for ecommerce_etl_v2 to 2026-02-19 13:00:00+00:00, run_after=2026-02-20 13:00:00+00:00
[2026-02-19T13:07:27.685+0000] {processor.py:183} INFO - Processing /opt/airflow/dags/etl_dag.py took 0.173 seconds
[2026-02-19T13:07:57.901+0000] {processor.py:161} INFO - Started process (PID=72075) to work on /opt/airflow/dags/etl_dag.py
[2026-02-19T13:07:57.902+0000] {processor.py:830} INFO - Processing file /opt/airflow/dags/etl_dag.py for tasks to queue
[2026-02-19T13:07:57.903+0000] {logging_mixin.py:188} INFO - [2026-02-19T13:07:57.903+0000] {dagbag.py:538} INFO - Filling up the DagBag from /opt/airflow/dags/etl_dag.py
[2026-02-19T13:07:57.956+0000] {logging_mixin.py:188} INFO - Warning: Your Kaggle API key is readable by other users on this system! To fix this, you can run 'chmod 600 /home/airflow/.kaggle/kaggle.json'
[2026-02-19T13:07:58.018+0000] {logging_mixin.py:188} WARNING - /home/airflow/.local/lib/python3.8/site-packages/airflow/models/baseoperator.py:437 AirflowProviderDeprecationWarning: `exists_ok` parameter is deprecated, please use `if_exists`
[2026-02-19T13:07:58.027+0000] {processor.py:840} INFO - DAG(s) 'ecommerce_etl_v2' retrieved from /opt/airflow/dags/etl_dag.py
[2026-02-19T13:07:58.048+0000] {logging_mixin.py:188} INFO - [2026-02-19T13:07:58.048+0000] {dag.py:3036} INFO - Sync 1 DAGs
[2026-02-19T13:07:58.060+0000] {logging_mixin.py:188} INFO - [2026-02-19T13:07:58.060+0000] {dag.py:3823} INFO - Setting next_dagrun for ecommerce_etl_v2 to 2026-02-19 13:00:00+00:00, run_after=2026-02-20 13:00:00+00:00
[2026-02-19T13:07:58.070+0000] {processor.py:183} INFO - Processing /opt/airflow/dags/etl_dag.py took 0.173 seconds
[2026-02-19T13:08:28.304+0000] {processor.py:161} INFO - Started process (PID=72106) to work on /opt/airflow/dags/etl_dag.py
[2026-02-19T13:08:28.305+0000] {processor.py:830} INFO - Processing file /opt/airflow/dags/etl_dag.py for tasks to queue
[2026-02-19T13:08:28.305+0000] {logging_mixin.py:188} INFO - [2026-02-19T13:08:28.305+0000] {dagbag.py:538} INFO - Filling up the DagBag from /opt/airflow/dags/etl_dag.py
[2026-02-19T13:08:28.348+0000] {logging_mixin.py:188} INFO - Warning: Your Kaggle API key is readable by other users on this system! To fix this, you can run 'chmod 600 /home/airflow/.kaggle/kaggle.json'
[2026-02-19T13:08:28.408+0000] {logging_mixin.py:188} WARNING - /home/airflow/.local/lib/python3.8/site-packages/airflow/models/baseoperator.py:437 AirflowProviderDeprecationWarning: `exists_ok` parameter is deprecated, please use `if_exists`
[2026-02-19T13:08:28.418+0000] {processor.py:840} INFO - DAG(s) 'ecommerce_etl_v2' retrieved from /opt/airflow/dags/etl_dag.py
[2026-02-19T13:08:28.438+0000] {logging_mixin.py:188} INFO - [2026-02-19T13:08:28.438+0000] {dag.py:3036} INFO - Sync 1 DAGs
[2026-02-19T13:08:28.449+0000] {logging_mixin.py:188} INFO - [2026-02-19T13:08:28.449+0000] {dag.py:3823} INFO - Setting next_dagrun for ecommerce_etl_v2 to 2026-02-19 13:00:00+00:00, run_after=2026-02-20 13:00:00+00:00
[2026-02-19T13:08:28.459+0000] {processor.py:183} INFO - Processing /opt/airflow/dags/etl_dag.py took 0.158 seconds
[2026-02-19T13:08:58.674+0000] {processor.py:161} INFO - Started process (PID=72137) to work on /opt/airflow/dags/etl_dag.py
[2026-02-19T13:08:58.675+0000] {processor.py:830} INFO - Processing file /opt/airflow/dags/etl_dag.py for tasks to queue
[2026-02-19T13:08:58.676+0000] {logging_mixin.py:188} INFO - [2026-02-19T13:08:58.676+0000] {dagbag.py:538} INFO - Filling up the DagBag from /opt/airflow/dags/etl_dag.py
[2026-02-19T13:08:58.722+0000] {logging_mixin.py:188} INFO - Warning: Your Kaggle API key is readable by other users on this system! To fix this, you can run 'chmod 600 /home/airflow/.kaggle/kaggle.json'
[2026-02-19T13:08:58.784+0000] {logging_mixin.py:188} WARNING - /home/airflow/.local/lib/python3.8/site-packages/airflow/models/baseoperator.py:437 AirflowProviderDeprecationWarning: `exists_ok` parameter is deprecated, please use `if_exists`
[2026-02-19T13:08:58.794+0000] {processor.py:840} INFO - DAG(s) 'ecommerce_etl_v2' retrieved from /opt/airflow/dags/etl_dag.py
[2026-02-19T13:08:58.814+0000] {logging_mixin.py:188} INFO - [2026-02-19T13:08:58.814+0000] {dag.py:3036} INFO - Sync 1 DAGs
[2026-02-19T13:08:58.825+0000] {logging_mixin.py:188} INFO - [2026-02-19T13:08:58.825+0000] {dag.py:3823} INFO - Setting next_dagrun for ecommerce_etl_v2 to 2026-02-19 13:00:00+00:00, run_after=2026-02-20 13:00:00+00:00
[2026-02-19T13:08:58.834+0000] {processor.py:183} INFO - Processing /opt/airflow/dags/etl_dag.py took 0.163 seconds
[2026-02-19T13:09:29.056+0000] {processor.py:161} INFO - Started process (PID=72168) to work on /opt/airflow/dags/etl_dag.py
[2026-02-19T13:09:29.057+0000] {processor.py:830} INFO - Processing file /opt/airflow/dags/etl_dag.py for tasks to queue
[2026-02-19T13:09:29.058+0000] {logging_mixin.py:188} INFO - [2026-02-19T13:09:29.057+0000] {dagbag.py:538} INFO - Filling up the DagBag from /opt/airflow/dags/etl_dag.py
[2026-02-19T13:09:29.104+0000] {logging_mixin.py:188} INFO - Warning: Your Kaggle API key is readable by other users on this system! To fix this, you can run 'chmod 600 /home/airflow/.kaggle/kaggle.json'
[2026-02-19T13:09:29.165+0000] {logging_mixin.py:188} WARNING - /home/airflow/.local/lib/python3.8/site-packages/airflow/models/baseoperator.py:437 AirflowProviderDeprecationWarning: `exists_ok` parameter is deprecated, please use `if_exists`
[2026-02-19T13:09:29.174+0000] {processor.py:840} INFO - DAG(s) 'ecommerce_etl_v2' retrieved from /opt/airflow/dags/etl_dag.py
[2026-02-19T13:09:29.196+0000] {logging_mixin.py:188} INFO - [2026-02-19T13:09:29.196+0000] {dag.py:3036} INFO - Sync 1 DAGs
[2026-02-19T13:09:29.210+0000] {logging_mixin.py:188} INFO - [2026-02-19T13:09:29.210+0000] {dag.py:3823} INFO - Setting next_dagrun for ecommerce_etl_v2 to 2026-02-19 13:00:00+00:00, run_after=2026-02-20 13:00:00+00:00
[2026-02-19T13:09:29.220+0000] {processor.py:183} INFO - Processing /opt/airflow/dags/etl_dag.py took 0.167 seconds
[2026-02-19T13:09:59.396+0000] {processor.py:161} INFO - Started process (PID=72199) to work on /opt/airflow/dags/etl_dag.py
[2026-02-19T13:09:59.397+0000] {processor.py:830} INFO - Processing file /opt/airflow/dags/etl_dag.py for tasks to queue
[2026-02-19T13:09:59.398+0000] {logging_mixin.py:188} INFO - [2026-02-19T13:09:59.397+0000] {dagbag.py:538} INFO - Filling up the DagBag from /opt/airflow/dags/etl_dag.py
[2026-02-19T13:09:59.439+0000] {logging_mixin.py:188} INFO - Warning: Your Kaggle API key is readable by other users on this system! To fix this, you can run 'chmod 600 /home/airflow/.kaggle/kaggle.json'
[2026-02-19T13:09:59.501+0000] {logging_mixin.py:188} WARNING - /home/airflow/.local/lib/python3.8/site-packages/airflow/models/baseoperator.py:437 AirflowProviderDeprecationWarning: `exists_ok` parameter is deprecated, please use `if_exists`
[2026-02-19T13:09:59.511+0000] {processor.py:840} INFO - DAG(s) 'ecommerce_etl_v2' retrieved from /opt/airflow/dags/etl_dag.py
[2026-02-19T13:09:59.531+0000] {logging_mixin.py:188} INFO - [2026-02-19T13:09:59.531+0000] {dag.py:3036} INFO - Sync 1 DAGs
[2026-02-19T13:09:59.542+0000] {logging_mixin.py:188} INFO - [2026-02-19T13:09:59.542+0000] {dag.py:3823} INFO - Setting next_dagrun for ecommerce_etl_v2 to 2026-02-19 13:00:00+00:00, run_after=2026-02-20 13:00:00+00:00
[2026-02-19T13:09:59.552+0000] {processor.py:183} INFO - Processing /opt/airflow/dags/etl_dag.py took 0.158 seconds
[2026-02-19T13:10:29.815+0000] {processor.py:161} INFO - Started process (PID=72230) to work on /opt/airflow/dags/etl_dag.py
[2026-02-19T13:10:29.817+0000] {processor.py:830} INFO - Processing file /opt/airflow/dags/etl_dag.py for tasks to queue
[2026-02-19T13:10:29.817+0000] {logging_mixin.py:188} INFO - [2026-02-19T13:10:29.817+0000] {dagbag.py:538} INFO - Filling up the DagBag from /opt/airflow/dags/etl_dag.py
[2026-02-19T13:10:29.865+0000] {logging_mixin.py:188} INFO - Warning: Your Kaggle API key is readable by other users on this system! To fix this, you can run 'chmod 600 /home/airflow/.kaggle/kaggle.json'
[2026-02-19T13:10:29.925+0000] {logging_mixin.py:188} WARNING - /home/airflow/.local/lib/python3.8/site-packages/airflow/models/baseoperator.py:437 AirflowProviderDeprecationWarning: `exists_ok` parameter is deprecated, please use `if_exists`
[2026-02-19T13:10:29.936+0000] {processor.py:840} INFO - DAG(s) 'ecommerce_etl_v2' retrieved from /opt/airflow/dags/etl_dag.py
[2026-02-19T13:10:29.954+0000] {logging_mixin.py:188} INFO - [2026-02-19T13:10:29.954+0000] {dag.py:3036} INFO - Sync 1 DAGs
[2026-02-19T13:10:29.967+0000] {logging_mixin.py:188} INFO - [2026-02-19T13:10:29.967+0000] {dag.py:3823} INFO - Setting next_dagrun for ecommerce_etl_v2 to 2026-02-19 13:00:00+00:00, run_after=2026-02-20 13:00:00+00:00
[2026-02-19T13:10:29.976+0000] {processor.py:183} INFO - Processing /opt/airflow/dags/etl_dag.py took 0.164 seconds
[2026-02-19T13:11:00.100+0000] {processor.py:161} INFO - Started process (PID=72261) to work on /opt/airflow/dags/etl_dag.py
[2026-02-19T13:11:00.101+0000] {processor.py:830} INFO - Processing file /opt/airflow/dags/etl_dag.py for tasks to queue
[2026-02-19T13:11:00.102+0000] {logging_mixin.py:188} INFO - [2026-02-19T13:11:00.102+0000] {dagbag.py:538} INFO - Filling up the DagBag from /opt/airflow/dags/etl_dag.py
[2026-02-19T13:11:00.156+0000] {logging_mixin.py:188} INFO - Warning: Your Kaggle API key is readable by other users on this system! To fix this, you can run 'chmod 600 /home/airflow/.kaggle/kaggle.json'
[2026-02-19T13:11:00.221+0000] {logging_mixin.py:188} WARNING - /home/airflow/.local/lib/python3.8/site-packages/airflow/models/baseoperator.py:437 AirflowProviderDeprecationWarning: `exists_ok` parameter is deprecated, please use `if_exists`
[2026-02-19T13:11:00.230+0000] {processor.py:840} INFO - DAG(s) 'ecommerce_etl_v2' retrieved from /opt/airflow/dags/etl_dag.py
[2026-02-19T13:11:00.254+0000] {logging_mixin.py:188} INFO - [2026-02-19T13:11:00.254+0000] {dag.py:3036} INFO - Sync 1 DAGs
[2026-02-19T13:11:00.268+0000] {logging_mixin.py:188} INFO - [2026-02-19T13:11:00.268+0000] {dag.py:3823} INFO - Setting next_dagrun for ecommerce_etl_v2 to 2026-02-19 13:00:00+00:00, run_after=2026-02-20 13:00:00+00:00
[2026-02-19T13:11:00.280+0000] {processor.py:183} INFO - Processing /opt/airflow/dags/etl_dag.py took 0.184 seconds
[2026-02-19T13:11:30.511+0000] {processor.py:161} INFO - Started process (PID=72292) to work on /opt/airflow/dags/etl_dag.py
[2026-02-19T13:11:30.512+0000] {processor.py:830} INFO - Processing file /opt/airflow/dags/etl_dag.py for tasks to queue
[2026-02-19T13:11:30.513+0000] {logging_mixin.py:188} INFO - [2026-02-19T13:11:30.512+0000] {dagbag.py:538} INFO - Filling up the DagBag from /opt/airflow/dags/etl_dag.py
[2026-02-19T13:11:30.575+0000] {logging_mixin.py:188} INFO - Warning: Your Kaggle API key is readable by other users on this system! To fix this, you can run 'chmod 600 /home/airflow/.kaggle/kaggle.json'
[2026-02-19T13:11:30.643+0000] {logging_mixin.py:188} WARNING - /home/airflow/.local/lib/python3.8/site-packages/airflow/models/baseoperator.py:437 AirflowProviderDeprecationWarning: `exists_ok` parameter is deprecated, please use `if_exists`
[2026-02-19T13:11:30.654+0000] {processor.py:840} INFO - DAG(s) 'ecommerce_etl_v2' retrieved from /opt/airflow/dags/etl_dag.py
[2026-02-19T13:11:30.679+0000] {logging_mixin.py:188} INFO - [2026-02-19T13:11:30.679+0000] {dag.py:3036} INFO - Sync 1 DAGs
[2026-02-19T13:11:30.692+0000] {logging_mixin.py:188} INFO - [2026-02-19T13:11:30.692+0000] {dag.py:3823} INFO - Setting next_dagrun for ecommerce_etl_v2 to 2026-02-19 13:00:00+00:00, run_after=2026-02-20 13:00:00+00:00
[2026-02-19T13:11:30.702+0000] {processor.py:183} INFO - Processing /opt/airflow/dags/etl_dag.py took 0.195 seconds
[2026-02-19T13:12:00.744+0000] {processor.py:161} INFO - Started process (PID=72323) to work on /opt/airflow/dags/etl_dag.py
[2026-02-19T13:12:00.744+0000] {processor.py:830} INFO - Processing file /opt/airflow/dags/etl_dag.py for tasks to queue
[2026-02-19T13:12:00.745+0000] {logging_mixin.py:188} INFO - [2026-02-19T13:12:00.745+0000] {dagbag.py:538} INFO - Filling up the DagBag from /opt/airflow/dags/etl_dag.py
[2026-02-19T13:12:00.784+0000] {logging_mixin.py:188} INFO - Warning: Your Kaggle API key is readable by other users on this system! To fix this, you can run 'chmod 600 /home/airflow/.kaggle/kaggle.json'
[2026-02-19T13:12:00.845+0000] {logging_mixin.py:188} WARNING - /home/airflow/.local/lib/python3.8/site-packages/airflow/models/baseoperator.py:437 AirflowProviderDeprecationWarning: `exists_ok` parameter is deprecated, please use `if_exists`
[2026-02-19T13:12:00.856+0000] {processor.py:840} INFO - DAG(s) 'ecommerce_etl_v2' retrieved from /opt/airflow/dags/etl_dag.py
[2026-02-19T13:12:00.876+0000] {logging_mixin.py:188} INFO - [2026-02-19T13:12:00.876+0000] {dag.py:3036} INFO - Sync 1 DAGs
[2026-02-19T13:12:00.887+0000] {logging_mixin.py:188} INFO - [2026-02-19T13:12:00.887+0000] {dag.py:3823} INFO - Setting next_dagrun for ecommerce_etl_v2 to 2026-02-19 13:00:00+00:00, run_after=2026-02-20 13:00:00+00:00
[2026-02-19T13:12:00.896+0000] {processor.py:183} INFO - Processing /opt/airflow/dags/etl_dag.py took 0.155 seconds
[2026-02-19T13:12:31.055+0000] {processor.py:161} INFO - Started process (PID=72354) to work on /opt/airflow/dags/etl_dag.py
[2026-02-19T13:12:31.057+0000] {processor.py:830} INFO - Processing file /opt/airflow/dags/etl_dag.py for tasks to queue
[2026-02-19T13:12:31.058+0000] {logging_mixin.py:188} INFO - [2026-02-19T13:12:31.057+0000] {dagbag.py:538} INFO - Filling up the DagBag from /opt/airflow/dags/etl_dag.py
[2026-02-19T13:12:31.106+0000] {logging_mixin.py:188} INFO - Warning: Your Kaggle API key is readable by other users on this system! To fix this, you can run 'chmod 600 /home/airflow/.kaggle/kaggle.json'
[2026-02-19T13:12:31.167+0000] {logging_mixin.py:188} WARNING - /home/airflow/.local/lib/python3.8/site-packages/airflow/models/baseoperator.py:437 AirflowProviderDeprecationWarning: `exists_ok` parameter is deprecated, please use `if_exists`
[2026-02-19T13:12:31.177+0000] {processor.py:840} INFO - DAG(s) 'ecommerce_etl_v2' retrieved from /opt/airflow/dags/etl_dag.py
[2026-02-19T13:12:31.196+0000] {logging_mixin.py:188} INFO - [2026-02-19T13:12:31.196+0000] {dag.py:3036} INFO - Sync 1 DAGs
[2026-02-19T13:12:31.207+0000] {logging_mixin.py:188} INFO - [2026-02-19T13:12:31.207+0000] {dag.py:3823} INFO - Setting next_dagrun for ecommerce_etl_v2 to 2026-02-19 13:00:00+00:00, run_after=2026-02-20 13:00:00+00:00
[2026-02-19T13:12:31.215+0000] {processor.py:183} INFO - Processing /opt/airflow/dags/etl_dag.py took 0.165 seconds
[2026-02-19T13:13:01.483+0000] {processor.py:161} INFO - Started process (PID=72385) to work on /opt/airflow/dags/etl_dag.py
[2026-02-19T13:13:01.484+0000] {processor.py:830} INFO - Processing file /opt/airflow/dags/etl_dag.py for tasks to queue
[2026-02-19T13:13:01.485+0000] {logging_mixin.py:188} INFO - [2026-02-19T13:13:01.484+0000] {dagbag.py:538} INFO - Filling up the DagBag from /opt/airflow/dags/etl_dag.py
[2026-02-19T13:13:01.536+0000] {logging_mixin.py:188} INFO - Warning: Your Kaggle API key is readable by other users on this system! To fix this, you can run 'chmod 600 /home/airflow/.kaggle/kaggle.json'
[2026-02-19T13:13:01.598+0000] {logging_mixin.py:188} WARNING - /home/airflow/.local/lib/python3.8/site-packages/airflow/models/baseoperator.py:437 AirflowProviderDeprecationWarning: `exists_ok` parameter is deprecated, please use `if_exists`
[2026-02-19T13:13:01.607+0000] {processor.py:840} INFO - DAG(s) 'ecommerce_etl_v2' retrieved from /opt/airflow/dags/etl_dag.py
[2026-02-19T13:13:01.628+0000] {logging_mixin.py:188} INFO - [2026-02-19T13:13:01.628+0000] {dag.py:3036} INFO - Sync 1 DAGs
[2026-02-19T13:13:01.638+0000] {logging_mixin.py:188} INFO - [2026-02-19T13:13:01.638+0000] {dag.py:3823} INFO - Setting next_dagrun for ecommerce_etl_v2 to 2026-02-19 13:00:00+00:00, run_after=2026-02-20 13:00:00+00:00
[2026-02-19T13:13:01.647+0000] {processor.py:183} INFO - Processing /opt/airflow/dags/etl_dag.py took 0.168 seconds
[2026-02-19T13:13:31.875+0000] {processor.py:161} INFO - Started process (PID=72416) to work on /opt/airflow/dags/etl_dag.py
[2026-02-19T13:13:31.876+0000] {processor.py:830} INFO - Processing file /opt/airflow/dags/etl_dag.py for tasks to queue
[2026-02-19T13:13:31.877+0000] {logging_mixin.py:188} INFO - [2026-02-19T13:13:31.877+0000] {dagbag.py:538} INFO - Filling up the DagBag from /opt/airflow/dags/etl_dag.py
[2026-02-19T13:13:31.926+0000] {logging_mixin.py:188} INFO - Warning: Your Kaggle API key is readable by other users on this system! To fix this, you can run 'chmod 600 /home/airflow/.kaggle/kaggle.json'
[2026-02-19T13:13:31.989+0000] {logging_mixin.py:188} WARNING - /home/airflow/.local/lib/python3.8/site-packages/airflow/models/baseoperator.py:437 AirflowProviderDeprecationWarning: `exists_ok` parameter is deprecated, please use `if_exists`
[2026-02-19T13:13:31.998+0000] {processor.py:840} INFO - DAG(s) 'ecommerce_etl_v2' retrieved from /opt/airflow/dags/etl_dag.py
[2026-02-19T13:13:32.018+0000] {logging_mixin.py:188} INFO - [2026-02-19T13:13:32.017+0000] {dag.py:3036} INFO - Sync 1 DAGs
[2026-02-19T13:13:32.029+0000] {logging_mixin.py:188} INFO - [2026-02-19T13:13:32.029+0000] {dag.py:3823} INFO - Setting next_dagrun for ecommerce_etl_v2 to 2026-02-19 13:00:00+00:00, run_after=2026-02-20 13:00:00+00:00
[2026-02-19T13:13:32.039+0000] {processor.py:183} INFO - Processing /opt/airflow/dags/etl_dag.py took 0.167 seconds
[2026-02-19T13:14:02.260+0000] {processor.py:161} INFO - Started process (PID=72447) to work on /opt/airflow/dags/etl_dag.py
[2026-02-19T13:14:02.262+0000] {processor.py:830} INFO - Processing file /opt/airflow/dags/etl_dag.py for tasks to queue
[2026-02-19T13:14:02.263+0000] {logging_mixin.py:188} INFO - [2026-02-19T13:14:02.262+0000] {dagbag.py:538} INFO - Filling up the DagBag from /opt/airflow/dags/etl_dag.py
[2026-02-19T13:14:02.309+0000] {logging_mixin.py:188} INFO - Warning: Your Kaggle API key is readable by other users on this system! To fix this, you can run 'chmod 600 /home/airflow/.kaggle/kaggle.json'
[2026-02-19T13:14:02.372+0000] {logging_mixin.py:188} WARNING - /home/airflow/.local/lib/python3.8/site-packages/airflow/models/baseoperator.py:437 AirflowProviderDeprecationWarning: `exists_ok` parameter is deprecated, please use `if_exists`
[2026-02-19T13:14:02.382+0000] {processor.py:840} INFO - DAG(s) 'ecommerce_etl_v2' retrieved from /opt/airflow/dags/etl_dag.py
[2026-02-19T13:14:02.401+0000] {logging_mixin.py:188} INFO - [2026-02-19T13:14:02.401+0000] {dag.py:3036} INFO - Sync 1 DAGs
[2026-02-19T13:14:02.412+0000] {logging_mixin.py:188} INFO - [2026-02-19T13:14:02.412+0000] {dag.py:3823} INFO - Setting next_dagrun for ecommerce_etl_v2 to 2026-02-19 13:00:00+00:00, run_after=2026-02-20 13:00:00+00:00
[2026-02-19T13:14:02.421+0000] {processor.py:183} INFO - Processing /opt/airflow/dags/etl_dag.py took 0.165 seconds
[2026-02-19T13:14:32.655+0000] {processor.py:161} INFO - Started process (PID=72478) to work on /opt/airflow/dags/etl_dag.py
[2026-02-19T13:14:32.656+0000] {processor.py:830} INFO - Processing file /opt/airflow/dags/etl_dag.py for tasks to queue
[2026-02-19T13:14:32.657+0000] {logging_mixin.py:188} INFO - [2026-02-19T13:14:32.657+0000] {dagbag.py:538} INFO - Filling up the DagBag from /opt/airflow/dags/etl_dag.py
[2026-02-19T13:14:32.703+0000] {logging_mixin.py:188} INFO - Warning: Your Kaggle API key is readable by other users on this system! To fix this, you can run 'chmod 600 /home/airflow/.kaggle/kaggle.json'
[2026-02-19T13:14:32.763+0000] {logging_mixin.py:188} WARNING - /home/airflow/.local/lib/python3.8/site-packages/airflow/models/baseoperator.py:437 AirflowProviderDeprecationWarning: `exists_ok` parameter is deprecated, please use `if_exists`
[2026-02-19T13:14:32.773+0000] {processor.py:840} INFO - DAG(s) 'ecommerce_etl_v2' retrieved from /opt/airflow/dags/etl_dag.py
[2026-02-19T13:14:32.791+0000] {logging_mixin.py:188} INFO - [2026-02-19T13:14:32.791+0000] {dag.py:3036} INFO - Sync 1 DAGs
[2026-02-19T13:14:32.802+0000] {logging_mixin.py:188} INFO - [2026-02-19T13:14:32.802+0000] {dag.py:3823} INFO - Setting next_dagrun for ecommerce_etl_v2 to 2026-02-19 13:00:00+00:00, run_after=2026-02-20 13:00:00+00:00
[2026-02-19T13:14:32.811+0000] {processor.py:183} INFO - Processing /opt/airflow/dags/etl_dag.py took 0.159 seconds
[2026-02-19T13:15:03.024+0000] {processor.py:161} INFO - Started process (PID=72509) to work on /opt/airflow/dags/etl_dag.py
[2026-02-19T13:15:03.025+0000] {processor.py:830} INFO - Processing file /opt/airflow/dags/etl_dag.py for tasks to queue
[2026-02-19T13:15:03.026+0000] {logging_mixin.py:188} INFO - [2026-02-19T13:15:03.025+0000] {dagbag.py:538} INFO - Filling up the DagBag from /opt/airflow/dags/etl_dag.py
[2026-02-19T13:15:03.070+0000] {logging_mixin.py:188} INFO - Warning: Your Kaggle API key is readable by other users on this system! To fix this, you can run 'chmod 600 /home/airflow/.kaggle/kaggle.json'
[2026-02-19T13:15:03.130+0000] {logging_mixin.py:188} WARNING - /home/airflow/.local/lib/python3.8/site-packages/airflow/models/baseoperator.py:437 AirflowProviderDeprecationWarning: `exists_ok` parameter is deprecated, please use `if_exists`
[2026-02-19T13:15:03.138+0000] {processor.py:840} INFO - DAG(s) 'ecommerce_etl_v2' retrieved from /opt/airflow/dags/etl_dag.py
[2026-02-19T13:15:03.157+0000] {logging_mixin.py:188} INFO - [2026-02-19T13:15:03.157+0000] {dag.py:3036} INFO - Sync 1 DAGs
[2026-02-19T13:15:03.168+0000] {logging_mixin.py:188} INFO - [2026-02-19T13:15:03.168+0000] {dag.py:3823} INFO - Setting next_dagrun for ecommerce_etl_v2 to 2026-02-19 13:00:00+00:00, run_after=2026-02-20 13:00:00+00:00
[2026-02-19T13:15:03.179+0000] {processor.py:183} INFO - Processing /opt/airflow/dags/etl_dag.py took 0.158 seconds
[2026-02-19T13:15:33.424+0000] {processor.py:161} INFO - Started process (PID=72540) to work on /opt/airflow/dags/etl_dag.py
[2026-02-19T13:15:33.426+0000] {processor.py:830} INFO - Processing file /opt/airflow/dags/etl_dag.py for tasks to queue
[2026-02-19T13:15:33.427+0000] {logging_mixin.py:188} INFO - [2026-02-19T13:15:33.426+0000] {dagbag.py:538} INFO - Filling up the DagBag from /opt/airflow/dags/etl_dag.py
[2026-02-19T13:15:33.475+0000] {logging_mixin.py:188} INFO - Warning: Your Kaggle API key is readable by other users on this system! To fix this, you can run 'chmod 600 /home/airflow/.kaggle/kaggle.json'
[2026-02-19T13:15:33.536+0000] {logging_mixin.py:188} WARNING - /home/airflow/.local/lib/python3.8/site-packages/airflow/models/baseoperator.py:437 AirflowProviderDeprecationWarning: `exists_ok` parameter is deprecated, please use `if_exists`
[2026-02-19T13:15:33.546+0000] {processor.py:840} INFO - DAG(s) 'ecommerce_etl_v2' retrieved from /opt/airflow/dags/etl_dag.py
[2026-02-19T13:15:33.565+0000] {logging_mixin.py:188} INFO - [2026-02-19T13:15:33.565+0000] {dag.py:3036} INFO - Sync 1 DAGs
[2026-02-19T13:15:33.576+0000] {logging_mixin.py:188} INFO - [2026-02-19T13:15:33.576+0000] {dag.py:3823} INFO - Setting next_dagrun for ecommerce_etl_v2 to 2026-02-19 13:00:00+00:00, run_after=2026-02-20 13:00:00+00:00
[2026-02-19T13:15:33.586+0000] {processor.py:183} INFO - Processing /opt/airflow/dags/etl_dag.py took 0.165 seconds
[2026-02-19T13:16:03.753+0000] {processor.py:161} INFO - Started process (PID=72571) to work on /opt/airflow/dags/etl_dag.py
[2026-02-19T13:16:03.754+0000] {processor.py:830} INFO - Processing file /opt/airflow/dags/etl_dag.py for tasks to queue
[2026-02-19T13:16:03.754+0000] {logging_mixin.py:188} INFO - [2026-02-19T13:16:03.754+0000] {dagbag.py:538} INFO - Filling up the DagBag from /opt/airflow/dags/etl_dag.py
[2026-02-19T13:16:03.798+0000] {logging_mixin.py:188} INFO - Warning: Your Kaggle API key is readable by other users on this system! To fix this, you can run 'chmod 600 /home/airflow/.kaggle/kaggle.json'
[2026-02-19T13:16:03.858+0000] {logging_mixin.py:188} WARNING - /home/airflow/.local/lib/python3.8/site-packages/airflow/models/baseoperator.py:437 AirflowProviderDeprecationWarning: `exists_ok` parameter is deprecated, please use `if_exists`
[2026-02-19T13:16:03.867+0000] {processor.py:840} INFO - DAG(s) 'ecommerce_etl_v2' retrieved from /opt/airflow/dags/etl_dag.py
[2026-02-19T13:16:03.887+0000] {logging_mixin.py:188} INFO - [2026-02-19T13:16:03.886+0000] {dag.py:3036} INFO - Sync 1 DAGs
[2026-02-19T13:16:03.898+0000] {logging_mixin.py:188} INFO - [2026-02-19T13:16:03.898+0000] {dag.py:3823} INFO - Setting next_dagrun for ecommerce_etl_v2 to 2026-02-19 13:00:00+00:00, run_after=2026-02-20 13:00:00+00:00
[2026-02-19T13:16:03.909+0000] {processor.py:183} INFO - Processing /opt/airflow/dags/etl_dag.py took 0.159 seconds
[2026-02-19T13:16:34.038+0000] {processor.py:161} INFO - Started process (PID=72602) to work on /opt/airflow/dags/etl_dag.py
[2026-02-19T13:16:34.039+0000] {processor.py:830} INFO - Processing file /opt/airflow/dags/etl_dag.py for tasks to queue
[2026-02-19T13:16:34.039+0000] {logging_mixin.py:188} INFO - [2026-02-19T13:16:34.039+0000] {dagbag.py:538} INFO - Filling up the DagBag from /opt/airflow/dags/etl_dag.py
[2026-02-19T13:16:34.074+0000] {logging_mixin.py:188} INFO - Warning: Your Kaggle API key is readable by other users on this system! To fix this, you can run 'chmod 600 /home/airflow/.kaggle/kaggle.json'
[2026-02-19T13:16:34.134+0000] {logging_mixin.py:188} WARNING - /home/airflow/.local/lib/python3.8/site-packages/airflow/models/baseoperator.py:437 AirflowProviderDeprecationWarning: `exists_ok` parameter is deprecated, please use `if_exists`
[2026-02-19T13:16:34.143+0000] {processor.py:840} INFO - DAG(s) 'ecommerce_etl_v2' retrieved from /opt/airflow/dags/etl_dag.py
[2026-02-19T13:16:34.162+0000] {logging_mixin.py:188} INFO - [2026-02-19T13:16:34.161+0000] {dag.py:3036} INFO - Sync 1 DAGs
[2026-02-19T13:16:34.172+0000] {logging_mixin.py:188} INFO - [2026-02-19T13:16:34.172+0000] {dag.py:3823} INFO - Setting next_dagrun for ecommerce_etl_v2 to 2026-02-19 13:00:00+00:00, run_after=2026-02-20 13:00:00+00:00
[2026-02-19T13:16:34.181+0000] {processor.py:183} INFO - Processing /opt/airflow/dags/etl_dag.py took 0.144 seconds
[2026-02-19T13:17:04.635+0000] {processor.py:161} INFO - Started process (PID=72633) to work on /opt/airflow/dags/etl_dag.py
[2026-02-19T13:17:04.636+0000] {processor.py:830} INFO - Processing file /opt/airflow/dags/etl_dag.py for tasks to queue
[2026-02-19T13:17:04.637+0000] {logging_mixin.py:188} INFO - [2026-02-19T13:17:04.636+0000] {dagbag.py:538} INFO - Filling up the DagBag from /opt/airflow/dags/etl_dag.py
[2026-02-19T13:17:04.686+0000] {logging_mixin.py:188} INFO - Warning: Your Kaggle API key is readable by other users on this system! To fix this, you can run 'chmod 600 /home/airflow/.kaggle/kaggle.json'
[2026-02-19T13:17:04.751+0000] {logging_mixin.py:188} WARNING - /home/airflow/.local/lib/python3.8/site-packages/airflow/models/baseoperator.py:437 AirflowProviderDeprecationWarning: `exists_ok` parameter is deprecated, please use `if_exists`
[2026-02-19T13:17:04.762+0000] {processor.py:840} INFO - DAG(s) 'ecommerce_etl_v2' retrieved from /opt/airflow/dags/etl_dag.py
[2026-02-19T13:17:04.785+0000] {logging_mixin.py:188} INFO - [2026-02-19T13:17:04.785+0000] {dag.py:3036} INFO - Sync 1 DAGs
[2026-02-19T13:17:04.798+0000] {logging_mixin.py:188} INFO - [2026-02-19T13:17:04.798+0000] {dag.py:3823} INFO - Setting next_dagrun for ecommerce_etl_v2 to 2026-02-19 13:00:00+00:00, run_after=2026-02-20 13:00:00+00:00
[2026-02-19T13:17:04.809+0000] {processor.py:183} INFO - Processing /opt/airflow/dags/etl_dag.py took 0.178 seconds
[2026-02-19T13:38:55.192+0000] {processor.py:161} INFO - Started process (PID=72666) to work on /opt/airflow/dags/etl_dag.py
[2026-02-19T13:38:55.193+0000] {processor.py:830} INFO - Processing file /opt/airflow/dags/etl_dag.py for tasks to queue
[2026-02-19T13:38:55.194+0000] {logging_mixin.py:188} INFO - [2026-02-19T13:38:55.194+0000] {dagbag.py:538} INFO - Filling up the DagBag from /opt/airflow/dags/etl_dag.py
[2026-02-19T13:38:55.258+0000] {logging_mixin.py:188} INFO - Warning: Your Kaggle API key is readable by other users on this system! To fix this, you can run 'chmod 600 /home/airflow/.kaggle/kaggle.json'
[2026-02-19T13:38:55.337+0000] {logging_mixin.py:188} WARNING - /home/airflow/.local/lib/python3.8/site-packages/airflow/models/baseoperator.py:437 AirflowProviderDeprecationWarning: `exists_ok` parameter is deprecated, please use `if_exists`
[2026-02-19T13:38:55.353+0000] {processor.py:840} INFO - DAG(s) 'ecommerce_etl_v2' retrieved from /opt/airflow/dags/etl_dag.py
[2026-02-19T13:38:55.382+0000] {logging_mixin.py:188} INFO - [2026-02-19T13:38:55.382+0000] {dag.py:3036} INFO - Sync 1 DAGs
[2026-02-19T13:38:55.400+0000] {logging_mixin.py:188} INFO - [2026-02-19T13:38:55.399+0000] {dag.py:3823} INFO - Setting next_dagrun for ecommerce_etl_v2 to 2026-02-19 13:00:00+00:00, run_after=2026-02-20 13:00:00+00:00
[2026-02-19T13:38:55.416+0000] {processor.py:183} INFO - Processing /opt/airflow/dags/etl_dag.py took 0.228 seconds
[2026-02-19T13:39:25.658+0000] {processor.py:161} INFO - Started process (PID=72697) to work on /opt/airflow/dags/etl_dag.py
[2026-02-19T13:39:25.659+0000] {processor.py:830} INFO - Processing file /opt/airflow/dags/etl_dag.py for tasks to queue
[2026-02-19T13:39:25.659+0000] {logging_mixin.py:188} INFO - [2026-02-19T13:39:25.659+0000] {dagbag.py:538} INFO - Filling up the DagBag from /opt/airflow/dags/etl_dag.py
[2026-02-19T13:39:25.696+0000] {logging_mixin.py:188} INFO - Warning: Your Kaggle API key is readable by other users on this system! To fix this, you can run 'chmod 600 /home/airflow/.kaggle/kaggle.json'
[2026-02-19T13:39:25.755+0000] {logging_mixin.py:188} WARNING - /home/airflow/.local/lib/python3.8/site-packages/airflow/models/baseoperator.py:437 AirflowProviderDeprecationWarning: `exists_ok` parameter is deprecated, please use `if_exists`
[2026-02-19T13:39:25.763+0000] {processor.py:840} INFO - DAG(s) 'ecommerce_etl_v2' retrieved from /opt/airflow/dags/etl_dag.py
[2026-02-19T13:39:25.782+0000] {logging_mixin.py:188} INFO - [2026-02-19T13:39:25.781+0000] {dag.py:3036} INFO - Sync 1 DAGs
[2026-02-19T13:39:25.791+0000] {logging_mixin.py:188} INFO - [2026-02-19T13:39:25.791+0000] {dag.py:3823} INFO - Setting next_dagrun for ecommerce_etl_v2 to 2026-02-19 13:00:00+00:00, run_after=2026-02-20 13:00:00+00:00
[2026-02-19T13:39:25.800+0000] {processor.py:183} INFO - Processing /opt/airflow/dags/etl_dag.py took 0.143 seconds
[2026-02-19T13:42:24.596+0000] {processor.py:161} INFO - Started process (PID=72728) to work on /opt/airflow/dags/etl_dag.py
[2026-02-19T13:42:24.597+0000] {processor.py:830} INFO - Processing file /opt/airflow/dags/etl_dag.py for tasks to queue
[2026-02-19T13:42:24.597+0000] {logging_mixin.py:188} INFO - [2026-02-19T13:42:24.597+0000] {dagbag.py:538} INFO - Filling up the DagBag from /opt/airflow/dags/etl_dag.py
[2026-02-19T13:42:24.648+0000] {logging_mixin.py:188} INFO - Warning: Your Kaggle API key is readable by other users on this system! To fix this, you can run 'chmod 600 /home/airflow/.kaggle/kaggle.json'
[2026-02-19T13:42:24.720+0000] {logging_mixin.py:188} WARNING - /home/airflow/.local/lib/python3.8/site-packages/airflow/models/baseoperator.py:437 AirflowProviderDeprecationWarning: `exists_ok` parameter is deprecated, please use `if_exists`
[2026-02-19T13:42:24.732+0000] {processor.py:840} INFO - DAG(s) 'ecommerce_etl_v2' retrieved from /opt/airflow/dags/etl_dag.py
[2026-02-19T13:42:24.755+0000] {logging_mixin.py:188} INFO - [2026-02-19T13:42:24.755+0000] {dag.py:3036} INFO - Sync 1 DAGs
[2026-02-19T13:42:24.771+0000] {logging_mixin.py:188} INFO - [2026-02-19T13:42:24.771+0000] {dag.py:3823} INFO - Setting next_dagrun for ecommerce_etl_v2 to 2026-02-19 13:00:00+00:00, run_after=2026-02-20 13:00:00+00:00
[2026-02-19T13:42:24.786+0000] {processor.py:183} INFO - Processing /opt/airflow/dags/etl_dag.py took 0.193 seconds
[2026-02-19T13:42:54.903+0000] {processor.py:161} INFO - Started process (PID=72759) to work on /opt/airflow/dags/etl_dag.py
[2026-02-19T13:42:54.904+0000] {processor.py:830} INFO - Processing file /opt/airflow/dags/etl_dag.py for tasks to queue
[2026-02-19T13:42:54.905+0000] {logging_mixin.py:188} INFO - [2026-02-19T13:42:54.904+0000] {dagbag.py:538} INFO - Filling up the DagBag from /opt/airflow/dags/etl_dag.py
[2026-02-19T13:42:54.950+0000] {logging_mixin.py:188} INFO - Warning: Your Kaggle API key is readable by other users on this system! To fix this, you can run 'chmod 600 /home/airflow/.kaggle/kaggle.json'
[2026-02-19T13:42:55.010+0000] {logging_mixin.py:188} WARNING - /home/airflow/.local/lib/python3.8/site-packages/airflow/models/baseoperator.py:437 AirflowProviderDeprecationWarning: `exists_ok` parameter is deprecated, please use `if_exists`
[2026-02-19T13:42:55.020+0000] {processor.py:840} INFO - DAG(s) 'ecommerce_etl_v2' retrieved from /opt/airflow/dags/etl_dag.py
[2026-02-19T13:42:55.039+0000] {logging_mixin.py:188} INFO - [2026-02-19T13:42:55.039+0000] {dag.py:3036} INFO - Sync 1 DAGs
[2026-02-19T13:42:55.051+0000] {logging_mixin.py:188} INFO - [2026-02-19T13:42:55.051+0000] {dag.py:3823} INFO - Setting next_dagrun for ecommerce_etl_v2 to 2026-02-19 13:00:00+00:00, run_after=2026-02-20 13:00:00+00:00
[2026-02-19T13:42:55.060+0000] {processor.py:183} INFO - Processing /opt/airflow/dags/etl_dag.py took 0.162 seconds
[2026-02-19T13:43:25.270+0000] {processor.py:161} INFO - Started process (PID=72790) to work on /opt/airflow/dags/etl_dag.py
[2026-02-19T13:43:25.272+0000] {processor.py:830} INFO - Processing file /opt/airflow/dags/etl_dag.py for tasks to queue
[2026-02-19T13:43:25.273+0000] {logging_mixin.py:188} INFO - [2026-02-19T13:43:25.272+0000] {dagbag.py:538} INFO - Filling up the DagBag from /opt/airflow/dags/etl_dag.py
[2026-02-19T13:43:25.318+0000] {logging_mixin.py:188} INFO - Warning: Your Kaggle API key is readable by other users on this system! To fix this, you can run 'chmod 600 /home/airflow/.kaggle/kaggle.json'
[2026-02-19T13:43:25.379+0000] {logging_mixin.py:188} WARNING - /home/airflow/.local/lib/python3.8/site-packages/airflow/models/baseoperator.py:437 AirflowProviderDeprecationWarning: `exists_ok` parameter is deprecated, please use `if_exists`
[2026-02-19T13:43:25.390+0000] {processor.py:840} INFO - DAG(s) 'ecommerce_etl_v2' retrieved from /opt/airflow/dags/etl_dag.py
[2026-02-19T13:43:25.409+0000] {logging_mixin.py:188} INFO - [2026-02-19T13:43:25.409+0000] {dag.py:3036} INFO - Sync 1 DAGs
[2026-02-19T13:43:25.420+0000] {logging_mixin.py:188} INFO - [2026-02-19T13:43:25.420+0000] {dag.py:3823} INFO - Setting next_dagrun for ecommerce_etl_v2 to 2026-02-19 13:00:00+00:00, run_after=2026-02-20 13:00:00+00:00
[2026-02-19T13:43:25.429+0000] {processor.py:183} INFO - Processing /opt/airflow/dags/etl_dag.py took 0.163 seconds
[2026-02-19T13:43:55.531+0000] {processor.py:161} INFO - Started process (PID=72821) to work on /opt/airflow/dags/etl_dag.py
[2026-02-19T13:43:55.532+0000] {processor.py:830} INFO - Processing file /opt/airflow/dags/etl_dag.py for tasks to queue
[2026-02-19T13:43:55.532+0000] {logging_mixin.py:188} INFO - [2026-02-19T13:43:55.532+0000] {dagbag.py:538} INFO - Filling up the DagBag from /opt/airflow/dags/etl_dag.py
[2026-02-19T13:43:55.579+0000] {logging_mixin.py:188} INFO - Warning: Your Kaggle API key is readable by other users on this system! To fix this, you can run 'chmod 600 /home/airflow/.kaggle/kaggle.json'
[2026-02-19T13:43:55.643+0000] {logging_mixin.py:188} WARNING - /home/airflow/.local/lib/python3.8/site-packages/airflow/models/baseoperator.py:437 AirflowProviderDeprecationWarning: `exists_ok` parameter is deprecated, please use `if_exists`
[2026-02-19T13:43:55.655+0000] {processor.py:840} INFO - DAG(s) 'ecommerce_etl_v2' retrieved from /opt/airflow/dags/etl_dag.py
[2026-02-19T13:43:55.679+0000] {logging_mixin.py:188} INFO - [2026-02-19T13:43:55.679+0000] {dag.py:3036} INFO - Sync 1 DAGs
[2026-02-19T13:43:55.693+0000] {logging_mixin.py:188} INFO - [2026-02-19T13:43:55.693+0000] {dag.py:3823} INFO - Setting next_dagrun for ecommerce_etl_v2 to 2026-02-19 13:00:00+00:00, run_after=2026-02-20 13:00:00+00:00
[2026-02-19T13:43:55.705+0000] {processor.py:183} INFO - Processing /opt/airflow/dags/etl_dag.py took 0.177 seconds
[2026-02-19T13:44:25.993+0000] {processor.py:161} INFO - Started process (PID=72852) to work on /opt/airflow/dags/etl_dag.py
[2026-02-19T13:44:25.995+0000] {processor.py:830} INFO - Processing file /opt/airflow/dags/etl_dag.py for tasks to queue
[2026-02-19T13:44:25.996+0000] {logging_mixin.py:188} INFO - [2026-02-19T13:44:25.996+0000] {dagbag.py:538} INFO - Filling up the DagBag from /opt/airflow/dags/etl_dag.py
[2026-02-19T13:44:26.045+0000] {logging_mixin.py:188} INFO - Warning: Your Kaggle API key is readable by other users on this system! To fix this, you can run 'chmod 600 /home/airflow/.kaggle/kaggle.json'
[2026-02-19T13:44:26.111+0000] {logging_mixin.py:188} WARNING - /home/airflow/.local/lib/python3.8/site-packages/airflow/models/baseoperator.py:437 AirflowProviderDeprecationWarning: `exists_ok` parameter is deprecated, please use `if_exists`
[2026-02-19T13:44:26.122+0000] {processor.py:840} INFO - DAG(s) 'ecommerce_etl_v2' retrieved from /opt/airflow/dags/etl_dag.py
[2026-02-19T13:44:26.144+0000] {logging_mixin.py:188} INFO - [2026-02-19T13:44:26.144+0000] {dag.py:3036} INFO - Sync 1 DAGs
[2026-02-19T13:44:26.156+0000] {logging_mixin.py:188} INFO - [2026-02-19T13:44:26.155+0000] {dag.py:3823} INFO - Setting next_dagrun for ecommerce_etl_v2 to 2026-02-19 13:00:00+00:00, run_after=2026-02-20 13:00:00+00:00
[2026-02-19T13:44:26.165+0000] {processor.py:183} INFO - Processing /opt/airflow/dags/etl_dag.py took 0.176 seconds
[2026-02-19T13:44:56.344+0000] {processor.py:161} INFO - Started process (PID=72883) to work on /opt/airflow/dags/etl_dag.py
[2026-02-19T13:44:56.345+0000] {processor.py:830} INFO - Processing file /opt/airflow/dags/etl_dag.py for tasks to queue
[2026-02-19T13:44:56.346+0000] {logging_mixin.py:188} INFO - [2026-02-19T13:44:56.346+0000] {dagbag.py:538} INFO - Filling up the DagBag from /opt/airflow/dags/etl_dag.py
[2026-02-19T13:44:56.394+0000] {logging_mixin.py:188} INFO - Warning: Your Kaggle API key is readable by other users on this system! To fix this, you can run 'chmod 600 /home/airflow/.kaggle/kaggle.json'
[2026-02-19T13:44:56.457+0000] {logging_mixin.py:188} WARNING - /home/airflow/.local/lib/python3.8/site-packages/airflow/models/baseoperator.py:437 AirflowProviderDeprecationWarning: `exists_ok` parameter is deprecated, please use `if_exists`
[2026-02-19T13:44:56.467+0000] {processor.py:840} INFO - DAG(s) 'ecommerce_etl_v2' retrieved from /opt/airflow/dags/etl_dag.py
[2026-02-19T13:44:56.488+0000] {logging_mixin.py:188} INFO - [2026-02-19T13:44:56.487+0000] {dag.py:3036} INFO - Sync 1 DAGs
[2026-02-19T13:44:56.499+0000] {logging_mixin.py:188} INFO - [2026-02-19T13:44:56.499+0000] {dag.py:3823} INFO - Setting next_dagrun for ecommerce_etl_v2 to 2026-02-19 13:00:00+00:00, run_after=2026-02-20 13:00:00+00:00
[2026-02-19T13:44:56.508+0000] {processor.py:183} INFO - Processing /opt/airflow/dags/etl_dag.py took 0.166 seconds
[2026-02-19T13:45:26.796+0000] {processor.py:161} INFO - Started process (PID=72914) to work on /opt/airflow/dags/etl_dag.py
[2026-02-19T13:45:26.797+0000] {processor.py:830} INFO - Processing file /opt/airflow/dags/etl_dag.py for tasks to queue
[2026-02-19T13:45:26.798+0000] {logging_mixin.py:188} INFO - [2026-02-19T13:45:26.798+0000] {dagbag.py:538} INFO - Filling up the DagBag from /opt/airflow/dags/etl_dag.py
[2026-02-19T13:45:26.842+0000] {logging_mixin.py:188} INFO - Warning: Your Kaggle API key is readable by other users on this system! To fix this, you can run 'chmod 600 /home/airflow/.kaggle/kaggle.json'
[2026-02-19T13:45:26.904+0000] {logging_mixin.py:188} WARNING - /home/airflow/.local/lib/python3.8/site-packages/airflow/models/baseoperator.py:437 AirflowProviderDeprecationWarning: `exists_ok` parameter is deprecated, please use `if_exists`
[2026-02-19T13:45:26.913+0000] {processor.py:840} INFO - DAG(s) 'ecommerce_etl_v2' retrieved from /opt/airflow/dags/etl_dag.py
[2026-02-19T13:45:26.932+0000] {logging_mixin.py:188} INFO - [2026-02-19T13:45:26.932+0000] {dag.py:3036} INFO - Sync 1 DAGs
[2026-02-19T13:45:26.942+0000] {logging_mixin.py:188} INFO - [2026-02-19T13:45:26.942+0000] {dag.py:3823} INFO - Setting next_dagrun for ecommerce_etl_v2 to 2026-02-19 13:00:00+00:00, run_after=2026-02-20 13:00:00+00:00
[2026-02-19T13:45:26.952+0000] {processor.py:183} INFO - Processing /opt/airflow/dags/etl_dag.py took 0.160 seconds
[2026-02-19T13:45:57.125+0000] {processor.py:161} INFO - Started process (PID=72945) to work on /opt/airflow/dags/etl_dag.py
[2026-02-19T13:45:57.127+0000] {processor.py:830} INFO - Processing file /opt/airflow/dags/etl_dag.py for tasks to queue
[2026-02-19T13:45:57.128+0000] {logging_mixin.py:188} INFO - [2026-02-19T13:45:57.128+0000] {dagbag.py:538} INFO - Filling up the DagBag from /opt/airflow/dags/etl_dag.py
[2026-02-19T13:45:57.177+0000] {logging_mixin.py:188} INFO - Warning: Your Kaggle API key is readable by other users on this system! To fix this, you can run 'chmod 600 /home/airflow/.kaggle/kaggle.json'
[2026-02-19T13:45:57.237+0000] {logging_mixin.py:188} WARNING - /home/airflow/.local/lib/python3.8/site-packages/airflow/models/baseoperator.py:437 AirflowProviderDeprecationWarning: `exists_ok` parameter is deprecated, please use `if_exists`
[2026-02-19T13:45:57.246+0000] {processor.py:840} INFO - DAG(s) 'ecommerce_etl_v2' retrieved from /opt/airflow/dags/etl_dag.py
[2026-02-19T13:45:57.265+0000] {logging_mixin.py:188} INFO - [2026-02-19T13:45:57.265+0000] {dag.py:3036} INFO - Sync 1 DAGs
[2026-02-19T13:45:57.276+0000] {logging_mixin.py:188} INFO - [2026-02-19T13:45:57.276+0000] {dag.py:3823} INFO - Setting next_dagrun for ecommerce_etl_v2 to 2026-02-19 13:00:00+00:00, run_after=2026-02-20 13:00:00+00:00
[2026-02-19T13:45:57.285+0000] {processor.py:183} INFO - Processing /opt/airflow/dags/etl_dag.py took 0.164 seconds
[2026-02-19T13:46:27.602+0000] {processor.py:161} INFO - Started process (PID=72976) to work on /opt/airflow/dags/etl_dag.py
[2026-02-19T13:46:27.603+0000] {processor.py:830} INFO - Processing file /opt/airflow/dags/etl_dag.py for tasks to queue
[2026-02-19T13:46:27.604+0000] {logging_mixin.py:188} INFO - [2026-02-19T13:46:27.603+0000] {dagbag.py:538} INFO - Filling up the DagBag from /opt/airflow/dags/etl_dag.py
[2026-02-19T13:46:27.651+0000] {logging_mixin.py:188} INFO - Warning: Your Kaggle API key is readable by other users on this system! To fix this, you can run 'chmod 600 /home/airflow/.kaggle/kaggle.json'
[2026-02-19T13:46:27.712+0000] {logging_mixin.py:188} WARNING - /home/airflow/.local/lib/python3.8/site-packages/airflow/models/baseoperator.py:437 AirflowProviderDeprecationWarning: `exists_ok` parameter is deprecated, please use `if_exists`
[2026-02-19T13:46:27.722+0000] {processor.py:840} INFO - DAG(s) 'ecommerce_etl_v2' retrieved from /opt/airflow/dags/etl_dag.py
[2026-02-19T13:46:27.741+0000] {logging_mixin.py:188} INFO - [2026-02-19T13:46:27.741+0000] {dag.py:3036} INFO - Sync 1 DAGs
[2026-02-19T13:46:27.752+0000] {logging_mixin.py:188} INFO - [2026-02-19T13:46:27.752+0000] {dag.py:3823} INFO - Setting next_dagrun for ecommerce_etl_v2 to 2026-02-19 13:00:00+00:00, run_after=2026-02-20 13:00:00+00:00
[2026-02-19T13:46:27.761+0000] {processor.py:183} INFO - Processing /opt/airflow/dags/etl_dag.py took 0.162 seconds
[2026-02-19T13:46:57.841+0000] {processor.py:161} INFO - Started process (PID=73007) to work on /opt/airflow/dags/etl_dag.py
[2026-02-19T13:46:57.842+0000] {processor.py:830} INFO - Processing file /opt/airflow/dags/etl_dag.py for tasks to queue
[2026-02-19T13:46:57.844+0000] {logging_mixin.py:188} INFO - [2026-02-19T13:46:57.843+0000] {dagbag.py:538} INFO - Filling up the DagBag from /opt/airflow/dags/etl_dag.py
[2026-02-19T13:46:57.896+0000] {logging_mixin.py:188} INFO - Warning: Your Kaggle API key is readable by other users on this system! To fix this, you can run 'chmod 600 /home/airflow/.kaggle/kaggle.json'
[2026-02-19T13:46:57.964+0000] {logging_mixin.py:188} WARNING - /home/airflow/.local/lib/python3.8/site-packages/airflow/models/baseoperator.py:437 AirflowProviderDeprecationWarning: `exists_ok` parameter is deprecated, please use `if_exists`
[2026-02-19T13:46:57.975+0000] {processor.py:840} INFO - DAG(s) 'ecommerce_etl_v2' retrieved from /opt/airflow/dags/etl_dag.py
[2026-02-19T13:46:58.005+0000] {logging_mixin.py:188} INFO - [2026-02-19T13:46:58.004+0000] {dag.py:3036} INFO - Sync 1 DAGs
[2026-02-19T13:46:58.020+0000] {logging_mixin.py:188} INFO - [2026-02-19T13:46:58.019+0000] {dag.py:3823} INFO - Setting next_dagrun for ecommerce_etl_v2 to 2026-02-19 13:00:00+00:00, run_after=2026-02-20 13:00:00+00:00
[2026-02-19T13:46:58.030+0000] {processor.py:183} INFO - Processing /opt/airflow/dags/etl_dag.py took 0.194 seconds
[2026-02-19T13:47:28.433+0000] {processor.py:161} INFO - Started process (PID=73038) to work on /opt/airflow/dags/etl_dag.py
[2026-02-19T13:47:28.435+0000] {processor.py:830} INFO - Processing file /opt/airflow/dags/etl_dag.py for tasks to queue
[2026-02-19T13:47:28.436+0000] {logging_mixin.py:188} INFO - [2026-02-19T13:47:28.436+0000] {dagbag.py:538} INFO - Filling up the DagBag from /opt/airflow/dags/etl_dag.py
[2026-02-19T13:47:28.486+0000] {logging_mixin.py:188} INFO - Warning: Your Kaggle API key is readable by other users on this system! To fix this, you can run 'chmod 600 /home/airflow/.kaggle/kaggle.json'
[2026-02-19T13:47:28.547+0000] {logging_mixin.py:188} WARNING - /home/airflow/.local/lib/python3.8/site-packages/airflow/models/baseoperator.py:437 AirflowProviderDeprecationWarning: `exists_ok` parameter is deprecated, please use `if_exists`
[2026-02-19T13:47:28.556+0000] {processor.py:840} INFO - DAG(s) 'ecommerce_etl_v2' retrieved from /opt/airflow/dags/etl_dag.py
[2026-02-19T13:47:28.575+0000] {logging_mixin.py:188} INFO - [2026-02-19T13:47:28.575+0000] {dag.py:3036} INFO - Sync 1 DAGs
[2026-02-19T13:47:28.586+0000] {logging_mixin.py:188} INFO - [2026-02-19T13:47:28.586+0000] {dag.py:3823} INFO - Setting next_dagrun for ecommerce_etl_v2 to 2026-02-19 13:00:00+00:00, run_after=2026-02-20 13:00:00+00:00
[2026-02-19T13:47:28.594+0000] {processor.py:183} INFO - Processing /opt/airflow/dags/etl_dag.py took 0.166 seconds
[2026-02-19T13:47:58.817+0000] {processor.py:161} INFO - Started process (PID=73069) to work on /opt/airflow/dags/etl_dag.py
[2026-02-19T13:47:58.818+0000] {processor.py:830} INFO - Processing file /opt/airflow/dags/etl_dag.py for tasks to queue
[2026-02-19T13:47:58.819+0000] {logging_mixin.py:188} INFO - [2026-02-19T13:47:58.818+0000] {dagbag.py:538} INFO - Filling up the DagBag from /opt/airflow/dags/etl_dag.py
[2026-02-19T13:47:58.867+0000] {logging_mixin.py:188} INFO - Warning: Your Kaggle API key is readable by other users on this system! To fix this, you can run 'chmod 600 /home/airflow/.kaggle/kaggle.json'
[2026-02-19T13:47:58.928+0000] {logging_mixin.py:188} WARNING - /home/airflow/.local/lib/python3.8/site-packages/airflow/models/baseoperator.py:437 AirflowProviderDeprecationWarning: `exists_ok` parameter is deprecated, please use `if_exists`
[2026-02-19T13:47:58.937+0000] {processor.py:840} INFO - DAG(s) 'ecommerce_etl_v2' retrieved from /opt/airflow/dags/etl_dag.py
[2026-02-19T13:47:58.956+0000] {logging_mixin.py:188} INFO - [2026-02-19T13:47:58.956+0000] {dag.py:3036} INFO - Sync 1 DAGs
[2026-02-19T13:47:58.967+0000] {logging_mixin.py:188} INFO - [2026-02-19T13:47:58.967+0000] {dag.py:3823} INFO - Setting next_dagrun for ecommerce_etl_v2 to 2026-02-19 13:00:00+00:00, run_after=2026-02-20 13:00:00+00:00
[2026-02-19T13:47:58.977+0000] {processor.py:183} INFO - Processing /opt/airflow/dags/etl_dag.py took 0.165 seconds
[2026-02-19T13:48:29.201+0000] {processor.py:161} INFO - Started process (PID=73100) to work on /opt/airflow/dags/etl_dag.py
[2026-02-19T13:48:29.202+0000] {processor.py:830} INFO - Processing file /opt/airflow/dags/etl_dag.py for tasks to queue
[2026-02-19T13:48:29.203+0000] {logging_mixin.py:188} INFO - [2026-02-19T13:48:29.203+0000] {dagbag.py:538} INFO - Filling up the DagBag from /opt/airflow/dags/etl_dag.py
[2026-02-19T13:48:29.246+0000] {logging_mixin.py:188} INFO - Warning: Your Kaggle API key is readable by other users on this system! To fix this, you can run 'chmod 600 /home/airflow/.kaggle/kaggle.json'
[2026-02-19T13:48:29.307+0000] {logging_mixin.py:188} WARNING - /home/airflow/.local/lib/python3.8/site-packages/airflow/models/baseoperator.py:437 AirflowProviderDeprecationWarning: `exists_ok` parameter is deprecated, please use `if_exists`
[2026-02-19T13:48:29.317+0000] {processor.py:840} INFO - DAG(s) 'ecommerce_etl_v2' retrieved from /opt/airflow/dags/etl_dag.py
[2026-02-19T13:48:29.336+0000] {logging_mixin.py:188} INFO - [2026-02-19T13:48:29.336+0000] {dag.py:3036} INFO - Sync 1 DAGs
[2026-02-19T13:48:29.346+0000] {logging_mixin.py:188} INFO - [2026-02-19T13:48:29.346+0000] {dag.py:3823} INFO - Setting next_dagrun for ecommerce_etl_v2 to 2026-02-19 13:00:00+00:00, run_after=2026-02-20 13:00:00+00:00
[2026-02-19T13:48:29.355+0000] {processor.py:183} INFO - Processing /opt/airflow/dags/etl_dag.py took 0.159 seconds
[2026-02-19T13:48:59.559+0000] {processor.py:161} INFO - Started process (PID=73131) to work on /opt/airflow/dags/etl_dag.py
[2026-02-19T13:48:59.561+0000] {processor.py:830} INFO - Processing file /opt/airflow/dags/etl_dag.py for tasks to queue
[2026-02-19T13:48:59.562+0000] {logging_mixin.py:188} INFO - [2026-02-19T13:48:59.562+0000] {dagbag.py:538} INFO - Filling up the DagBag from /opt/airflow/dags/etl_dag.py
[2026-02-19T13:48:59.613+0000] {logging_mixin.py:188} INFO - Warning: Your Kaggle API key is readable by other users on this system! To fix this, you can run 'chmod 600 /home/airflow/.kaggle/kaggle.json'
[2026-02-19T13:48:59.675+0000] {logging_mixin.py:188} WARNING - /home/airflow/.local/lib/python3.8/site-packages/airflow/models/baseoperator.py:437 AirflowProviderDeprecationWarning: `exists_ok` parameter is deprecated, please use `if_exists`
[2026-02-19T13:48:59.684+0000] {processor.py:840} INFO - DAG(s) 'ecommerce_etl_v2' retrieved from /opt/airflow/dags/etl_dag.py
[2026-02-19T13:48:59.703+0000] {logging_mixin.py:188} INFO - [2026-02-19T13:48:59.703+0000] {dag.py:3036} INFO - Sync 1 DAGs
[2026-02-19T13:48:59.714+0000] {logging_mixin.py:188} INFO - [2026-02-19T13:48:59.714+0000] {dag.py:3823} INFO - Setting next_dagrun for ecommerce_etl_v2 to 2026-02-19 13:00:00+00:00, run_after=2026-02-20 13:00:00+00:00
[2026-02-19T13:48:59.723+0000] {processor.py:183} INFO - Processing /opt/airflow/dags/etl_dag.py took 0.169 seconds
[2026-02-19T13:49:29.989+0000] {processor.py:161} INFO - Started process (PID=73162) to work on /opt/airflow/dags/etl_dag.py
[2026-02-19T13:49:29.990+0000] {processor.py:830} INFO - Processing file /opt/airflow/dags/etl_dag.py for tasks to queue
[2026-02-19T13:49:29.991+0000] {logging_mixin.py:188} INFO - [2026-02-19T13:49:29.990+0000] {dagbag.py:538} INFO - Filling up the DagBag from /opt/airflow/dags/etl_dag.py
[2026-02-19T13:49:30.031+0000] {logging_mixin.py:188} INFO - Warning: Your Kaggle API key is readable by other users on this system! To fix this, you can run 'chmod 600 /home/airflow/.kaggle/kaggle.json'
[2026-02-19T13:49:30.091+0000] {logging_mixin.py:188} WARNING - /home/airflow/.local/lib/python3.8/site-packages/airflow/models/baseoperator.py:437 AirflowProviderDeprecationWarning: `exists_ok` parameter is deprecated, please use `if_exists`
[2026-02-19T13:49:30.100+0000] {processor.py:840} INFO - DAG(s) 'ecommerce_etl_v2' retrieved from /opt/airflow/dags/etl_dag.py
[2026-02-19T13:49:30.119+0000] {logging_mixin.py:188} INFO - [2026-02-19T13:49:30.119+0000] {dag.py:3036} INFO - Sync 1 DAGs
[2026-02-19T13:49:30.130+0000] {logging_mixin.py:188} INFO - [2026-02-19T13:49:30.130+0000] {dag.py:3823} INFO - Setting next_dagrun for ecommerce_etl_v2 to 2026-02-19 13:00:00+00:00, run_after=2026-02-20 13:00:00+00:00
[2026-02-19T13:49:30.139+0000] {processor.py:183} INFO - Processing /opt/airflow/dags/etl_dag.py took 0.153 seconds
[2026-02-19T13:50:00.329+0000] {processor.py:161} INFO - Started process (PID=73193) to work on /opt/airflow/dags/etl_dag.py
[2026-02-19T13:50:00.333+0000] {processor.py:830} INFO - Processing file /opt/airflow/dags/etl_dag.py for tasks to queue
[2026-02-19T13:50:00.334+0000] {logging_mixin.py:188} INFO - [2026-02-19T13:50:00.333+0000] {dagbag.py:538} INFO - Filling up the DagBag from /opt/airflow/dags/etl_dag.py
[2026-02-19T13:50:00.387+0000] {logging_mixin.py:188} INFO - Warning: Your Kaggle API key is readable by other users on this system! To fix this, you can run 'chmod 600 /home/airflow/.kaggle/kaggle.json'
[2026-02-19T13:50:00.448+0000] {logging_mixin.py:188} WARNING - /home/airflow/.local/lib/python3.8/site-packages/airflow/models/baseoperator.py:437 AirflowProviderDeprecationWarning: `exists_ok` parameter is deprecated, please use `if_exists`
[2026-02-19T13:50:00.458+0000] {processor.py:840} INFO - DAG(s) 'ecommerce_etl_v2' retrieved from /opt/airflow/dags/etl_dag.py
[2026-02-19T13:50:00.478+0000] {logging_mixin.py:188} INFO - [2026-02-19T13:50:00.477+0000] {dag.py:3036} INFO - Sync 1 DAGs
[2026-02-19T13:50:00.489+0000] {logging_mixin.py:188} INFO - [2026-02-19T13:50:00.489+0000] {dag.py:3823} INFO - Setting next_dagrun for ecommerce_etl_v2 to 2026-02-19 13:00:00+00:00, run_after=2026-02-20 13:00:00+00:00
[2026-02-19T13:50:00.498+0000] {processor.py:183} INFO - Processing /opt/airflow/dags/etl_dag.py took 0.174 seconds
[2026-02-19T13:50:30.751+0000] {processor.py:161} INFO - Started process (PID=73224) to work on /opt/airflow/dags/etl_dag.py
[2026-02-19T13:50:30.753+0000] {processor.py:830} INFO - Processing file /opt/airflow/dags/etl_dag.py for tasks to queue
[2026-02-19T13:50:30.754+0000] {logging_mixin.py:188} INFO - [2026-02-19T13:50:30.754+0000] {dagbag.py:538} INFO - Filling up the DagBag from /opt/airflow/dags/etl_dag.py
[2026-02-19T13:50:30.807+0000] {logging_mixin.py:188} INFO - Warning: Your Kaggle API key is readable by other users on this system! To fix this, you can run 'chmod 600 /home/airflow/.kaggle/kaggle.json'
[2026-02-19T13:50:30.873+0000] {logging_mixin.py:188} WARNING - /home/airflow/.local/lib/python3.8/site-packages/airflow/models/baseoperator.py:437 AirflowProviderDeprecationWarning: `exists_ok` parameter is deprecated, please use `if_exists`
[2026-02-19T13:50:30.882+0000] {processor.py:840} INFO - DAG(s) 'ecommerce_etl_v2' retrieved from /opt/airflow/dags/etl_dag.py
[2026-02-19T13:50:30.903+0000] {logging_mixin.py:188} INFO - [2026-02-19T13:50:30.903+0000] {dag.py:3036} INFO - Sync 1 DAGs
[2026-02-19T13:50:30.915+0000] {logging_mixin.py:188} INFO - [2026-02-19T13:50:30.915+0000] {dag.py:3823} INFO - Setting next_dagrun for ecommerce_etl_v2 to 2026-02-19 13:00:00+00:00, run_after=2026-02-20 13:00:00+00:00
[2026-02-19T13:50:30.925+0000] {processor.py:183} INFO - Processing /opt/airflow/dags/etl_dag.py took 0.179 seconds
[2026-02-19T13:51:01.116+0000] {processor.py:161} INFO - Started process (PID=73255) to work on /opt/airflow/dags/etl_dag.py
[2026-02-19T13:51:01.118+0000] {processor.py:830} INFO - Processing file /opt/airflow/dags/etl_dag.py for tasks to queue
[2026-02-19T13:51:01.119+0000] {logging_mixin.py:188} INFO - [2026-02-19T13:51:01.119+0000] {dagbag.py:538} INFO - Filling up the DagBag from /opt/airflow/dags/etl_dag.py
[2026-02-19T13:51:01.169+0000] {logging_mixin.py:188} INFO - Warning: Your Kaggle API key is readable by other users on this system! To fix this, you can run 'chmod 600 /home/airflow/.kaggle/kaggle.json'
[2026-02-19T13:51:01.233+0000] {logging_mixin.py:188} WARNING - /home/airflow/.local/lib/python3.8/site-packages/airflow/models/baseoperator.py:437 AirflowProviderDeprecationWarning: `exists_ok` parameter is deprecated, please use `if_exists`
[2026-02-19T13:51:01.243+0000] {processor.py:840} INFO - DAG(s) 'ecommerce_etl_v2' retrieved from /opt/airflow/dags/etl_dag.py
[2026-02-19T13:51:01.266+0000] {logging_mixin.py:188} INFO - [2026-02-19T13:51:01.266+0000] {dag.py:3036} INFO - Sync 1 DAGs
[2026-02-19T13:51:01.278+0000] {logging_mixin.py:188} INFO - [2026-02-19T13:51:01.278+0000] {dag.py:3823} INFO - Setting next_dagrun for ecommerce_etl_v2 to 2026-02-19 13:00:00+00:00, run_after=2026-02-20 13:00:00+00:00
[2026-02-19T13:51:01.288+0000] {processor.py:183} INFO - Processing /opt/airflow/dags/etl_dag.py took 0.177 seconds
[2026-02-19T13:51:31.469+0000] {processor.py:161} INFO - Started process (PID=73286) to work on /opt/airflow/dags/etl_dag.py
[2026-02-19T13:51:31.469+0000] {processor.py:830} INFO - Processing file /opt/airflow/dags/etl_dag.py for tasks to queue
[2026-02-19T13:51:31.470+0000] {logging_mixin.py:188} INFO - [2026-02-19T13:51:31.470+0000] {dagbag.py:538} INFO - Filling up the DagBag from /opt/airflow/dags/etl_dag.py
[2026-02-19T13:51:31.513+0000] {logging_mixin.py:188} INFO - Warning: Your Kaggle API key is readable by other users on this system! To fix this, you can run 'chmod 600 /home/airflow/.kaggle/kaggle.json'
[2026-02-19T13:51:31.573+0000] {logging_mixin.py:188} WARNING - /home/airflow/.local/lib/python3.8/site-packages/airflow/models/baseoperator.py:437 AirflowProviderDeprecationWarning: `exists_ok` parameter is deprecated, please use `if_exists`
[2026-02-19T13:51:31.582+0000] {processor.py:840} INFO - DAG(s) 'ecommerce_etl_v2' retrieved from /opt/airflow/dags/etl_dag.py
[2026-02-19T13:51:31.601+0000] {logging_mixin.py:188} INFO - [2026-02-19T13:51:31.601+0000] {dag.py:3036} INFO - Sync 1 DAGs
[2026-02-19T13:51:31.611+0000] {logging_mixin.py:188} INFO - [2026-02-19T13:51:31.611+0000] {dag.py:3823} INFO - Setting next_dagrun for ecommerce_etl_v2 to 2026-02-19 13:00:00+00:00, run_after=2026-02-20 13:00:00+00:00
[2026-02-19T13:51:31.621+0000] {processor.py:183} INFO - Processing /opt/airflow/dags/etl_dag.py took 0.155 seconds
[2026-02-19T13:52:01.769+0000] {processor.py:161} INFO - Started process (PID=73317) to work on /opt/airflow/dags/etl_dag.py
[2026-02-19T13:52:01.770+0000] {processor.py:830} INFO - Processing file /opt/airflow/dags/etl_dag.py for tasks to queue
[2026-02-19T13:52:01.771+0000] {logging_mixin.py:188} INFO - [2026-02-19T13:52:01.771+0000] {dagbag.py:538} INFO - Filling up the DagBag from /opt/airflow/dags/etl_dag.py
[2026-02-19T13:52:01.814+0000] {logging_mixin.py:188} INFO - Warning: Your Kaggle API key is readable by other users on this system! To fix this, you can run 'chmod 600 /home/airflow/.kaggle/kaggle.json'
[2026-02-19T13:52:01.875+0000] {logging_mixin.py:188} WARNING - /home/airflow/.local/lib/python3.8/site-packages/airflow/models/baseoperator.py:437 AirflowProviderDeprecationWarning: `exists_ok` parameter is deprecated, please use `if_exists`
[2026-02-19T13:52:01.885+0000] {processor.py:840} INFO - DAG(s) 'ecommerce_etl_v2' retrieved from /opt/airflow/dags/etl_dag.py
[2026-02-19T13:52:01.904+0000] {logging_mixin.py:188} INFO - [2026-02-19T13:52:01.904+0000] {dag.py:3036} INFO - Sync 1 DAGs
[2026-02-19T13:52:01.915+0000] {logging_mixin.py:188} INFO - [2026-02-19T13:52:01.915+0000] {dag.py:3823} INFO - Setting next_dagrun for ecommerce_etl_v2 to 2026-02-19 13:00:00+00:00, run_after=2026-02-20 13:00:00+00:00
[2026-02-19T13:52:01.924+0000] {processor.py:183} INFO - Processing /opt/airflow/dags/etl_dag.py took 0.160 seconds
[2026-02-19T13:52:32.227+0000] {processor.py:161} INFO - Started process (PID=73348) to work on /opt/airflow/dags/etl_dag.py
[2026-02-19T13:52:32.228+0000] {processor.py:830} INFO - Processing file /opt/airflow/dags/etl_dag.py for tasks to queue
[2026-02-19T13:52:32.229+0000] {logging_mixin.py:188} INFO - [2026-02-19T13:52:32.229+0000] {dagbag.py:538} INFO - Filling up the DagBag from /opt/airflow/dags/etl_dag.py
[2026-02-19T13:52:32.276+0000] {logging_mixin.py:188} INFO - Warning: Your Kaggle API key is readable by other users on this system! To fix this, you can run 'chmod 600 /home/airflow/.kaggle/kaggle.json'
[2026-02-19T13:52:32.338+0000] {logging_mixin.py:188} WARNING - /home/airflow/.local/lib/python3.8/site-packages/airflow/models/baseoperator.py:437 AirflowProviderDeprecationWarning: `exists_ok` parameter is deprecated, please use `if_exists`
[2026-02-19T13:52:32.347+0000] {processor.py:840} INFO - DAG(s) 'ecommerce_etl_v2' retrieved from /opt/airflow/dags/etl_dag.py
[2026-02-19T13:52:32.366+0000] {logging_mixin.py:188} INFO - [2026-02-19T13:52:32.366+0000] {dag.py:3036} INFO - Sync 1 DAGs
[2026-02-19T13:52:32.376+0000] {logging_mixin.py:188} INFO - [2026-02-19T13:52:32.376+0000] {dag.py:3823} INFO - Setting next_dagrun for ecommerce_etl_v2 to 2026-02-19 13:00:00+00:00, run_after=2026-02-20 13:00:00+00:00
[2026-02-19T13:52:32.386+0000] {processor.py:183} INFO - Processing /opt/airflow/dags/etl_dag.py took 0.163 seconds
[2026-02-19T13:53:02.609+0000] {processor.py:161} INFO - Started process (PID=73379) to work on /opt/airflow/dags/etl_dag.py
[2026-02-19T13:53:02.610+0000] {processor.py:830} INFO - Processing file /opt/airflow/dags/etl_dag.py for tasks to queue
[2026-02-19T13:53:02.611+0000] {logging_mixin.py:188} INFO - [2026-02-19T13:53:02.611+0000] {dagbag.py:538} INFO - Filling up the DagBag from /opt/airflow/dags/etl_dag.py
[2026-02-19T13:53:02.662+0000] {logging_mixin.py:188} INFO - Warning: Your Kaggle API key is readable by other users on this system! To fix this, you can run 'chmod 600 /home/airflow/.kaggle/kaggle.json'
[2026-02-19T13:53:02.722+0000] {logging_mixin.py:188} WARNING - /home/airflow/.local/lib/python3.8/site-packages/airflow/models/baseoperator.py:437 AirflowProviderDeprecationWarning: `exists_ok` parameter is deprecated, please use `if_exists`
[2026-02-19T13:53:02.732+0000] {processor.py:840} INFO - DAG(s) 'ecommerce_etl_v2' retrieved from /opt/airflow/dags/etl_dag.py
[2026-02-19T13:53:02.752+0000] {logging_mixin.py:188} INFO - [2026-02-19T13:53:02.752+0000] {dag.py:3036} INFO - Sync 1 DAGs
[2026-02-19T13:53:02.763+0000] {logging_mixin.py:188} INFO - [2026-02-19T13:53:02.763+0000] {dag.py:3823} INFO - Setting next_dagrun for ecommerce_etl_v2 to 2026-02-19 13:00:00+00:00, run_after=2026-02-20 13:00:00+00:00
[2026-02-19T13:53:02.774+0000] {processor.py:183} INFO - Processing /opt/airflow/dags/etl_dag.py took 0.170 seconds
[2026-02-19T13:53:33.023+0000] {processor.py:161} INFO - Started process (PID=73410) to work on /opt/airflow/dags/etl_dag.py
[2026-02-19T13:53:33.024+0000] {processor.py:830} INFO - Processing file /opt/airflow/dags/etl_dag.py for tasks to queue
[2026-02-19T13:53:33.025+0000] {logging_mixin.py:188} INFO - [2026-02-19T13:53:33.025+0000] {dagbag.py:538} INFO - Filling up the DagBag from /opt/airflow/dags/etl_dag.py
[2026-02-19T13:53:33.067+0000] {logging_mixin.py:188} INFO - Warning: Your Kaggle API key is readable by other users on this system! To fix this, you can run 'chmod 600 /home/airflow/.kaggle/kaggle.json'
[2026-02-19T13:53:33.130+0000] {logging_mixin.py:188} WARNING - /home/airflow/.local/lib/python3.8/site-packages/airflow/models/baseoperator.py:437 AirflowProviderDeprecationWarning: `exists_ok` parameter is deprecated, please use `if_exists`
[2026-02-19T13:53:33.140+0000] {processor.py:840} INFO - DAG(s) 'ecommerce_etl_v2' retrieved from /opt/airflow/dags/etl_dag.py
[2026-02-19T13:53:33.161+0000] {logging_mixin.py:188} INFO - [2026-02-19T13:53:33.161+0000] {dag.py:3036} INFO - Sync 1 DAGs
[2026-02-19T13:53:33.172+0000] {logging_mixin.py:188} INFO - [2026-02-19T13:53:33.172+0000] {dag.py:3823} INFO - Setting next_dagrun for ecommerce_etl_v2 to 2026-02-19 13:00:00+00:00, run_after=2026-02-20 13:00:00+00:00
[2026-02-19T13:53:33.182+0000] {processor.py:183} INFO - Processing /opt/airflow/dags/etl_dag.py took 0.162 seconds
[2026-02-19T13:54:03.472+0000] {processor.py:161} INFO - Started process (PID=73441) to work on /opt/airflow/dags/etl_dag.py
[2026-02-19T13:54:03.474+0000] {processor.py:830} INFO - Processing file /opt/airflow/dags/etl_dag.py for tasks to queue
[2026-02-19T13:54:03.475+0000] {logging_mixin.py:188} INFO - [2026-02-19T13:54:03.474+0000] {dagbag.py:538} INFO - Filling up the DagBag from /opt/airflow/dags/etl_dag.py
[2026-02-19T13:54:03.526+0000] {logging_mixin.py:188} INFO - Warning: Your Kaggle API key is readable by other users on this system! To fix this, you can run 'chmod 600 /home/airflow/.kaggle/kaggle.json'
[2026-02-19T13:54:03.586+0000] {logging_mixin.py:188} WARNING - /home/airflow/.local/lib/python3.8/site-packages/airflow/models/baseoperator.py:437 AirflowProviderDeprecationWarning: `exists_ok` parameter is deprecated, please use `if_exists`
[2026-02-19T13:54:03.595+0000] {processor.py:840} INFO - DAG(s) 'ecommerce_etl_v2' retrieved from /opt/airflow/dags/etl_dag.py
[2026-02-19T13:54:03.615+0000] {logging_mixin.py:188} INFO - [2026-02-19T13:54:03.614+0000] {dag.py:3036} INFO - Sync 1 DAGs
[2026-02-19T13:54:03.626+0000] {logging_mixin.py:188} INFO - [2026-02-19T13:54:03.626+0000] {dag.py:3823} INFO - Setting next_dagrun for ecommerce_etl_v2 to 2026-02-19 13:00:00+00:00, run_after=2026-02-20 13:00:00+00:00
[2026-02-19T13:54:03.635+0000] {processor.py:183} INFO - Processing /opt/airflow/dags/etl_dag.py took 0.169 seconds
[2026-02-19T13:54:33.813+0000] {processor.py:161} INFO - Started process (PID=73472) to work on /opt/airflow/dags/etl_dag.py
[2026-02-19T13:54:33.815+0000] {processor.py:830} INFO - Processing file /opt/airflow/dags/etl_dag.py for tasks to queue
[2026-02-19T13:54:33.815+0000] {logging_mixin.py:188} INFO - [2026-02-19T13:54:33.815+0000] {dagbag.py:538} INFO - Filling up the DagBag from /opt/airflow/dags/etl_dag.py
[2026-02-19T13:54:33.861+0000] {logging_mixin.py:188} INFO - Warning: Your Kaggle API key is readable by other users on this system! To fix this, you can run 'chmod 600 /home/airflow/.kaggle/kaggle.json'
[2026-02-19T13:54:33.922+0000] {logging_mixin.py:188} WARNING - /home/airflow/.local/lib/python3.8/site-packages/airflow/models/baseoperator.py:437 AirflowProviderDeprecationWarning: `exists_ok` parameter is deprecated, please use `if_exists`
[2026-02-19T13:54:33.930+0000] {processor.py:840} INFO - DAG(s) 'ecommerce_etl_v2' retrieved from /opt/airflow/dags/etl_dag.py
[2026-02-19T13:54:33.950+0000] {logging_mixin.py:188} INFO - [2026-02-19T13:54:33.950+0000] {dag.py:3036} INFO - Sync 1 DAGs
[2026-02-19T13:54:33.961+0000] {logging_mixin.py:188} INFO - [2026-02-19T13:54:33.961+0000] {dag.py:3823} INFO - Setting next_dagrun for ecommerce_etl_v2 to 2026-02-19 13:00:00+00:00, run_after=2026-02-20 13:00:00+00:00
[2026-02-19T13:54:33.971+0000] {processor.py:183} INFO - Processing /opt/airflow/dags/etl_dag.py took 0.162 seconds
[2026-02-19T13:55:04.215+0000] {processor.py:161} INFO - Started process (PID=73503) to work on /opt/airflow/dags/etl_dag.py
[2026-02-19T13:55:04.217+0000] {processor.py:830} INFO - Processing file /opt/airflow/dags/etl_dag.py for tasks to queue
[2026-02-19T13:55:04.218+0000] {logging_mixin.py:188} INFO - [2026-02-19T13:55:04.217+0000] {dagbag.py:538} INFO - Filling up the DagBag from /opt/airflow/dags/etl_dag.py
[2026-02-19T13:55:04.268+0000] {logging_mixin.py:188} INFO - Warning: Your Kaggle API key is readable by other users on this system! To fix this, you can run 'chmod 600 /home/airflow/.kaggle/kaggle.json'
[2026-02-19T13:55:04.329+0000] {logging_mixin.py:188} WARNING - /home/airflow/.local/lib/python3.8/site-packages/airflow/models/baseoperator.py:437 AirflowProviderDeprecationWarning: `exists_ok` parameter is deprecated, please use `if_exists`
[2026-02-19T13:55:04.338+0000] {processor.py:840} INFO - DAG(s) 'ecommerce_etl_v2' retrieved from /opt/airflow/dags/etl_dag.py
[2026-02-19T13:55:04.357+0000] {logging_mixin.py:188} INFO - [2026-02-19T13:55:04.357+0000] {dag.py:3036} INFO - Sync 1 DAGs
[2026-02-19T13:55:04.369+0000] {logging_mixin.py:188} INFO - [2026-02-19T13:55:04.369+0000] {dag.py:3823} INFO - Setting next_dagrun for ecommerce_etl_v2 to 2026-02-19 13:00:00+00:00, run_after=2026-02-20 13:00:00+00:00
[2026-02-19T13:55:04.381+0000] {processor.py:183} INFO - Processing /opt/airflow/dags/etl_dag.py took 0.169 seconds
[2026-02-19T13:55:34.600+0000] {processor.py:161} INFO - Started process (PID=73534) to work on /opt/airflow/dags/etl_dag.py
[2026-02-19T13:55:34.601+0000] {processor.py:830} INFO - Processing file /opt/airflow/dags/etl_dag.py for tasks to queue
[2026-02-19T13:55:34.602+0000] {logging_mixin.py:188} INFO - [2026-02-19T13:55:34.601+0000] {dagbag.py:538} INFO - Filling up the DagBag from /opt/airflow/dags/etl_dag.py
[2026-02-19T13:55:34.647+0000] {logging_mixin.py:188} INFO - Warning: Your Kaggle API key is readable by other users on this system! To fix this, you can run 'chmod 600 /home/airflow/.kaggle/kaggle.json'
[2026-02-19T13:55:34.708+0000] {logging_mixin.py:188} WARNING - /home/airflow/.local/lib/python3.8/site-packages/airflow/models/baseoperator.py:437 AirflowProviderDeprecationWarning: `exists_ok` parameter is deprecated, please use `if_exists`
[2026-02-19T13:55:34.717+0000] {processor.py:840} INFO - DAG(s) 'ecommerce_etl_v2' retrieved from /opt/airflow/dags/etl_dag.py
[2026-02-19T13:55:34.737+0000] {logging_mixin.py:188} INFO - [2026-02-19T13:55:34.736+0000] {dag.py:3036} INFO - Sync 1 DAGs
[2026-02-19T13:55:34.747+0000] {logging_mixin.py:188} INFO - [2026-02-19T13:55:34.747+0000] {dag.py:3823} INFO - Setting next_dagrun for ecommerce_etl_v2 to 2026-02-19 13:00:00+00:00, run_after=2026-02-20 13:00:00+00:00
[2026-02-19T13:55:34.757+0000] {processor.py:183} INFO - Processing /opt/airflow/dags/etl_dag.py took 0.162 seconds
[2026-02-19T13:56:04.956+0000] {processor.py:161} INFO - Started process (PID=73565) to work on /opt/airflow/dags/etl_dag.py
[2026-02-19T13:56:04.958+0000] {processor.py:830} INFO - Processing file /opt/airflow/dags/etl_dag.py for tasks to queue
[2026-02-19T13:56:04.959+0000] {logging_mixin.py:188} INFO - [2026-02-19T13:56:04.959+0000] {dagbag.py:538} INFO - Filling up the DagBag from /opt/airflow/dags/etl_dag.py
[2026-02-19T13:56:05.008+0000] {logging_mixin.py:188} INFO - Warning: Your Kaggle API key is readable by other users on this system! To fix this, you can run 'chmod 600 /home/airflow/.kaggle/kaggle.json'
[2026-02-19T13:56:05.070+0000] {logging_mixin.py:188} WARNING - /home/airflow/.local/lib/python3.8/site-packages/airflow/models/baseoperator.py:437 AirflowProviderDeprecationWarning: `exists_ok` parameter is deprecated, please use `if_exists`
[2026-02-19T13:56:05.079+0000] {processor.py:840} INFO - DAG(s) 'ecommerce_etl_v2' retrieved from /opt/airflow/dags/etl_dag.py
[2026-02-19T13:56:05.100+0000] {logging_mixin.py:188} INFO - [2026-02-19T13:56:05.100+0000] {dag.py:3036} INFO - Sync 1 DAGs
[2026-02-19T13:56:05.111+0000] {logging_mixin.py:188} INFO - [2026-02-19T13:56:05.111+0000] {dag.py:3823} INFO - Setting next_dagrun for ecommerce_etl_v2 to 2026-02-19 13:00:00+00:00, run_after=2026-02-20 13:00:00+00:00
[2026-02-19T13:56:05.120+0000] {processor.py:183} INFO - Processing /opt/airflow/dags/etl_dag.py took 0.170 seconds
[2026-02-19T13:56:35.336+0000] {processor.py:161} INFO - Started process (PID=73596) to work on /opt/airflow/dags/etl_dag.py
[2026-02-19T13:56:35.338+0000] {processor.py:830} INFO - Processing file /opt/airflow/dags/etl_dag.py for tasks to queue
[2026-02-19T13:56:35.338+0000] {logging_mixin.py:188} INFO - [2026-02-19T13:56:35.338+0000] {dagbag.py:538} INFO - Filling up the DagBag from /opt/airflow/dags/etl_dag.py
[2026-02-19T13:56:35.384+0000] {logging_mixin.py:188} INFO - Warning: Your Kaggle API key is readable by other users on this system! To fix this, you can run 'chmod 600 /home/airflow/.kaggle/kaggle.json'
[2026-02-19T13:56:35.444+0000] {logging_mixin.py:188} WARNING - /home/airflow/.local/lib/python3.8/site-packages/airflow/models/baseoperator.py:437 AirflowProviderDeprecationWarning: `exists_ok` parameter is deprecated, please use `if_exists`
[2026-02-19T13:56:35.452+0000] {processor.py:840} INFO - DAG(s) 'ecommerce_etl_v2' retrieved from /opt/airflow/dags/etl_dag.py
[2026-02-19T13:56:35.471+0000] {logging_mixin.py:188} INFO - [2026-02-19T13:56:35.471+0000] {dag.py:3036} INFO - Sync 1 DAGs
[2026-02-19T13:56:35.481+0000] {logging_mixin.py:188} INFO - [2026-02-19T13:56:35.481+0000] {dag.py:3823} INFO - Setting next_dagrun for ecommerce_etl_v2 to 2026-02-19 13:00:00+00:00, run_after=2026-02-20 13:00:00+00:00
[2026-02-19T13:56:35.491+0000] {processor.py:183} INFO - Processing /opt/airflow/dags/etl_dag.py took 0.159 seconds
[2026-02-19T13:57:05.707+0000] {processor.py:161} INFO - Started process (PID=73627) to work on /opt/airflow/dags/etl_dag.py
[2026-02-19T13:57:05.708+0000] {processor.py:830} INFO - Processing file /opt/airflow/dags/etl_dag.py for tasks to queue
[2026-02-19T13:57:05.710+0000] {logging_mixin.py:188} INFO - [2026-02-19T13:57:05.709+0000] {dagbag.py:538} INFO - Filling up the DagBag from /opt/airflow/dags/etl_dag.py
[2026-02-19T13:57:05.759+0000] {logging_mixin.py:188} INFO - Warning: Your Kaggle API key is readable by other users on this system! To fix this, you can run 'chmod 600 /home/airflow/.kaggle/kaggle.json'
[2026-02-19T13:57:05.819+0000] {logging_mixin.py:188} WARNING - /home/airflow/.local/lib/python3.8/site-packages/airflow/models/baseoperator.py:437 AirflowProviderDeprecationWarning: `exists_ok` parameter is deprecated, please use `if_exists`
[2026-02-19T13:57:05.827+0000] {processor.py:840} INFO - DAG(s) 'ecommerce_etl_v2' retrieved from /opt/airflow/dags/etl_dag.py
[2026-02-19T13:57:05.846+0000] {logging_mixin.py:188} INFO - [2026-02-19T13:57:05.846+0000] {dag.py:3036} INFO - Sync 1 DAGs
[2026-02-19T13:57:05.857+0000] {logging_mixin.py:188} INFO - [2026-02-19T13:57:05.857+0000] {dag.py:3823} INFO - Setting next_dagrun for ecommerce_etl_v2 to 2026-02-19 13:00:00+00:00, run_after=2026-02-20 13:00:00+00:00
[2026-02-19T13:57:05.866+0000] {processor.py:183} INFO - Processing /opt/airflow/dags/etl_dag.py took 0.164 seconds
[2026-02-19T13:57:36.100+0000] {processor.py:161} INFO - Started process (PID=73658) to work on /opt/airflow/dags/etl_dag.py
[2026-02-19T13:57:36.101+0000] {processor.py:830} INFO - Processing file /opt/airflow/dags/etl_dag.py for tasks to queue
[2026-02-19T13:57:36.102+0000] {logging_mixin.py:188} INFO - [2026-02-19T13:57:36.101+0000] {dagbag.py:538} INFO - Filling up the DagBag from /opt/airflow/dags/etl_dag.py
[2026-02-19T13:57:36.148+0000] {logging_mixin.py:188} INFO - Warning: Your Kaggle API key is readable by other users on this system! To fix this, you can run 'chmod 600 /home/airflow/.kaggle/kaggle.json'
[2026-02-19T13:57:36.209+0000] {logging_mixin.py:188} WARNING - /home/airflow/.local/lib/python3.8/site-packages/airflow/models/baseoperator.py:437 AirflowProviderDeprecationWarning: `exists_ok` parameter is deprecated, please use `if_exists`
[2026-02-19T13:57:36.218+0000] {processor.py:840} INFO - DAG(s) 'ecommerce_etl_v2' retrieved from /opt/airflow/dags/etl_dag.py
[2026-02-19T13:57:36.237+0000] {logging_mixin.py:188} INFO - [2026-02-19T13:57:36.237+0000] {dag.py:3036} INFO - Sync 1 DAGs
[2026-02-19T13:57:36.249+0000] {logging_mixin.py:188} INFO - [2026-02-19T13:57:36.248+0000] {dag.py:3823} INFO - Setting next_dagrun for ecommerce_etl_v2 to 2026-02-19 13:00:00+00:00, run_after=2026-02-20 13:00:00+00:00
[2026-02-19T13:57:36.258+0000] {processor.py:183} INFO - Processing /opt/airflow/dags/etl_dag.py took 0.163 seconds
[2026-02-19T13:58:06.418+0000] {processor.py:161} INFO - Started process (PID=73689) to work on /opt/airflow/dags/etl_dag.py
[2026-02-19T13:58:06.420+0000] {processor.py:830} INFO - Processing file /opt/airflow/dags/etl_dag.py for tasks to queue
[2026-02-19T13:58:06.421+0000] {logging_mixin.py:188} INFO - [2026-02-19T13:58:06.420+0000] {dagbag.py:538} INFO - Filling up the DagBag from /opt/airflow/dags/etl_dag.py
[2026-02-19T13:58:06.468+0000] {logging_mixin.py:188} INFO - Warning: Your Kaggle API key is readable by other users on this system! To fix this, you can run 'chmod 600 /home/airflow/.kaggle/kaggle.json'
[2026-02-19T13:58:06.529+0000] {logging_mixin.py:188} WARNING - /home/airflow/.local/lib/python3.8/site-packages/airflow/models/baseoperator.py:437 AirflowProviderDeprecationWarning: `exists_ok` parameter is deprecated, please use `if_exists`
[2026-02-19T13:58:06.538+0000] {processor.py:840} INFO - DAG(s) 'ecommerce_etl_v2' retrieved from /opt/airflow/dags/etl_dag.py
[2026-02-19T13:58:06.557+0000] {logging_mixin.py:188} INFO - [2026-02-19T13:58:06.557+0000] {dag.py:3036} INFO - Sync 1 DAGs
[2026-02-19T13:58:06.567+0000] {logging_mixin.py:188} INFO - [2026-02-19T13:58:06.567+0000] {dag.py:3823} INFO - Setting next_dagrun for ecommerce_etl_v2 to 2026-02-19 13:00:00+00:00, run_after=2026-02-20 13:00:00+00:00
[2026-02-19T13:58:06.576+0000] {processor.py:183} INFO - Processing /opt/airflow/dags/etl_dag.py took 0.163 seconds
[2026-02-19T13:58:36.885+0000] {processor.py:161} INFO - Started process (PID=73720) to work on /opt/airflow/dags/etl_dag.py
[2026-02-19T13:58:36.886+0000] {processor.py:830} INFO - Processing file /opt/airflow/dags/etl_dag.py for tasks to queue
[2026-02-19T13:58:36.887+0000] {logging_mixin.py:188} INFO - [2026-02-19T13:58:36.887+0000] {dagbag.py:538} INFO - Filling up the DagBag from /opt/airflow/dags/etl_dag.py
[2026-02-19T13:58:36.933+0000] {logging_mixin.py:188} INFO - Warning: Your Kaggle API key is readable by other users on this system! To fix this, you can run 'chmod 600 /home/airflow/.kaggle/kaggle.json'
[2026-02-19T13:58:36.994+0000] {logging_mixin.py:188} WARNING - /home/airflow/.local/lib/python3.8/site-packages/airflow/models/baseoperator.py:437 AirflowProviderDeprecationWarning: `exists_ok` parameter is deprecated, please use `if_exists`
[2026-02-19T13:58:37.006+0000] {processor.py:840} INFO - DAG(s) 'ecommerce_etl_v2' retrieved from /opt/airflow/dags/etl_dag.py
[2026-02-19T13:58:37.024+0000] {logging_mixin.py:188} INFO - [2026-02-19T13:58:37.024+0000] {dag.py:3036} INFO - Sync 1 DAGs
[2026-02-19T13:58:37.034+0000] {logging_mixin.py:188} INFO - [2026-02-19T13:58:37.034+0000] {dag.py:3823} INFO - Setting next_dagrun for ecommerce_etl_v2 to 2026-02-19 13:00:00+00:00, run_after=2026-02-20 13:00:00+00:00
[2026-02-19T13:58:37.043+0000] {processor.py:183} INFO - Processing /opt/airflow/dags/etl_dag.py took 0.162 seconds
[2026-02-19T13:59:07.194+0000] {processor.py:161} INFO - Started process (PID=73751) to work on /opt/airflow/dags/etl_dag.py
[2026-02-19T13:59:07.196+0000] {processor.py:830} INFO - Processing file /opt/airflow/dags/etl_dag.py for tasks to queue
[2026-02-19T13:59:07.197+0000] {logging_mixin.py:188} INFO - [2026-02-19T13:59:07.196+0000] {dagbag.py:538} INFO - Filling up the DagBag from /opt/airflow/dags/etl_dag.py
[2026-02-19T13:59:07.240+0000] {logging_mixin.py:188} INFO - Warning: Your Kaggle API key is readable by other users on this system! To fix this, you can run 'chmod 600 /home/airflow/.kaggle/kaggle.json'
[2026-02-19T13:59:07.302+0000] {logging_mixin.py:188} WARNING - /home/airflow/.local/lib/python3.8/site-packages/airflow/models/baseoperator.py:437 AirflowProviderDeprecationWarning: `exists_ok` parameter is deprecated, please use `if_exists`
[2026-02-19T13:59:07.312+0000] {processor.py:840} INFO - DAG(s) 'ecommerce_etl_v2' retrieved from /opt/airflow/dags/etl_dag.py
[2026-02-19T13:59:07.334+0000] {logging_mixin.py:188} INFO - [2026-02-19T13:59:07.334+0000] {dag.py:3036} INFO - Sync 1 DAGs
[2026-02-19T13:59:07.346+0000] {logging_mixin.py:188} INFO - [2026-02-19T13:59:07.346+0000] {dag.py:3823} INFO - Setting next_dagrun for ecommerce_etl_v2 to 2026-02-19 13:00:00+00:00, run_after=2026-02-20 13:00:00+00:00
[2026-02-19T13:59:07.356+0000] {processor.py:183} INFO - Processing /opt/airflow/dags/etl_dag.py took 0.165 seconds
[2026-02-19T13:59:37.649+0000] {processor.py:161} INFO - Started process (PID=73782) to work on /opt/airflow/dags/etl_dag.py
[2026-02-19T13:59:37.650+0000] {processor.py:830} INFO - Processing file /opt/airflow/dags/etl_dag.py for tasks to queue
[2026-02-19T13:59:37.650+0000] {logging_mixin.py:188} INFO - [2026-02-19T13:59:37.650+0000] {dagbag.py:538} INFO - Filling up the DagBag from /opt/airflow/dags/etl_dag.py
[2026-02-19T13:59:37.690+0000] {logging_mixin.py:188} INFO - Warning: Your Kaggle API key is readable by other users on this system! To fix this, you can run 'chmod 600 /home/airflow/.kaggle/kaggle.json'
[2026-02-19T13:59:37.751+0000] {logging_mixin.py:188} WARNING - /home/airflow/.local/lib/python3.8/site-packages/airflow/models/baseoperator.py:437 AirflowProviderDeprecationWarning: `exists_ok` parameter is deprecated, please use `if_exists`
[2026-02-19T13:59:37.760+0000] {processor.py:840} INFO - DAG(s) 'ecommerce_etl_v2' retrieved from /opt/airflow/dags/etl_dag.py
[2026-02-19T13:59:37.779+0000] {logging_mixin.py:188} INFO - [2026-02-19T13:59:37.779+0000] {dag.py:3036} INFO - Sync 1 DAGs
[2026-02-19T13:59:37.790+0000] {logging_mixin.py:188} INFO - [2026-02-19T13:59:37.789+0000] {dag.py:3823} INFO - Setting next_dagrun for ecommerce_etl_v2 to 2026-02-19 13:00:00+00:00, run_after=2026-02-20 13:00:00+00:00
[2026-02-19T13:59:37.799+0000] {processor.py:183} INFO - Processing /opt/airflow/dags/etl_dag.py took 0.152 seconds
[2026-02-19T14:00:07.979+0000] {processor.py:161} INFO - Started process (PID=73813) to work on /opt/airflow/dags/etl_dag.py
[2026-02-19T14:00:07.980+0000] {processor.py:830} INFO - Processing file /opt/airflow/dags/etl_dag.py for tasks to queue
[2026-02-19T14:00:07.981+0000] {logging_mixin.py:188} INFO - [2026-02-19T14:00:07.981+0000] {dagbag.py:538} INFO - Filling up the DagBag from /opt/airflow/dags/etl_dag.py
[2026-02-19T14:00:08.026+0000] {logging_mixin.py:188} INFO - Warning: Your Kaggle API key is readable by other users on this system! To fix this, you can run 'chmod 600 /home/airflow/.kaggle/kaggle.json'
[2026-02-19T14:00:08.087+0000] {logging_mixin.py:188} WARNING - /home/airflow/.local/lib/python3.8/site-packages/airflow/models/baseoperator.py:437 AirflowProviderDeprecationWarning: `exists_ok` parameter is deprecated, please use `if_exists`
[2026-02-19T14:00:08.098+0000] {processor.py:840} INFO - DAG(s) 'ecommerce_etl_v2' retrieved from /opt/airflow/dags/etl_dag.py
[2026-02-19T14:00:08.117+0000] {logging_mixin.py:188} INFO - [2026-02-19T14:00:08.117+0000] {dag.py:3036} INFO - Sync 1 DAGs
[2026-02-19T14:00:08.127+0000] {logging_mixin.py:188} INFO - [2026-02-19T14:00:08.127+0000] {dag.py:3823} INFO - Setting next_dagrun for ecommerce_etl_v2 to 2026-02-19 13:00:00+00:00, run_after=2026-02-20 13:00:00+00:00
[2026-02-19T14:00:08.136+0000] {processor.py:183} INFO - Processing /opt/airflow/dags/etl_dag.py took 0.160 seconds
[2026-02-19T14:00:38.269+0000] {processor.py:161} INFO - Started process (PID=73844) to work on /opt/airflow/dags/etl_dag.py
[2026-02-19T14:00:38.269+0000] {processor.py:830} INFO - Processing file /opt/airflow/dags/etl_dag.py for tasks to queue
[2026-02-19T14:00:38.270+0000] {logging_mixin.py:188} INFO - [2026-02-19T14:00:38.270+0000] {dagbag.py:538} INFO - Filling up the DagBag from /opt/airflow/dags/etl_dag.py
[2026-02-19T14:00:38.310+0000] {logging_mixin.py:188} INFO - Warning: Your Kaggle API key is readable by other users on this system! To fix this, you can run 'chmod 600 /home/airflow/.kaggle/kaggle.json'
[2026-02-19T14:00:38.371+0000] {logging_mixin.py:188} WARNING - /home/airflow/.local/lib/python3.8/site-packages/airflow/models/baseoperator.py:437 AirflowProviderDeprecationWarning: `exists_ok` parameter is deprecated, please use `if_exists`
[2026-02-19T14:00:38.380+0000] {processor.py:840} INFO - DAG(s) 'ecommerce_etl_v2' retrieved from /opt/airflow/dags/etl_dag.py
[2026-02-19T14:00:38.400+0000] {logging_mixin.py:188} INFO - [2026-02-19T14:00:38.399+0000] {dag.py:3036} INFO - Sync 1 DAGs
[2026-02-19T14:00:38.411+0000] {logging_mixin.py:188} INFO - [2026-02-19T14:00:38.410+0000] {dag.py:3823} INFO - Setting next_dagrun for ecommerce_etl_v2 to 2026-02-19 13:00:00+00:00, run_after=2026-02-20 13:00:00+00:00
[2026-02-19T14:00:38.624+0000] {processor.py:183} INFO - Processing /opt/airflow/dags/etl_dag.py took 0.358 seconds
[2026-02-19T14:01:08.687+0000] {processor.py:161} INFO - Started process (PID=73875) to work on /opt/airflow/dags/etl_dag.py
[2026-02-19T14:01:08.688+0000] {processor.py:830} INFO - Processing file /opt/airflow/dags/etl_dag.py for tasks to queue
[2026-02-19T14:01:08.689+0000] {logging_mixin.py:188} INFO - [2026-02-19T14:01:08.689+0000] {dagbag.py:538} INFO - Filling up the DagBag from /opt/airflow/dags/etl_dag.py
[2026-02-19T14:01:08.738+0000] {logging_mixin.py:188} INFO - Warning: Your Kaggle API key is readable by other users on this system! To fix this, you can run 'chmod 600 /home/airflow/.kaggle/kaggle.json'
[2026-02-19T14:01:08.802+0000] {logging_mixin.py:188} WARNING - /home/airflow/.local/lib/python3.8/site-packages/airflow/models/baseoperator.py:437 AirflowProviderDeprecationWarning: `exists_ok` parameter is deprecated, please use `if_exists`
[2026-02-19T14:01:08.811+0000] {processor.py:840} INFO - DAG(s) 'ecommerce_etl_v2' retrieved from /opt/airflow/dags/etl_dag.py
[2026-02-19T14:01:08.831+0000] {logging_mixin.py:188} INFO - [2026-02-19T14:01:08.831+0000] {dag.py:3036} INFO - Sync 1 DAGs
[2026-02-19T14:01:08.841+0000] {logging_mixin.py:188} INFO - [2026-02-19T14:01:08.841+0000] {dag.py:3823} INFO - Setting next_dagrun for ecommerce_etl_v2 to 2026-02-19 13:00:00+00:00, run_after=2026-02-20 13:00:00+00:00
[2026-02-19T14:01:08.850+0000] {processor.py:183} INFO - Processing /opt/airflow/dags/etl_dag.py took 0.166 seconds
[2026-02-19T14:01:38.986+0000] {processor.py:161} INFO - Started process (PID=73906) to work on /opt/airflow/dags/etl_dag.py
[2026-02-19T14:01:38.987+0000] {processor.py:830} INFO - Processing file /opt/airflow/dags/etl_dag.py for tasks to queue
[2026-02-19T14:01:38.988+0000] {logging_mixin.py:188} INFO - [2026-02-19T14:01:38.988+0000] {dagbag.py:538} INFO - Filling up the DagBag from /opt/airflow/dags/etl_dag.py
[2026-02-19T14:01:39.042+0000] {logging_mixin.py:188} INFO - Warning: Your Kaggle API key is readable by other users on this system! To fix this, you can run 'chmod 600 /home/airflow/.kaggle/kaggle.json'
[2026-02-19T14:01:39.110+0000] {logging_mixin.py:188} WARNING - /home/airflow/.local/lib/python3.8/site-packages/airflow/models/baseoperator.py:437 AirflowProviderDeprecationWarning: `exists_ok` parameter is deprecated, please use `if_exists`
[2026-02-19T14:01:39.122+0000] {processor.py:840} INFO - DAG(s) 'ecommerce_etl_v2' retrieved from /opt/airflow/dags/etl_dag.py
[2026-02-19T14:01:39.147+0000] {logging_mixin.py:188} INFO - [2026-02-19T14:01:39.147+0000] {dag.py:3036} INFO - Sync 1 DAGs
[2026-02-19T14:01:39.163+0000] {logging_mixin.py:188} INFO - [2026-02-19T14:01:39.163+0000] {dag.py:3823} INFO - Setting next_dagrun for ecommerce_etl_v2 to 2026-02-19 13:00:00+00:00, run_after=2026-02-20 13:00:00+00:00
[2026-02-19T14:01:39.313+0000] {processor.py:183} INFO - Processing /opt/airflow/dags/etl_dag.py took 0.329 seconds
[2026-02-19T14:02:09.454+0000] {processor.py:161} INFO - Started process (PID=73937) to work on /opt/airflow/dags/etl_dag.py
[2026-02-19T14:02:09.456+0000] {processor.py:830} INFO - Processing file /opt/airflow/dags/etl_dag.py for tasks to queue
[2026-02-19T14:02:09.457+0000] {logging_mixin.py:188} INFO - [2026-02-19T14:02:09.457+0000] {dagbag.py:538} INFO - Filling up the DagBag from /opt/airflow/dags/etl_dag.py
[2026-02-19T14:02:09.503+0000] {logging_mixin.py:188} INFO - Warning: Your Kaggle API key is readable by other users on this system! To fix this, you can run 'chmod 600 /home/airflow/.kaggle/kaggle.json'
[2026-02-19T14:02:09.566+0000] {logging_mixin.py:188} WARNING - /home/airflow/.local/lib/python3.8/site-packages/airflow/models/baseoperator.py:437 AirflowProviderDeprecationWarning: `exists_ok` parameter is deprecated, please use `if_exists`
[2026-02-19T14:02:09.575+0000] {processor.py:840} INFO - DAG(s) 'ecommerce_etl_v2' retrieved from /opt/airflow/dags/etl_dag.py
[2026-02-19T14:02:09.595+0000] {logging_mixin.py:188} INFO - [2026-02-19T14:02:09.595+0000] {dag.py:3036} INFO - Sync 1 DAGs
[2026-02-19T14:02:09.606+0000] {logging_mixin.py:188} INFO - [2026-02-19T14:02:09.606+0000] {dag.py:3823} INFO - Setting next_dagrun for ecommerce_etl_v2 to 2026-02-19 13:00:00+00:00, run_after=2026-02-20 13:00:00+00:00
[2026-02-19T14:02:09.615+0000] {processor.py:183} INFO - Processing /opt/airflow/dags/etl_dag.py took 0.166 seconds
[2026-02-19T14:02:39.962+0000] {processor.py:161} INFO - Started process (PID=73968) to work on /opt/airflow/dags/etl_dag.py
[2026-02-19T14:02:39.963+0000] {processor.py:830} INFO - Processing file /opt/airflow/dags/etl_dag.py for tasks to queue
[2026-02-19T14:02:39.963+0000] {logging_mixin.py:188} INFO - [2026-02-19T14:02:39.963+0000] {dagbag.py:538} INFO - Filling up the DagBag from /opt/airflow/dags/etl_dag.py
[2026-02-19T14:02:40.012+0000] {logging_mixin.py:188} INFO - Warning: Your Kaggle API key is readable by other users on this system! To fix this, you can run 'chmod 600 /home/airflow/.kaggle/kaggle.json'
[2026-02-19T14:02:40.074+0000] {logging_mixin.py:188} WARNING - /home/airflow/.local/lib/python3.8/site-packages/airflow/models/baseoperator.py:437 AirflowProviderDeprecationWarning: `exists_ok` parameter is deprecated, please use `if_exists`
[2026-02-19T14:02:40.083+0000] {processor.py:840} INFO - DAG(s) 'ecommerce_etl_v2' retrieved from /opt/airflow/dags/etl_dag.py
[2026-02-19T14:02:40.103+0000] {logging_mixin.py:188} INFO - [2026-02-19T14:02:40.102+0000] {dag.py:3036} INFO - Sync 1 DAGs
[2026-02-19T14:02:40.113+0000] {logging_mixin.py:188} INFO - [2026-02-19T14:02:40.113+0000] {dag.py:3823} INFO - Setting next_dagrun for ecommerce_etl_v2 to 2026-02-19 13:00:00+00:00, run_after=2026-02-20 13:00:00+00:00
[2026-02-19T14:02:40.225+0000] {processor.py:183} INFO - Processing /opt/airflow/dags/etl_dag.py took 0.266 seconds
[2026-02-19T14:03:10.307+0000] {processor.py:161} INFO - Started process (PID=73999) to work on /opt/airflow/dags/etl_dag.py
[2026-02-19T14:03:10.308+0000] {processor.py:830} INFO - Processing file /opt/airflow/dags/etl_dag.py for tasks to queue
[2026-02-19T14:03:10.309+0000] {logging_mixin.py:188} INFO - [2026-02-19T14:03:10.309+0000] {dagbag.py:538} INFO - Filling up the DagBag from /opt/airflow/dags/etl_dag.py
[2026-02-19T14:03:10.357+0000] {logging_mixin.py:188} INFO - Warning: Your Kaggle API key is readable by other users on this system! To fix this, you can run 'chmod 600 /home/airflow/.kaggle/kaggle.json'
[2026-02-19T14:03:10.419+0000] {logging_mixin.py:188} WARNING - /home/airflow/.local/lib/python3.8/site-packages/airflow/models/baseoperator.py:437 AirflowProviderDeprecationWarning: `exists_ok` parameter is deprecated, please use `if_exists`
[2026-02-19T14:03:10.429+0000] {processor.py:840} INFO - DAG(s) 'ecommerce_etl_v2' retrieved from /opt/airflow/dags/etl_dag.py
[2026-02-19T14:03:10.551+0000] {logging_mixin.py:188} INFO - [2026-02-19T14:03:10.550+0000] {dag.py:3036} INFO - Sync 1 DAGs
[2026-02-19T14:03:10.560+0000] {logging_mixin.py:188} INFO - [2026-02-19T14:03:10.560+0000] {dag.py:3823} INFO - Setting next_dagrun for ecommerce_etl_v2 to 2026-02-19 13:00:00+00:00, run_after=2026-02-20 13:00:00+00:00
[2026-02-19T14:03:10.568+0000] {processor.py:183} INFO - Processing /opt/airflow/dags/etl_dag.py took 0.264 seconds
[2026-02-19T14:03:40.776+0000] {processor.py:161} INFO - Started process (PID=74030) to work on /opt/airflow/dags/etl_dag.py
[2026-02-19T14:03:40.777+0000] {processor.py:830} INFO - Processing file /opt/airflow/dags/etl_dag.py for tasks to queue
[2026-02-19T14:03:40.778+0000] {logging_mixin.py:188} INFO - [2026-02-19T14:03:40.778+0000] {dagbag.py:538} INFO - Filling up the DagBag from /opt/airflow/dags/etl_dag.py
[2026-02-19T14:03:40.823+0000] {logging_mixin.py:188} INFO - Warning: Your Kaggle API key is readable by other users on this system! To fix this, you can run 'chmod 600 /home/airflow/.kaggle/kaggle.json'
[2026-02-19T14:03:40.990+0000] {logging_mixin.py:188} WARNING - /home/airflow/.local/lib/python3.8/site-packages/airflow/models/baseoperator.py:437 AirflowProviderDeprecationWarning: `exists_ok` parameter is deprecated, please use `if_exists`
[2026-02-19T14:03:40.999+0000] {processor.py:840} INFO - DAG(s) 'ecommerce_etl_v2' retrieved from /opt/airflow/dags/etl_dag.py
[2026-02-19T14:03:41.016+0000] {logging_mixin.py:188} INFO - [2026-02-19T14:03:41.016+0000] {dag.py:3036} INFO - Sync 1 DAGs
[2026-02-19T14:03:41.025+0000] {logging_mixin.py:188} INFO - [2026-02-19T14:03:41.025+0000] {dag.py:3823} INFO - Setting next_dagrun for ecommerce_etl_v2 to 2026-02-19 13:00:00+00:00, run_after=2026-02-20 13:00:00+00:00
[2026-02-19T14:03:41.034+0000] {processor.py:183} INFO - Processing /opt/airflow/dags/etl_dag.py took 0.260 seconds
[2026-02-19T14:04:11.085+0000] {processor.py:161} INFO - Started process (PID=74061) to work on /opt/airflow/dags/etl_dag.py
[2026-02-19T14:04:11.087+0000] {processor.py:830} INFO - Processing file /opt/airflow/dags/etl_dag.py for tasks to queue
[2026-02-19T14:04:11.088+0000] {logging_mixin.py:188} INFO - [2026-02-19T14:04:11.087+0000] {dagbag.py:538} INFO - Filling up the DagBag from /opt/airflow/dags/etl_dag.py
[2026-02-19T14:04:11.137+0000] {logging_mixin.py:188} INFO - Warning: Your Kaggle API key is readable by other users on this system! To fix this, you can run 'chmod 600 /home/airflow/.kaggle/kaggle.json'
[2026-02-19T14:04:11.313+0000] {logging_mixin.py:188} WARNING - /home/airflow/.local/lib/python3.8/site-packages/airflow/models/baseoperator.py:437 AirflowProviderDeprecationWarning: `exists_ok` parameter is deprecated, please use `if_exists`
[2026-02-19T14:04:11.322+0000] {processor.py:840} INFO - DAG(s) 'ecommerce_etl_v2' retrieved from /opt/airflow/dags/etl_dag.py
[2026-02-19T14:04:11.341+0000] {logging_mixin.py:188} INFO - [2026-02-19T14:04:11.341+0000] {dag.py:3036} INFO - Sync 1 DAGs
[2026-02-19T14:04:11.351+0000] {logging_mixin.py:188} INFO - [2026-02-19T14:04:11.351+0000] {dag.py:3823} INFO - Setting next_dagrun for ecommerce_etl_v2 to 2026-02-19 13:00:00+00:00, run_after=2026-02-20 13:00:00+00:00
[2026-02-19T14:04:11.362+0000] {processor.py:183} INFO - Processing /opt/airflow/dags/etl_dag.py took 0.281 seconds
[2026-02-19T14:04:41.638+0000] {processor.py:161} INFO - Started process (PID=74092) to work on /opt/airflow/dags/etl_dag.py
[2026-02-19T14:04:41.639+0000] {processor.py:830} INFO - Processing file /opt/airflow/dags/etl_dag.py for tasks to queue
[2026-02-19T14:04:41.640+0000] {logging_mixin.py:188} INFO - [2026-02-19T14:04:41.640+0000] {dagbag.py:538} INFO - Filling up the DagBag from /opt/airflow/dags/etl_dag.py
[2026-02-19T14:04:41.686+0000] {logging_mixin.py:188} INFO - Warning: Your Kaggle API key is readable by other users on this system! To fix this, you can run 'chmod 600 /home/airflow/.kaggle/kaggle.json'
[2026-02-19T14:04:41.863+0000] {logging_mixin.py:188} WARNING - /home/airflow/.local/lib/python3.8/site-packages/airflow/models/baseoperator.py:437 AirflowProviderDeprecationWarning: `exists_ok` parameter is deprecated, please use `if_exists`
[2026-02-19T14:04:41.872+0000] {processor.py:840} INFO - DAG(s) 'ecommerce_etl_v2' retrieved from /opt/airflow/dags/etl_dag.py
[2026-02-19T14:04:41.892+0000] {logging_mixin.py:188} INFO - [2026-02-19T14:04:41.892+0000] {dag.py:3036} INFO - Sync 1 DAGs
[2026-02-19T14:04:41.902+0000] {logging_mixin.py:188} INFO - [2026-02-19T14:04:41.902+0000] {dag.py:3823} INFO - Setting next_dagrun for ecommerce_etl_v2 to 2026-02-19 13:00:00+00:00, run_after=2026-02-20 13:00:00+00:00
[2026-02-19T14:04:41.912+0000] {processor.py:183} INFO - Processing /opt/airflow/dags/etl_dag.py took 0.277 seconds
[2026-02-19T14:05:12.200+0000] {processor.py:161} INFO - Started process (PID=74123) to work on /opt/airflow/dags/etl_dag.py
[2026-02-19T14:05:12.201+0000] {processor.py:830} INFO - Processing file /opt/airflow/dags/etl_dag.py for tasks to queue
[2026-02-19T14:05:12.202+0000] {logging_mixin.py:188} INFO - [2026-02-19T14:05:12.201+0000] {dagbag.py:538} INFO - Filling up the DagBag from /opt/airflow/dags/etl_dag.py
[2026-02-19T14:05:12.257+0000] {logging_mixin.py:188} INFO - Warning: Your Kaggle API key is readable by other users on this system! To fix this, you can run 'chmod 600 /home/airflow/.kaggle/kaggle.json'
[2026-02-19T14:05:12.452+0000] {logging_mixin.py:188} WARNING - /home/airflow/.local/lib/python3.8/site-packages/airflow/models/baseoperator.py:437 AirflowProviderDeprecationWarning: `exists_ok` parameter is deprecated, please use `if_exists`
[2026-02-19T14:05:12.463+0000] {processor.py:840} INFO - DAG(s) 'ecommerce_etl_v2' retrieved from /opt/airflow/dags/etl_dag.py
[2026-02-19T14:05:12.485+0000] {logging_mixin.py:188} INFO - [2026-02-19T14:05:12.485+0000] {dag.py:3036} INFO - Sync 1 DAGs
[2026-02-19T14:05:12.497+0000] {logging_mixin.py:188} INFO - [2026-02-19T14:05:12.497+0000] {dag.py:3823} INFO - Setting next_dagrun for ecommerce_etl_v2 to 2026-02-19 13:00:00+00:00, run_after=2026-02-20 13:00:00+00:00
[2026-02-19T14:05:12.507+0000] {processor.py:183} INFO - Processing /opt/airflow/dags/etl_dag.py took 0.311 seconds
[2026-02-19T14:05:42.750+0000] {processor.py:161} INFO - Started process (PID=74154) to work on /opt/airflow/dags/etl_dag.py
[2026-02-19T14:05:42.751+0000] {processor.py:830} INFO - Processing file /opt/airflow/dags/etl_dag.py for tasks to queue
[2026-02-19T14:05:42.752+0000] {logging_mixin.py:188} INFO - [2026-02-19T14:05:42.751+0000] {dagbag.py:538} INFO - Filling up the DagBag from /opt/airflow/dags/etl_dag.py
[2026-02-19T14:05:42.797+0000] {logging_mixin.py:188} INFO - Warning: Your Kaggle API key is readable by other users on this system! To fix this, you can run 'chmod 600 /home/airflow/.kaggle/kaggle.json'
[2026-02-19T14:05:42.972+0000] {logging_mixin.py:188} WARNING - /home/airflow/.local/lib/python3.8/site-packages/airflow/models/baseoperator.py:437 AirflowProviderDeprecationWarning: `exists_ok` parameter is deprecated, please use `if_exists`
[2026-02-19T14:05:42.983+0000] {processor.py:840} INFO - DAG(s) 'ecommerce_etl_v2' retrieved from /opt/airflow/dags/etl_dag.py
[2026-02-19T14:05:43.002+0000] {logging_mixin.py:188} INFO - [2026-02-19T14:05:43.002+0000] {dag.py:3036} INFO - Sync 1 DAGs
[2026-02-19T14:05:43.015+0000] {logging_mixin.py:188} INFO - [2026-02-19T14:05:43.015+0000] {dag.py:3823} INFO - Setting next_dagrun for ecommerce_etl_v2 to 2026-02-19 13:00:00+00:00, run_after=2026-02-20 13:00:00+00:00
[2026-02-19T14:05:43.023+0000] {processor.py:183} INFO - Processing /opt/airflow/dags/etl_dag.py took 0.276 seconds
[2026-02-19T14:06:13.291+0000] {processor.py:161} INFO - Started process (PID=74185) to work on /opt/airflow/dags/etl_dag.py
[2026-02-19T14:06:13.292+0000] {processor.py:830} INFO - Processing file /opt/airflow/dags/etl_dag.py for tasks to queue
[2026-02-19T14:06:13.293+0000] {logging_mixin.py:188} INFO - [2026-02-19T14:06:13.293+0000] {dagbag.py:538} INFO - Filling up the DagBag from /opt/airflow/dags/etl_dag.py
[2026-02-19T14:06:13.520+0000] {logging_mixin.py:188} INFO - Warning: Your Kaggle API key is readable by other users on this system! To fix this, you can run 'chmod 600 /home/airflow/.kaggle/kaggle.json'
[2026-02-19T14:06:13.582+0000] {logging_mixin.py:188} WARNING - /home/airflow/.local/lib/python3.8/site-packages/airflow/models/baseoperator.py:437 AirflowProviderDeprecationWarning: `exists_ok` parameter is deprecated, please use `if_exists`
[2026-02-19T14:06:13.592+0000] {processor.py:840} INFO - DAG(s) 'ecommerce_etl_v2' retrieved from /opt/airflow/dags/etl_dag.py
[2026-02-19T14:06:13.614+0000] {logging_mixin.py:188} INFO - [2026-02-19T14:06:13.614+0000] {dag.py:3036} INFO - Sync 1 DAGs
[2026-02-19T14:06:13.626+0000] {logging_mixin.py:188} INFO - [2026-02-19T14:06:13.626+0000] {dag.py:3823} INFO - Setting next_dagrun for ecommerce_etl_v2 to 2026-02-19 13:00:00+00:00, run_after=2026-02-20 13:00:00+00:00
[2026-02-19T14:06:13.636+0000] {processor.py:183} INFO - Processing /opt/airflow/dags/etl_dag.py took 0.350 seconds
[2026-02-19T14:06:43.945+0000] {processor.py:161} INFO - Started process (PID=74216) to work on /opt/airflow/dags/etl_dag.py
[2026-02-19T14:06:43.948+0000] {processor.py:830} INFO - Processing file /opt/airflow/dags/etl_dag.py for tasks to queue
[2026-02-19T14:06:43.949+0000] {logging_mixin.py:188} INFO - [2026-02-19T14:06:43.949+0000] {dagbag.py:538} INFO - Filling up the DagBag from /opt/airflow/dags/etl_dag.py
[2026-02-19T14:06:44.002+0000] {logging_mixin.py:188} INFO - Warning: Your Kaggle API key is readable by other users on this system! To fix this, you can run 'chmod 600 /home/airflow/.kaggle/kaggle.json'
[2026-02-19T14:06:44.186+0000] {logging_mixin.py:188} WARNING - /home/airflow/.local/lib/python3.8/site-packages/airflow/models/baseoperator.py:437 AirflowProviderDeprecationWarning: `exists_ok` parameter is deprecated, please use `if_exists`
[2026-02-19T14:06:44.196+0000] {processor.py:840} INFO - DAG(s) 'ecommerce_etl_v2' retrieved from /opt/airflow/dags/etl_dag.py
[2026-02-19T14:06:44.217+0000] {logging_mixin.py:188} INFO - [2026-02-19T14:06:44.216+0000] {dag.py:3036} INFO - Sync 1 DAGs
[2026-02-19T14:06:44.228+0000] {logging_mixin.py:188} INFO - [2026-02-19T14:06:44.228+0000] {dag.py:3823} INFO - Setting next_dagrun for ecommerce_etl_v2 to 2026-02-19 13:00:00+00:00, run_after=2026-02-20 13:00:00+00:00
[2026-02-19T14:06:44.238+0000] {processor.py:183} INFO - Processing /opt/airflow/dags/etl_dag.py took 0.299 seconds
[2026-02-19T14:07:14.493+0000] {processor.py:161} INFO - Started process (PID=74247) to work on /opt/airflow/dags/etl_dag.py
[2026-02-19T14:07:14.495+0000] {processor.py:830} INFO - Processing file /opt/airflow/dags/etl_dag.py for tasks to queue
[2026-02-19T14:07:14.496+0000] {logging_mixin.py:188} INFO - [2026-02-19T14:07:14.496+0000] {dagbag.py:538} INFO - Filling up the DagBag from /opt/airflow/dags/etl_dag.py
[2026-02-19T14:07:14.688+0000] {logging_mixin.py:188} INFO - Warning: Your Kaggle API key is readable by other users on this system! To fix this, you can run 'chmod 600 /home/airflow/.kaggle/kaggle.json'
[2026-02-19T14:07:14.750+0000] {logging_mixin.py:188} WARNING - /home/airflow/.local/lib/python3.8/site-packages/airflow/models/baseoperator.py:437 AirflowProviderDeprecationWarning: `exists_ok` parameter is deprecated, please use `if_exists`
[2026-02-19T14:07:14.762+0000] {processor.py:840} INFO - DAG(s) 'ecommerce_etl_v2' retrieved from /opt/airflow/dags/etl_dag.py
[2026-02-19T14:07:14.783+0000] {logging_mixin.py:188} INFO - [2026-02-19T14:07:14.783+0000] {dag.py:3036} INFO - Sync 1 DAGs
[2026-02-19T14:07:14.796+0000] {logging_mixin.py:188} INFO - [2026-02-19T14:07:14.795+0000] {dag.py:3823} INFO - Setting next_dagrun for ecommerce_etl_v2 to 2026-02-19 13:00:00+00:00, run_after=2026-02-20 13:00:00+00:00
[2026-02-19T14:07:14.806+0000] {processor.py:183} INFO - Processing /opt/airflow/dags/etl_dag.py took 0.317 seconds
[2026-02-19T14:07:45.096+0000] {processor.py:161} INFO - Started process (PID=74278) to work on /opt/airflow/dags/etl_dag.py
[2026-02-19T14:07:45.097+0000] {processor.py:830} INFO - Processing file /opt/airflow/dags/etl_dag.py for tasks to queue
[2026-02-19T14:07:45.098+0000] {logging_mixin.py:188} INFO - [2026-02-19T14:07:45.097+0000] {dagbag.py:538} INFO - Filling up the DagBag from /opt/airflow/dags/etl_dag.py
[2026-02-19T14:07:45.274+0000] {logging_mixin.py:188} INFO - Warning: Your Kaggle API key is readable by other users on this system! To fix this, you can run 'chmod 600 /home/airflow/.kaggle/kaggle.json'
[2026-02-19T14:07:45.337+0000] {logging_mixin.py:188} WARNING - /home/airflow/.local/lib/python3.8/site-packages/airflow/models/baseoperator.py:437 AirflowProviderDeprecationWarning: `exists_ok` parameter is deprecated, please use `if_exists`
[2026-02-19T14:07:45.349+0000] {processor.py:840} INFO - DAG(s) 'ecommerce_etl_v2' retrieved from /opt/airflow/dags/etl_dag.py
[2026-02-19T14:07:45.369+0000] {logging_mixin.py:188} INFO - [2026-02-19T14:07:45.368+0000] {dag.py:3036} INFO - Sync 1 DAGs
[2026-02-19T14:07:45.381+0000] {logging_mixin.py:188} INFO - [2026-02-19T14:07:45.380+0000] {dag.py:3823} INFO - Setting next_dagrun for ecommerce_etl_v2 to 2026-02-19 13:00:00+00:00, run_after=2026-02-20 13:00:00+00:00
[2026-02-19T14:07:45.389+0000] {processor.py:183} INFO - Processing /opt/airflow/dags/etl_dag.py took 0.296 seconds
[2026-02-19T14:08:15.658+0000] {processor.py:161} INFO - Started process (PID=74309) to work on /opt/airflow/dags/etl_dag.py
[2026-02-19T14:08:15.659+0000] {processor.py:830} INFO - Processing file /opt/airflow/dags/etl_dag.py for tasks to queue
[2026-02-19T14:08:15.660+0000] {logging_mixin.py:188} INFO - [2026-02-19T14:08:15.660+0000] {dagbag.py:538} INFO - Filling up the DagBag from /opt/airflow/dags/etl_dag.py
[2026-02-19T14:08:15.828+0000] {logging_mixin.py:188} INFO - Warning: Your Kaggle API key is readable by other users on this system! To fix this, you can run 'chmod 600 /home/airflow/.kaggle/kaggle.json'
[2026-02-19T14:08:15.887+0000] {logging_mixin.py:188} WARNING - /home/airflow/.local/lib/python3.8/site-packages/airflow/models/baseoperator.py:437 AirflowProviderDeprecationWarning: `exists_ok` parameter is deprecated, please use `if_exists`
[2026-02-19T14:08:15.898+0000] {processor.py:840} INFO - DAG(s) 'ecommerce_etl_v2' retrieved from /opt/airflow/dags/etl_dag.py
[2026-02-19T14:08:15.916+0000] {logging_mixin.py:188} INFO - [2026-02-19T14:08:15.916+0000] {dag.py:3036} INFO - Sync 1 DAGs
[2026-02-19T14:08:15.927+0000] {logging_mixin.py:188} INFO - [2026-02-19T14:08:15.927+0000] {dag.py:3823} INFO - Setting next_dagrun for ecommerce_etl_v2 to 2026-02-19 13:00:00+00:00, run_after=2026-02-20 13:00:00+00:00
[2026-02-19T14:08:15.937+0000] {processor.py:183} INFO - Processing /opt/airflow/dags/etl_dag.py took 0.285 seconds
[2026-02-19T14:08:46.016+0000] {processor.py:161} INFO - Started process (PID=74340) to work on /opt/airflow/dags/etl_dag.py
[2026-02-19T14:08:46.017+0000] {processor.py:830} INFO - Processing file /opt/airflow/dags/etl_dag.py for tasks to queue
[2026-02-19T14:08:46.018+0000] {logging_mixin.py:188} INFO - [2026-02-19T14:08:46.018+0000] {dagbag.py:538} INFO - Filling up the DagBag from /opt/airflow/dags/etl_dag.py
[2026-02-19T14:08:46.072+0000] {logging_mixin.py:188} INFO - Warning: Your Kaggle API key is readable by other users on this system! To fix this, you can run 'chmod 600 /home/airflow/.kaggle/kaggle.json'
[2026-02-19T14:08:46.135+0000] {logging_mixin.py:188} WARNING - /home/airflow/.local/lib/python3.8/site-packages/airflow/models/baseoperator.py:437 AirflowProviderDeprecationWarning: `exists_ok` parameter is deprecated, please use `if_exists`
[2026-02-19T14:08:46.148+0000] {processor.py:840} INFO - DAG(s) 'ecommerce_etl_v2' retrieved from /opt/airflow/dags/etl_dag.py
[2026-02-19T14:08:46.168+0000] {logging_mixin.py:188} INFO - [2026-02-19T14:08:46.168+0000] {dag.py:3036} INFO - Sync 1 DAGs
[2026-02-19T14:08:46.182+0000] {logging_mixin.py:188} INFO - [2026-02-19T14:08:46.181+0000] {dag.py:3823} INFO - Setting next_dagrun for ecommerce_etl_v2 to 2026-02-19 13:00:00+00:00, run_after=2026-02-20 13:00:00+00:00
[2026-02-19T14:08:46.190+0000] {processor.py:183} INFO - Processing /opt/airflow/dags/etl_dag.py took 0.179 seconds
[2026-02-19T14:09:16.245+0000] {processor.py:161} INFO - Started process (PID=74371) to work on /opt/airflow/dags/etl_dag.py
[2026-02-19T14:09:16.246+0000] {processor.py:830} INFO - Processing file /opt/airflow/dags/etl_dag.py for tasks to queue
[2026-02-19T14:09:16.247+0000] {logging_mixin.py:188} INFO - [2026-02-19T14:09:16.246+0000] {dagbag.py:538} INFO - Filling up the DagBag from /opt/airflow/dags/etl_dag.py
[2026-02-19T14:09:16.300+0000] {logging_mixin.py:188} INFO - Warning: Your Kaggle API key is readable by other users on this system! To fix this, you can run 'chmod 600 /home/airflow/.kaggle/kaggle.json'
[2026-02-19T14:09:16.364+0000] {logging_mixin.py:188} WARNING - /home/airflow/.local/lib/python3.8/site-packages/airflow/models/baseoperator.py:437 AirflowProviderDeprecationWarning: `exists_ok` parameter is deprecated, please use `if_exists`
[2026-02-19T14:09:16.374+0000] {processor.py:840} INFO - DAG(s) 'ecommerce_etl_v2' retrieved from /opt/airflow/dags/etl_dag.py
[2026-02-19T14:09:16.397+0000] {logging_mixin.py:188} INFO - [2026-02-19T14:09:16.396+0000] {dag.py:3036} INFO - Sync 1 DAGs
[2026-02-19T14:09:16.409+0000] {logging_mixin.py:188} INFO - [2026-02-19T14:09:16.408+0000] {dag.py:3823} INFO - Setting next_dagrun for ecommerce_etl_v2 to 2026-02-19 13:00:00+00:00, run_after=2026-02-20 13:00:00+00:00
[2026-02-19T14:09:16.420+0000] {processor.py:183} INFO - Processing /opt/airflow/dags/etl_dag.py took 0.178 seconds
[2026-02-19T14:09:46.482+0000] {processor.py:161} INFO - Started process (PID=74402) to work on /opt/airflow/dags/etl_dag.py
[2026-02-19T14:09:46.483+0000] {processor.py:830} INFO - Processing file /opt/airflow/dags/etl_dag.py for tasks to queue
[2026-02-19T14:09:46.484+0000] {logging_mixin.py:188} INFO - [2026-02-19T14:09:46.484+0000] {dagbag.py:538} INFO - Filling up the DagBag from /opt/airflow/dags/etl_dag.py
[2026-02-19T14:09:46.535+0000] {logging_mixin.py:188} INFO - Warning: Your Kaggle API key is readable by other users on this system! To fix this, you can run 'chmod 600 /home/airflow/.kaggle/kaggle.json'
[2026-02-19T14:09:46.597+0000] {logging_mixin.py:188} WARNING - /home/airflow/.local/lib/python3.8/site-packages/airflow/models/baseoperator.py:437 AirflowProviderDeprecationWarning: `exists_ok` parameter is deprecated, please use `if_exists`
[2026-02-19T14:09:46.607+0000] {processor.py:840} INFO - DAG(s) 'ecommerce_etl_v2' retrieved from /opt/airflow/dags/etl_dag.py
[2026-02-19T14:09:46.628+0000] {logging_mixin.py:188} INFO - [2026-02-19T14:09:46.628+0000] {dag.py:3036} INFO - Sync 1 DAGs
[2026-02-19T14:09:46.641+0000] {logging_mixin.py:188} INFO - [2026-02-19T14:09:46.641+0000] {dag.py:3823} INFO - Setting next_dagrun for ecommerce_etl_v2 to 2026-02-19 13:00:00+00:00, run_after=2026-02-20 13:00:00+00:00
[2026-02-19T14:09:46.652+0000] {processor.py:183} INFO - Processing /opt/airflow/dags/etl_dag.py took 0.174 seconds
[2026-02-19T14:10:16.743+0000] {processor.py:161} INFO - Started process (PID=74433) to work on /opt/airflow/dags/etl_dag.py
[2026-02-19T14:10:16.744+0000] {processor.py:830} INFO - Processing file /opt/airflow/dags/etl_dag.py for tasks to queue
[2026-02-19T14:10:16.745+0000] {logging_mixin.py:188} INFO - [2026-02-19T14:10:16.744+0000] {dagbag.py:538} INFO - Filling up the DagBag from /opt/airflow/dags/etl_dag.py
[2026-02-19T14:10:16.796+0000] {logging_mixin.py:188} INFO - Warning: Your Kaggle API key is readable by other users on this system! To fix this, you can run 'chmod 600 /home/airflow/.kaggle/kaggle.json'
[2026-02-19T14:10:16.858+0000] {logging_mixin.py:188} WARNING - /home/airflow/.local/lib/python3.8/site-packages/airflow/models/baseoperator.py:437 AirflowProviderDeprecationWarning: `exists_ok` parameter is deprecated, please use `if_exists`
[2026-02-19T14:10:16.869+0000] {processor.py:840} INFO - DAG(s) 'ecommerce_etl_v2' retrieved from /opt/airflow/dags/etl_dag.py
[2026-02-19T14:10:16.890+0000] {logging_mixin.py:188} INFO - [2026-02-19T14:10:16.890+0000] {dag.py:3036} INFO - Sync 1 DAGs
[2026-02-19T14:10:16.901+0000] {logging_mixin.py:188} INFO - [2026-02-19T14:10:16.901+0000] {dag.py:3823} INFO - Setting next_dagrun for ecommerce_etl_v2 to 2026-02-19 13:00:00+00:00, run_after=2026-02-20 13:00:00+00:00
[2026-02-19T14:10:16.909+0000] {processor.py:183} INFO - Processing /opt/airflow/dags/etl_dag.py took 0.170 seconds
[2026-02-19T14:10:47.054+0000] {processor.py:161} INFO - Started process (PID=74464) to work on /opt/airflow/dags/etl_dag.py
[2026-02-19T14:10:47.055+0000] {processor.py:830} INFO - Processing file /opt/airflow/dags/etl_dag.py for tasks to queue
[2026-02-19T14:10:47.056+0000] {logging_mixin.py:188} INFO - [2026-02-19T14:10:47.056+0000] {dagbag.py:538} INFO - Filling up the DagBag from /opt/airflow/dags/etl_dag.py
[2026-02-19T14:10:47.106+0000] {logging_mixin.py:188} INFO - Warning: Your Kaggle API key is readable by other users on this system! To fix this, you can run 'chmod 600 /home/airflow/.kaggle/kaggle.json'
[2026-02-19T14:10:47.172+0000] {logging_mixin.py:188} WARNING - /home/airflow/.local/lib/python3.8/site-packages/airflow/models/baseoperator.py:437 AirflowProviderDeprecationWarning: `exists_ok` parameter is deprecated, please use `if_exists`
[2026-02-19T14:10:47.183+0000] {processor.py:840} INFO - DAG(s) 'ecommerce_etl_v2' retrieved from /opt/airflow/dags/etl_dag.py
[2026-02-19T14:10:47.204+0000] {logging_mixin.py:188} INFO - [2026-02-19T14:10:47.204+0000] {dag.py:3036} INFO - Sync 1 DAGs
[2026-02-19T14:10:47.215+0000] {logging_mixin.py:188} INFO - [2026-02-19T14:10:47.215+0000] {dag.py:3823} INFO - Setting next_dagrun for ecommerce_etl_v2 to 2026-02-19 13:00:00+00:00, run_after=2026-02-20 13:00:00+00:00
[2026-02-19T14:10:47.225+0000] {processor.py:183} INFO - Processing /opt/airflow/dags/etl_dag.py took 0.175 seconds
[2026-02-19T14:11:17.435+0000] {processor.py:161} INFO - Started process (PID=74495) to work on /opt/airflow/dags/etl_dag.py
[2026-02-19T14:11:17.436+0000] {processor.py:830} INFO - Processing file /opt/airflow/dags/etl_dag.py for tasks to queue
[2026-02-19T14:11:17.437+0000] {logging_mixin.py:188} INFO - [2026-02-19T14:11:17.437+0000] {dagbag.py:538} INFO - Filling up the DagBag from /opt/airflow/dags/etl_dag.py
[2026-02-19T14:11:17.489+0000] {logging_mixin.py:188} INFO - Warning: Your Kaggle API key is readable by other users on this system! To fix this, you can run 'chmod 600 /home/airflow/.kaggle/kaggle.json'
[2026-02-19T14:11:17.552+0000] {logging_mixin.py:188} WARNING - /home/airflow/.local/lib/python3.8/site-packages/airflow/models/baseoperator.py:437 AirflowProviderDeprecationWarning: `exists_ok` parameter is deprecated, please use `if_exists`
[2026-02-19T14:11:17.563+0000] {processor.py:840} INFO - DAG(s) 'ecommerce_etl_v2' retrieved from /opt/airflow/dags/etl_dag.py
[2026-02-19T14:11:17.584+0000] {logging_mixin.py:188} INFO - [2026-02-19T14:11:17.584+0000] {dag.py:3036} INFO - Sync 1 DAGs
[2026-02-19T14:11:17.596+0000] {logging_mixin.py:188} INFO - [2026-02-19T14:11:17.596+0000] {dag.py:3823} INFO - Setting next_dagrun for ecommerce_etl_v2 to 2026-02-19 13:00:00+00:00, run_after=2026-02-20 13:00:00+00:00
[2026-02-19T14:11:17.604+0000] {processor.py:183} INFO - Processing /opt/airflow/dags/etl_dag.py took 0.172 seconds
[2026-02-19T14:11:47.796+0000] {processor.py:161} INFO - Started process (PID=74526) to work on /opt/airflow/dags/etl_dag.py
[2026-02-19T14:11:47.797+0000] {processor.py:830} INFO - Processing file /opt/airflow/dags/etl_dag.py for tasks to queue
[2026-02-19T14:11:47.797+0000] {logging_mixin.py:188} INFO - [2026-02-19T14:11:47.797+0000] {dagbag.py:538} INFO - Filling up the DagBag from /opt/airflow/dags/etl_dag.py
[2026-02-19T14:11:47.842+0000] {logging_mixin.py:188} INFO - Warning: Your Kaggle API key is readable by other users on this system! To fix this, you can run 'chmod 600 /home/airflow/.kaggle/kaggle.json'
[2026-02-19T14:11:47.904+0000] {logging_mixin.py:188} WARNING - /home/airflow/.local/lib/python3.8/site-packages/airflow/models/baseoperator.py:437 AirflowProviderDeprecationWarning: `exists_ok` parameter is deprecated, please use `if_exists`
[2026-02-19T14:11:47.914+0000] {processor.py:840} INFO - DAG(s) 'ecommerce_etl_v2' retrieved from /opt/airflow/dags/etl_dag.py
[2026-02-19T14:11:47.935+0000] {logging_mixin.py:188} INFO - [2026-02-19T14:11:47.935+0000] {dag.py:3036} INFO - Sync 1 DAGs
[2026-02-19T14:11:47.948+0000] {logging_mixin.py:188} INFO - [2026-02-19T14:11:47.948+0000] {dag.py:3823} INFO - Setting next_dagrun for ecommerce_etl_v2 to 2026-02-19 13:00:00+00:00, run_after=2026-02-20 13:00:00+00:00
[2026-02-19T14:11:47.958+0000] {processor.py:183} INFO - Processing /opt/airflow/dags/etl_dag.py took 0.165 seconds
[2026-02-19T14:12:18.208+0000] {processor.py:161} INFO - Started process (PID=74557) to work on /opt/airflow/dags/etl_dag.py
[2026-02-19T14:12:18.209+0000] {processor.py:830} INFO - Processing file /opt/airflow/dags/etl_dag.py for tasks to queue
[2026-02-19T14:12:18.210+0000] {logging_mixin.py:188} INFO - [2026-02-19T14:12:18.210+0000] {dagbag.py:538} INFO - Filling up the DagBag from /opt/airflow/dags/etl_dag.py
[2026-02-19T14:12:18.257+0000] {logging_mixin.py:188} INFO - Warning: Your Kaggle API key is readable by other users on this system! To fix this, you can run 'chmod 600 /home/airflow/.kaggle/kaggle.json'
[2026-02-19T14:12:18.321+0000] {logging_mixin.py:188} WARNING - /home/airflow/.local/lib/python3.8/site-packages/airflow/models/baseoperator.py:437 AirflowProviderDeprecationWarning: `exists_ok` parameter is deprecated, please use `if_exists`
[2026-02-19T14:12:18.331+0000] {processor.py:840} INFO - DAG(s) 'ecommerce_etl_v2' retrieved from /opt/airflow/dags/etl_dag.py
[2026-02-19T14:12:18.353+0000] {logging_mixin.py:188} INFO - [2026-02-19T14:12:18.352+0000] {dag.py:3036} INFO - Sync 1 DAGs
[2026-02-19T14:12:18.366+0000] {logging_mixin.py:188} INFO - [2026-02-19T14:12:18.365+0000] {dag.py:3823} INFO - Setting next_dagrun for ecommerce_etl_v2 to 2026-02-19 13:00:00+00:00, run_after=2026-02-20 13:00:00+00:00
[2026-02-19T14:12:18.376+0000] {processor.py:183} INFO - Processing /opt/airflow/dags/etl_dag.py took 0.170 seconds
[2026-02-19T14:12:48.521+0000] {processor.py:161} INFO - Started process (PID=74588) to work on /opt/airflow/dags/etl_dag.py
[2026-02-19T14:12:48.522+0000] {processor.py:830} INFO - Processing file /opt/airflow/dags/etl_dag.py for tasks to queue
[2026-02-19T14:12:48.523+0000] {logging_mixin.py:188} INFO - [2026-02-19T14:12:48.522+0000] {dagbag.py:538} INFO - Filling up the DagBag from /opt/airflow/dags/etl_dag.py
[2026-02-19T14:12:48.565+0000] {logging_mixin.py:188} INFO - Warning: Your Kaggle API key is readable by other users on this system! To fix this, you can run 'chmod 600 /home/airflow/.kaggle/kaggle.json'
[2026-02-19T14:12:48.627+0000] {logging_mixin.py:188} WARNING - /home/airflow/.local/lib/python3.8/site-packages/airflow/models/baseoperator.py:437 AirflowProviderDeprecationWarning: `exists_ok` parameter is deprecated, please use `if_exists`
[2026-02-19T14:12:48.637+0000] {processor.py:840} INFO - DAG(s) 'ecommerce_etl_v2' retrieved from /opt/airflow/dags/etl_dag.py
[2026-02-19T14:12:48.659+0000] {logging_mixin.py:188} INFO - [2026-02-19T14:12:48.659+0000] {dag.py:3036} INFO - Sync 1 DAGs
[2026-02-19T14:12:48.672+0000] {logging_mixin.py:188} INFO - [2026-02-19T14:12:48.672+0000] {dag.py:3823} INFO - Setting next_dagrun for ecommerce_etl_v2 to 2026-02-19 13:00:00+00:00, run_after=2026-02-20 13:00:00+00:00
[2026-02-19T14:12:48.682+0000] {processor.py:183} INFO - Processing /opt/airflow/dags/etl_dag.py took 0.163 seconds
[2026-02-19T14:13:18.895+0000] {processor.py:161} INFO - Started process (PID=74619) to work on /opt/airflow/dags/etl_dag.py
[2026-02-19T14:13:18.896+0000] {processor.py:830} INFO - Processing file /opt/airflow/dags/etl_dag.py for tasks to queue
[2026-02-19T14:13:18.896+0000] {logging_mixin.py:188} INFO - [2026-02-19T14:13:18.896+0000] {dagbag.py:538} INFO - Filling up the DagBag from /opt/airflow/dags/etl_dag.py
[2026-02-19T14:13:18.942+0000] {logging_mixin.py:188} INFO - Warning: Your Kaggle API key is readable by other users on this system! To fix this, you can run 'chmod 600 /home/airflow/.kaggle/kaggle.json'
[2026-02-19T14:13:19.005+0000] {logging_mixin.py:188} WARNING - /home/airflow/.local/lib/python3.8/site-packages/airflow/models/baseoperator.py:437 AirflowProviderDeprecationWarning: `exists_ok` parameter is deprecated, please use `if_exists`
[2026-02-19T14:13:19.015+0000] {processor.py:840} INFO - DAG(s) 'ecommerce_etl_v2' retrieved from /opt/airflow/dags/etl_dag.py
[2026-02-19T14:13:19.036+0000] {logging_mixin.py:188} INFO - [2026-02-19T14:13:19.036+0000] {dag.py:3036} INFO - Sync 1 DAGs
[2026-02-19T14:13:19.049+0000] {logging_mixin.py:188} INFO - [2026-02-19T14:13:19.049+0000] {dag.py:3823} INFO - Setting next_dagrun for ecommerce_etl_v2 to 2026-02-19 13:00:00+00:00, run_after=2026-02-20 13:00:00+00:00
[2026-02-19T14:13:19.059+0000] {processor.py:183} INFO - Processing /opt/airflow/dags/etl_dag.py took 0.167 seconds
[2026-02-19T14:13:49.215+0000] {processor.py:161} INFO - Started process (PID=74650) to work on /opt/airflow/dags/etl_dag.py
[2026-02-19T14:13:49.216+0000] {processor.py:830} INFO - Processing file /opt/airflow/dags/etl_dag.py for tasks to queue
[2026-02-19T14:13:49.217+0000] {logging_mixin.py:188} INFO - [2026-02-19T14:13:49.216+0000] {dagbag.py:538} INFO - Filling up the DagBag from /opt/airflow/dags/etl_dag.py
[2026-02-19T14:13:49.259+0000] {logging_mixin.py:188} INFO - Warning: Your Kaggle API key is readable by other users on this system! To fix this, you can run 'chmod 600 /home/airflow/.kaggle/kaggle.json'
[2026-02-19T14:13:49.323+0000] {logging_mixin.py:188} WARNING - /home/airflow/.local/lib/python3.8/site-packages/airflow/models/baseoperator.py:437 AirflowProviderDeprecationWarning: `exists_ok` parameter is deprecated, please use `if_exists`
[2026-02-19T14:13:49.333+0000] {processor.py:840} INFO - DAG(s) 'ecommerce_etl_v2' retrieved from /opt/airflow/dags/etl_dag.py
[2026-02-19T14:13:49.355+0000] {logging_mixin.py:188} INFO - [2026-02-19T14:13:49.355+0000] {dag.py:3036} INFO - Sync 1 DAGs
[2026-02-19T14:13:49.368+0000] {logging_mixin.py:188} INFO - [2026-02-19T14:13:49.368+0000] {dag.py:3823} INFO - Setting next_dagrun for ecommerce_etl_v2 to 2026-02-19 13:00:00+00:00, run_after=2026-02-20 13:00:00+00:00
[2026-02-19T14:13:49.378+0000] {processor.py:183} INFO - Processing /opt/airflow/dags/etl_dag.py took 0.165 seconds
[2026-02-19T14:14:19.652+0000] {processor.py:161} INFO - Started process (PID=74681) to work on /opt/airflow/dags/etl_dag.py
[2026-02-19T14:14:19.653+0000] {processor.py:830} INFO - Processing file /opt/airflow/dags/etl_dag.py for tasks to queue
[2026-02-19T14:14:19.653+0000] {logging_mixin.py:188} INFO - [2026-02-19T14:14:19.653+0000] {dagbag.py:538} INFO - Filling up the DagBag from /opt/airflow/dags/etl_dag.py
[2026-02-19T14:14:19.698+0000] {logging_mixin.py:188} INFO - Warning: Your Kaggle API key is readable by other users on this system! To fix this, you can run 'chmod 600 /home/airflow/.kaggle/kaggle.json'
[2026-02-19T14:14:19.759+0000] {logging_mixin.py:188} WARNING - /home/airflow/.local/lib/python3.8/site-packages/airflow/models/baseoperator.py:437 AirflowProviderDeprecationWarning: `exists_ok` parameter is deprecated, please use `if_exists`
[2026-02-19T14:14:19.768+0000] {processor.py:840} INFO - DAG(s) 'ecommerce_etl_v2' retrieved from /opt/airflow/dags/etl_dag.py
[2026-02-19T14:14:19.786+0000] {logging_mixin.py:188} INFO - [2026-02-19T14:14:19.786+0000] {dag.py:3036} INFO - Sync 1 DAGs
[2026-02-19T14:14:19.797+0000] {logging_mixin.py:188} INFO - [2026-02-19T14:14:19.797+0000] {dag.py:3823} INFO - Setting next_dagrun for ecommerce_etl_v2 to 2026-02-19 13:00:00+00:00, run_after=2026-02-20 13:00:00+00:00
[2026-02-19T14:14:19.806+0000] {processor.py:183} INFO - Processing /opt/airflow/dags/etl_dag.py took 0.157 seconds
[2026-02-19T14:14:50.011+0000] {processor.py:161} INFO - Started process (PID=74712) to work on /opt/airflow/dags/etl_dag.py
[2026-02-19T14:14:50.012+0000] {processor.py:830} INFO - Processing file /opt/airflow/dags/etl_dag.py for tasks to queue
[2026-02-19T14:14:50.013+0000] {logging_mixin.py:188} INFO - [2026-02-19T14:14:50.013+0000] {dagbag.py:538} INFO - Filling up the DagBag from /opt/airflow/dags/etl_dag.py
[2026-02-19T14:14:50.059+0000] {logging_mixin.py:188} INFO - Warning: Your Kaggle API key is readable by other users on this system! To fix this, you can run 'chmod 600 /home/airflow/.kaggle/kaggle.json'
[2026-02-19T14:14:50.120+0000] {logging_mixin.py:188} WARNING - /home/airflow/.local/lib/python3.8/site-packages/airflow/models/baseoperator.py:437 AirflowProviderDeprecationWarning: `exists_ok` parameter is deprecated, please use `if_exists`
[2026-02-19T14:14:50.130+0000] {processor.py:840} INFO - DAG(s) 'ecommerce_etl_v2' retrieved from /opt/airflow/dags/etl_dag.py
[2026-02-19T14:14:50.151+0000] {logging_mixin.py:188} INFO - [2026-02-19T14:14:50.151+0000] {dag.py:3036} INFO - Sync 1 DAGs
[2026-02-19T14:14:50.163+0000] {logging_mixin.py:188} INFO - [2026-02-19T14:14:50.163+0000] {dag.py:3823} INFO - Setting next_dagrun for ecommerce_etl_v2 to 2026-02-19 13:00:00+00:00, run_after=2026-02-20 13:00:00+00:00
[2026-02-19T14:14:50.173+0000] {processor.py:183} INFO - Processing /opt/airflow/dags/etl_dag.py took 0.166 seconds
[2026-02-19T14:15:20.426+0000] {processor.py:161} INFO - Started process (PID=74743) to work on /opt/airflow/dags/etl_dag.py
[2026-02-19T14:15:20.427+0000] {processor.py:830} INFO - Processing file /opt/airflow/dags/etl_dag.py for tasks to queue
[2026-02-19T14:15:20.428+0000] {logging_mixin.py:188} INFO - [2026-02-19T14:15:20.428+0000] {dagbag.py:538} INFO - Filling up the DagBag from /opt/airflow/dags/etl_dag.py
[2026-02-19T14:15:20.475+0000] {logging_mixin.py:188} INFO - Warning: Your Kaggle API key is readable by other users on this system! To fix this, you can run 'chmod 600 /home/airflow/.kaggle/kaggle.json'
[2026-02-19T14:15:20.535+0000] {logging_mixin.py:188} WARNING - /home/airflow/.local/lib/python3.8/site-packages/airflow/models/baseoperator.py:437 AirflowProviderDeprecationWarning: `exists_ok` parameter is deprecated, please use `if_exists`
[2026-02-19T14:15:20.545+0000] {processor.py:840} INFO - DAG(s) 'ecommerce_etl_v2' retrieved from /opt/airflow/dags/etl_dag.py
[2026-02-19T14:15:20.566+0000] {logging_mixin.py:188} INFO - [2026-02-19T14:15:20.566+0000] {dag.py:3036} INFO - Sync 1 DAGs
[2026-02-19T14:15:20.577+0000] {logging_mixin.py:188} INFO - [2026-02-19T14:15:20.577+0000] {dag.py:3823} INFO - Setting next_dagrun for ecommerce_etl_v2 to 2026-02-19 13:00:00+00:00, run_after=2026-02-20 13:00:00+00:00
[2026-02-19T14:15:20.587+0000] {processor.py:183} INFO - Processing /opt/airflow/dags/etl_dag.py took 0.165 seconds
[2026-02-19T14:15:50.791+0000] {processor.py:161} INFO - Started process (PID=74774) to work on /opt/airflow/dags/etl_dag.py
[2026-02-19T14:15:50.793+0000] {processor.py:830} INFO - Processing file /opt/airflow/dags/etl_dag.py for tasks to queue
[2026-02-19T14:15:50.793+0000] {logging_mixin.py:188} INFO - [2026-02-19T14:15:50.793+0000] {dagbag.py:538} INFO - Filling up the DagBag from /opt/airflow/dags/etl_dag.py
[2026-02-19T14:15:50.838+0000] {logging_mixin.py:188} INFO - Warning: Your Kaggle API key is readable by other users on this system! To fix this, you can run 'chmod 600 /home/airflow/.kaggle/kaggle.json'
[2026-02-19T14:15:50.897+0000] {logging_mixin.py:188} WARNING - /home/airflow/.local/lib/python3.8/site-packages/airflow/models/baseoperator.py:437 AirflowProviderDeprecationWarning: `exists_ok` parameter is deprecated, please use `if_exists`
[2026-02-19T14:15:50.906+0000] {processor.py:840} INFO - DAG(s) 'ecommerce_etl_v2' retrieved from /opt/airflow/dags/etl_dag.py
[2026-02-19T14:15:50.924+0000] {logging_mixin.py:188} INFO - [2026-02-19T14:15:50.924+0000] {dag.py:3036} INFO - Sync 1 DAGs
[2026-02-19T14:15:50.934+0000] {logging_mixin.py:188} INFO - [2026-02-19T14:15:50.934+0000] {dag.py:3823} INFO - Setting next_dagrun for ecommerce_etl_v2 to 2026-02-19 13:00:00+00:00, run_after=2026-02-20 13:00:00+00:00
[2026-02-19T14:15:50.942+0000] {processor.py:183} INFO - Processing /opt/airflow/dags/etl_dag.py took 0.155 seconds
[2026-02-19T14:16:21.267+0000] {processor.py:161} INFO - Started process (PID=74805) to work on /opt/airflow/dags/etl_dag.py
[2026-02-19T14:16:21.268+0000] {processor.py:830} INFO - Processing file /opt/airflow/dags/etl_dag.py for tasks to queue
[2026-02-19T14:16:21.269+0000] {logging_mixin.py:188} INFO - [2026-02-19T14:16:21.269+0000] {dagbag.py:538} INFO - Filling up the DagBag from /opt/airflow/dags/etl_dag.py
[2026-02-19T14:16:21.318+0000] {logging_mixin.py:188} INFO - Warning: Your Kaggle API key is readable by other users on this system! To fix this, you can run 'chmod 600 /home/airflow/.kaggle/kaggle.json'
[2026-02-19T14:16:21.377+0000] {logging_mixin.py:188} WARNING - /home/airflow/.local/lib/python3.8/site-packages/airflow/models/baseoperator.py:437 AirflowProviderDeprecationWarning: `exists_ok` parameter is deprecated, please use `if_exists`
[2026-02-19T14:16:21.386+0000] {processor.py:840} INFO - DAG(s) 'ecommerce_etl_v2' retrieved from /opt/airflow/dags/etl_dag.py
[2026-02-19T14:16:21.410+0000] {logging_mixin.py:188} INFO - [2026-02-19T14:16:21.410+0000] {dag.py:3036} INFO - Sync 1 DAGs
[2026-02-19T14:16:21.422+0000] {logging_mixin.py:188} INFO - [2026-02-19T14:16:21.422+0000] {dag.py:3823} INFO - Setting next_dagrun for ecommerce_etl_v2 to 2026-02-19 13:00:00+00:00, run_after=2026-02-20 13:00:00+00:00
[2026-02-19T14:16:21.434+0000] {processor.py:183} INFO - Processing /opt/airflow/dags/etl_dag.py took 0.172 seconds
[2026-02-19T14:16:51.554+0000] {processor.py:161} INFO - Started process (PID=74836) to work on /opt/airflow/dags/etl_dag.py
[2026-02-19T14:16:51.554+0000] {processor.py:830} INFO - Processing file /opt/airflow/dags/etl_dag.py for tasks to queue
[2026-02-19T14:16:51.555+0000] {logging_mixin.py:188} INFO - [2026-02-19T14:16:51.555+0000] {dagbag.py:538} INFO - Filling up the DagBag from /opt/airflow/dags/etl_dag.py
[2026-02-19T14:16:51.590+0000] {logging_mixin.py:188} INFO - Warning: Your Kaggle API key is readable by other users on this system! To fix this, you can run 'chmod 600 /home/airflow/.kaggle/kaggle.json'
[2026-02-19T14:16:51.649+0000] {logging_mixin.py:188} WARNING - /home/airflow/.local/lib/python3.8/site-packages/airflow/models/baseoperator.py:437 AirflowProviderDeprecationWarning: `exists_ok` parameter is deprecated, please use `if_exists`
[2026-02-19T14:16:51.658+0000] {processor.py:840} INFO - DAG(s) 'ecommerce_etl_v2' retrieved from /opt/airflow/dags/etl_dag.py
[2026-02-19T14:16:51.676+0000] {logging_mixin.py:188} INFO - [2026-02-19T14:16:51.676+0000] {dag.py:3036} INFO - Sync 1 DAGs
[2026-02-19T14:16:51.686+0000] {logging_mixin.py:188} INFO - [2026-02-19T14:16:51.686+0000] {dag.py:3823} INFO - Setting next_dagrun for ecommerce_etl_v2 to 2026-02-19 13:00:00+00:00, run_after=2026-02-20 13:00:00+00:00
[2026-02-19T14:16:51.695+0000] {processor.py:183} INFO - Processing /opt/airflow/dags/etl_dag.py took 0.143 seconds
[2026-02-19T14:17:22.001+0000] {processor.py:161} INFO - Started process (PID=74867) to work on /opt/airflow/dags/etl_dag.py
[2026-02-19T14:17:22.003+0000] {processor.py:830} INFO - Processing file /opt/airflow/dags/etl_dag.py for tasks to queue
[2026-02-19T14:17:22.003+0000] {logging_mixin.py:188} INFO - [2026-02-19T14:17:22.003+0000] {dagbag.py:538} INFO - Filling up the DagBag from /opt/airflow/dags/etl_dag.py
[2026-02-19T14:17:22.049+0000] {logging_mixin.py:188} INFO - Warning: Your Kaggle API key is readable by other users on this system! To fix this, you can run 'chmod 600 /home/airflow/.kaggle/kaggle.json'
[2026-02-19T14:17:22.108+0000] {logging_mixin.py:188} WARNING - /home/airflow/.local/lib/python3.8/site-packages/airflow/models/baseoperator.py:437 AirflowProviderDeprecationWarning: `exists_ok` parameter is deprecated, please use `if_exists`
[2026-02-19T14:17:22.117+0000] {processor.py:840} INFO - DAG(s) 'ecommerce_etl_v2' retrieved from /opt/airflow/dags/etl_dag.py
[2026-02-19T14:17:22.136+0000] {logging_mixin.py:188} INFO - [2026-02-19T14:17:22.136+0000] {dag.py:3036} INFO - Sync 1 DAGs
[2026-02-19T14:17:22.147+0000] {logging_mixin.py:188} INFO - [2026-02-19T14:17:22.147+0000] {dag.py:3823} INFO - Setting next_dagrun for ecommerce_etl_v2 to 2026-02-19 13:00:00+00:00, run_after=2026-02-20 13:00:00+00:00
[2026-02-19T14:17:22.156+0000] {processor.py:183} INFO - Processing /opt/airflow/dags/etl_dag.py took 0.158 seconds
[2026-02-19T14:17:52.311+0000] {processor.py:161} INFO - Started process (PID=74898) to work on /opt/airflow/dags/etl_dag.py
[2026-02-19T14:17:52.313+0000] {processor.py:830} INFO - Processing file /opt/airflow/dags/etl_dag.py for tasks to queue
[2026-02-19T14:17:52.314+0000] {logging_mixin.py:188} INFO - [2026-02-19T14:17:52.313+0000] {dagbag.py:538} INFO - Filling up the DagBag from /opt/airflow/dags/etl_dag.py
[2026-02-19T14:17:52.362+0000] {logging_mixin.py:188} INFO - Warning: Your Kaggle API key is readable by other users on this system! To fix this, you can run 'chmod 600 /home/airflow/.kaggle/kaggle.json'
[2026-02-19T14:17:52.421+0000] {logging_mixin.py:188} WARNING - /home/airflow/.local/lib/python3.8/site-packages/airflow/models/baseoperator.py:437 AirflowProviderDeprecationWarning: `exists_ok` parameter is deprecated, please use `if_exists`
[2026-02-19T14:17:52.430+0000] {processor.py:840} INFO - DAG(s) 'ecommerce_etl_v2' retrieved from /opt/airflow/dags/etl_dag.py
[2026-02-19T14:17:52.449+0000] {logging_mixin.py:188} INFO - [2026-02-19T14:17:52.448+0000] {dag.py:3036} INFO - Sync 1 DAGs
[2026-02-19T14:17:52.459+0000] {logging_mixin.py:188} INFO - [2026-02-19T14:17:52.459+0000] {dag.py:3823} INFO - Setting next_dagrun for ecommerce_etl_v2 to 2026-02-19 13:00:00+00:00, run_after=2026-02-20 13:00:00+00:00
[2026-02-19T14:17:52.468+0000] {processor.py:183} INFO - Processing /opt/airflow/dags/etl_dag.py took 0.161 seconds
[2026-02-19T14:18:22.678+0000] {processor.py:161} INFO - Started process (PID=74929) to work on /opt/airflow/dags/etl_dag.py
[2026-02-19T14:18:22.679+0000] {processor.py:830} INFO - Processing file /opt/airflow/dags/etl_dag.py for tasks to queue
[2026-02-19T14:18:22.680+0000] {logging_mixin.py:188} INFO - [2026-02-19T14:18:22.680+0000] {dagbag.py:538} INFO - Filling up the DagBag from /opt/airflow/dags/etl_dag.py
[2026-02-19T14:18:22.729+0000] {logging_mixin.py:188} INFO - Warning: Your Kaggle API key is readable by other users on this system! To fix this, you can run 'chmod 600 /home/airflow/.kaggle/kaggle.json'
[2026-02-19T14:18:22.790+0000] {logging_mixin.py:188} WARNING - /home/airflow/.local/lib/python3.8/site-packages/airflow/models/baseoperator.py:437 AirflowProviderDeprecationWarning: `exists_ok` parameter is deprecated, please use `if_exists`
[2026-02-19T14:18:22.799+0000] {processor.py:840} INFO - DAG(s) 'ecommerce_etl_v2' retrieved from /opt/airflow/dags/etl_dag.py
[2026-02-19T14:18:22.817+0000] {logging_mixin.py:188} INFO - [2026-02-19T14:18:22.817+0000] {dag.py:3036} INFO - Sync 1 DAGs
[2026-02-19T14:18:22.828+0000] {logging_mixin.py:188} INFO - [2026-02-19T14:18:22.828+0000] {dag.py:3823} INFO - Setting next_dagrun for ecommerce_etl_v2 to 2026-02-19 13:00:00+00:00, run_after=2026-02-20 13:00:00+00:00
[2026-02-19T14:18:22.837+0000] {processor.py:183} INFO - Processing /opt/airflow/dags/etl_dag.py took 0.162 seconds
[2026-02-19T14:18:53.027+0000] {processor.py:161} INFO - Started process (PID=74960) to work on /opt/airflow/dags/etl_dag.py
[2026-02-19T14:18:53.028+0000] {processor.py:830} INFO - Processing file /opt/airflow/dags/etl_dag.py for tasks to queue
[2026-02-19T14:18:53.029+0000] {logging_mixin.py:188} INFO - [2026-02-19T14:18:53.029+0000] {dagbag.py:538} INFO - Filling up the DagBag from /opt/airflow/dags/etl_dag.py
[2026-02-19T14:18:53.079+0000] {logging_mixin.py:188} INFO - Warning: Your Kaggle API key is readable by other users on this system! To fix this, you can run 'chmod 600 /home/airflow/.kaggle/kaggle.json'
[2026-02-19T14:18:53.138+0000] {logging_mixin.py:188} WARNING - /home/airflow/.local/lib/python3.8/site-packages/airflow/models/baseoperator.py:437 AirflowProviderDeprecationWarning: `exists_ok` parameter is deprecated, please use `if_exists`
[2026-02-19T14:18:53.148+0000] {processor.py:840} INFO - DAG(s) 'ecommerce_etl_v2' retrieved from /opt/airflow/dags/etl_dag.py
[2026-02-19T14:18:53.166+0000] {logging_mixin.py:188} INFO - [2026-02-19T14:18:53.166+0000] {dag.py:3036} INFO - Sync 1 DAGs
[2026-02-19T14:18:53.176+0000] {logging_mixin.py:188} INFO - [2026-02-19T14:18:53.176+0000] {dag.py:3823} INFO - Setting next_dagrun for ecommerce_etl_v2 to 2026-02-19 13:00:00+00:00, run_after=2026-02-20 13:00:00+00:00
[2026-02-19T14:18:53.184+0000] {processor.py:183} INFO - Processing /opt/airflow/dags/etl_dag.py took 0.161 seconds
[2026-02-19T14:19:23.452+0000] {processor.py:161} INFO - Started process (PID=74991) to work on /opt/airflow/dags/etl_dag.py
[2026-02-19T14:19:23.453+0000] {processor.py:830} INFO - Processing file /opt/airflow/dags/etl_dag.py for tasks to queue
[2026-02-19T14:19:23.454+0000] {logging_mixin.py:188} INFO - [2026-02-19T14:19:23.454+0000] {dagbag.py:538} INFO - Filling up the DagBag from /opt/airflow/dags/etl_dag.py
[2026-02-19T14:19:23.501+0000] {logging_mixin.py:188} INFO - Warning: Your Kaggle API key is readable by other users on this system! To fix this, you can run 'chmod 600 /home/airflow/.kaggle/kaggle.json'
[2026-02-19T14:19:23.560+0000] {logging_mixin.py:188} WARNING - /home/airflow/.local/lib/python3.8/site-packages/airflow/models/baseoperator.py:437 AirflowProviderDeprecationWarning: `exists_ok` parameter is deprecated, please use `if_exists`
[2026-02-19T14:19:23.569+0000] {processor.py:840} INFO - DAG(s) 'ecommerce_etl_v2' retrieved from /opt/airflow/dags/etl_dag.py
[2026-02-19T14:19:23.591+0000] {logging_mixin.py:188} INFO - [2026-02-19T14:19:23.591+0000] {dag.py:3036} INFO - Sync 1 DAGs
[2026-02-19T14:19:23.602+0000] {logging_mixin.py:188} INFO - [2026-02-19T14:19:23.602+0000] {dag.py:3823} INFO - Setting next_dagrun for ecommerce_etl_v2 to 2026-02-19 13:00:00+00:00, run_after=2026-02-20 13:00:00+00:00
[2026-02-19T14:19:23.612+0000] {processor.py:183} INFO - Processing /opt/airflow/dags/etl_dag.py took 0.164 seconds
[2026-02-19T14:19:53.776+0000] {processor.py:161} INFO - Started process (PID=75022) to work on /opt/airflow/dags/etl_dag.py
[2026-02-19T14:19:53.777+0000] {processor.py:830} INFO - Processing file /opt/airflow/dags/etl_dag.py for tasks to queue
[2026-02-19T14:19:53.777+0000] {logging_mixin.py:188} INFO - [2026-02-19T14:19:53.777+0000] {dagbag.py:538} INFO - Filling up the DagBag from /opt/airflow/dags/etl_dag.py
[2026-02-19T14:19:53.817+0000] {logging_mixin.py:188} INFO - Warning: Your Kaggle API key is readable by other users on this system! To fix this, you can run 'chmod 600 /home/airflow/.kaggle/kaggle.json'
[2026-02-19T14:19:53.877+0000] {logging_mixin.py:188} WARNING - /home/airflow/.local/lib/python3.8/site-packages/airflow/models/baseoperator.py:437 AirflowProviderDeprecationWarning: `exists_ok` parameter is deprecated, please use `if_exists`
[2026-02-19T14:19:53.885+0000] {processor.py:840} INFO - DAG(s) 'ecommerce_etl_v2' retrieved from /opt/airflow/dags/etl_dag.py
[2026-02-19T14:19:53.904+0000] {logging_mixin.py:188} INFO - [2026-02-19T14:19:53.904+0000] {dag.py:3036} INFO - Sync 1 DAGs
[2026-02-19T14:19:53.914+0000] {logging_mixin.py:188} INFO - [2026-02-19T14:19:53.914+0000] {dag.py:3823} INFO - Setting next_dagrun for ecommerce_etl_v2 to 2026-02-19 13:00:00+00:00, run_after=2026-02-20 13:00:00+00:00
[2026-02-19T14:19:53.923+0000] {processor.py:183} INFO - Processing /opt/airflow/dags/etl_dag.py took 0.151 seconds
[2026-02-19T14:20:24.143+0000] {processor.py:161} INFO - Started process (PID=75053) to work on /opt/airflow/dags/etl_dag.py
[2026-02-19T14:20:24.145+0000] {processor.py:830} INFO - Processing file /opt/airflow/dags/etl_dag.py for tasks to queue
[2026-02-19T14:20:24.146+0000] {logging_mixin.py:188} INFO - [2026-02-19T14:20:24.146+0000] {dagbag.py:538} INFO - Filling up the DagBag from /opt/airflow/dags/etl_dag.py
[2026-02-19T14:20:24.196+0000] {logging_mixin.py:188} INFO - Warning: Your Kaggle API key is readable by other users on this system! To fix this, you can run 'chmod 600 /home/airflow/.kaggle/kaggle.json'
[2026-02-19T14:20:24.257+0000] {logging_mixin.py:188} WARNING - /home/airflow/.local/lib/python3.8/site-packages/airflow/models/baseoperator.py:437 AirflowProviderDeprecationWarning: `exists_ok` parameter is deprecated, please use `if_exists`
[2026-02-19T14:20:24.266+0000] {processor.py:840} INFO - DAG(s) 'ecommerce_etl_v2' retrieved from /opt/airflow/dags/etl_dag.py
[2026-02-19T14:20:24.285+0000] {logging_mixin.py:188} INFO - [2026-02-19T14:20:24.285+0000] {dag.py:3036} INFO - Sync 1 DAGs
[2026-02-19T14:20:24.296+0000] {logging_mixin.py:188} INFO - [2026-02-19T14:20:24.296+0000] {dag.py:3823} INFO - Setting next_dagrun for ecommerce_etl_v2 to 2026-02-19 13:00:00+00:00, run_after=2026-02-20 13:00:00+00:00
[2026-02-19T14:20:24.306+0000] {processor.py:183} INFO - Processing /opt/airflow/dags/etl_dag.py took 0.168 seconds
[2026-02-19T14:20:54.468+0000] {processor.py:161} INFO - Started process (PID=75084) to work on /opt/airflow/dags/etl_dag.py
[2026-02-19T14:20:54.469+0000] {processor.py:830} INFO - Processing file /opt/airflow/dags/etl_dag.py for tasks to queue
[2026-02-19T14:20:54.470+0000] {logging_mixin.py:188} INFO - [2026-02-19T14:20:54.470+0000] {dagbag.py:538} INFO - Filling up the DagBag from /opt/airflow/dags/etl_dag.py
[2026-02-19T14:20:54.521+0000] {logging_mixin.py:188} INFO - Warning: Your Kaggle API key is readable by other users on this system! To fix this, you can run 'chmod 600 /home/airflow/.kaggle/kaggle.json'
[2026-02-19T14:20:54.584+0000] {logging_mixin.py:188} WARNING - /home/airflow/.local/lib/python3.8/site-packages/airflow/models/baseoperator.py:437 AirflowProviderDeprecationWarning: `exists_ok` parameter is deprecated, please use `if_exists`
[2026-02-19T14:20:54.594+0000] {processor.py:840} INFO - DAG(s) 'ecommerce_etl_v2' retrieved from /opt/airflow/dags/etl_dag.py
[2026-02-19T14:20:54.613+0000] {logging_mixin.py:188} INFO - [2026-02-19T14:20:54.613+0000] {dag.py:3036} INFO - Sync 1 DAGs
[2026-02-19T14:20:54.624+0000] {logging_mixin.py:188} INFO - [2026-02-19T14:20:54.624+0000] {dag.py:3823} INFO - Setting next_dagrun for ecommerce_etl_v2 to 2026-02-19 13:00:00+00:00, run_after=2026-02-20 13:00:00+00:00
[2026-02-19T14:20:54.633+0000] {processor.py:183} INFO - Processing /opt/airflow/dags/etl_dag.py took 0.169 seconds
[2026-02-19T14:21:24.817+0000] {processor.py:161} INFO - Started process (PID=75115) to work on /opt/airflow/dags/etl_dag.py
[2026-02-19T14:21:24.819+0000] {processor.py:830} INFO - Processing file /opt/airflow/dags/etl_dag.py for tasks to queue
[2026-02-19T14:21:24.819+0000] {logging_mixin.py:188} INFO - [2026-02-19T14:21:24.819+0000] {dagbag.py:538} INFO - Filling up the DagBag from /opt/airflow/dags/etl_dag.py
[2026-02-19T14:21:24.866+0000] {logging_mixin.py:188} INFO - Warning: Your Kaggle API key is readable by other users on this system! To fix this, you can run 'chmod 600 /home/airflow/.kaggle/kaggle.json'
[2026-02-19T14:21:24.926+0000] {logging_mixin.py:188} WARNING - /home/airflow/.local/lib/python3.8/site-packages/airflow/models/baseoperator.py:437 AirflowProviderDeprecationWarning: `exists_ok` parameter is deprecated, please use `if_exists`
[2026-02-19T14:21:24.935+0000] {processor.py:840} INFO - DAG(s) 'ecommerce_etl_v2' retrieved from /opt/airflow/dags/etl_dag.py
[2026-02-19T14:21:24.955+0000] {logging_mixin.py:188} INFO - [2026-02-19T14:21:24.954+0000] {dag.py:3036} INFO - Sync 1 DAGs
[2026-02-19T14:21:24.966+0000] {logging_mixin.py:188} INFO - [2026-02-19T14:21:24.966+0000] {dag.py:3823} INFO - Setting next_dagrun for ecommerce_etl_v2 to 2026-02-19 13:00:00+00:00, run_after=2026-02-20 13:00:00+00:00
[2026-02-19T14:21:24.977+0000] {processor.py:183} INFO - Processing /opt/airflow/dags/etl_dag.py took 0.164 seconds
[2026-02-19T14:21:55.145+0000] {processor.py:161} INFO - Started process (PID=75146) to work on /opt/airflow/dags/etl_dag.py
[2026-02-19T14:21:55.146+0000] {processor.py:830} INFO - Processing file /opt/airflow/dags/etl_dag.py for tasks to queue
[2026-02-19T14:21:55.147+0000] {logging_mixin.py:188} INFO - [2026-02-19T14:21:55.147+0000] {dagbag.py:538} INFO - Filling up the DagBag from /opt/airflow/dags/etl_dag.py
[2026-02-19T14:21:55.190+0000] {logging_mixin.py:188} INFO - Warning: Your Kaggle API key is readable by other users on this system! To fix this, you can run 'chmod 600 /home/airflow/.kaggle/kaggle.json'
[2026-02-19T14:21:55.249+0000] {logging_mixin.py:188} WARNING - /home/airflow/.local/lib/python3.8/site-packages/airflow/models/baseoperator.py:437 AirflowProviderDeprecationWarning: `exists_ok` parameter is deprecated, please use `if_exists`
[2026-02-19T14:21:55.258+0000] {processor.py:840} INFO - DAG(s) 'ecommerce_etl_v2' retrieved from /opt/airflow/dags/etl_dag.py
[2026-02-19T14:21:55.276+0000] {logging_mixin.py:188} INFO - [2026-02-19T14:21:55.276+0000] {dag.py:3036} INFO - Sync 1 DAGs
[2026-02-19T14:21:55.286+0000] {logging_mixin.py:188} INFO - [2026-02-19T14:21:55.286+0000] {dag.py:3823} INFO - Setting next_dagrun for ecommerce_etl_v2 to 2026-02-19 13:00:00+00:00, run_after=2026-02-20 13:00:00+00:00
[2026-02-19T14:21:55.295+0000] {processor.py:183} INFO - Processing /opt/airflow/dags/etl_dag.py took 0.153 seconds
[2026-02-19T14:22:25.531+0000] {processor.py:161} INFO - Started process (PID=75177) to work on /opt/airflow/dags/etl_dag.py
[2026-02-19T14:22:25.533+0000] {processor.py:830} INFO - Processing file /opt/airflow/dags/etl_dag.py for tasks to queue
[2026-02-19T14:22:25.534+0000] {logging_mixin.py:188} INFO - [2026-02-19T14:22:25.533+0000] {dagbag.py:538} INFO - Filling up the DagBag from /opt/airflow/dags/etl_dag.py
[2026-02-19T14:22:25.579+0000] {logging_mixin.py:188} INFO - Warning: Your Kaggle API key is readable by other users on this system! To fix this, you can run 'chmod 600 /home/airflow/.kaggle/kaggle.json'
[2026-02-19T14:22:25.639+0000] {logging_mixin.py:188} WARNING - /home/airflow/.local/lib/python3.8/site-packages/airflow/models/baseoperator.py:437 AirflowProviderDeprecationWarning: `exists_ok` parameter is deprecated, please use `if_exists`
[2026-02-19T14:22:25.648+0000] {processor.py:840} INFO - DAG(s) 'ecommerce_etl_v2' retrieved from /opt/airflow/dags/etl_dag.py
[2026-02-19T14:22:25.666+0000] {logging_mixin.py:188} INFO - [2026-02-19T14:22:25.666+0000] {dag.py:3036} INFO - Sync 1 DAGs
[2026-02-19T14:22:25.676+0000] {logging_mixin.py:188} INFO - [2026-02-19T14:22:25.676+0000] {dag.py:3823} INFO - Setting next_dagrun for ecommerce_etl_v2 to 2026-02-19 13:00:00+00:00, run_after=2026-02-20 13:00:00+00:00
[2026-02-19T14:22:25.685+0000] {processor.py:183} INFO - Processing /opt/airflow/dags/etl_dag.py took 0.157 seconds
[2026-02-19T14:22:55.875+0000] {processor.py:161} INFO - Started process (PID=75208) to work on /opt/airflow/dags/etl_dag.py
[2026-02-19T14:22:55.876+0000] {processor.py:830} INFO - Processing file /opt/airflow/dags/etl_dag.py for tasks to queue
[2026-02-19T14:22:55.878+0000] {logging_mixin.py:188} INFO - [2026-02-19T14:22:55.878+0000] {dagbag.py:538} INFO - Filling up the DagBag from /opt/airflow/dags/etl_dag.py
[2026-02-19T14:22:55.929+0000] {logging_mixin.py:188} INFO - Warning: Your Kaggle API key is readable by other users on this system! To fix this, you can run 'chmod 600 /home/airflow/.kaggle/kaggle.json'
[2026-02-19T14:22:55.991+0000] {logging_mixin.py:188} WARNING - /home/airflow/.local/lib/python3.8/site-packages/airflow/models/baseoperator.py:437 AirflowProviderDeprecationWarning: `exists_ok` parameter is deprecated, please use `if_exists`
[2026-02-19T14:22:56.001+0000] {processor.py:840} INFO - DAG(s) 'ecommerce_etl_v2' retrieved from /opt/airflow/dags/etl_dag.py
[2026-02-19T14:22:56.023+0000] {logging_mixin.py:188} INFO - [2026-02-19T14:22:56.023+0000] {dag.py:3036} INFO - Sync 1 DAGs
[2026-02-19T14:22:56.037+0000] {logging_mixin.py:188} INFO - [2026-02-19T14:22:56.037+0000] {dag.py:3823} INFO - Setting next_dagrun for ecommerce_etl_v2 to 2026-02-19 13:00:00+00:00, run_after=2026-02-20 13:00:00+00:00
[2026-02-19T14:22:56.047+0000] {processor.py:183} INFO - Processing /opt/airflow/dags/etl_dag.py took 0.178 seconds
[2026-02-19T14:23:26.285+0000] {processor.py:161} INFO - Started process (PID=75239) to work on /opt/airflow/dags/etl_dag.py
[2026-02-19T14:23:26.288+0000] {processor.py:830} INFO - Processing file /opt/airflow/dags/etl_dag.py for tasks to queue
[2026-02-19T14:23:26.289+0000] {logging_mixin.py:188} INFO - [2026-02-19T14:23:26.288+0000] {dagbag.py:538} INFO - Filling up the DagBag from /opt/airflow/dags/etl_dag.py
[2026-02-19T14:23:26.340+0000] {logging_mixin.py:188} INFO - Warning: Your Kaggle API key is readable by other users on this system! To fix this, you can run 'chmod 600 /home/airflow/.kaggle/kaggle.json'
[2026-02-19T14:23:26.402+0000] {logging_mixin.py:188} WARNING - /home/airflow/.local/lib/python3.8/site-packages/airflow/models/baseoperator.py:437 AirflowProviderDeprecationWarning: `exists_ok` parameter is deprecated, please use `if_exists`
[2026-02-19T14:23:26.412+0000] {processor.py:840} INFO - DAG(s) 'ecommerce_etl_v2' retrieved from /opt/airflow/dags/etl_dag.py
[2026-02-19T14:23:26.432+0000] {logging_mixin.py:188} INFO - [2026-02-19T14:23:26.432+0000] {dag.py:3036} INFO - Sync 1 DAGs
[2026-02-19T14:23:26.443+0000] {logging_mixin.py:188} INFO - [2026-02-19T14:23:26.443+0000] {dag.py:3823} INFO - Setting next_dagrun for ecommerce_etl_v2 to 2026-02-19 13:00:00+00:00, run_after=2026-02-20 13:00:00+00:00
[2026-02-19T14:23:26.452+0000] {processor.py:183} INFO - Processing /opt/airflow/dags/etl_dag.py took 0.172 seconds
[2026-02-19T14:23:56.622+0000] {processor.py:161} INFO - Started process (PID=75270) to work on /opt/airflow/dags/etl_dag.py
[2026-02-19T14:23:56.623+0000] {processor.py:830} INFO - Processing file /opt/airflow/dags/etl_dag.py for tasks to queue
[2026-02-19T14:23:56.624+0000] {logging_mixin.py:188} INFO - [2026-02-19T14:23:56.624+0000] {dagbag.py:538} INFO - Filling up the DagBag from /opt/airflow/dags/etl_dag.py
[2026-02-19T14:23:56.670+0000] {logging_mixin.py:188} INFO - Warning: Your Kaggle API key is readable by other users on this system! To fix this, you can run 'chmod 600 /home/airflow/.kaggle/kaggle.json'
[2026-02-19T14:23:56.730+0000] {logging_mixin.py:188} WARNING - /home/airflow/.local/lib/python3.8/site-packages/airflow/models/baseoperator.py:437 AirflowProviderDeprecationWarning: `exists_ok` parameter is deprecated, please use `if_exists`
[2026-02-19T14:23:56.742+0000] {processor.py:840} INFO - DAG(s) 'ecommerce_etl_v2' retrieved from /opt/airflow/dags/etl_dag.py
[2026-02-19T14:23:56.760+0000] {logging_mixin.py:188} INFO - [2026-02-19T14:23:56.760+0000] {dag.py:3036} INFO - Sync 1 DAGs
[2026-02-19T14:23:56.770+0000] {logging_mixin.py:188} INFO - [2026-02-19T14:23:56.770+0000] {dag.py:3823} INFO - Setting next_dagrun for ecommerce_etl_v2 to 2026-02-19 13:00:00+00:00, run_after=2026-02-20 13:00:00+00:00
[2026-02-19T14:23:56.778+0000] {processor.py:183} INFO - Processing /opt/airflow/dags/etl_dag.py took 0.161 seconds
[2026-02-19T14:24:27.100+0000] {processor.py:161} INFO - Started process (PID=75301) to work on /opt/airflow/dags/etl_dag.py
[2026-02-19T14:24:27.101+0000] {processor.py:830} INFO - Processing file /opt/airflow/dags/etl_dag.py for tasks to queue
[2026-02-19T14:24:27.102+0000] {logging_mixin.py:188} INFO - [2026-02-19T14:24:27.101+0000] {dagbag.py:538} INFO - Filling up the DagBag from /opt/airflow/dags/etl_dag.py
[2026-02-19T14:24:27.147+0000] {logging_mixin.py:188} INFO - Warning: Your Kaggle API key is readable by other users on this system! To fix this, you can run 'chmod 600 /home/airflow/.kaggle/kaggle.json'
[2026-02-19T14:24:27.206+0000] {logging_mixin.py:188} WARNING - /home/airflow/.local/lib/python3.8/site-packages/airflow/models/baseoperator.py:437 AirflowProviderDeprecationWarning: `exists_ok` parameter is deprecated, please use `if_exists`
[2026-02-19T14:24:27.216+0000] {processor.py:840} INFO - DAG(s) 'ecommerce_etl_v2' retrieved from /opt/airflow/dags/etl_dag.py
[2026-02-19T14:24:27.234+0000] {logging_mixin.py:188} INFO - [2026-02-19T14:24:27.234+0000] {dag.py:3036} INFO - Sync 1 DAGs
[2026-02-19T14:24:27.245+0000] {logging_mixin.py:188} INFO - [2026-02-19T14:24:27.245+0000] {dag.py:3823} INFO - Setting next_dagrun for ecommerce_etl_v2 to 2026-02-19 13:00:00+00:00, run_after=2026-02-20 13:00:00+00:00
[2026-02-19T14:24:27.254+0000] {processor.py:183} INFO - Processing /opt/airflow/dags/etl_dag.py took 0.158 seconds
[2026-02-19T14:24:57.484+0000] {processor.py:161} INFO - Started process (PID=75332) to work on /opt/airflow/dags/etl_dag.py
[2026-02-19T14:24:57.485+0000] {processor.py:830} INFO - Processing file /opt/airflow/dags/etl_dag.py for tasks to queue
[2026-02-19T14:24:57.487+0000] {logging_mixin.py:188} INFO - [2026-02-19T14:24:57.486+0000] {dagbag.py:538} INFO - Filling up the DagBag from /opt/airflow/dags/etl_dag.py
[2026-02-19T14:24:57.545+0000] {logging_mixin.py:188} INFO - Warning: Your Kaggle API key is readable by other users on this system! To fix this, you can run 'chmod 600 /home/airflow/.kaggle/kaggle.json'
[2026-02-19T14:24:57.609+0000] {logging_mixin.py:188} WARNING - /home/airflow/.local/lib/python3.8/site-packages/airflow/models/baseoperator.py:437 AirflowProviderDeprecationWarning: `exists_ok` parameter is deprecated, please use `if_exists`
[2026-02-19T14:24:57.619+0000] {processor.py:840} INFO - DAG(s) 'ecommerce_etl_v2' retrieved from /opt/airflow/dags/etl_dag.py
[2026-02-19T14:24:57.642+0000] {logging_mixin.py:188} INFO - [2026-02-19T14:24:57.642+0000] {dag.py:3036} INFO - Sync 1 DAGs
[2026-02-19T14:24:57.655+0000] {logging_mixin.py:188} INFO - [2026-02-19T14:24:57.655+0000] {dag.py:3823} INFO - Setting next_dagrun for ecommerce_etl_v2 to 2026-02-19 13:00:00+00:00, run_after=2026-02-20 13:00:00+00:00
[2026-02-19T14:24:57.665+0000] {processor.py:183} INFO - Processing /opt/airflow/dags/etl_dag.py took 0.188 seconds
[2026-02-19T14:25:27.840+0000] {processor.py:161} INFO - Started process (PID=75363) to work on /opt/airflow/dags/etl_dag.py
[2026-02-19T14:25:27.842+0000] {processor.py:830} INFO - Processing file /opt/airflow/dags/etl_dag.py for tasks to queue
[2026-02-19T14:25:27.843+0000] {logging_mixin.py:188} INFO - [2026-02-19T14:25:27.843+0000] {dagbag.py:538} INFO - Filling up the DagBag from /opt/airflow/dags/etl_dag.py
[2026-02-19T14:25:27.898+0000] {logging_mixin.py:188} INFO - Warning: Your Kaggle API key is readable by other users on this system! To fix this, you can run 'chmod 600 /home/airflow/.kaggle/kaggle.json'
[2026-02-19T14:25:27.960+0000] {logging_mixin.py:188} WARNING - /home/airflow/.local/lib/python3.8/site-packages/airflow/models/baseoperator.py:437 AirflowProviderDeprecationWarning: `exists_ok` parameter is deprecated, please use `if_exists`
[2026-02-19T14:25:27.971+0000] {processor.py:840} INFO - DAG(s) 'ecommerce_etl_v2' retrieved from /opt/airflow/dags/etl_dag.py
[2026-02-19T14:25:27.990+0000] {logging_mixin.py:188} INFO - [2026-02-19T14:25:27.989+0000] {dag.py:3036} INFO - Sync 1 DAGs
[2026-02-19T14:25:28.001+0000] {logging_mixin.py:188} INFO - [2026-02-19T14:25:28.001+0000] {dag.py:3823} INFO - Setting next_dagrun for ecommerce_etl_v2 to 2026-02-19 13:00:00+00:00, run_after=2026-02-20 13:00:00+00:00
[2026-02-19T14:25:28.011+0000] {processor.py:183} INFO - Processing /opt/airflow/dags/etl_dag.py took 0.175 seconds
[2026-02-19T14:25:58.190+0000] {processor.py:161} INFO - Started process (PID=75394) to work on /opt/airflow/dags/etl_dag.py
[2026-02-19T14:25:58.192+0000] {processor.py:830} INFO - Processing file /opt/airflow/dags/etl_dag.py for tasks to queue
[2026-02-19T14:25:58.193+0000] {logging_mixin.py:188} INFO - [2026-02-19T14:25:58.192+0000] {dagbag.py:538} INFO - Filling up the DagBag from /opt/airflow/dags/etl_dag.py
[2026-02-19T14:25:58.240+0000] {logging_mixin.py:188} INFO - Warning: Your Kaggle API key is readable by other users on this system! To fix this, you can run 'chmod 600 /home/airflow/.kaggle/kaggle.json'
[2026-02-19T14:25:58.300+0000] {logging_mixin.py:188} WARNING - /home/airflow/.local/lib/python3.8/site-packages/airflow/models/baseoperator.py:437 AirflowProviderDeprecationWarning: `exists_ok` parameter is deprecated, please use `if_exists`
[2026-02-19T14:25:58.309+0000] {processor.py:840} INFO - DAG(s) 'ecommerce_etl_v2' retrieved from /opt/airflow/dags/etl_dag.py
[2026-02-19T14:25:58.328+0000] {logging_mixin.py:188} INFO - [2026-02-19T14:25:58.328+0000] {dag.py:3036} INFO - Sync 1 DAGs
[2026-02-19T14:25:58.338+0000] {logging_mixin.py:188} INFO - [2026-02-19T14:25:58.338+0000] {dag.py:3823} INFO - Setting next_dagrun for ecommerce_etl_v2 to 2026-02-19 13:00:00+00:00, run_after=2026-02-20 13:00:00+00:00
[2026-02-19T14:25:58.347+0000] {processor.py:183} INFO - Processing /opt/airflow/dags/etl_dag.py took 0.161 seconds
[2026-02-19T14:26:28.571+0000] {processor.py:161} INFO - Started process (PID=75425) to work on /opt/airflow/dags/etl_dag.py
[2026-02-19T14:26:28.571+0000] {processor.py:830} INFO - Processing file /opt/airflow/dags/etl_dag.py for tasks to queue
[2026-02-19T14:26:28.572+0000] {logging_mixin.py:188} INFO - [2026-02-19T14:26:28.572+0000] {dagbag.py:538} INFO - Filling up the DagBag from /opt/airflow/dags/etl_dag.py
[2026-02-19T14:26:28.610+0000] {logging_mixin.py:188} INFO - Warning: Your Kaggle API key is readable by other users on this system! To fix this, you can run 'chmod 600 /home/airflow/.kaggle/kaggle.json'
[2026-02-19T14:26:28.670+0000] {logging_mixin.py:188} WARNING - /home/airflow/.local/lib/python3.8/site-packages/airflow/models/baseoperator.py:437 AirflowProviderDeprecationWarning: `exists_ok` parameter is deprecated, please use `if_exists`
[2026-02-19T14:26:28.679+0000] {processor.py:840} INFO - DAG(s) 'ecommerce_etl_v2' retrieved from /opt/airflow/dags/etl_dag.py
[2026-02-19T14:26:28.697+0000] {logging_mixin.py:188} INFO - [2026-02-19T14:26:28.697+0000] {dag.py:3036} INFO - Sync 1 DAGs
[2026-02-19T14:26:28.707+0000] {logging_mixin.py:188} INFO - [2026-02-19T14:26:28.707+0000] {dag.py:3823} INFO - Setting next_dagrun for ecommerce_etl_v2 to 2026-02-19 13:00:00+00:00, run_after=2026-02-20 13:00:00+00:00
[2026-02-19T14:26:28.716+0000] {processor.py:183} INFO - Processing /opt/airflow/dags/etl_dag.py took 0.149 seconds
[2026-02-19T14:26:58.842+0000] {processor.py:161} INFO - Started process (PID=75456) to work on /opt/airflow/dags/etl_dag.py
[2026-02-19T14:26:58.844+0000] {processor.py:830} INFO - Processing file /opt/airflow/dags/etl_dag.py for tasks to queue
[2026-02-19T14:26:58.845+0000] {logging_mixin.py:188} INFO - [2026-02-19T14:26:58.845+0000] {dagbag.py:538} INFO - Filling up the DagBag from /opt/airflow/dags/etl_dag.py
[2026-02-19T14:26:58.893+0000] {logging_mixin.py:188} INFO - Warning: Your Kaggle API key is readable by other users on this system! To fix this, you can run 'chmod 600 /home/airflow/.kaggle/kaggle.json'
[2026-02-19T14:26:58.955+0000] {logging_mixin.py:188} WARNING - /home/airflow/.local/lib/python3.8/site-packages/airflow/models/baseoperator.py:437 AirflowProviderDeprecationWarning: `exists_ok` parameter is deprecated, please use `if_exists`
[2026-02-19T14:26:58.964+0000] {processor.py:840} INFO - DAG(s) 'ecommerce_etl_v2' retrieved from /opt/airflow/dags/etl_dag.py
[2026-02-19T14:26:58.985+0000] {logging_mixin.py:188} INFO - [2026-02-19T14:26:58.984+0000] {dag.py:3036} INFO - Sync 1 DAGs
[2026-02-19T14:26:58.996+0000] {logging_mixin.py:188} INFO - [2026-02-19T14:26:58.996+0000] {dag.py:3823} INFO - Setting next_dagrun for ecommerce_etl_v2 to 2026-02-19 13:00:00+00:00, run_after=2026-02-20 13:00:00+00:00
[2026-02-19T14:26:59.005+0000] {processor.py:183} INFO - Processing /opt/airflow/dags/etl_dag.py took 0.168 seconds
[2026-02-19T14:27:29.276+0000] {processor.py:161} INFO - Started process (PID=75487) to work on /opt/airflow/dags/etl_dag.py
[2026-02-19T14:27:29.278+0000] {processor.py:830} INFO - Processing file /opt/airflow/dags/etl_dag.py for tasks to queue
[2026-02-19T14:27:29.279+0000] {logging_mixin.py:188} INFO - [2026-02-19T14:27:29.279+0000] {dagbag.py:538} INFO - Filling up the DagBag from /opt/airflow/dags/etl_dag.py
[2026-02-19T14:27:29.326+0000] {logging_mixin.py:188} INFO - Warning: Your Kaggle API key is readable by other users on this system! To fix this, you can run 'chmod 600 /home/airflow/.kaggle/kaggle.json'
[2026-02-19T14:27:29.386+0000] {logging_mixin.py:188} WARNING - /home/airflow/.local/lib/python3.8/site-packages/airflow/models/baseoperator.py:437 AirflowProviderDeprecationWarning: `exists_ok` parameter is deprecated, please use `if_exists`
[2026-02-19T14:27:29.395+0000] {processor.py:840} INFO - DAG(s) 'ecommerce_etl_v2' retrieved from /opt/airflow/dags/etl_dag.py
[2026-02-19T14:27:29.414+0000] {logging_mixin.py:188} INFO - [2026-02-19T14:27:29.414+0000] {dag.py:3036} INFO - Sync 1 DAGs
[2026-02-19T14:27:29.424+0000] {logging_mixin.py:188} INFO - [2026-02-19T14:27:29.424+0000] {dag.py:3823} INFO - Setting next_dagrun for ecommerce_etl_v2 to 2026-02-19 13:00:00+00:00, run_after=2026-02-20 13:00:00+00:00
[2026-02-19T14:27:29.434+0000] {processor.py:183} INFO - Processing /opt/airflow/dags/etl_dag.py took 0.161 seconds
[2026-02-19T14:27:59.617+0000] {processor.py:161} INFO - Started process (PID=75518) to work on /opt/airflow/dags/etl_dag.py
[2026-02-19T14:27:59.618+0000] {processor.py:830} INFO - Processing file /opt/airflow/dags/etl_dag.py for tasks to queue
[2026-02-19T14:27:59.618+0000] {logging_mixin.py:188} INFO - [2026-02-19T14:27:59.618+0000] {dagbag.py:538} INFO - Filling up the DagBag from /opt/airflow/dags/etl_dag.py
[2026-02-19T14:27:59.665+0000] {logging_mixin.py:188} INFO - Warning: Your Kaggle API key is readable by other users on this system! To fix this, you can run 'chmod 600 /home/airflow/.kaggle/kaggle.json'
[2026-02-19T14:27:59.732+0000] {logging_mixin.py:188} WARNING - /home/airflow/.local/lib/python3.8/site-packages/airflow/models/baseoperator.py:437 AirflowProviderDeprecationWarning: `exists_ok` parameter is deprecated, please use `if_exists`
[2026-02-19T14:27:59.742+0000] {processor.py:840} INFO - DAG(s) 'ecommerce_etl_v2' retrieved from /opt/airflow/dags/etl_dag.py
[2026-02-19T14:27:59.765+0000] {logging_mixin.py:188} INFO - [2026-02-19T14:27:59.765+0000] {dag.py:3036} INFO - Sync 1 DAGs
[2026-02-19T14:27:59.778+0000] {logging_mixin.py:188} INFO - [2026-02-19T14:27:59.778+0000] {dag.py:3823} INFO - Setting next_dagrun for ecommerce_etl_v2 to 2026-02-19 13:00:00+00:00, run_after=2026-02-20 13:00:00+00:00
[2026-02-19T14:27:59.789+0000] {processor.py:183} INFO - Processing /opt/airflow/dags/etl_dag.py took 0.174 seconds
[2026-02-19T14:28:30.094+0000] {processor.py:161} INFO - Started process (PID=75549) to work on /opt/airflow/dags/etl_dag.py
[2026-02-19T14:28:30.095+0000] {processor.py:830} INFO - Processing file /opt/airflow/dags/etl_dag.py for tasks to queue
[2026-02-19T14:28:30.096+0000] {logging_mixin.py:188} INFO - [2026-02-19T14:28:30.095+0000] {dagbag.py:538} INFO - Filling up the DagBag from /opt/airflow/dags/etl_dag.py
[2026-02-19T14:28:30.149+0000] {logging_mixin.py:188} INFO - Warning: Your Kaggle API key is readable by other users on this system! To fix this, you can run 'chmod 600 /home/airflow/.kaggle/kaggle.json'
[2026-02-19T14:28:30.216+0000] {logging_mixin.py:188} WARNING - /home/airflow/.local/lib/python3.8/site-packages/airflow/models/baseoperator.py:437 AirflowProviderDeprecationWarning: `exists_ok` parameter is deprecated, please use `if_exists`
[2026-02-19T14:28:30.226+0000] {processor.py:840} INFO - DAG(s) 'ecommerce_etl_v2' retrieved from /opt/airflow/dags/etl_dag.py
[2026-02-19T14:28:30.248+0000] {logging_mixin.py:188} INFO - [2026-02-19T14:28:30.248+0000] {dag.py:3036} INFO - Sync 1 DAGs
[2026-02-19T14:28:30.262+0000] {logging_mixin.py:188} INFO - [2026-02-19T14:28:30.261+0000] {dag.py:3823} INFO - Setting next_dagrun for ecommerce_etl_v2 to 2026-02-19 13:00:00+00:00, run_after=2026-02-20 13:00:00+00:00
[2026-02-19T14:28:30.273+0000] {processor.py:183} INFO - Processing /opt/airflow/dags/etl_dag.py took 0.182 seconds
[2026-02-19T14:29:00.348+0000] {processor.py:161} INFO - Started process (PID=75580) to work on /opt/airflow/dags/etl_dag.py
[2026-02-19T14:29:00.349+0000] {processor.py:830} INFO - Processing file /opt/airflow/dags/etl_dag.py for tasks to queue
[2026-02-19T14:29:00.350+0000] {logging_mixin.py:188} INFO - [2026-02-19T14:29:00.349+0000] {dagbag.py:538} INFO - Filling up the DagBag from /opt/airflow/dags/etl_dag.py
[2026-02-19T14:29:00.398+0000] {logging_mixin.py:188} INFO - Warning: Your Kaggle API key is readable by other users on this system! To fix this, you can run 'chmod 600 /home/airflow/.kaggle/kaggle.json'
[2026-02-19T14:29:00.461+0000] {logging_mixin.py:188} WARNING - /home/airflow/.local/lib/python3.8/site-packages/airflow/models/baseoperator.py:437 AirflowProviderDeprecationWarning: `exists_ok` parameter is deprecated, please use `if_exists`
[2026-02-19T14:29:00.473+0000] {processor.py:840} INFO - DAG(s) 'ecommerce_etl_v2' retrieved from /opt/airflow/dags/etl_dag.py
[2026-02-19T14:29:00.496+0000] {logging_mixin.py:188} INFO - [2026-02-19T14:29:00.496+0000] {dag.py:3036} INFO - Sync 1 DAGs
[2026-02-19T14:29:00.511+0000] {logging_mixin.py:188} INFO - [2026-02-19T14:29:00.511+0000] {dag.py:3823} INFO - Setting next_dagrun for ecommerce_etl_v2 to 2026-02-19 13:00:00+00:00, run_after=2026-02-20 13:00:00+00:00
[2026-02-19T14:29:00.522+0000] {processor.py:183} INFO - Processing /opt/airflow/dags/etl_dag.py took 0.178 seconds
[2026-02-19T14:29:30.829+0000] {processor.py:161} INFO - Started process (PID=75611) to work on /opt/airflow/dags/etl_dag.py
[2026-02-19T14:29:30.831+0000] {processor.py:830} INFO - Processing file /opt/airflow/dags/etl_dag.py for tasks to queue
[2026-02-19T14:29:30.832+0000] {logging_mixin.py:188} INFO - [2026-02-19T14:29:30.832+0000] {dagbag.py:538} INFO - Filling up the DagBag from /opt/airflow/dags/etl_dag.py
[2026-02-19T14:29:30.885+0000] {logging_mixin.py:188} INFO - Warning: Your Kaggle API key is readable by other users on this system! To fix this, you can run 'chmod 600 /home/airflow/.kaggle/kaggle.json'
[2026-02-19T14:29:30.950+0000] {logging_mixin.py:188} WARNING - /home/airflow/.local/lib/python3.8/site-packages/airflow/models/baseoperator.py:437 AirflowProviderDeprecationWarning: `exists_ok` parameter is deprecated, please use `if_exists`
[2026-02-19T14:29:30.961+0000] {processor.py:840} INFO - DAG(s) 'ecommerce_etl_v2' retrieved from /opt/airflow/dags/etl_dag.py
[2026-02-19T14:29:30.983+0000] {logging_mixin.py:188} INFO - [2026-02-19T14:29:30.982+0000] {dag.py:3036} INFO - Sync 1 DAGs
[2026-02-19T14:29:30.996+0000] {logging_mixin.py:188} INFO - [2026-02-19T14:29:30.996+0000] {dag.py:3823} INFO - Setting next_dagrun for ecommerce_etl_v2 to 2026-02-19 13:00:00+00:00, run_after=2026-02-20 13:00:00+00:00
[2026-02-19T14:29:31.007+0000] {processor.py:183} INFO - Processing /opt/airflow/dags/etl_dag.py took 0.181 seconds
[2026-02-19T14:30:01.048+0000] {processor.py:161} INFO - Started process (PID=75642) to work on /opt/airflow/dags/etl_dag.py
[2026-02-19T14:30:01.051+0000] {processor.py:830} INFO - Processing file /opt/airflow/dags/etl_dag.py for tasks to queue
[2026-02-19T14:30:01.052+0000] {logging_mixin.py:188} INFO - [2026-02-19T14:30:01.051+0000] {dagbag.py:538} INFO - Filling up the DagBag from /opt/airflow/dags/etl_dag.py
[2026-02-19T14:30:01.105+0000] {logging_mixin.py:188} INFO - Warning: Your Kaggle API key is readable by other users on this system! To fix this, you can run 'chmod 600 /home/airflow/.kaggle/kaggle.json'
[2026-02-19T14:30:01.168+0000] {logging_mixin.py:188} WARNING - /home/airflow/.local/lib/python3.8/site-packages/airflow/models/baseoperator.py:437 AirflowProviderDeprecationWarning: `exists_ok` parameter is deprecated, please use `if_exists`
[2026-02-19T14:30:01.179+0000] {processor.py:840} INFO - DAG(s) 'ecommerce_etl_v2' retrieved from /opt/airflow/dags/etl_dag.py
[2026-02-19T14:30:01.204+0000] {logging_mixin.py:188} INFO - [2026-02-19T14:30:01.204+0000] {dag.py:3036} INFO - Sync 1 DAGs
[2026-02-19T14:30:01.221+0000] {logging_mixin.py:188} INFO - [2026-02-19T14:30:01.221+0000] {dag.py:3823} INFO - Setting next_dagrun for ecommerce_etl_v2 to 2026-02-19 13:00:00+00:00, run_after=2026-02-20 13:00:00+00:00
[2026-02-19T14:30:01.234+0000] {processor.py:183} INFO - Processing /opt/airflow/dags/etl_dag.py took 0.189 seconds
[2026-02-19T14:30:31.452+0000] {processor.py:161} INFO - Started process (PID=75673) to work on /opt/airflow/dags/etl_dag.py
[2026-02-19T14:30:31.453+0000] {processor.py:830} INFO - Processing file /opt/airflow/dags/etl_dag.py for tasks to queue
[2026-02-19T14:30:31.454+0000] {logging_mixin.py:188} INFO - [2026-02-19T14:30:31.453+0000] {dagbag.py:538} INFO - Filling up the DagBag from /opt/airflow/dags/etl_dag.py
[2026-02-19T14:30:31.507+0000] {logging_mixin.py:188} INFO - Warning: Your Kaggle API key is readable by other users on this system! To fix this, you can run 'chmod 600 /home/airflow/.kaggle/kaggle.json'
[2026-02-19T14:30:31.572+0000] {logging_mixin.py:188} WARNING - /home/airflow/.local/lib/python3.8/site-packages/airflow/models/baseoperator.py:437 AirflowProviderDeprecationWarning: `exists_ok` parameter is deprecated, please use `if_exists`
[2026-02-19T14:30:31.584+0000] {processor.py:840} INFO - DAG(s) 'ecommerce_etl_v2' retrieved from /opt/airflow/dags/etl_dag.py
[2026-02-19T14:30:31.606+0000] {logging_mixin.py:188} INFO - [2026-02-19T14:30:31.606+0000] {dag.py:3036} INFO - Sync 1 DAGs
[2026-02-19T14:30:31.619+0000] {logging_mixin.py:188} INFO - [2026-02-19T14:30:31.619+0000] {dag.py:3823} INFO - Setting next_dagrun for ecommerce_etl_v2 to 2026-02-19 13:00:00+00:00, run_after=2026-02-20 13:00:00+00:00
[2026-02-19T14:30:31.631+0000] {processor.py:183} INFO - Processing /opt/airflow/dags/etl_dag.py took 0.182 seconds
[2026-02-19T14:31:01.716+0000] {processor.py:161} INFO - Started process (PID=75704) to work on /opt/airflow/dags/etl_dag.py
[2026-02-19T14:31:01.718+0000] {processor.py:830} INFO - Processing file /opt/airflow/dags/etl_dag.py for tasks to queue
[2026-02-19T14:31:01.719+0000] {logging_mixin.py:188} INFO - [2026-02-19T14:31:01.719+0000] {dagbag.py:538} INFO - Filling up the DagBag from /opt/airflow/dags/etl_dag.py
[2026-02-19T14:31:01.776+0000] {logging_mixin.py:188} INFO - Warning: Your Kaggle API key is readable by other users on this system! To fix this, you can run 'chmod 600 /home/airflow/.kaggle/kaggle.json'
[2026-02-19T14:31:01.843+0000] {logging_mixin.py:188} WARNING - /home/airflow/.local/lib/python3.8/site-packages/airflow/models/baseoperator.py:437 AirflowProviderDeprecationWarning: `exists_ok` parameter is deprecated, please use `if_exists`
[2026-02-19T14:31:01.852+0000] {processor.py:840} INFO - DAG(s) 'ecommerce_etl_v2' retrieved from /opt/airflow/dags/etl_dag.py
[2026-02-19T14:31:01.875+0000] {logging_mixin.py:188} INFO - [2026-02-19T14:31:01.875+0000] {dag.py:3036} INFO - Sync 1 DAGs
[2026-02-19T14:31:01.887+0000] {logging_mixin.py:188} INFO - [2026-02-19T14:31:01.887+0000] {dag.py:3823} INFO - Setting next_dagrun for ecommerce_etl_v2 to 2026-02-19 13:00:00+00:00, run_after=2026-02-20 13:00:00+00:00
[2026-02-19T14:31:01.900+0000] {processor.py:183} INFO - Processing /opt/airflow/dags/etl_dag.py took 0.189 seconds
[2026-02-19T14:31:32.133+0000] {processor.py:161} INFO - Started process (PID=75735) to work on /opt/airflow/dags/etl_dag.py
[2026-02-19T14:31:32.134+0000] {processor.py:830} INFO - Processing file /opt/airflow/dags/etl_dag.py for tasks to queue
[2026-02-19T14:31:32.134+0000] {logging_mixin.py:188} INFO - [2026-02-19T14:31:32.134+0000] {dagbag.py:538} INFO - Filling up the DagBag from /opt/airflow/dags/etl_dag.py
[2026-02-19T14:31:32.177+0000] {logging_mixin.py:188} INFO - Warning: Your Kaggle API key is readable by other users on this system! To fix this, you can run 'chmod 600 /home/airflow/.kaggle/kaggle.json'
[2026-02-19T14:31:32.242+0000] {logging_mixin.py:188} WARNING - /home/airflow/.local/lib/python3.8/site-packages/airflow/models/baseoperator.py:437 AirflowProviderDeprecationWarning: `exists_ok` parameter is deprecated, please use `if_exists`
[2026-02-19T14:31:32.253+0000] {processor.py:840} INFO - DAG(s) 'ecommerce_etl_v2' retrieved from /opt/airflow/dags/etl_dag.py
[2026-02-19T14:31:32.275+0000] {logging_mixin.py:188} INFO - [2026-02-19T14:31:32.275+0000] {dag.py:3036} INFO - Sync 1 DAGs
[2026-02-19T14:31:32.287+0000] {logging_mixin.py:188} INFO - [2026-02-19T14:31:32.287+0000] {dag.py:3823} INFO - Setting next_dagrun for ecommerce_etl_v2 to 2026-02-19 13:00:00+00:00, run_after=2026-02-20 13:00:00+00:00
[2026-02-19T14:31:32.299+0000] {processor.py:183} INFO - Processing /opt/airflow/dags/etl_dag.py took 0.169 seconds
[2026-02-19T14:32:02.442+0000] {processor.py:161} INFO - Started process (PID=75766) to work on /opt/airflow/dags/etl_dag.py
[2026-02-19T14:32:02.443+0000] {processor.py:830} INFO - Processing file /opt/airflow/dags/etl_dag.py for tasks to queue
[2026-02-19T14:32:02.444+0000] {logging_mixin.py:188} INFO - [2026-02-19T14:32:02.444+0000] {dagbag.py:538} INFO - Filling up the DagBag from /opt/airflow/dags/etl_dag.py
[2026-02-19T14:32:02.493+0000] {logging_mixin.py:188} INFO - Warning: Your Kaggle API key is readable by other users on this system! To fix this, you can run 'chmod 600 /home/airflow/.kaggle/kaggle.json'
[2026-02-19T14:32:02.558+0000] {logging_mixin.py:188} WARNING - /home/airflow/.local/lib/python3.8/site-packages/airflow/models/baseoperator.py:437 AirflowProviderDeprecationWarning: `exists_ok` parameter is deprecated, please use `if_exists`
[2026-02-19T14:32:02.569+0000] {processor.py:840} INFO - DAG(s) 'ecommerce_etl_v2' retrieved from /opt/airflow/dags/etl_dag.py
[2026-02-19T14:32:02.592+0000] {logging_mixin.py:188} INFO - [2026-02-19T14:32:02.592+0000] {dag.py:3036} INFO - Sync 1 DAGs
[2026-02-19T14:32:02.607+0000] {logging_mixin.py:188} INFO - [2026-02-19T14:32:02.606+0000] {dag.py:3823} INFO - Setting next_dagrun for ecommerce_etl_v2 to 2026-02-19 13:00:00+00:00, run_after=2026-02-20 13:00:00+00:00
[2026-02-19T14:32:02.617+0000] {processor.py:183} INFO - Processing /opt/airflow/dags/etl_dag.py took 0.179 seconds
[2026-02-19T14:32:32.828+0000] {processor.py:161} INFO - Started process (PID=75797) to work on /opt/airflow/dags/etl_dag.py
[2026-02-19T14:32:32.829+0000] {processor.py:830} INFO - Processing file /opt/airflow/dags/etl_dag.py for tasks to queue
[2026-02-19T14:32:32.830+0000] {logging_mixin.py:188} INFO - [2026-02-19T14:32:32.830+0000] {dagbag.py:538} INFO - Filling up the DagBag from /opt/airflow/dags/etl_dag.py
[2026-02-19T14:32:32.878+0000] {logging_mixin.py:188} INFO - Warning: Your Kaggle API key is readable by other users on this system! To fix this, you can run 'chmod 600 /home/airflow/.kaggle/kaggle.json'
[2026-02-19T14:32:32.943+0000] {logging_mixin.py:188} WARNING - /home/airflow/.local/lib/python3.8/site-packages/airflow/models/baseoperator.py:437 AirflowProviderDeprecationWarning: `exists_ok` parameter is deprecated, please use `if_exists`
[2026-02-19T14:32:32.954+0000] {processor.py:840} INFO - DAG(s) 'ecommerce_etl_v2' retrieved from /opt/airflow/dags/etl_dag.py
[2026-02-19T14:32:32.977+0000] {logging_mixin.py:188} INFO - [2026-02-19T14:32:32.976+0000] {dag.py:3036} INFO - Sync 1 DAGs
[2026-02-19T14:32:32.989+0000] {logging_mixin.py:188} INFO - [2026-02-19T14:32:32.989+0000] {dag.py:3823} INFO - Setting next_dagrun for ecommerce_etl_v2 to 2026-02-19 13:00:00+00:00, run_after=2026-02-20 13:00:00+00:00
[2026-02-19T14:32:33.001+0000] {processor.py:183} INFO - Processing /opt/airflow/dags/etl_dag.py took 0.176 seconds
[2026-02-19T14:33:03.135+0000] {processor.py:161} INFO - Started process (PID=75828) to work on /opt/airflow/dags/etl_dag.py
[2026-02-19T14:33:03.137+0000] {processor.py:830} INFO - Processing file /opt/airflow/dags/etl_dag.py for tasks to queue
[2026-02-19T14:33:03.138+0000] {logging_mixin.py:188} INFO - [2026-02-19T14:33:03.138+0000] {dagbag.py:538} INFO - Filling up the DagBag from /opt/airflow/dags/etl_dag.py
[2026-02-19T14:33:03.194+0000] {logging_mixin.py:188} INFO - Warning: Your Kaggle API key is readable by other users on this system! To fix this, you can run 'chmod 600 /home/airflow/.kaggle/kaggle.json'
[2026-02-19T14:33:03.258+0000] {logging_mixin.py:188} WARNING - /home/airflow/.local/lib/python3.8/site-packages/airflow/models/baseoperator.py:437 AirflowProviderDeprecationWarning: `exists_ok` parameter is deprecated, please use `if_exists`
[2026-02-19T14:33:03.269+0000] {processor.py:840} INFO - DAG(s) 'ecommerce_etl_v2' retrieved from /opt/airflow/dags/etl_dag.py
[2026-02-19T14:33:03.293+0000] {logging_mixin.py:188} INFO - [2026-02-19T14:33:03.293+0000] {dag.py:3036} INFO - Sync 1 DAGs
[2026-02-19T14:33:03.307+0000] {logging_mixin.py:188} INFO - [2026-02-19T14:33:03.307+0000] {dag.py:3823} INFO - Setting next_dagrun for ecommerce_etl_v2 to 2026-02-19 13:00:00+00:00, run_after=2026-02-20 13:00:00+00:00
[2026-02-19T14:33:03.318+0000] {processor.py:183} INFO - Processing /opt/airflow/dags/etl_dag.py took 0.186 seconds
[2026-02-19T14:33:33.528+0000] {processor.py:161} INFO - Started process (PID=75859) to work on /opt/airflow/dags/etl_dag.py
[2026-02-19T14:33:33.529+0000] {processor.py:830} INFO - Processing file /opt/airflow/dags/etl_dag.py for tasks to queue
[2026-02-19T14:33:33.530+0000] {logging_mixin.py:188} INFO - [2026-02-19T14:33:33.530+0000] {dagbag.py:538} INFO - Filling up the DagBag from /opt/airflow/dags/etl_dag.py
[2026-02-19T14:33:33.593+0000] {logging_mixin.py:188} INFO - Warning: Your Kaggle API key is readable by other users on this system! To fix this, you can run 'chmod 600 /home/airflow/.kaggle/kaggle.json'
[2026-02-19T14:33:33.665+0000] {logging_mixin.py:188} WARNING - /home/airflow/.local/lib/python3.8/site-packages/airflow/models/baseoperator.py:437 AirflowProviderDeprecationWarning: `exists_ok` parameter is deprecated, please use `if_exists`
[2026-02-19T14:33:33.678+0000] {processor.py:840} INFO - DAG(s) 'ecommerce_etl_v2' retrieved from /opt/airflow/dags/etl_dag.py
[2026-02-19T14:33:33.707+0000] {logging_mixin.py:188} INFO - [2026-02-19T14:33:33.706+0000] {dag.py:3036} INFO - Sync 1 DAGs
[2026-02-19T14:33:33.725+0000] {logging_mixin.py:188} INFO - [2026-02-19T14:33:33.725+0000] {dag.py:3823} INFO - Setting next_dagrun for ecommerce_etl_v2 to 2026-02-19 13:00:00+00:00, run_after=2026-02-20 13:00:00+00:00
[2026-02-19T14:33:33.740+0000] {processor.py:183} INFO - Processing /opt/airflow/dags/etl_dag.py took 0.214 seconds
[2026-02-19T14:34:03.806+0000] {processor.py:161} INFO - Started process (PID=75890) to work on /opt/airflow/dags/etl_dag.py
[2026-02-19T14:34:03.807+0000] {processor.py:830} INFO - Processing file /opt/airflow/dags/etl_dag.py for tasks to queue
[2026-02-19T14:34:03.808+0000] {logging_mixin.py:188} INFO - [2026-02-19T14:34:03.808+0000] {dagbag.py:538} INFO - Filling up the DagBag from /opt/airflow/dags/etl_dag.py
[2026-02-19T14:34:03.860+0000] {logging_mixin.py:188} INFO - Warning: Your Kaggle API key is readable by other users on this system! To fix this, you can run 'chmod 600 /home/airflow/.kaggle/kaggle.json'
[2026-02-19T14:34:03.929+0000] {logging_mixin.py:188} WARNING - /home/airflow/.local/lib/python3.8/site-packages/airflow/models/baseoperator.py:437 AirflowProviderDeprecationWarning: `exists_ok` parameter is deprecated, please use `if_exists`
[2026-02-19T14:34:03.942+0000] {processor.py:840} INFO - DAG(s) 'ecommerce_etl_v2' retrieved from /opt/airflow/dags/etl_dag.py
[2026-02-19T14:34:03.963+0000] {logging_mixin.py:188} INFO - [2026-02-19T14:34:03.963+0000] {dag.py:3036} INFO - Sync 1 DAGs
[2026-02-19T14:34:03.976+0000] {logging_mixin.py:188} INFO - [2026-02-19T14:34:03.976+0000] {dag.py:3823} INFO - Setting next_dagrun for ecommerce_etl_v2 to 2026-02-19 13:00:00+00:00, run_after=2026-02-20 13:00:00+00:00
[2026-02-19T14:34:03.988+0000] {processor.py:183} INFO - Processing /opt/airflow/dags/etl_dag.py took 0.185 seconds
[2026-02-19T14:34:34.297+0000] {processor.py:161} INFO - Started process (PID=75921) to work on /opt/airflow/dags/etl_dag.py
[2026-02-19T14:34:34.298+0000] {processor.py:830} INFO - Processing file /opt/airflow/dags/etl_dag.py for tasks to queue
[2026-02-19T14:34:34.300+0000] {logging_mixin.py:188} INFO - [2026-02-19T14:34:34.299+0000] {dagbag.py:538} INFO - Filling up the DagBag from /opt/airflow/dags/etl_dag.py
[2026-02-19T14:34:34.360+0000] {logging_mixin.py:188} INFO - Warning: Your Kaggle API key is readable by other users on this system! To fix this, you can run 'chmod 600 /home/airflow/.kaggle/kaggle.json'
[2026-02-19T14:34:34.428+0000] {logging_mixin.py:188} WARNING - /home/airflow/.local/lib/python3.8/site-packages/airflow/models/baseoperator.py:437 AirflowProviderDeprecationWarning: `exists_ok` parameter is deprecated, please use `if_exists`
[2026-02-19T14:34:34.440+0000] {processor.py:840} INFO - DAG(s) 'ecommerce_etl_v2' retrieved from /opt/airflow/dags/etl_dag.py
[2026-02-19T14:34:34.470+0000] {logging_mixin.py:188} INFO - [2026-02-19T14:34:34.470+0000] {dag.py:3036} INFO - Sync 1 DAGs
[2026-02-19T14:34:34.489+0000] {logging_mixin.py:188} INFO - [2026-02-19T14:34:34.488+0000] {dag.py:3823} INFO - Setting next_dagrun for ecommerce_etl_v2 to 2026-02-19 13:00:00+00:00, run_after=2026-02-20 13:00:00+00:00
[2026-02-19T14:34:34.506+0000] {processor.py:183} INFO - Processing /opt/airflow/dags/etl_dag.py took 0.213 seconds
[2026-02-19T14:35:04.593+0000] {processor.py:161} INFO - Started process (PID=75952) to work on /opt/airflow/dags/etl_dag.py
[2026-02-19T14:35:04.594+0000] {processor.py:830} INFO - Processing file /opt/airflow/dags/etl_dag.py for tasks to queue
[2026-02-19T14:35:04.595+0000] {logging_mixin.py:188} INFO - [2026-02-19T14:35:04.594+0000] {dagbag.py:538} INFO - Filling up the DagBag from /opt/airflow/dags/etl_dag.py
[2026-02-19T14:35:04.646+0000] {logging_mixin.py:188} INFO - Warning: Your Kaggle API key is readable by other users on this system! To fix this, you can run 'chmod 600 /home/airflow/.kaggle/kaggle.json'
[2026-02-19T14:35:04.711+0000] {logging_mixin.py:188} WARNING - /home/airflow/.local/lib/python3.8/site-packages/airflow/models/baseoperator.py:437 AirflowProviderDeprecationWarning: `exists_ok` parameter is deprecated, please use `if_exists`
[2026-02-19T14:35:04.721+0000] {processor.py:840} INFO - DAG(s) 'ecommerce_etl_v2' retrieved from /opt/airflow/dags/etl_dag.py
[2026-02-19T14:35:04.745+0000] {logging_mixin.py:188} INFO - [2026-02-19T14:35:04.745+0000] {dag.py:3036} INFO - Sync 1 DAGs
[2026-02-19T14:35:04.759+0000] {logging_mixin.py:188} INFO - [2026-02-19T14:35:04.759+0000] {dag.py:3823} INFO - Setting next_dagrun for ecommerce_etl_v2 to 2026-02-19 13:00:00+00:00, run_after=2026-02-20 13:00:00+00:00
[2026-02-19T14:35:04.771+0000] {processor.py:183} INFO - Processing /opt/airflow/dags/etl_dag.py took 0.181 seconds
[2026-02-19T14:35:35.005+0000] {processor.py:161} INFO - Started process (PID=75983) to work on /opt/airflow/dags/etl_dag.py
[2026-02-19T14:35:35.007+0000] {processor.py:830} INFO - Processing file /opt/airflow/dags/etl_dag.py for tasks to queue
[2026-02-19T14:35:35.008+0000] {logging_mixin.py:188} INFO - [2026-02-19T14:35:35.007+0000] {dagbag.py:538} INFO - Filling up the DagBag from /opt/airflow/dags/etl_dag.py
[2026-02-19T14:35:35.058+0000] {logging_mixin.py:188} INFO - Warning: Your Kaggle API key is readable by other users on this system! To fix this, you can run 'chmod 600 /home/airflow/.kaggle/kaggle.json'
[2026-02-19T14:35:35.124+0000] {logging_mixin.py:188} WARNING - /home/airflow/.local/lib/python3.8/site-packages/airflow/models/baseoperator.py:437 AirflowProviderDeprecationWarning: `exists_ok` parameter is deprecated, please use `if_exists`
[2026-02-19T14:35:35.135+0000] {processor.py:840} INFO - DAG(s) 'ecommerce_etl_v2' retrieved from /opt/airflow/dags/etl_dag.py
[2026-02-19T14:35:35.158+0000] {logging_mixin.py:188} INFO - [2026-02-19T14:35:35.158+0000] {dag.py:3036} INFO - Sync 1 DAGs
[2026-02-19T14:35:35.172+0000] {logging_mixin.py:188} INFO - [2026-02-19T14:35:35.172+0000] {dag.py:3823} INFO - Setting next_dagrun for ecommerce_etl_v2 to 2026-02-19 13:00:00+00:00, run_after=2026-02-20 13:00:00+00:00
[2026-02-19T14:35:35.184+0000] {processor.py:183} INFO - Processing /opt/airflow/dags/etl_dag.py took 0.181 seconds
[2026-02-19T14:36:05.274+0000] {processor.py:161} INFO - Started process (PID=76014) to work on /opt/airflow/dags/etl_dag.py
[2026-02-19T14:36:05.276+0000] {processor.py:830} INFO - Processing file /opt/airflow/dags/etl_dag.py for tasks to queue
[2026-02-19T14:36:05.277+0000] {logging_mixin.py:188} INFO - [2026-02-19T14:36:05.277+0000] {dagbag.py:538} INFO - Filling up the DagBag from /opt/airflow/dags/etl_dag.py
[2026-02-19T14:36:05.331+0000] {logging_mixin.py:188} INFO - Warning: Your Kaggle API key is readable by other users on this system! To fix this, you can run 'chmod 600 /home/airflow/.kaggle/kaggle.json'
[2026-02-19T14:36:05.398+0000] {logging_mixin.py:188} WARNING - /home/airflow/.local/lib/python3.8/site-packages/airflow/models/baseoperator.py:437 AirflowProviderDeprecationWarning: `exists_ok` parameter is deprecated, please use `if_exists`
[2026-02-19T14:36:05.409+0000] {processor.py:840} INFO - DAG(s) 'ecommerce_etl_v2' retrieved from /opt/airflow/dags/etl_dag.py
[2026-02-19T14:36:05.433+0000] {logging_mixin.py:188} INFO - [2026-02-19T14:36:05.432+0000] {dag.py:3036} INFO - Sync 1 DAGs
[2026-02-19T14:36:05.447+0000] {logging_mixin.py:188} INFO - [2026-02-19T14:36:05.446+0000] {dag.py:3823} INFO - Setting next_dagrun for ecommerce_etl_v2 to 2026-02-19 13:00:00+00:00, run_after=2026-02-20 13:00:00+00:00
[2026-02-19T14:36:05.459+0000] {processor.py:183} INFO - Processing /opt/airflow/dags/etl_dag.py took 0.189 seconds
[2026-02-19T14:36:35.702+0000] {processor.py:161} INFO - Started process (PID=76045) to work on /opt/airflow/dags/etl_dag.py
[2026-02-19T14:36:35.703+0000] {processor.py:830} INFO - Processing file /opt/airflow/dags/etl_dag.py for tasks to queue
[2026-02-19T14:36:35.703+0000] {logging_mixin.py:188} INFO - [2026-02-19T14:36:35.703+0000] {dagbag.py:538} INFO - Filling up the DagBag from /opt/airflow/dags/etl_dag.py
[2026-02-19T14:36:35.754+0000] {logging_mixin.py:188} INFO - Warning: Your Kaggle API key is readable by other users on this system! To fix this, you can run 'chmod 600 /home/airflow/.kaggle/kaggle.json'
[2026-02-19T14:36:35.820+0000] {logging_mixin.py:188} WARNING - /home/airflow/.local/lib/python3.8/site-packages/airflow/models/baseoperator.py:437 AirflowProviderDeprecationWarning: `exists_ok` parameter is deprecated, please use `if_exists`
[2026-02-19T14:36:35.830+0000] {processor.py:840} INFO - DAG(s) 'ecommerce_etl_v2' retrieved from /opt/airflow/dags/etl_dag.py
[2026-02-19T14:36:35.853+0000] {logging_mixin.py:188} INFO - [2026-02-19T14:36:35.853+0000] {dag.py:3036} INFO - Sync 1 DAGs
[2026-02-19T14:36:35.865+0000] {logging_mixin.py:188} INFO - [2026-02-19T14:36:35.865+0000] {dag.py:3823} INFO - Setting next_dagrun for ecommerce_etl_v2 to 2026-02-19 13:00:00+00:00, run_after=2026-02-20 13:00:00+00:00
[2026-02-19T14:36:35.876+0000] {processor.py:183} INFO - Processing /opt/airflow/dags/etl_dag.py took 0.178 seconds
[2026-02-19T14:37:05.977+0000] {processor.py:161} INFO - Started process (PID=76076) to work on /opt/airflow/dags/etl_dag.py
[2026-02-19T14:37:05.977+0000] {processor.py:830} INFO - Processing file /opt/airflow/dags/etl_dag.py for tasks to queue
[2026-02-19T14:37:05.978+0000] {logging_mixin.py:188} INFO - [2026-02-19T14:37:05.978+0000] {dagbag.py:538} INFO - Filling up the DagBag from /opt/airflow/dags/etl_dag.py
[2026-02-19T14:37:06.031+0000] {logging_mixin.py:188} INFO - Warning: Your Kaggle API key is readable by other users on this system! To fix this, you can run 'chmod 600 /home/airflow/.kaggle/kaggle.json'
[2026-02-19T14:37:06.095+0000] {logging_mixin.py:188} WARNING - /home/airflow/.local/lib/python3.8/site-packages/airflow/models/baseoperator.py:437 AirflowProviderDeprecationWarning: `exists_ok` parameter is deprecated, please use `if_exists`
[2026-02-19T14:37:06.106+0000] {processor.py:840} INFO - DAG(s) 'ecommerce_etl_v2' retrieved from /opt/airflow/dags/etl_dag.py
[2026-02-19T14:37:06.128+0000] {logging_mixin.py:188} INFO - [2026-02-19T14:37:06.128+0000] {dag.py:3036} INFO - Sync 1 DAGs
[2026-02-19T14:37:06.142+0000] {logging_mixin.py:188} INFO - [2026-02-19T14:37:06.141+0000] {dag.py:3823} INFO - Setting next_dagrun for ecommerce_etl_v2 to 2026-02-19 13:00:00+00:00, run_after=2026-02-20 13:00:00+00:00
[2026-02-19T14:37:06.153+0000] {processor.py:183} INFO - Processing /opt/airflow/dags/etl_dag.py took 0.180 seconds
[2026-02-19T14:37:36.368+0000] {processor.py:161} INFO - Started process (PID=76107) to work on /opt/airflow/dags/etl_dag.py
[2026-02-19T14:37:36.369+0000] {processor.py:830} INFO - Processing file /opt/airflow/dags/etl_dag.py for tasks to queue
[2026-02-19T14:37:36.370+0000] {logging_mixin.py:188} INFO - [2026-02-19T14:37:36.370+0000] {dagbag.py:538} INFO - Filling up the DagBag from /opt/airflow/dags/etl_dag.py
[2026-02-19T14:37:36.421+0000] {logging_mixin.py:188} INFO - Warning: Your Kaggle API key is readable by other users on this system! To fix this, you can run 'chmod 600 /home/airflow/.kaggle/kaggle.json'
[2026-02-19T14:37:36.486+0000] {logging_mixin.py:188} WARNING - /home/airflow/.local/lib/python3.8/site-packages/airflow/models/baseoperator.py:437 AirflowProviderDeprecationWarning: `exists_ok` parameter is deprecated, please use `if_exists`
[2026-02-19T14:37:36.497+0000] {processor.py:840} INFO - DAG(s) 'ecommerce_etl_v2' retrieved from /opt/airflow/dags/etl_dag.py
[2026-02-19T14:37:36.518+0000] {logging_mixin.py:188} INFO - [2026-02-19T14:37:36.518+0000] {dag.py:3036} INFO - Sync 1 DAGs
[2026-02-19T14:37:36.531+0000] {logging_mixin.py:188} INFO - [2026-02-19T14:37:36.531+0000] {dag.py:3823} INFO - Setting next_dagrun for ecommerce_etl_v2 to 2026-02-19 13:00:00+00:00, run_after=2026-02-20 13:00:00+00:00
[2026-02-19T14:37:36.542+0000] {processor.py:183} INFO - Processing /opt/airflow/dags/etl_dag.py took 0.177 seconds
[2026-02-19T14:38:06.626+0000] {processor.py:161} INFO - Started process (PID=76138) to work on /opt/airflow/dags/etl_dag.py
[2026-02-19T14:38:06.627+0000] {processor.py:830} INFO - Processing file /opt/airflow/dags/etl_dag.py for tasks to queue
[2026-02-19T14:38:06.628+0000] {logging_mixin.py:188} INFO - [2026-02-19T14:38:06.627+0000] {dagbag.py:538} INFO - Filling up the DagBag from /opt/airflow/dags/etl_dag.py
[2026-02-19T14:38:06.681+0000] {logging_mixin.py:188} INFO - Warning: Your Kaggle API key is readable by other users on this system! To fix this, you can run 'chmod 600 /home/airflow/.kaggle/kaggle.json'
[2026-02-19T14:38:06.746+0000] {logging_mixin.py:188} WARNING - /home/airflow/.local/lib/python3.8/site-packages/airflow/models/baseoperator.py:437 AirflowProviderDeprecationWarning: `exists_ok` parameter is deprecated, please use `if_exists`
[2026-02-19T14:38:06.756+0000] {processor.py:840} INFO - DAG(s) 'ecommerce_etl_v2' retrieved from /opt/airflow/dags/etl_dag.py
[2026-02-19T14:38:06.779+0000] {logging_mixin.py:188} INFO - [2026-02-19T14:38:06.779+0000] {dag.py:3036} INFO - Sync 1 DAGs
[2026-02-19T14:38:06.791+0000] {logging_mixin.py:188} INFO - [2026-02-19T14:38:06.791+0000] {dag.py:3823} INFO - Setting next_dagrun for ecommerce_etl_v2 to 2026-02-19 13:00:00+00:00, run_after=2026-02-20 13:00:00+00:00
[2026-02-19T14:38:06.803+0000] {processor.py:183} INFO - Processing /opt/airflow/dags/etl_dag.py took 0.180 seconds
[2026-02-19T14:38:37.051+0000] {processor.py:161} INFO - Started process (PID=76169) to work on /opt/airflow/dags/etl_dag.py
[2026-02-19T14:38:37.052+0000] {processor.py:830} INFO - Processing file /opt/airflow/dags/etl_dag.py for tasks to queue
[2026-02-19T14:38:37.052+0000] {logging_mixin.py:188} INFO - [2026-02-19T14:38:37.052+0000] {dagbag.py:538} INFO - Filling up the DagBag from /opt/airflow/dags/etl_dag.py
[2026-02-19T14:38:37.107+0000] {logging_mixin.py:188} INFO - Warning: Your Kaggle API key is readable by other users on this system! To fix this, you can run 'chmod 600 /home/airflow/.kaggle/kaggle.json'
[2026-02-19T14:38:37.171+0000] {logging_mixin.py:188} WARNING - /home/airflow/.local/lib/python3.8/site-packages/airflow/models/baseoperator.py:437 AirflowProviderDeprecationWarning: `exists_ok` parameter is deprecated, please use `if_exists`
[2026-02-19T14:38:37.182+0000] {processor.py:840} INFO - DAG(s) 'ecommerce_etl_v2' retrieved from /opt/airflow/dags/etl_dag.py
[2026-02-19T14:38:37.203+0000] {logging_mixin.py:188} INFO - [2026-02-19T14:38:37.203+0000] {dag.py:3036} INFO - Sync 1 DAGs
[2026-02-19T14:38:37.214+0000] {logging_mixin.py:188} INFO - [2026-02-19T14:38:37.214+0000] {dag.py:3823} INFO - Setting next_dagrun for ecommerce_etl_v2 to 2026-02-19 13:00:00+00:00, run_after=2026-02-20 13:00:00+00:00
[2026-02-19T14:38:37.225+0000] {processor.py:183} INFO - Processing /opt/airflow/dags/etl_dag.py took 0.177 seconds
[2026-02-19T14:39:07.372+0000] {processor.py:161} INFO - Started process (PID=76200) to work on /opt/airflow/dags/etl_dag.py
[2026-02-19T14:39:07.373+0000] {processor.py:830} INFO - Processing file /opt/airflow/dags/etl_dag.py for tasks to queue
[2026-02-19T14:39:07.374+0000] {logging_mixin.py:188} INFO - [2026-02-19T14:39:07.374+0000] {dagbag.py:538} INFO - Filling up the DagBag from /opt/airflow/dags/etl_dag.py
[2026-02-19T14:39:07.426+0000] {logging_mixin.py:188} INFO - Warning: Your Kaggle API key is readable by other users on this system! To fix this, you can run 'chmod 600 /home/airflow/.kaggle/kaggle.json'
[2026-02-19T14:39:07.491+0000] {logging_mixin.py:188} WARNING - /home/airflow/.local/lib/python3.8/site-packages/airflow/models/baseoperator.py:437 AirflowProviderDeprecationWarning: `exists_ok` parameter is deprecated, please use `if_exists`
[2026-02-19T14:39:07.503+0000] {processor.py:840} INFO - DAG(s) 'ecommerce_etl_v2' retrieved from /opt/airflow/dags/etl_dag.py
[2026-02-19T14:39:07.526+0000] {logging_mixin.py:188} INFO - [2026-02-19T14:39:07.526+0000] {dag.py:3036} INFO - Sync 1 DAGs
[2026-02-19T14:39:07.540+0000] {logging_mixin.py:188} INFO - [2026-02-19T14:39:07.540+0000] {dag.py:3823} INFO - Setting next_dagrun for ecommerce_etl_v2 to 2026-02-19 13:00:00+00:00, run_after=2026-02-20 13:00:00+00:00
[2026-02-19T14:39:07.551+0000] {processor.py:183} INFO - Processing /opt/airflow/dags/etl_dag.py took 0.182 seconds
[2026-02-19T14:39:37.778+0000] {processor.py:161} INFO - Started process (PID=76231) to work on /opt/airflow/dags/etl_dag.py
[2026-02-19T14:39:37.779+0000] {processor.py:830} INFO - Processing file /opt/airflow/dags/etl_dag.py for tasks to queue
[2026-02-19T14:39:37.780+0000] {logging_mixin.py:188} INFO - [2026-02-19T14:39:37.779+0000] {dagbag.py:538} INFO - Filling up the DagBag from /opt/airflow/dags/etl_dag.py
[2026-02-19T14:39:37.823+0000] {logging_mixin.py:188} INFO - Warning: Your Kaggle API key is readable by other users on this system! To fix this, you can run 'chmod 600 /home/airflow/.kaggle/kaggle.json'
[2026-02-19T14:39:37.887+0000] {logging_mixin.py:188} WARNING - /home/airflow/.local/lib/python3.8/site-packages/airflow/models/baseoperator.py:437 AirflowProviderDeprecationWarning: `exists_ok` parameter is deprecated, please use `if_exists`
[2026-02-19T14:39:37.898+0000] {processor.py:840} INFO - DAG(s) 'ecommerce_etl_v2' retrieved from /opt/airflow/dags/etl_dag.py
[2026-02-19T14:39:37.920+0000] {logging_mixin.py:188} INFO - [2026-02-19T14:39:37.920+0000] {dag.py:3036} INFO - Sync 1 DAGs
[2026-02-19T14:39:37.932+0000] {logging_mixin.py:188} INFO - [2026-02-19T14:39:37.932+0000] {dag.py:3823} INFO - Setting next_dagrun for ecommerce_etl_v2 to 2026-02-19 13:00:00+00:00, run_after=2026-02-20 13:00:00+00:00
[2026-02-19T14:39:37.944+0000] {processor.py:183} INFO - Processing /opt/airflow/dags/etl_dag.py took 0.169 seconds
[2026-02-19T14:40:08.086+0000] {processor.py:161} INFO - Started process (PID=76262) to work on /opt/airflow/dags/etl_dag.py
[2026-02-19T14:40:08.088+0000] {processor.py:830} INFO - Processing file /opt/airflow/dags/etl_dag.py for tasks to queue
[2026-02-19T14:40:08.089+0000] {logging_mixin.py:188} INFO - [2026-02-19T14:40:08.088+0000] {dagbag.py:538} INFO - Filling up the DagBag from /opt/airflow/dags/etl_dag.py
[2026-02-19T14:40:08.143+0000] {logging_mixin.py:188} INFO - Warning: Your Kaggle API key is readable by other users on this system! To fix this, you can run 'chmod 600 /home/airflow/.kaggle/kaggle.json'
[2026-02-19T14:40:08.209+0000] {logging_mixin.py:188} WARNING - /home/airflow/.local/lib/python3.8/site-packages/airflow/models/baseoperator.py:437 AirflowProviderDeprecationWarning: `exists_ok` parameter is deprecated, please use `if_exists`
[2026-02-19T14:40:08.221+0000] {processor.py:840} INFO - DAG(s) 'ecommerce_etl_v2' retrieved from /opt/airflow/dags/etl_dag.py
[2026-02-19T14:40:08.244+0000] {logging_mixin.py:188} INFO - [2026-02-19T14:40:08.244+0000] {dag.py:3036} INFO - Sync 1 DAGs
[2026-02-19T14:40:08.257+0000] {logging_mixin.py:188} INFO - [2026-02-19T14:40:08.257+0000] {dag.py:3823} INFO - Setting next_dagrun for ecommerce_etl_v2 to 2026-02-19 13:00:00+00:00, run_after=2026-02-20 13:00:00+00:00
[2026-02-19T14:40:08.269+0000] {processor.py:183} INFO - Processing /opt/airflow/dags/etl_dag.py took 0.186 seconds
[2026-02-19T14:40:38.618+0000] {processor.py:161} INFO - Started process (PID=76293) to work on /opt/airflow/dags/etl_dag.py
[2026-02-19T14:40:38.619+0000] {processor.py:830} INFO - Processing file /opt/airflow/dags/etl_dag.py for tasks to queue
[2026-02-19T14:40:38.620+0000] {logging_mixin.py:188} INFO - [2026-02-19T14:40:38.619+0000] {dagbag.py:538} INFO - Filling up the DagBag from /opt/airflow/dags/etl_dag.py
[2026-02-19T14:40:38.673+0000] {logging_mixin.py:188} INFO - Warning: Your Kaggle API key is readable by other users on this system! To fix this, you can run 'chmod 600 /home/airflow/.kaggle/kaggle.json'
[2026-02-19T14:40:38.738+0000] {logging_mixin.py:188} WARNING - /home/airflow/.local/lib/python3.8/site-packages/airflow/models/baseoperator.py:437 AirflowProviderDeprecationWarning: `exists_ok` parameter is deprecated, please use `if_exists`
[2026-02-19T14:40:38.750+0000] {processor.py:840} INFO - DAG(s) 'ecommerce_etl_v2' retrieved from /opt/airflow/dags/etl_dag.py
[2026-02-19T14:40:38.772+0000] {logging_mixin.py:188} INFO - [2026-02-19T14:40:38.771+0000] {dag.py:3036} INFO - Sync 1 DAGs
[2026-02-19T14:40:38.786+0000] {logging_mixin.py:188} INFO - [2026-02-19T14:40:38.785+0000] {dag.py:3823} INFO - Setting next_dagrun for ecommerce_etl_v2 to 2026-02-19 13:00:00+00:00, run_after=2026-02-20 13:00:00+00:00
[2026-02-19T14:40:38.797+0000] {processor.py:183} INFO - Processing /opt/airflow/dags/etl_dag.py took 0.182 seconds
[2026-02-19T14:41:08.951+0000] {processor.py:161} INFO - Started process (PID=76324) to work on /opt/airflow/dags/etl_dag.py
[2026-02-19T14:41:08.953+0000] {processor.py:830} INFO - Processing file /opt/airflow/dags/etl_dag.py for tasks to queue
[2026-02-19T14:41:08.954+0000] {logging_mixin.py:188} INFO - [2026-02-19T14:41:08.954+0000] {dagbag.py:538} INFO - Filling up the DagBag from /opt/airflow/dags/etl_dag.py
[2026-02-19T14:41:09.005+0000] {logging_mixin.py:188} INFO - Warning: Your Kaggle API key is readable by other users on this system! To fix this, you can run 'chmod 600 /home/airflow/.kaggle/kaggle.json'
[2026-02-19T14:41:09.068+0000] {logging_mixin.py:188} WARNING - /home/airflow/.local/lib/python3.8/site-packages/airflow/models/baseoperator.py:437 AirflowProviderDeprecationWarning: `exists_ok` parameter is deprecated, please use `if_exists`
[2026-02-19T14:41:09.081+0000] {processor.py:840} INFO - DAG(s) 'ecommerce_etl_v2' retrieved from /opt/airflow/dags/etl_dag.py
[2026-02-19T14:41:09.104+0000] {logging_mixin.py:188} INFO - [2026-02-19T14:41:09.104+0000] {dag.py:3036} INFO - Sync 1 DAGs
[2026-02-19T14:41:09.116+0000] {logging_mixin.py:188} INFO - [2026-02-19T14:41:09.116+0000] {dag.py:3823} INFO - Setting next_dagrun for ecommerce_etl_v2 to 2026-02-19 13:00:00+00:00, run_after=2026-02-20 13:00:00+00:00
[2026-02-19T14:41:09.130+0000] {processor.py:183} INFO - Processing /opt/airflow/dags/etl_dag.py took 0.182 seconds
[2026-02-19T14:41:39.347+0000] {processor.py:161} INFO - Started process (PID=76355) to work on /opt/airflow/dags/etl_dag.py
[2026-02-19T14:41:39.348+0000] {processor.py:830} INFO - Processing file /opt/airflow/dags/etl_dag.py for tasks to queue
[2026-02-19T14:41:39.349+0000] {logging_mixin.py:188} INFO - [2026-02-19T14:41:39.349+0000] {dagbag.py:538} INFO - Filling up the DagBag from /opt/airflow/dags/etl_dag.py
[2026-02-19T14:41:39.403+0000] {logging_mixin.py:188} INFO - Warning: Your Kaggle API key is readable by other users on this system! To fix this, you can run 'chmod 600 /home/airflow/.kaggle/kaggle.json'
[2026-02-19T14:41:39.469+0000] {logging_mixin.py:188} WARNING - /home/airflow/.local/lib/python3.8/site-packages/airflow/models/baseoperator.py:437 AirflowProviderDeprecationWarning: `exists_ok` parameter is deprecated, please use `if_exists`
[2026-02-19T14:41:39.479+0000] {processor.py:840} INFO - DAG(s) 'ecommerce_etl_v2' retrieved from /opt/airflow/dags/etl_dag.py
[2026-02-19T14:41:39.501+0000] {logging_mixin.py:188} INFO - [2026-02-19T14:41:39.501+0000] {dag.py:3036} INFO - Sync 1 DAGs
[2026-02-19T14:41:39.516+0000] {logging_mixin.py:188} INFO - [2026-02-19T14:41:39.516+0000] {dag.py:3823} INFO - Setting next_dagrun for ecommerce_etl_v2 to 2026-02-19 13:00:00+00:00, run_after=2026-02-20 13:00:00+00:00
[2026-02-19T14:41:39.531+0000] {processor.py:183} INFO - Processing /opt/airflow/dags/etl_dag.py took 0.186 seconds
[2026-02-19T14:42:09.682+0000] {processor.py:161} INFO - Started process (PID=76386) to work on /opt/airflow/dags/etl_dag.py
[2026-02-19T14:42:09.683+0000] {processor.py:830} INFO - Processing file /opt/airflow/dags/etl_dag.py for tasks to queue
[2026-02-19T14:42:09.684+0000] {logging_mixin.py:188} INFO - [2026-02-19T14:42:09.683+0000] {dagbag.py:538} INFO - Filling up the DagBag from /opt/airflow/dags/etl_dag.py
[2026-02-19T14:42:09.735+0000] {logging_mixin.py:188} INFO - Warning: Your Kaggle API key is readable by other users on this system! To fix this, you can run 'chmod 600 /home/airflow/.kaggle/kaggle.json'
[2026-02-19T14:42:09.798+0000] {logging_mixin.py:188} WARNING - /home/airflow/.local/lib/python3.8/site-packages/airflow/models/baseoperator.py:437 AirflowProviderDeprecationWarning: `exists_ok` parameter is deprecated, please use `if_exists`
[2026-02-19T14:42:09.808+0000] {processor.py:840} INFO - DAG(s) 'ecommerce_etl_v2' retrieved from /opt/airflow/dags/etl_dag.py
[2026-02-19T14:42:09.830+0000] {logging_mixin.py:188} INFO - [2026-02-19T14:42:09.830+0000] {dag.py:3036} INFO - Sync 1 DAGs
[2026-02-19T14:42:09.843+0000] {logging_mixin.py:188} INFO - [2026-02-19T14:42:09.843+0000] {dag.py:3823} INFO - Setting next_dagrun for ecommerce_etl_v2 to 2026-02-19 13:00:00+00:00, run_after=2026-02-20 13:00:00+00:00
[2026-02-19T14:42:09.854+0000] {processor.py:183} INFO - Processing /opt/airflow/dags/etl_dag.py took 0.174 seconds
[2026-02-19T14:42:40.128+0000] {processor.py:161} INFO - Started process (PID=76417) to work on /opt/airflow/dags/etl_dag.py
[2026-02-19T14:42:40.129+0000] {processor.py:830} INFO - Processing file /opt/airflow/dags/etl_dag.py for tasks to queue
[2026-02-19T14:42:40.129+0000] {logging_mixin.py:188} INFO - [2026-02-19T14:42:40.129+0000] {dagbag.py:538} INFO - Filling up the DagBag from /opt/airflow/dags/etl_dag.py
[2026-02-19T14:42:40.180+0000] {logging_mixin.py:188} INFO - Warning: Your Kaggle API key is readable by other users on this system! To fix this, you can run 'chmod 600 /home/airflow/.kaggle/kaggle.json'
[2026-02-19T14:42:40.247+0000] {logging_mixin.py:188} WARNING - /home/airflow/.local/lib/python3.8/site-packages/airflow/models/baseoperator.py:437 AirflowProviderDeprecationWarning: `exists_ok` parameter is deprecated, please use `if_exists`
[2026-02-19T14:42:40.258+0000] {processor.py:840} INFO - DAG(s) 'ecommerce_etl_v2' retrieved from /opt/airflow/dags/etl_dag.py
[2026-02-19T14:42:40.284+0000] {logging_mixin.py:188} INFO - [2026-02-19T14:42:40.283+0000] {dag.py:3036} INFO - Sync 1 DAGs
[2026-02-19T14:42:40.296+0000] {logging_mixin.py:188} INFO - [2026-02-19T14:42:40.296+0000] {dag.py:3823} INFO - Setting next_dagrun for ecommerce_etl_v2 to 2026-02-19 13:00:00+00:00, run_after=2026-02-20 13:00:00+00:00
[2026-02-19T14:42:40.307+0000] {processor.py:183} INFO - Processing /opt/airflow/dags/etl_dag.py took 0.182 seconds
[2026-02-19T14:43:10.472+0000] {processor.py:161} INFO - Started process (PID=76448) to work on /opt/airflow/dags/etl_dag.py
[2026-02-19T14:43:10.473+0000] {processor.py:830} INFO - Processing file /opt/airflow/dags/etl_dag.py for tasks to queue
[2026-02-19T14:43:10.474+0000] {logging_mixin.py:188} INFO - [2026-02-19T14:43:10.474+0000] {dagbag.py:538} INFO - Filling up the DagBag from /opt/airflow/dags/etl_dag.py
[2026-02-19T14:43:10.527+0000] {logging_mixin.py:188} INFO - Warning: Your Kaggle API key is readable by other users on this system! To fix this, you can run 'chmod 600 /home/airflow/.kaggle/kaggle.json'
[2026-02-19T14:43:10.592+0000] {logging_mixin.py:188} WARNING - /home/airflow/.local/lib/python3.8/site-packages/airflow/models/baseoperator.py:437 AirflowProviderDeprecationWarning: `exists_ok` parameter is deprecated, please use `if_exists`
[2026-02-19T14:43:10.604+0000] {processor.py:840} INFO - DAG(s) 'ecommerce_etl_v2' retrieved from /opt/airflow/dags/etl_dag.py
[2026-02-19T14:43:10.627+0000] {logging_mixin.py:188} INFO - [2026-02-19T14:43:10.626+0000] {dag.py:3036} INFO - Sync 1 DAGs
[2026-02-19T14:43:10.640+0000] {logging_mixin.py:188} INFO - [2026-02-19T14:43:10.640+0000] {dag.py:3823} INFO - Setting next_dagrun for ecommerce_etl_v2 to 2026-02-19 13:00:00+00:00, run_after=2026-02-20 13:00:00+00:00
[2026-02-19T14:43:10.651+0000] {processor.py:183} INFO - Processing /opt/airflow/dags/etl_dag.py took 0.182 seconds
[2026-02-19T14:43:40.937+0000] {processor.py:161} INFO - Started process (PID=76479) to work on /opt/airflow/dags/etl_dag.py
[2026-02-19T14:43:40.938+0000] {processor.py:830} INFO - Processing file /opt/airflow/dags/etl_dag.py for tasks to queue
[2026-02-19T14:43:40.939+0000] {logging_mixin.py:188} INFO - [2026-02-19T14:43:40.939+0000] {dagbag.py:538} INFO - Filling up the DagBag from /opt/airflow/dags/etl_dag.py
[2026-02-19T14:43:40.991+0000] {logging_mixin.py:188} INFO - Warning: Your Kaggle API key is readable by other users on this system! To fix this, you can run 'chmod 600 /home/airflow/.kaggle/kaggle.json'
[2026-02-19T14:43:41.055+0000] {logging_mixin.py:188} WARNING - /home/airflow/.local/lib/python3.8/site-packages/airflow/models/baseoperator.py:437 AirflowProviderDeprecationWarning: `exists_ok` parameter is deprecated, please use `if_exists`
[2026-02-19T14:43:41.067+0000] {processor.py:840} INFO - DAG(s) 'ecommerce_etl_v2' retrieved from /opt/airflow/dags/etl_dag.py
[2026-02-19T14:43:41.089+0000] {logging_mixin.py:188} INFO - [2026-02-19T14:43:41.089+0000] {dag.py:3036} INFO - Sync 1 DAGs
[2026-02-19T14:43:41.103+0000] {logging_mixin.py:188} INFO - [2026-02-19T14:43:41.102+0000] {dag.py:3823} INFO - Setting next_dagrun for ecommerce_etl_v2 to 2026-02-19 13:00:00+00:00, run_after=2026-02-20 13:00:00+00:00
[2026-02-19T14:43:41.115+0000] {processor.py:183} INFO - Processing /opt/airflow/dags/etl_dag.py took 0.181 seconds
[2026-02-19T14:44:11.315+0000] {processor.py:161} INFO - Started process (PID=76510) to work on /opt/airflow/dags/etl_dag.py
[2026-02-19T14:44:11.316+0000] {processor.py:830} INFO - Processing file /opt/airflow/dags/etl_dag.py for tasks to queue
[2026-02-19T14:44:11.318+0000] {logging_mixin.py:188} INFO - [2026-02-19T14:44:11.317+0000] {dagbag.py:538} INFO - Filling up the DagBag from /opt/airflow/dags/etl_dag.py
[2026-02-19T14:44:11.372+0000] {logging_mixin.py:188} INFO - Warning: Your Kaggle API key is readable by other users on this system! To fix this, you can run 'chmod 600 /home/airflow/.kaggle/kaggle.json'
[2026-02-19T14:44:11.436+0000] {logging_mixin.py:188} WARNING - /home/airflow/.local/lib/python3.8/site-packages/airflow/models/baseoperator.py:437 AirflowProviderDeprecationWarning: `exists_ok` parameter is deprecated, please use `if_exists`
[2026-02-19T14:44:11.450+0000] {processor.py:840} INFO - DAG(s) 'ecommerce_etl_v2' retrieved from /opt/airflow/dags/etl_dag.py
[2026-02-19T14:44:11.472+0000] {logging_mixin.py:188} INFO - [2026-02-19T14:44:11.472+0000] {dag.py:3036} INFO - Sync 1 DAGs
[2026-02-19T14:44:11.485+0000] {logging_mixin.py:188} INFO - [2026-02-19T14:44:11.485+0000] {dag.py:3823} INFO - Setting next_dagrun for ecommerce_etl_v2 to 2026-02-19 13:00:00+00:00, run_after=2026-02-20 13:00:00+00:00
[2026-02-19T14:44:11.496+0000] {processor.py:183} INFO - Processing /opt/airflow/dags/etl_dag.py took 0.184 seconds
[2026-02-19T14:44:41.790+0000] {processor.py:161} INFO - Started process (PID=76541) to work on /opt/airflow/dags/etl_dag.py
[2026-02-19T14:44:41.791+0000] {processor.py:830} INFO - Processing file /opt/airflow/dags/etl_dag.py for tasks to queue
[2026-02-19T14:44:41.792+0000] {logging_mixin.py:188} INFO - [2026-02-19T14:44:41.791+0000] {dagbag.py:538} INFO - Filling up the DagBag from /opt/airflow/dags/etl_dag.py
[2026-02-19T14:44:41.844+0000] {logging_mixin.py:188} INFO - Warning: Your Kaggle API key is readable by other users on this system! To fix this, you can run 'chmod 600 /home/airflow/.kaggle/kaggle.json'
[2026-02-19T14:44:41.910+0000] {logging_mixin.py:188} WARNING - /home/airflow/.local/lib/python3.8/site-packages/airflow/models/baseoperator.py:437 AirflowProviderDeprecationWarning: `exists_ok` parameter is deprecated, please use `if_exists`
[2026-02-19T14:44:41.921+0000] {processor.py:840} INFO - DAG(s) 'ecommerce_etl_v2' retrieved from /opt/airflow/dags/etl_dag.py
[2026-02-19T14:44:41.943+0000] {logging_mixin.py:188} INFO - [2026-02-19T14:44:41.943+0000] {dag.py:3036} INFO - Sync 1 DAGs
[2026-02-19T14:44:41.955+0000] {logging_mixin.py:188} INFO - [2026-02-19T14:44:41.955+0000] {dag.py:3823} INFO - Setting next_dagrun for ecommerce_etl_v2 to 2026-02-19 13:00:00+00:00, run_after=2026-02-20 13:00:00+00:00
[2026-02-19T14:44:41.966+0000] {processor.py:183} INFO - Processing /opt/airflow/dags/etl_dag.py took 0.179 seconds
[2026-02-19T14:45:12.186+0000] {processor.py:161} INFO - Started process (PID=76572) to work on /opt/airflow/dags/etl_dag.py
[2026-02-19T14:45:12.187+0000] {processor.py:830} INFO - Processing file /opt/airflow/dags/etl_dag.py for tasks to queue
[2026-02-19T14:45:12.188+0000] {logging_mixin.py:188} INFO - [2026-02-19T14:45:12.188+0000] {dagbag.py:538} INFO - Filling up the DagBag from /opt/airflow/dags/etl_dag.py
[2026-02-19T14:45:12.236+0000] {logging_mixin.py:188} INFO - Warning: Your Kaggle API key is readable by other users on this system! To fix this, you can run 'chmod 600 /home/airflow/.kaggle/kaggle.json'
[2026-02-19T14:45:12.305+0000] {logging_mixin.py:188} WARNING - /home/airflow/.local/lib/python3.8/site-packages/airflow/models/baseoperator.py:437 AirflowProviderDeprecationWarning: `exists_ok` parameter is deprecated, please use `if_exists`
[2026-02-19T14:45:12.316+0000] {processor.py:840} INFO - DAG(s) 'ecommerce_etl_v2' retrieved from /opt/airflow/dags/etl_dag.py
[2026-02-19T14:45:12.337+0000] {logging_mixin.py:188} INFO - [2026-02-19T14:45:12.337+0000] {dag.py:3036} INFO - Sync 1 DAGs
[2026-02-19T14:45:12.351+0000] {logging_mixin.py:188} INFO - [2026-02-19T14:45:12.351+0000] {dag.py:3823} INFO - Setting next_dagrun for ecommerce_etl_v2 to 2026-02-19 13:00:00+00:00, run_after=2026-02-20 13:00:00+00:00
[2026-02-19T14:45:12.363+0000] {processor.py:183} INFO - Processing /opt/airflow/dags/etl_dag.py took 0.180 seconds
[2026-02-19T14:45:42.580+0000] {processor.py:161} INFO - Started process (PID=76603) to work on /opt/airflow/dags/etl_dag.py
[2026-02-19T14:45:42.581+0000] {processor.py:830} INFO - Processing file /opt/airflow/dags/etl_dag.py for tasks to queue
[2026-02-19T14:45:42.582+0000] {logging_mixin.py:188} INFO - [2026-02-19T14:45:42.582+0000] {dagbag.py:538} INFO - Filling up the DagBag from /opt/airflow/dags/etl_dag.py
[2026-02-19T14:45:42.629+0000] {logging_mixin.py:188} INFO - Warning: Your Kaggle API key is readable by other users on this system! To fix this, you can run 'chmod 600 /home/airflow/.kaggle/kaggle.json'
[2026-02-19T14:45:42.695+0000] {logging_mixin.py:188} WARNING - /home/airflow/.local/lib/python3.8/site-packages/airflow/models/baseoperator.py:437 AirflowProviderDeprecationWarning: `exists_ok` parameter is deprecated, please use `if_exists`
[2026-02-19T14:45:42.708+0000] {processor.py:840} INFO - DAG(s) 'ecommerce_etl_v2' retrieved from /opt/airflow/dags/etl_dag.py
[2026-02-19T14:45:42.729+0000] {logging_mixin.py:188} INFO - [2026-02-19T14:45:42.729+0000] {dag.py:3036} INFO - Sync 1 DAGs
[2026-02-19T14:45:42.742+0000] {logging_mixin.py:188} INFO - [2026-02-19T14:45:42.742+0000] {dag.py:3823} INFO - Setting next_dagrun for ecommerce_etl_v2 to 2026-02-19 13:00:00+00:00, run_after=2026-02-20 13:00:00+00:00
[2026-02-19T14:45:42.753+0000] {processor.py:183} INFO - Processing /opt/airflow/dags/etl_dag.py took 0.175 seconds
[2026-02-19T14:46:12.950+0000] {processor.py:161} INFO - Started process (PID=76634) to work on /opt/airflow/dags/etl_dag.py
[2026-02-19T14:46:12.951+0000] {processor.py:830} INFO - Processing file /opt/airflow/dags/etl_dag.py for tasks to queue
[2026-02-19T14:46:12.951+0000] {logging_mixin.py:188} INFO - [2026-02-19T14:46:12.951+0000] {dagbag.py:538} INFO - Filling up the DagBag from /opt/airflow/dags/etl_dag.py
[2026-02-19T14:46:13.003+0000] {logging_mixin.py:188} INFO - Warning: Your Kaggle API key is readable by other users on this system! To fix this, you can run 'chmod 600 /home/airflow/.kaggle/kaggle.json'
[2026-02-19T14:46:13.068+0000] {logging_mixin.py:188} WARNING - /home/airflow/.local/lib/python3.8/site-packages/airflow/models/baseoperator.py:437 AirflowProviderDeprecationWarning: `exists_ok` parameter is deprecated, please use `if_exists`
[2026-02-19T14:46:13.079+0000] {processor.py:840} INFO - DAG(s) 'ecommerce_etl_v2' retrieved from /opt/airflow/dags/etl_dag.py
[2026-02-19T14:46:13.102+0000] {logging_mixin.py:188} INFO - [2026-02-19T14:46:13.102+0000] {dag.py:3036} INFO - Sync 1 DAGs
[2026-02-19T14:46:13.115+0000] {logging_mixin.py:188} INFO - [2026-02-19T14:46:13.115+0000] {dag.py:3823} INFO - Setting next_dagrun for ecommerce_etl_v2 to 2026-02-19 13:00:00+00:00, run_after=2026-02-20 13:00:00+00:00
[2026-02-19T14:46:13.127+0000] {processor.py:183} INFO - Processing /opt/airflow/dags/etl_dag.py took 0.180 seconds
[2026-02-19T14:46:43.339+0000] {processor.py:161} INFO - Started process (PID=76665) to work on /opt/airflow/dags/etl_dag.py
[2026-02-19T14:46:43.340+0000] {processor.py:830} INFO - Processing file /opt/airflow/dags/etl_dag.py for tasks to queue
[2026-02-19T14:46:43.341+0000] {logging_mixin.py:188} INFO - [2026-02-19T14:46:43.341+0000] {dagbag.py:538} INFO - Filling up the DagBag from /opt/airflow/dags/etl_dag.py
[2026-02-19T14:46:43.393+0000] {logging_mixin.py:188} INFO - Warning: Your Kaggle API key is readable by other users on this system! To fix this, you can run 'chmod 600 /home/airflow/.kaggle/kaggle.json'
[2026-02-19T14:46:43.459+0000] {logging_mixin.py:188} WARNING - /home/airflow/.local/lib/python3.8/site-packages/airflow/models/baseoperator.py:437 AirflowProviderDeprecationWarning: `exists_ok` parameter is deprecated, please use `if_exists`
[2026-02-19T14:46:43.471+0000] {processor.py:840} INFO - DAG(s) 'ecommerce_etl_v2' retrieved from /opt/airflow/dags/etl_dag.py
[2026-02-19T14:46:43.493+0000] {logging_mixin.py:188} INFO - [2026-02-19T14:46:43.493+0000] {dag.py:3036} INFO - Sync 1 DAGs
[2026-02-19T14:46:43.506+0000] {logging_mixin.py:188} INFO - [2026-02-19T14:46:43.506+0000] {dag.py:3823} INFO - Setting next_dagrun for ecommerce_etl_v2 to 2026-02-19 13:00:00+00:00, run_after=2026-02-20 13:00:00+00:00
[2026-02-19T14:46:43.518+0000] {processor.py:183} INFO - Processing /opt/airflow/dags/etl_dag.py took 0.182 seconds
[2026-02-19T14:47:13.705+0000] {processor.py:161} INFO - Started process (PID=76696) to work on /opt/airflow/dags/etl_dag.py
[2026-02-19T14:47:13.706+0000] {processor.py:830} INFO - Processing file /opt/airflow/dags/etl_dag.py for tasks to queue
[2026-02-19T14:47:13.707+0000] {logging_mixin.py:188} INFO - [2026-02-19T14:47:13.707+0000] {dagbag.py:538} INFO - Filling up the DagBag from /opt/airflow/dags/etl_dag.py
[2026-02-19T14:47:13.763+0000] {logging_mixin.py:188} INFO - Warning: Your Kaggle API key is readable by other users on this system! To fix this, you can run 'chmod 600 /home/airflow/.kaggle/kaggle.json'
[2026-02-19T14:47:13.826+0000] {logging_mixin.py:188} WARNING - /home/airflow/.local/lib/python3.8/site-packages/airflow/models/baseoperator.py:437 AirflowProviderDeprecationWarning: `exists_ok` parameter is deprecated, please use `if_exists`
[2026-02-19T14:47:13.836+0000] {processor.py:840} INFO - DAG(s) 'ecommerce_etl_v2' retrieved from /opt/airflow/dags/etl_dag.py
[2026-02-19T14:47:13.857+0000] {logging_mixin.py:188} INFO - [2026-02-19T14:47:13.857+0000] {dag.py:3036} INFO - Sync 1 DAGs
[2026-02-19T14:47:13.871+0000] {logging_mixin.py:188} INFO - [2026-02-19T14:47:13.871+0000] {dag.py:3823} INFO - Setting next_dagrun for ecommerce_etl_v2 to 2026-02-19 13:00:00+00:00, run_after=2026-02-20 13:00:00+00:00
[2026-02-19T14:47:13.883+0000] {processor.py:183} INFO - Processing /opt/airflow/dags/etl_dag.py took 0.181 seconds
[2026-02-19T14:47:44.046+0000] {processor.py:161} INFO - Started process (PID=76727) to work on /opt/airflow/dags/etl_dag.py
[2026-02-19T14:47:44.047+0000] {processor.py:830} INFO - Processing file /opt/airflow/dags/etl_dag.py for tasks to queue
[2026-02-19T14:47:44.048+0000] {logging_mixin.py:188} INFO - [2026-02-19T14:47:44.048+0000] {dagbag.py:538} INFO - Filling up the DagBag from /opt/airflow/dags/etl_dag.py
[2026-02-19T14:47:44.099+0000] {logging_mixin.py:188} INFO - Warning: Your Kaggle API key is readable by other users on this system! To fix this, you can run 'chmod 600 /home/airflow/.kaggle/kaggle.json'
[2026-02-19T14:47:44.163+0000] {logging_mixin.py:188} WARNING - /home/airflow/.local/lib/python3.8/site-packages/airflow/models/baseoperator.py:437 AirflowProviderDeprecationWarning: `exists_ok` parameter is deprecated, please use `if_exists`
[2026-02-19T14:47:44.173+0000] {processor.py:840} INFO - DAG(s) 'ecommerce_etl_v2' retrieved from /opt/airflow/dags/etl_dag.py
[2026-02-19T14:47:44.194+0000] {logging_mixin.py:188} INFO - [2026-02-19T14:47:44.194+0000] {dag.py:3036} INFO - Sync 1 DAGs
[2026-02-19T14:47:44.207+0000] {logging_mixin.py:188} INFO - [2026-02-19T14:47:44.207+0000] {dag.py:3823} INFO - Setting next_dagrun for ecommerce_etl_v2 to 2026-02-19 13:00:00+00:00, run_after=2026-02-20 13:00:00+00:00
[2026-02-19T14:47:44.219+0000] {processor.py:183} INFO - Processing /opt/airflow/dags/etl_dag.py took 0.175 seconds
[2026-02-19T14:48:14.426+0000] {processor.py:161} INFO - Started process (PID=76758) to work on /opt/airflow/dags/etl_dag.py
[2026-02-19T14:48:14.427+0000] {processor.py:830} INFO - Processing file /opt/airflow/dags/etl_dag.py for tasks to queue
[2026-02-19T14:48:14.428+0000] {logging_mixin.py:188} INFO - [2026-02-19T14:48:14.428+0000] {dagbag.py:538} INFO - Filling up the DagBag from /opt/airflow/dags/etl_dag.py
[2026-02-19T14:48:14.478+0000] {logging_mixin.py:188} INFO - Warning: Your Kaggle API key is readable by other users on this system! To fix this, you can run 'chmod 600 /home/airflow/.kaggle/kaggle.json'
[2026-02-19T14:48:14.544+0000] {logging_mixin.py:188} WARNING - /home/airflow/.local/lib/python3.8/site-packages/airflow/models/baseoperator.py:437 AirflowProviderDeprecationWarning: `exists_ok` parameter is deprecated, please use `if_exists`
[2026-02-19T14:48:14.556+0000] {processor.py:840} INFO - DAG(s) 'ecommerce_etl_v2' retrieved from /opt/airflow/dags/etl_dag.py
[2026-02-19T14:48:14.579+0000] {logging_mixin.py:188} INFO - [2026-02-19T14:48:14.579+0000] {dag.py:3036} INFO - Sync 1 DAGs
[2026-02-19T14:48:14.594+0000] {logging_mixin.py:188} INFO - [2026-02-19T14:48:14.593+0000] {dag.py:3823} INFO - Setting next_dagrun for ecommerce_etl_v2 to 2026-02-19 13:00:00+00:00, run_after=2026-02-20 13:00:00+00:00
[2026-02-19T14:48:14.606+0000] {processor.py:183} INFO - Processing /opt/airflow/dags/etl_dag.py took 0.183 seconds
[2026-02-19T14:48:44.838+0000] {processor.py:161} INFO - Started process (PID=76789) to work on /opt/airflow/dags/etl_dag.py
[2026-02-19T14:48:44.839+0000] {processor.py:830} INFO - Processing file /opt/airflow/dags/etl_dag.py for tasks to queue
[2026-02-19T14:48:44.840+0000] {logging_mixin.py:188} INFO - [2026-02-19T14:48:44.839+0000] {dagbag.py:538} INFO - Filling up the DagBag from /opt/airflow/dags/etl_dag.py
[2026-02-19T14:48:44.893+0000] {logging_mixin.py:188} INFO - Warning: Your Kaggle API key is readable by other users on this system! To fix this, you can run 'chmod 600 /home/airflow/.kaggle/kaggle.json'
[2026-02-19T14:48:44.957+0000] {logging_mixin.py:188} WARNING - /home/airflow/.local/lib/python3.8/site-packages/airflow/models/baseoperator.py:437 AirflowProviderDeprecationWarning: `exists_ok` parameter is deprecated, please use `if_exists`
[2026-02-19T14:48:44.969+0000] {processor.py:840} INFO - DAG(s) 'ecommerce_etl_v2' retrieved from /opt/airflow/dags/etl_dag.py
[2026-02-19T14:48:44.990+0000] {logging_mixin.py:188} INFO - [2026-02-19T14:48:44.990+0000] {dag.py:3036} INFO - Sync 1 DAGs
[2026-02-19T14:48:45.004+0000] {logging_mixin.py:188} INFO - [2026-02-19T14:48:45.004+0000] {dag.py:3823} INFO - Setting next_dagrun for ecommerce_etl_v2 to 2026-02-19 13:00:00+00:00, run_after=2026-02-20 13:00:00+00:00
[2026-02-19T14:48:45.015+0000] {processor.py:183} INFO - Processing /opt/airflow/dags/etl_dag.py took 0.180 seconds
[2026-02-19T14:49:15.171+0000] {processor.py:161} INFO - Started process (PID=76820) to work on /opt/airflow/dags/etl_dag.py
[2026-02-19T14:49:15.172+0000] {processor.py:830} INFO - Processing file /opt/airflow/dags/etl_dag.py for tasks to queue
[2026-02-19T14:49:15.173+0000] {logging_mixin.py:188} INFO - [2026-02-19T14:49:15.173+0000] {dagbag.py:538} INFO - Filling up the DagBag from /opt/airflow/dags/etl_dag.py
[2026-02-19T14:49:15.226+0000] {logging_mixin.py:188} INFO - Warning: Your Kaggle API key is readable by other users on this system! To fix this, you can run 'chmod 600 /home/airflow/.kaggle/kaggle.json'
[2026-02-19T14:49:15.290+0000] {logging_mixin.py:188} WARNING - /home/airflow/.local/lib/python3.8/site-packages/airflow/models/baseoperator.py:437 AirflowProviderDeprecationWarning: `exists_ok` parameter is deprecated, please use `if_exists`
[2026-02-19T14:49:15.302+0000] {processor.py:840} INFO - DAG(s) 'ecommerce_etl_v2' retrieved from /opt/airflow/dags/etl_dag.py
[2026-02-19T14:49:15.325+0000] {logging_mixin.py:188} INFO - [2026-02-19T14:49:15.325+0000] {dag.py:3036} INFO - Sync 1 DAGs
[2026-02-19T14:49:15.337+0000] {logging_mixin.py:188} INFO - [2026-02-19T14:49:15.337+0000] {dag.py:3823} INFO - Setting next_dagrun for ecommerce_etl_v2 to 2026-02-19 13:00:00+00:00, run_after=2026-02-20 13:00:00+00:00
[2026-02-19T14:49:15.349+0000] {processor.py:183} INFO - Processing /opt/airflow/dags/etl_dag.py took 0.181 seconds
[2026-02-19T14:49:45.578+0000] {processor.py:161} INFO - Started process (PID=76851) to work on /opt/airflow/dags/etl_dag.py
[2026-02-19T14:49:45.579+0000] {processor.py:830} INFO - Processing file /opt/airflow/dags/etl_dag.py for tasks to queue
[2026-02-19T14:49:45.580+0000] {logging_mixin.py:188} INFO - [2026-02-19T14:49:45.580+0000] {dagbag.py:538} INFO - Filling up the DagBag from /opt/airflow/dags/etl_dag.py
[2026-02-19T14:49:45.631+0000] {logging_mixin.py:188} INFO - Warning: Your Kaggle API key is readable by other users on this system! To fix this, you can run 'chmod 600 /home/airflow/.kaggle/kaggle.json'
[2026-02-19T14:49:45.695+0000] {logging_mixin.py:188} WARNING - /home/airflow/.local/lib/python3.8/site-packages/airflow/models/baseoperator.py:437 AirflowProviderDeprecationWarning: `exists_ok` parameter is deprecated, please use `if_exists`
[2026-02-19T14:49:45.707+0000] {processor.py:840} INFO - DAG(s) 'ecommerce_etl_v2' retrieved from /opt/airflow/dags/etl_dag.py
[2026-02-19T14:49:45.729+0000] {logging_mixin.py:188} INFO - [2026-02-19T14:49:45.729+0000] {dag.py:3036} INFO - Sync 1 DAGs
[2026-02-19T14:49:45.742+0000] {logging_mixin.py:188} INFO - [2026-02-19T14:49:45.741+0000] {dag.py:3823} INFO - Setting next_dagrun for ecommerce_etl_v2 to 2026-02-19 13:00:00+00:00, run_after=2026-02-20 13:00:00+00:00
[2026-02-19T14:49:45.754+0000] {processor.py:183} INFO - Processing /opt/airflow/dags/etl_dag.py took 0.179 seconds
[2026-02-19T14:50:15.911+0000] {processor.py:161} INFO - Started process (PID=76882) to work on /opt/airflow/dags/etl_dag.py
[2026-02-19T14:50:15.912+0000] {processor.py:830} INFO - Processing file /opt/airflow/dags/etl_dag.py for tasks to queue
[2026-02-19T14:50:15.913+0000] {logging_mixin.py:188} INFO - [2026-02-19T14:50:15.913+0000] {dagbag.py:538} INFO - Filling up the DagBag from /opt/airflow/dags/etl_dag.py
[2026-02-19T14:50:15.964+0000] {logging_mixin.py:188} INFO - Warning: Your Kaggle API key is readable by other users on this system! To fix this, you can run 'chmod 600 /home/airflow/.kaggle/kaggle.json'
[2026-02-19T14:50:16.030+0000] {logging_mixin.py:188} WARNING - /home/airflow/.local/lib/python3.8/site-packages/airflow/models/baseoperator.py:437 AirflowProviderDeprecationWarning: `exists_ok` parameter is deprecated, please use `if_exists`
[2026-02-19T14:50:16.041+0000] {processor.py:840} INFO - DAG(s) 'ecommerce_etl_v2' retrieved from /opt/airflow/dags/etl_dag.py
[2026-02-19T14:50:16.063+0000] {logging_mixin.py:188} INFO - [2026-02-19T14:50:16.062+0000] {dag.py:3036} INFO - Sync 1 DAGs
[2026-02-19T14:50:16.076+0000] {logging_mixin.py:188} INFO - [2026-02-19T14:50:16.076+0000] {dag.py:3823} INFO - Setting next_dagrun for ecommerce_etl_v2 to 2026-02-19 13:00:00+00:00, run_after=2026-02-20 13:00:00+00:00
[2026-02-19T14:50:16.087+0000] {processor.py:183} INFO - Processing /opt/airflow/dags/etl_dag.py took 0.179 seconds
[2026-02-19T14:50:46.392+0000] {processor.py:161} INFO - Started process (PID=76913) to work on /opt/airflow/dags/etl_dag.py
[2026-02-19T14:50:46.392+0000] {processor.py:830} INFO - Processing file /opt/airflow/dags/etl_dag.py for tasks to queue
[2026-02-19T14:50:46.393+0000] {logging_mixin.py:188} INFO - [2026-02-19T14:50:46.393+0000] {dagbag.py:538} INFO - Filling up the DagBag from /opt/airflow/dags/etl_dag.py
[2026-02-19T14:50:46.444+0000] {logging_mixin.py:188} INFO - Warning: Your Kaggle API key is readable by other users on this system! To fix this, you can run 'chmod 600 /home/airflow/.kaggle/kaggle.json'
[2026-02-19T14:50:46.508+0000] {logging_mixin.py:188} WARNING - /home/airflow/.local/lib/python3.8/site-packages/airflow/models/baseoperator.py:437 AirflowProviderDeprecationWarning: `exists_ok` parameter is deprecated, please use `if_exists`
[2026-02-19T14:50:46.519+0000] {processor.py:840} INFO - DAG(s) 'ecommerce_etl_v2' retrieved from /opt/airflow/dags/etl_dag.py
[2026-02-19T14:50:46.541+0000] {logging_mixin.py:188} INFO - [2026-02-19T14:50:46.540+0000] {dag.py:3036} INFO - Sync 1 DAGs
[2026-02-19T14:50:46.553+0000] {logging_mixin.py:188} INFO - [2026-02-19T14:50:46.553+0000] {dag.py:3823} INFO - Setting next_dagrun for ecommerce_etl_v2 to 2026-02-19 13:00:00+00:00, run_after=2026-02-20 13:00:00+00:00
[2026-02-19T14:50:46.564+0000] {processor.py:183} INFO - Processing /opt/airflow/dags/etl_dag.py took 0.175 seconds
[2026-02-19T14:51:16.661+0000] {processor.py:161} INFO - Started process (PID=76944) to work on /opt/airflow/dags/etl_dag.py
[2026-02-19T14:51:16.662+0000] {processor.py:830} INFO - Processing file /opt/airflow/dags/etl_dag.py for tasks to queue
[2026-02-19T14:51:16.663+0000] {logging_mixin.py:188} INFO - [2026-02-19T14:51:16.662+0000] {dagbag.py:538} INFO - Filling up the DagBag from /opt/airflow/dags/etl_dag.py
[2026-02-19T14:51:16.714+0000] {logging_mixin.py:188} INFO - Warning: Your Kaggle API key is readable by other users on this system! To fix this, you can run 'chmod 600 /home/airflow/.kaggle/kaggle.json'
[2026-02-19T14:51:16.780+0000] {logging_mixin.py:188} WARNING - /home/airflow/.local/lib/python3.8/site-packages/airflow/models/baseoperator.py:437 AirflowProviderDeprecationWarning: `exists_ok` parameter is deprecated, please use `if_exists`
[2026-02-19T14:51:16.791+0000] {processor.py:840} INFO - DAG(s) 'ecommerce_etl_v2' retrieved from /opt/airflow/dags/etl_dag.py
[2026-02-19T14:51:16.815+0000] {logging_mixin.py:188} INFO - [2026-02-19T14:51:16.815+0000] {dag.py:3036} INFO - Sync 1 DAGs
[2026-02-19T14:51:16.830+0000] {logging_mixin.py:188} INFO - [2026-02-19T14:51:16.829+0000] {dag.py:3823} INFO - Setting next_dagrun for ecommerce_etl_v2 to 2026-02-19 13:00:00+00:00, run_after=2026-02-20 13:00:00+00:00
[2026-02-19T14:51:16.841+0000] {processor.py:183} INFO - Processing /opt/airflow/dags/etl_dag.py took 0.183 seconds
[2026-02-19T14:51:46.968+0000] {processor.py:161} INFO - Started process (PID=76975) to work on /opt/airflow/dags/etl_dag.py
[2026-02-19T14:51:46.969+0000] {processor.py:830} INFO - Processing file /opt/airflow/dags/etl_dag.py for tasks to queue
[2026-02-19T14:51:46.970+0000] {logging_mixin.py:188} INFO - [2026-02-19T14:51:46.970+0000] {dagbag.py:538} INFO - Filling up the DagBag from /opt/airflow/dags/etl_dag.py
[2026-02-19T14:51:47.021+0000] {logging_mixin.py:188} INFO - Warning: Your Kaggle API key is readable by other users on this system! To fix this, you can run 'chmod 600 /home/airflow/.kaggle/kaggle.json'
[2026-02-19T14:51:47.085+0000] {logging_mixin.py:188} WARNING - /home/airflow/.local/lib/python3.8/site-packages/airflow/models/baseoperator.py:437 AirflowProviderDeprecationWarning: `exists_ok` parameter is deprecated, please use `if_exists`
[2026-02-19T14:51:47.095+0000] {processor.py:840} INFO - DAG(s) 'ecommerce_etl_v2' retrieved from /opt/airflow/dags/etl_dag.py
[2026-02-19T14:51:47.118+0000] {logging_mixin.py:188} INFO - [2026-02-19T14:51:47.118+0000] {dag.py:3036} INFO - Sync 1 DAGs
[2026-02-19T14:51:47.131+0000] {logging_mixin.py:188} INFO - [2026-02-19T14:51:47.131+0000] {dag.py:3823} INFO - Setting next_dagrun for ecommerce_etl_v2 to 2026-02-19 13:00:00+00:00, run_after=2026-02-20 13:00:00+00:00
[2026-02-19T14:51:47.142+0000] {processor.py:183} INFO - Processing /opt/airflow/dags/etl_dag.py took 0.177 seconds
[2026-02-19T14:52:17.481+0000] {processor.py:161} INFO - Started process (PID=77006) to work on /opt/airflow/dags/etl_dag.py
[2026-02-19T14:52:17.482+0000] {processor.py:830} INFO - Processing file /opt/airflow/dags/etl_dag.py for tasks to queue
[2026-02-19T14:52:17.483+0000] {logging_mixin.py:188} INFO - [2026-02-19T14:52:17.483+0000] {dagbag.py:538} INFO - Filling up the DagBag from /opt/airflow/dags/etl_dag.py
[2026-02-19T14:52:17.532+0000] {logging_mixin.py:188} INFO - Warning: Your Kaggle API key is readable by other users on this system! To fix this, you can run 'chmod 600 /home/airflow/.kaggle/kaggle.json'
[2026-02-19T14:52:17.598+0000] {logging_mixin.py:188} WARNING - /home/airflow/.local/lib/python3.8/site-packages/airflow/models/baseoperator.py:437 AirflowProviderDeprecationWarning: `exists_ok` parameter is deprecated, please use `if_exists`
[2026-02-19T14:52:17.609+0000] {processor.py:840} INFO - DAG(s) 'ecommerce_etl_v2' retrieved from /opt/airflow/dags/etl_dag.py
[2026-02-19T14:52:17.630+0000] {logging_mixin.py:188} INFO - [2026-02-19T14:52:17.630+0000] {dag.py:3036} INFO - Sync 1 DAGs
[2026-02-19T14:52:17.644+0000] {logging_mixin.py:188} INFO - [2026-02-19T14:52:17.643+0000] {dag.py:3823} INFO - Setting next_dagrun for ecommerce_etl_v2 to 2026-02-19 13:00:00+00:00, run_after=2026-02-20 13:00:00+00:00
[2026-02-19T14:52:17.655+0000] {processor.py:183} INFO - Processing /opt/airflow/dags/etl_dag.py took 0.176 seconds
[2026-02-19T14:52:47.829+0000] {processor.py:161} INFO - Started process (PID=77037) to work on /opt/airflow/dags/etl_dag.py
[2026-02-19T14:52:47.830+0000] {processor.py:830} INFO - Processing file /opt/airflow/dags/etl_dag.py for tasks to queue
[2026-02-19T14:52:47.830+0000] {logging_mixin.py:188} INFO - [2026-02-19T14:52:47.830+0000] {dagbag.py:538} INFO - Filling up the DagBag from /opt/airflow/dags/etl_dag.py
[2026-02-19T14:52:47.882+0000] {logging_mixin.py:188} INFO - Warning: Your Kaggle API key is readable by other users on this system! To fix this, you can run 'chmod 600 /home/airflow/.kaggle/kaggle.json'
[2026-02-19T14:52:47.945+0000] {logging_mixin.py:188} WARNING - /home/airflow/.local/lib/python3.8/site-packages/airflow/models/baseoperator.py:437 AirflowProviderDeprecationWarning: `exists_ok` parameter is deprecated, please use `if_exists`
[2026-02-19T14:52:47.955+0000] {processor.py:840} INFO - DAG(s) 'ecommerce_etl_v2' retrieved from /opt/airflow/dags/etl_dag.py
[2026-02-19T14:52:47.979+0000] {logging_mixin.py:188} INFO - [2026-02-19T14:52:47.978+0000] {dag.py:3036} INFO - Sync 1 DAGs
[2026-02-19T14:52:47.993+0000] {logging_mixin.py:188} INFO - [2026-02-19T14:52:47.992+0000] {dag.py:3823} INFO - Setting next_dagrun for ecommerce_etl_v2 to 2026-02-19 13:00:00+00:00, run_after=2026-02-20 13:00:00+00:00
[2026-02-19T14:52:48.003+0000] {processor.py:183} INFO - Processing /opt/airflow/dags/etl_dag.py took 0.177 seconds
[2026-02-19T14:53:18.270+0000] {processor.py:161} INFO - Started process (PID=77068) to work on /opt/airflow/dags/etl_dag.py
[2026-02-19T14:53:18.271+0000] {processor.py:830} INFO - Processing file /opt/airflow/dags/etl_dag.py for tasks to queue
[2026-02-19T14:53:18.272+0000] {logging_mixin.py:188} INFO - [2026-02-19T14:53:18.272+0000] {dagbag.py:538} INFO - Filling up the DagBag from /opt/airflow/dags/etl_dag.py
[2026-02-19T14:53:18.322+0000] {logging_mixin.py:188} INFO - Warning: Your Kaggle API key is readable by other users on this system! To fix this, you can run 'chmod 600 /home/airflow/.kaggle/kaggle.json'
[2026-02-19T14:53:18.388+0000] {logging_mixin.py:188} WARNING - /home/airflow/.local/lib/python3.8/site-packages/airflow/models/baseoperator.py:437 AirflowProviderDeprecationWarning: `exists_ok` parameter is deprecated, please use `if_exists`
[2026-02-19T14:53:18.399+0000] {processor.py:840} INFO - DAG(s) 'ecommerce_etl_v2' retrieved from /opt/airflow/dags/etl_dag.py
[2026-02-19T14:53:18.420+0000] {logging_mixin.py:188} INFO - [2026-02-19T14:53:18.420+0000] {dag.py:3036} INFO - Sync 1 DAGs
[2026-02-19T14:53:18.433+0000] {logging_mixin.py:188} INFO - [2026-02-19T14:53:18.432+0000] {dag.py:3823} INFO - Setting next_dagrun for ecommerce_etl_v2 to 2026-02-19 13:00:00+00:00, run_after=2026-02-20 13:00:00+00:00
[2026-02-19T14:53:18.447+0000] {processor.py:183} INFO - Processing /opt/airflow/dags/etl_dag.py took 0.179 seconds
[2026-02-19T14:53:48.650+0000] {processor.py:161} INFO - Started process (PID=77099) to work on /opt/airflow/dags/etl_dag.py
[2026-02-19T14:53:48.651+0000] {processor.py:830} INFO - Processing file /opt/airflow/dags/etl_dag.py for tasks to queue
[2026-02-19T14:53:48.652+0000] {logging_mixin.py:188} INFO - [2026-02-19T14:53:48.651+0000] {dagbag.py:538} INFO - Filling up the DagBag from /opt/airflow/dags/etl_dag.py
[2026-02-19T14:53:48.713+0000] {logging_mixin.py:188} INFO - Warning: Your Kaggle API key is readable by other users on this system! To fix this, you can run 'chmod 600 /home/airflow/.kaggle/kaggle.json'
[2026-02-19T14:53:48.783+0000] {logging_mixin.py:188} WARNING - /home/airflow/.local/lib/python3.8/site-packages/airflow/models/baseoperator.py:437 AirflowProviderDeprecationWarning: `exists_ok` parameter is deprecated, please use `if_exists`
[2026-02-19T14:53:48.794+0000] {processor.py:840} INFO - DAG(s) 'ecommerce_etl_v2' retrieved from /opt/airflow/dags/etl_dag.py
[2026-02-19T14:53:48.821+0000] {logging_mixin.py:188} INFO - [2026-02-19T14:53:48.821+0000] {dag.py:3036} INFO - Sync 1 DAGs
[2026-02-19T14:53:48.835+0000] {logging_mixin.py:188} INFO - [2026-02-19T14:53:48.835+0000] {dag.py:3823} INFO - Setting next_dagrun for ecommerce_etl_v2 to 2026-02-19 13:00:00+00:00, run_after=2026-02-20 13:00:00+00:00
[2026-02-19T14:53:48.846+0000] {processor.py:183} INFO - Processing /opt/airflow/dags/etl_dag.py took 0.200 seconds
[2026-02-19T14:54:19.121+0000] {processor.py:161} INFO - Started process (PID=77130) to work on /opt/airflow/dags/etl_dag.py
[2026-02-19T14:54:19.122+0000] {processor.py:830} INFO - Processing file /opt/airflow/dags/etl_dag.py for tasks to queue
[2026-02-19T14:54:19.123+0000] {logging_mixin.py:188} INFO - [2026-02-19T14:54:19.123+0000] {dagbag.py:538} INFO - Filling up the DagBag from /opt/airflow/dags/etl_dag.py
[2026-02-19T14:54:19.175+0000] {logging_mixin.py:188} INFO - Warning: Your Kaggle API key is readable by other users on this system! To fix this, you can run 'chmod 600 /home/airflow/.kaggle/kaggle.json'
[2026-02-19T14:54:19.238+0000] {logging_mixin.py:188} WARNING - /home/airflow/.local/lib/python3.8/site-packages/airflow/models/baseoperator.py:437 AirflowProviderDeprecationWarning: `exists_ok` parameter is deprecated, please use `if_exists`
[2026-02-19T14:54:19.251+0000] {processor.py:840} INFO - DAG(s) 'ecommerce_etl_v2' retrieved from /opt/airflow/dags/etl_dag.py
[2026-02-19T14:54:19.274+0000] {logging_mixin.py:188} INFO - [2026-02-19T14:54:19.273+0000] {dag.py:3036} INFO - Sync 1 DAGs
[2026-02-19T14:54:19.287+0000] {logging_mixin.py:188} INFO - [2026-02-19T14:54:19.287+0000] {dag.py:3823} INFO - Setting next_dagrun for ecommerce_etl_v2 to 2026-02-19 13:00:00+00:00, run_after=2026-02-20 13:00:00+00:00
[2026-02-19T14:54:19.299+0000] {processor.py:183} INFO - Processing /opt/airflow/dags/etl_dag.py took 0.182 seconds
[2026-02-19T14:54:49.444+0000] {processor.py:161} INFO - Started process (PID=77161) to work on /opt/airflow/dags/etl_dag.py
[2026-02-19T14:54:49.445+0000] {processor.py:830} INFO - Processing file /opt/airflow/dags/etl_dag.py for tasks to queue
[2026-02-19T14:54:49.446+0000] {logging_mixin.py:188} INFO - [2026-02-19T14:54:49.446+0000] {dagbag.py:538} INFO - Filling up the DagBag from /opt/airflow/dags/etl_dag.py
[2026-02-19T14:54:49.492+0000] {logging_mixin.py:188} INFO - Warning: Your Kaggle API key is readable by other users on this system! To fix this, you can run 'chmod 600 /home/airflow/.kaggle/kaggle.json'
[2026-02-19T14:54:49.556+0000] {logging_mixin.py:188} WARNING - /home/airflow/.local/lib/python3.8/site-packages/airflow/models/baseoperator.py:437 AirflowProviderDeprecationWarning: `exists_ok` parameter is deprecated, please use `if_exists`
[2026-02-19T14:54:49.567+0000] {processor.py:840} INFO - DAG(s) 'ecommerce_etl_v2' retrieved from /opt/airflow/dags/etl_dag.py
[2026-02-19T14:54:49.590+0000] {logging_mixin.py:188} INFO - [2026-02-19T14:54:49.589+0000] {dag.py:3036} INFO - Sync 1 DAGs
[2026-02-19T14:54:49.602+0000] {logging_mixin.py:188} INFO - [2026-02-19T14:54:49.602+0000] {dag.py:3823} INFO - Setting next_dagrun for ecommerce_etl_v2 to 2026-02-19 13:00:00+00:00, run_after=2026-02-20 13:00:00+00:00
[2026-02-19T14:54:49.612+0000] {processor.py:183} INFO - Processing /opt/airflow/dags/etl_dag.py took 0.171 seconds
[2026-02-19T14:55:19.786+0000] {processor.py:161} INFO - Started process (PID=77192) to work on /opt/airflow/dags/etl_dag.py
[2026-02-19T14:55:19.788+0000] {processor.py:830} INFO - Processing file /opt/airflow/dags/etl_dag.py for tasks to queue
[2026-02-19T14:55:19.789+0000] {logging_mixin.py:188} INFO - [2026-02-19T14:55:19.789+0000] {dagbag.py:538} INFO - Filling up the DagBag from /opt/airflow/dags/etl_dag.py
[2026-02-19T14:55:19.841+0000] {logging_mixin.py:188} INFO - Warning: Your Kaggle API key is readable by other users on this system! To fix this, you can run 'chmod 600 /home/airflow/.kaggle/kaggle.json'
[2026-02-19T14:55:19.906+0000] {logging_mixin.py:188} WARNING - /home/airflow/.local/lib/python3.8/site-packages/airflow/models/baseoperator.py:437 AirflowProviderDeprecationWarning: `exists_ok` parameter is deprecated, please use `if_exists`
[2026-02-19T14:55:19.917+0000] {processor.py:840} INFO - DAG(s) 'ecommerce_etl_v2' retrieved from /opt/airflow/dags/etl_dag.py
[2026-02-19T14:55:19.938+0000] {logging_mixin.py:188} INFO - [2026-02-19T14:55:19.938+0000] {dag.py:3036} INFO - Sync 1 DAGs
[2026-02-19T14:55:19.951+0000] {logging_mixin.py:188} INFO - [2026-02-19T14:55:19.951+0000] {dag.py:3823} INFO - Setting next_dagrun for ecommerce_etl_v2 to 2026-02-19 13:00:00+00:00, run_after=2026-02-20 13:00:00+00:00
[2026-02-19T14:55:19.963+0000] {processor.py:183} INFO - Processing /opt/airflow/dags/etl_dag.py took 0.180 seconds
[2026-02-19T14:55:50.150+0000] {processor.py:161} INFO - Started process (PID=77223) to work on /opt/airflow/dags/etl_dag.py
[2026-02-19T14:55:50.151+0000] {processor.py:830} INFO - Processing file /opt/airflow/dags/etl_dag.py for tasks to queue
[2026-02-19T14:55:50.152+0000] {logging_mixin.py:188} INFO - [2026-02-19T14:55:50.152+0000] {dagbag.py:538} INFO - Filling up the DagBag from /opt/airflow/dags/etl_dag.py
[2026-02-19T14:55:50.204+0000] {logging_mixin.py:188} INFO - Warning: Your Kaggle API key is readable by other users on this system! To fix this, you can run 'chmod 600 /home/airflow/.kaggle/kaggle.json'
[2026-02-19T14:55:50.268+0000] {logging_mixin.py:188} WARNING - /home/airflow/.local/lib/python3.8/site-packages/airflow/models/baseoperator.py:437 AirflowProviderDeprecationWarning: `exists_ok` parameter is deprecated, please use `if_exists`
[2026-02-19T14:55:50.281+0000] {processor.py:840} INFO - DAG(s) 'ecommerce_etl_v2' retrieved from /opt/airflow/dags/etl_dag.py
[2026-02-19T14:55:50.302+0000] {logging_mixin.py:188} INFO - [2026-02-19T14:55:50.302+0000] {dag.py:3036} INFO - Sync 1 DAGs
[2026-02-19T14:55:50.315+0000] {logging_mixin.py:188} INFO - [2026-02-19T14:55:50.315+0000] {dag.py:3823} INFO - Setting next_dagrun for ecommerce_etl_v2 to 2026-02-19 13:00:00+00:00, run_after=2026-02-20 13:00:00+00:00
[2026-02-19T14:55:50.325+0000] {processor.py:183} INFO - Processing /opt/airflow/dags/etl_dag.py took 0.178 seconds
[2026-02-19T14:56:20.555+0000] {processor.py:161} INFO - Started process (PID=77254) to work on /opt/airflow/dags/etl_dag.py
[2026-02-19T14:56:20.556+0000] {processor.py:830} INFO - Processing file /opt/airflow/dags/etl_dag.py for tasks to queue
[2026-02-19T14:56:20.557+0000] {logging_mixin.py:188} INFO - [2026-02-19T14:56:20.557+0000] {dagbag.py:538} INFO - Filling up the DagBag from /opt/airflow/dags/etl_dag.py
[2026-02-19T14:56:20.615+0000] {logging_mixin.py:188} INFO - Warning: Your Kaggle API key is readable by other users on this system! To fix this, you can run 'chmod 600 /home/airflow/.kaggle/kaggle.json'
[2026-02-19T14:56:20.682+0000] {logging_mixin.py:188} WARNING - /home/airflow/.local/lib/python3.8/site-packages/airflow/models/baseoperator.py:437 AirflowProviderDeprecationWarning: `exists_ok` parameter is deprecated, please use `if_exists`
[2026-02-19T14:56:20.693+0000] {processor.py:840} INFO - DAG(s) 'ecommerce_etl_v2' retrieved from /opt/airflow/dags/etl_dag.py
[2026-02-19T14:56:20.718+0000] {logging_mixin.py:188} INFO - [2026-02-19T14:56:20.718+0000] {dag.py:3036} INFO - Sync 1 DAGs
[2026-02-19T14:56:20.732+0000] {logging_mixin.py:188} INFO - [2026-02-19T14:56:20.732+0000] {dag.py:3823} INFO - Setting next_dagrun for ecommerce_etl_v2 to 2026-02-19 13:00:00+00:00, run_after=2026-02-20 13:00:00+00:00
[2026-02-19T14:56:20.746+0000] {processor.py:183} INFO - Processing /opt/airflow/dags/etl_dag.py took 0.195 seconds
[2026-02-19T14:56:50.832+0000] {processor.py:161} INFO - Started process (PID=77285) to work on /opt/airflow/dags/etl_dag.py
[2026-02-19T14:56:50.833+0000] {processor.py:830} INFO - Processing file /opt/airflow/dags/etl_dag.py for tasks to queue
[2026-02-19T14:56:50.834+0000] {logging_mixin.py:188} INFO - [2026-02-19T14:56:50.834+0000] {dagbag.py:538} INFO - Filling up the DagBag from /opt/airflow/dags/etl_dag.py
[2026-02-19T14:56:50.884+0000] {logging_mixin.py:188} INFO - Warning: Your Kaggle API key is readable by other users on this system! To fix this, you can run 'chmod 600 /home/airflow/.kaggle/kaggle.json'
[2026-02-19T14:56:50.949+0000] {logging_mixin.py:188} WARNING - /home/airflow/.local/lib/python3.8/site-packages/airflow/models/baseoperator.py:437 AirflowProviderDeprecationWarning: `exists_ok` parameter is deprecated, please use `if_exists`
[2026-02-19T14:56:50.960+0000] {processor.py:840} INFO - DAG(s) 'ecommerce_etl_v2' retrieved from /opt/airflow/dags/etl_dag.py
[2026-02-19T14:56:50.982+0000] {logging_mixin.py:188} INFO - [2026-02-19T14:56:50.982+0000] {dag.py:3036} INFO - Sync 1 DAGs
[2026-02-19T14:56:50.994+0000] {logging_mixin.py:188} INFO - [2026-02-19T14:56:50.994+0000] {dag.py:3823} INFO - Setting next_dagrun for ecommerce_etl_v2 to 2026-02-19 13:00:00+00:00, run_after=2026-02-20 13:00:00+00:00
[2026-02-19T14:56:51.006+0000] {processor.py:183} INFO - Processing /opt/airflow/dags/etl_dag.py took 0.177 seconds
[2026-02-19T14:57:21.296+0000] {processor.py:161} INFO - Started process (PID=77316) to work on /opt/airflow/dags/etl_dag.py
[2026-02-19T14:57:21.297+0000] {processor.py:830} INFO - Processing file /opt/airflow/dags/etl_dag.py for tasks to queue
[2026-02-19T14:57:21.298+0000] {logging_mixin.py:188} INFO - [2026-02-19T14:57:21.298+0000] {dagbag.py:538} INFO - Filling up the DagBag from /opt/airflow/dags/etl_dag.py
[2026-02-19T14:57:21.351+0000] {logging_mixin.py:188} INFO - Warning: Your Kaggle API key is readable by other users on this system! To fix this, you can run 'chmod 600 /home/airflow/.kaggle/kaggle.json'
[2026-02-19T14:57:21.415+0000] {logging_mixin.py:188} WARNING - /home/airflow/.local/lib/python3.8/site-packages/airflow/models/baseoperator.py:437 AirflowProviderDeprecationWarning: `exists_ok` parameter is deprecated, please use `if_exists`
[2026-02-19T14:57:21.425+0000] {processor.py:840} INFO - DAG(s) 'ecommerce_etl_v2' retrieved from /opt/airflow/dags/etl_dag.py
[2026-02-19T14:57:21.450+0000] {logging_mixin.py:188} INFO - [2026-02-19T14:57:21.449+0000] {dag.py:3036} INFO - Sync 1 DAGs
[2026-02-19T14:57:21.463+0000] {logging_mixin.py:188} INFO - [2026-02-19T14:57:21.463+0000] {dag.py:3823} INFO - Setting next_dagrun for ecommerce_etl_v2 to 2026-02-19 13:00:00+00:00, run_after=2026-02-20 13:00:00+00:00
[2026-02-19T14:57:21.477+0000] {processor.py:183} INFO - Processing /opt/airflow/dags/etl_dag.py took 0.184 seconds
[2026-02-19T14:57:51.547+0000] {processor.py:161} INFO - Started process (PID=77347) to work on /opt/airflow/dags/etl_dag.py
[2026-02-19T14:57:51.548+0000] {processor.py:830} INFO - Processing file /opt/airflow/dags/etl_dag.py for tasks to queue
[2026-02-19T14:57:51.549+0000] {logging_mixin.py:188} INFO - [2026-02-19T14:57:51.549+0000] {dagbag.py:538} INFO - Filling up the DagBag from /opt/airflow/dags/etl_dag.py
[2026-02-19T14:57:51.599+0000] {logging_mixin.py:188} INFO - Warning: Your Kaggle API key is readable by other users on this system! To fix this, you can run 'chmod 600 /home/airflow/.kaggle/kaggle.json'
[2026-02-19T14:57:51.664+0000] {logging_mixin.py:188} WARNING - /home/airflow/.local/lib/python3.8/site-packages/airflow/models/baseoperator.py:437 AirflowProviderDeprecationWarning: `exists_ok` parameter is deprecated, please use `if_exists`
[2026-02-19T14:57:51.674+0000] {processor.py:840} INFO - DAG(s) 'ecommerce_etl_v2' retrieved from /opt/airflow/dags/etl_dag.py
[2026-02-19T14:57:51.698+0000] {logging_mixin.py:188} INFO - [2026-02-19T14:57:51.698+0000] {dag.py:3036} INFO - Sync 1 DAGs
[2026-02-19T14:57:51.711+0000] {logging_mixin.py:188} INFO - [2026-02-19T14:57:51.710+0000] {dag.py:3823} INFO - Setting next_dagrun for ecommerce_etl_v2 to 2026-02-19 13:00:00+00:00, run_after=2026-02-20 13:00:00+00:00
[2026-02-19T14:57:51.721+0000] {processor.py:183} INFO - Processing /opt/airflow/dags/etl_dag.py took 0.176 seconds
[2026-02-19T14:58:21.800+0000] {processor.py:161} INFO - Started process (PID=77378) to work on /opt/airflow/dags/etl_dag.py
[2026-02-19T14:58:21.801+0000] {processor.py:830} INFO - Processing file /opt/airflow/dags/etl_dag.py for tasks to queue
[2026-02-19T14:58:21.802+0000] {logging_mixin.py:188} INFO - [2026-02-19T14:58:21.802+0000] {dagbag.py:538} INFO - Filling up the DagBag from /opt/airflow/dags/etl_dag.py
[2026-02-19T14:58:21.853+0000] {logging_mixin.py:188} INFO - Warning: Your Kaggle API key is readable by other users on this system! To fix this, you can run 'chmod 600 /home/airflow/.kaggle/kaggle.json'
[2026-02-19T14:58:21.919+0000] {logging_mixin.py:188} WARNING - /home/airflow/.local/lib/python3.8/site-packages/airflow/models/baseoperator.py:437 AirflowProviderDeprecationWarning: `exists_ok` parameter is deprecated, please use `if_exists`
[2026-02-19T14:58:21.929+0000] {processor.py:840} INFO - DAG(s) 'ecommerce_etl_v2' retrieved from /opt/airflow/dags/etl_dag.py
[2026-02-19T14:58:21.951+0000] {logging_mixin.py:188} INFO - [2026-02-19T14:58:21.951+0000] {dag.py:3036} INFO - Sync 1 DAGs
[2026-02-19T14:58:21.964+0000] {logging_mixin.py:188} INFO - [2026-02-19T14:58:21.964+0000] {dag.py:3823} INFO - Setting next_dagrun for ecommerce_etl_v2 to 2026-02-19 13:00:00+00:00, run_after=2026-02-20 13:00:00+00:00
[2026-02-19T14:58:21.977+0000] {processor.py:183} INFO - Processing /opt/airflow/dags/etl_dag.py took 0.179 seconds
[2026-02-19T14:58:52.176+0000] {processor.py:161} INFO - Started process (PID=77409) to work on /opt/airflow/dags/etl_dag.py
[2026-02-19T14:58:52.177+0000] {processor.py:830} INFO - Processing file /opt/airflow/dags/etl_dag.py for tasks to queue
[2026-02-19T14:58:52.177+0000] {logging_mixin.py:188} INFO - [2026-02-19T14:58:52.177+0000] {dagbag.py:538} INFO - Filling up the DagBag from /opt/airflow/dags/etl_dag.py
[2026-02-19T14:58:52.228+0000] {logging_mixin.py:188} INFO - Warning: Your Kaggle API key is readable by other users on this system! To fix this, you can run 'chmod 600 /home/airflow/.kaggle/kaggle.json'
[2026-02-19T14:58:52.294+0000] {logging_mixin.py:188} WARNING - /home/airflow/.local/lib/python3.8/site-packages/airflow/models/baseoperator.py:437 AirflowProviderDeprecationWarning: `exists_ok` parameter is deprecated, please use `if_exists`
[2026-02-19T14:58:52.304+0000] {processor.py:840} INFO - DAG(s) 'ecommerce_etl_v2' retrieved from /opt/airflow/dags/etl_dag.py
[2026-02-19T14:58:52.325+0000] {logging_mixin.py:188} INFO - [2026-02-19T14:58:52.325+0000] {dag.py:3036} INFO - Sync 1 DAGs
[2026-02-19T14:58:52.338+0000] {logging_mixin.py:188} INFO - [2026-02-19T14:58:52.337+0000] {dag.py:3823} INFO - Setting next_dagrun for ecommerce_etl_v2 to 2026-02-19 13:00:00+00:00, run_after=2026-02-20 13:00:00+00:00
[2026-02-19T14:58:52.350+0000] {processor.py:183} INFO - Processing /opt/airflow/dags/etl_dag.py took 0.177 seconds
[2026-02-19T14:59:22.458+0000] {processor.py:161} INFO - Started process (PID=77440) to work on /opt/airflow/dags/etl_dag.py
[2026-02-19T14:59:22.459+0000] {processor.py:830} INFO - Processing file /opt/airflow/dags/etl_dag.py for tasks to queue
[2026-02-19T14:59:22.460+0000] {logging_mixin.py:188} INFO - [2026-02-19T14:59:22.460+0000] {dagbag.py:538} INFO - Filling up the DagBag from /opt/airflow/dags/etl_dag.py
[2026-02-19T14:59:22.510+0000] {logging_mixin.py:188} INFO - Warning: Your Kaggle API key is readable by other users on this system! To fix this, you can run 'chmod 600 /home/airflow/.kaggle/kaggle.json'
[2026-02-19T14:59:22.576+0000] {logging_mixin.py:188} WARNING - /home/airflow/.local/lib/python3.8/site-packages/airflow/models/baseoperator.py:437 AirflowProviderDeprecationWarning: `exists_ok` parameter is deprecated, please use `if_exists`
[2026-02-19T14:59:22.589+0000] {processor.py:840} INFO - DAG(s) 'ecommerce_etl_v2' retrieved from /opt/airflow/dags/etl_dag.py
[2026-02-19T14:59:22.612+0000] {logging_mixin.py:188} INFO - [2026-02-19T14:59:22.612+0000] {dag.py:3036} INFO - Sync 1 DAGs
[2026-02-19T14:59:22.627+0000] {logging_mixin.py:188} INFO - [2026-02-19T14:59:22.627+0000] {dag.py:3823} INFO - Setting next_dagrun for ecommerce_etl_v2 to 2026-02-19 13:00:00+00:00, run_after=2026-02-20 13:00:00+00:00
[2026-02-19T14:59:22.640+0000] {processor.py:183} INFO - Processing /opt/airflow/dags/etl_dag.py took 0.185 seconds
[2026-02-19T14:59:52.785+0000] {processor.py:161} INFO - Started process (PID=77471) to work on /opt/airflow/dags/etl_dag.py
[2026-02-19T14:59:52.786+0000] {processor.py:830} INFO - Processing file /opt/airflow/dags/etl_dag.py for tasks to queue
[2026-02-19T14:59:52.787+0000] {logging_mixin.py:188} INFO - [2026-02-19T14:59:52.786+0000] {dagbag.py:538} INFO - Filling up the DagBag from /opt/airflow/dags/etl_dag.py
[2026-02-19T14:59:52.826+0000] {logging_mixin.py:188} INFO - Warning: Your Kaggle API key is readable by other users on this system! To fix this, you can run 'chmod 600 /home/airflow/.kaggle/kaggle.json'
[2026-02-19T14:59:52.891+0000] {logging_mixin.py:188} WARNING - /home/airflow/.local/lib/python3.8/site-packages/airflow/models/baseoperator.py:437 AirflowProviderDeprecationWarning: `exists_ok` parameter is deprecated, please use `if_exists`
[2026-02-19T14:59:52.901+0000] {processor.py:840} INFO - DAG(s) 'ecommerce_etl_v2' retrieved from /opt/airflow/dags/etl_dag.py
[2026-02-19T14:59:52.925+0000] {logging_mixin.py:188} INFO - [2026-02-19T14:59:52.924+0000] {dag.py:3036} INFO - Sync 1 DAGs
[2026-02-19T14:59:52.937+0000] {logging_mixin.py:188} INFO - [2026-02-19T14:59:52.937+0000] {dag.py:3823} INFO - Setting next_dagrun for ecommerce_etl_v2 to 2026-02-19 13:00:00+00:00, run_after=2026-02-20 13:00:00+00:00
[2026-02-19T14:59:52.949+0000] {processor.py:183} INFO - Processing /opt/airflow/dags/etl_dag.py took 0.166 seconds
[2026-02-19T15:00:23.096+0000] {processor.py:161} INFO - Started process (PID=77502) to work on /opt/airflow/dags/etl_dag.py
[2026-02-19T15:00:23.097+0000] {processor.py:830} INFO - Processing file /opt/airflow/dags/etl_dag.py for tasks to queue
[2026-02-19T15:00:23.097+0000] {logging_mixin.py:188} INFO - [2026-02-19T15:00:23.097+0000] {dagbag.py:538} INFO - Filling up the DagBag from /opt/airflow/dags/etl_dag.py
[2026-02-19T15:00:23.142+0000] {logging_mixin.py:188} INFO - Warning: Your Kaggle API key is readable by other users on this system! To fix this, you can run 'chmod 600 /home/airflow/.kaggle/kaggle.json'
[2026-02-19T15:00:23.208+0000] {logging_mixin.py:188} WARNING - /home/airflow/.local/lib/python3.8/site-packages/airflow/models/baseoperator.py:437 AirflowProviderDeprecationWarning: `exists_ok` parameter is deprecated, please use `if_exists`
[2026-02-19T15:00:23.218+0000] {processor.py:840} INFO - DAG(s) 'ecommerce_etl_v2' retrieved from /opt/airflow/dags/etl_dag.py
[2026-02-19T15:00:23.240+0000] {logging_mixin.py:188} INFO - [2026-02-19T15:00:23.240+0000] {dag.py:3036} INFO - Sync 1 DAGs
[2026-02-19T15:00:23.253+0000] {logging_mixin.py:188} INFO - [2026-02-19T15:00:23.253+0000] {dag.py:3823} INFO - Setting next_dagrun for ecommerce_etl_v2 to 2026-02-19 13:00:00+00:00, run_after=2026-02-20 13:00:00+00:00
[2026-02-19T15:00:23.264+0000] {processor.py:183} INFO - Processing /opt/airflow/dags/etl_dag.py took 0.171 seconds
[2026-02-19T15:00:53.472+0000] {processor.py:161} INFO - Started process (PID=77533) to work on /opt/airflow/dags/etl_dag.py
[2026-02-19T15:00:53.473+0000] {processor.py:830} INFO - Processing file /opt/airflow/dags/etl_dag.py for tasks to queue
[2026-02-19T15:00:53.474+0000] {logging_mixin.py:188} INFO - [2026-02-19T15:00:53.474+0000] {dagbag.py:538} INFO - Filling up the DagBag from /opt/airflow/dags/etl_dag.py
[2026-02-19T15:00:53.522+0000] {logging_mixin.py:188} INFO - Warning: Your Kaggle API key is readable by other users on this system! To fix this, you can run 'chmod 600 /home/airflow/.kaggle/kaggle.json'
[2026-02-19T15:00:53.586+0000] {logging_mixin.py:188} WARNING - /home/airflow/.local/lib/python3.8/site-packages/airflow/models/baseoperator.py:437 AirflowProviderDeprecationWarning: `exists_ok` parameter is deprecated, please use `if_exists`
[2026-02-19T15:00:53.597+0000] {processor.py:840} INFO - DAG(s) 'ecommerce_etl_v2' retrieved from /opt/airflow/dags/etl_dag.py
[2026-02-19T15:00:53.619+0000] {logging_mixin.py:188} INFO - [2026-02-19T15:00:53.619+0000] {dag.py:3036} INFO - Sync 1 DAGs
[2026-02-19T15:00:53.633+0000] {logging_mixin.py:188} INFO - [2026-02-19T15:00:53.633+0000] {dag.py:3823} INFO - Setting next_dagrun for ecommerce_etl_v2 to 2026-02-19 13:00:00+00:00, run_after=2026-02-20 13:00:00+00:00
[2026-02-19T15:00:53.645+0000] {processor.py:183} INFO - Processing /opt/airflow/dags/etl_dag.py took 0.176 seconds
[2026-02-19T15:01:23.840+0000] {processor.py:161} INFO - Started process (PID=77564) to work on /opt/airflow/dags/etl_dag.py
[2026-02-19T15:01:23.840+0000] {processor.py:830} INFO - Processing file /opt/airflow/dags/etl_dag.py for tasks to queue
[2026-02-19T15:01:23.841+0000] {logging_mixin.py:188} INFO - [2026-02-19T15:01:23.841+0000] {dagbag.py:538} INFO - Filling up the DagBag from /opt/airflow/dags/etl_dag.py
[2026-02-19T15:01:23.888+0000] {logging_mixin.py:188} INFO - Warning: Your Kaggle API key is readable by other users on this system! To fix this, you can run 'chmod 600 /home/airflow/.kaggle/kaggle.json'
[2026-02-19T15:01:23.964+0000] {logging_mixin.py:188} WARNING - /home/airflow/.local/lib/python3.8/site-packages/airflow/models/baseoperator.py:437 AirflowProviderDeprecationWarning: `exists_ok` parameter is deprecated, please use `if_exists`
[2026-02-19T15:01:23.977+0000] {processor.py:840} INFO - DAG(s) 'ecommerce_etl_v2' retrieved from /opt/airflow/dags/etl_dag.py
[2026-02-19T15:01:23.999+0000] {logging_mixin.py:188} INFO - [2026-02-19T15:01:23.999+0000] {dag.py:3036} INFO - Sync 1 DAGs
[2026-02-19T15:01:24.012+0000] {logging_mixin.py:188} INFO - [2026-02-19T15:01:24.012+0000] {dag.py:3823} INFO - Setting next_dagrun for ecommerce_etl_v2 to 2026-02-19 13:00:00+00:00, run_after=2026-02-20 13:00:00+00:00
[2026-02-19T15:01:24.024+0000] {processor.py:183} INFO - Processing /opt/airflow/dags/etl_dag.py took 0.187 seconds
[2026-02-19T15:01:54.164+0000] {processor.py:161} INFO - Started process (PID=77595) to work on /opt/airflow/dags/etl_dag.py
[2026-02-19T15:01:54.165+0000] {processor.py:830} INFO - Processing file /opt/airflow/dags/etl_dag.py for tasks to queue
[2026-02-19T15:01:54.166+0000] {logging_mixin.py:188} INFO - [2026-02-19T15:01:54.165+0000] {dagbag.py:538} INFO - Filling up the DagBag from /opt/airflow/dags/etl_dag.py
[2026-02-19T15:01:54.214+0000] {logging_mixin.py:188} INFO - Warning: Your Kaggle API key is readable by other users on this system! To fix this, you can run 'chmod 600 /home/airflow/.kaggle/kaggle.json'
[2026-02-19T15:01:54.283+0000] {logging_mixin.py:188} WARNING - /home/airflow/.local/lib/python3.8/site-packages/airflow/models/baseoperator.py:437 AirflowProviderDeprecationWarning: `exists_ok` parameter is deprecated, please use `if_exists`
[2026-02-19T15:01:54.293+0000] {processor.py:840} INFO - DAG(s) 'ecommerce_etl_v2' retrieved from /opt/airflow/dags/etl_dag.py
[2026-02-19T15:01:54.314+0000] {logging_mixin.py:188} INFO - [2026-02-19T15:01:54.314+0000] {dag.py:3036} INFO - Sync 1 DAGs
[2026-02-19T15:01:54.328+0000] {logging_mixin.py:188} INFO - [2026-02-19T15:01:54.328+0000] {dag.py:3823} INFO - Setting next_dagrun for ecommerce_etl_v2 to 2026-02-19 13:00:00+00:00, run_after=2026-02-20 13:00:00+00:00
[2026-02-19T15:01:54.340+0000] {processor.py:183} INFO - Processing /opt/airflow/dags/etl_dag.py took 0.178 seconds
[2026-02-19T15:02:24.632+0000] {processor.py:161} INFO - Started process (PID=77626) to work on /opt/airflow/dags/etl_dag.py
[2026-02-19T15:02:24.633+0000] {processor.py:830} INFO - Processing file /opt/airflow/dags/etl_dag.py for tasks to queue
[2026-02-19T15:02:24.634+0000] {logging_mixin.py:188} INFO - [2026-02-19T15:02:24.634+0000] {dagbag.py:538} INFO - Filling up the DagBag from /opt/airflow/dags/etl_dag.py
[2026-02-19T15:02:24.690+0000] {logging_mixin.py:188} INFO - Warning: Your Kaggle API key is readable by other users on this system! To fix this, you can run 'chmod 600 /home/airflow/.kaggle/kaggle.json'
[2026-02-19T15:02:24.758+0000] {logging_mixin.py:188} WARNING - /home/airflow/.local/lib/python3.8/site-packages/airflow/models/baseoperator.py:437 AirflowProviderDeprecationWarning: `exists_ok` parameter is deprecated, please use `if_exists`
[2026-02-19T15:02:24.769+0000] {processor.py:840} INFO - DAG(s) 'ecommerce_etl_v2' retrieved from /opt/airflow/dags/etl_dag.py
[2026-02-19T15:02:24.796+0000] {logging_mixin.py:188} INFO - [2026-02-19T15:02:24.796+0000] {dag.py:3036} INFO - Sync 1 DAGs
[2026-02-19T15:02:24.811+0000] {logging_mixin.py:188} INFO - [2026-02-19T15:02:24.811+0000] {dag.py:3823} INFO - Setting next_dagrun for ecommerce_etl_v2 to 2026-02-19 13:00:00+00:00, run_after=2026-02-20 13:00:00+00:00
[2026-02-19T15:02:24.823+0000] {processor.py:183} INFO - Processing /opt/airflow/dags/etl_dag.py took 0.195 seconds
[2026-02-19T15:02:54.917+0000] {processor.py:161} INFO - Started process (PID=77657) to work on /opt/airflow/dags/etl_dag.py
[2026-02-19T15:02:54.918+0000] {processor.py:830} INFO - Processing file /opt/airflow/dags/etl_dag.py for tasks to queue
[2026-02-19T15:02:54.920+0000] {logging_mixin.py:188} INFO - [2026-02-19T15:02:54.920+0000] {dagbag.py:538} INFO - Filling up the DagBag from /opt/airflow/dags/etl_dag.py
[2026-02-19T15:02:54.970+0000] {logging_mixin.py:188} INFO - Warning: Your Kaggle API key is readable by other users on this system! To fix this, you can run 'chmod 600 /home/airflow/.kaggle/kaggle.json'
[2026-02-19T15:02:55.036+0000] {logging_mixin.py:188} WARNING - /home/airflow/.local/lib/python3.8/site-packages/airflow/models/baseoperator.py:437 AirflowProviderDeprecationWarning: `exists_ok` parameter is deprecated, please use `if_exists`
[2026-02-19T15:02:55.050+0000] {processor.py:840} INFO - DAG(s) 'ecommerce_etl_v2' retrieved from /opt/airflow/dags/etl_dag.py
[2026-02-19T15:02:55.073+0000] {logging_mixin.py:188} INFO - [2026-02-19T15:02:55.073+0000] {dag.py:3036} INFO - Sync 1 DAGs
[2026-02-19T15:02:55.086+0000] {logging_mixin.py:188} INFO - [2026-02-19T15:02:55.086+0000] {dag.py:3823} INFO - Setting next_dagrun for ecommerce_etl_v2 to 2026-02-19 13:00:00+00:00, run_after=2026-02-20 13:00:00+00:00
[2026-02-19T15:02:55.097+0000] {processor.py:183} INFO - Processing /opt/airflow/dags/etl_dag.py took 0.183 seconds
[2026-02-19T15:03:25.281+0000] {processor.py:161} INFO - Started process (PID=77688) to work on /opt/airflow/dags/etl_dag.py
[2026-02-19T15:03:25.282+0000] {processor.py:830} INFO - Processing file /opt/airflow/dags/etl_dag.py for tasks to queue
[2026-02-19T15:03:25.283+0000] {logging_mixin.py:188} INFO - [2026-02-19T15:03:25.283+0000] {dagbag.py:538} INFO - Filling up the DagBag from /opt/airflow/dags/etl_dag.py
[2026-02-19T15:03:25.335+0000] {logging_mixin.py:188} INFO - Warning: Your Kaggle API key is readable by other users on this system! To fix this, you can run 'chmod 600 /home/airflow/.kaggle/kaggle.json'
[2026-02-19T15:03:25.399+0000] {logging_mixin.py:188} WARNING - /home/airflow/.local/lib/python3.8/site-packages/airflow/models/baseoperator.py:437 AirflowProviderDeprecationWarning: `exists_ok` parameter is deprecated, please use `if_exists`
[2026-02-19T15:03:25.412+0000] {processor.py:840} INFO - DAG(s) 'ecommerce_etl_v2' retrieved from /opt/airflow/dags/etl_dag.py
[2026-02-19T15:03:25.435+0000] {logging_mixin.py:188} INFO - [2026-02-19T15:03:25.434+0000] {dag.py:3036} INFO - Sync 1 DAGs
[2026-02-19T15:03:25.448+0000] {logging_mixin.py:188} INFO - [2026-02-19T15:03:25.448+0000] {dag.py:3823} INFO - Setting next_dagrun for ecommerce_etl_v2 to 2026-02-19 13:00:00+00:00, run_after=2026-02-20 13:00:00+00:00
[2026-02-19T15:03:25.463+0000] {processor.py:183} INFO - Processing /opt/airflow/dags/etl_dag.py took 0.184 seconds
[2026-02-19T15:03:55.576+0000] {processor.py:161} INFO - Started process (PID=77719) to work on /opt/airflow/dags/etl_dag.py
[2026-02-19T15:03:55.577+0000] {processor.py:830} INFO - Processing file /opt/airflow/dags/etl_dag.py for tasks to queue
[2026-02-19T15:03:55.578+0000] {logging_mixin.py:188} INFO - [2026-02-19T15:03:55.577+0000] {dagbag.py:538} INFO - Filling up the DagBag from /opt/airflow/dags/etl_dag.py
[2026-02-19T15:03:55.629+0000] {logging_mixin.py:188} INFO - Warning: Your Kaggle API key is readable by other users on this system! To fix this, you can run 'chmod 600 /home/airflow/.kaggle/kaggle.json'
[2026-02-19T15:03:55.698+0000] {logging_mixin.py:188} WARNING - /home/airflow/.local/lib/python3.8/site-packages/airflow/models/baseoperator.py:437 AirflowProviderDeprecationWarning: `exists_ok` parameter is deprecated, please use `if_exists`
[2026-02-19T15:03:55.711+0000] {processor.py:840} INFO - DAG(s) 'ecommerce_etl_v2' retrieved from /opt/airflow/dags/etl_dag.py
[2026-02-19T15:03:55.736+0000] {logging_mixin.py:188} INFO - [2026-02-19T15:03:55.735+0000] {dag.py:3036} INFO - Sync 1 DAGs
[2026-02-19T15:03:55.750+0000] {logging_mixin.py:188} INFO - [2026-02-19T15:03:55.750+0000] {dag.py:3823} INFO - Setting next_dagrun for ecommerce_etl_v2 to 2026-02-19 13:00:00+00:00, run_after=2026-02-20 13:00:00+00:00
[2026-02-19T15:03:55.764+0000] {processor.py:183} INFO - Processing /opt/airflow/dags/etl_dag.py took 0.191 seconds
[2026-02-19T15:04:25.971+0000] {processor.py:161} INFO - Started process (PID=77750) to work on /opt/airflow/dags/etl_dag.py
[2026-02-19T15:04:25.972+0000] {processor.py:830} INFO - Processing file /opt/airflow/dags/etl_dag.py for tasks to queue
[2026-02-19T15:04:25.973+0000] {logging_mixin.py:188} INFO - [2026-02-19T15:04:25.973+0000] {dagbag.py:538} INFO - Filling up the DagBag from /opt/airflow/dags/etl_dag.py
[2026-02-19T15:04:26.025+0000] {logging_mixin.py:188} INFO - Warning: Your Kaggle API key is readable by other users on this system! To fix this, you can run 'chmod 600 /home/airflow/.kaggle/kaggle.json'
[2026-02-19T15:04:26.092+0000] {logging_mixin.py:188} WARNING - /home/airflow/.local/lib/python3.8/site-packages/airflow/models/baseoperator.py:437 AirflowProviderDeprecationWarning: `exists_ok` parameter is deprecated, please use `if_exists`
[2026-02-19T15:04:26.104+0000] {processor.py:840} INFO - DAG(s) 'ecommerce_etl_v2' retrieved from /opt/airflow/dags/etl_dag.py
[2026-02-19T15:04:26.129+0000] {logging_mixin.py:188} INFO - [2026-02-19T15:04:26.129+0000] {dag.py:3036} INFO - Sync 1 DAGs
[2026-02-19T15:04:26.142+0000] {logging_mixin.py:188} INFO - [2026-02-19T15:04:26.142+0000] {dag.py:3823} INFO - Setting next_dagrun for ecommerce_etl_v2 to 2026-02-19 13:00:00+00:00, run_after=2026-02-20 13:00:00+00:00
[2026-02-19T15:04:26.154+0000] {processor.py:183} INFO - Processing /opt/airflow/dags/etl_dag.py took 0.186 seconds
[2026-02-19T15:04:56.313+0000] {processor.py:161} INFO - Started process (PID=77781) to work on /opt/airflow/dags/etl_dag.py
[2026-02-19T15:04:56.314+0000] {processor.py:830} INFO - Processing file /opt/airflow/dags/etl_dag.py for tasks to queue
[2026-02-19T15:04:56.315+0000] {logging_mixin.py:188} INFO - [2026-02-19T15:04:56.315+0000] {dagbag.py:538} INFO - Filling up the DagBag from /opt/airflow/dags/etl_dag.py
[2026-02-19T15:04:56.371+0000] {logging_mixin.py:188} INFO - Warning: Your Kaggle API key is readable by other users on this system! To fix this, you can run 'chmod 600 /home/airflow/.kaggle/kaggle.json'
[2026-02-19T15:04:56.441+0000] {logging_mixin.py:188} WARNING - /home/airflow/.local/lib/python3.8/site-packages/airflow/models/baseoperator.py:437 AirflowProviderDeprecationWarning: `exists_ok` parameter is deprecated, please use `if_exists`
[2026-02-19T15:04:56.452+0000] {processor.py:840} INFO - DAG(s) 'ecommerce_etl_v2' retrieved from /opt/airflow/dags/etl_dag.py
[2026-02-19T15:04:56.477+0000] {logging_mixin.py:188} INFO - [2026-02-19T15:04:56.477+0000] {dag.py:3036} INFO - Sync 1 DAGs
[2026-02-19T15:04:56.490+0000] {logging_mixin.py:188} INFO - [2026-02-19T15:04:56.490+0000] {dag.py:3823} INFO - Setting next_dagrun for ecommerce_etl_v2 to 2026-02-19 13:00:00+00:00, run_after=2026-02-20 13:00:00+00:00
[2026-02-19T15:04:56.503+0000] {processor.py:183} INFO - Processing /opt/airflow/dags/etl_dag.py took 0.194 seconds
[2026-02-19T15:05:26.697+0000] {processor.py:161} INFO - Started process (PID=77812) to work on /opt/airflow/dags/etl_dag.py
[2026-02-19T15:05:26.698+0000] {processor.py:830} INFO - Processing file /opt/airflow/dags/etl_dag.py for tasks to queue
[2026-02-19T15:05:26.699+0000] {logging_mixin.py:188} INFO - [2026-02-19T15:05:26.699+0000] {dagbag.py:538} INFO - Filling up the DagBag from /opt/airflow/dags/etl_dag.py
[2026-02-19T15:05:26.760+0000] {logging_mixin.py:188} INFO - Warning: Your Kaggle API key is readable by other users on this system! To fix this, you can run 'chmod 600 /home/airflow/.kaggle/kaggle.json'
[2026-02-19T15:05:26.826+0000] {logging_mixin.py:188} WARNING - /home/airflow/.local/lib/python3.8/site-packages/airflow/models/baseoperator.py:437 AirflowProviderDeprecationWarning: `exists_ok` parameter is deprecated, please use `if_exists`
[2026-02-19T15:05:26.837+0000] {processor.py:840} INFO - DAG(s) 'ecommerce_etl_v2' retrieved from /opt/airflow/dags/etl_dag.py
[2026-02-19T15:05:26.861+0000] {logging_mixin.py:188} INFO - [2026-02-19T15:05:26.861+0000] {dag.py:3036} INFO - Sync 1 DAGs
[2026-02-19T15:05:26.877+0000] {logging_mixin.py:188} INFO - [2026-02-19T15:05:26.877+0000] {dag.py:3823} INFO - Setting next_dagrun for ecommerce_etl_v2 to 2026-02-19 13:00:00+00:00, run_after=2026-02-20 13:00:00+00:00
[2026-02-19T15:05:26.891+0000] {processor.py:183} INFO - Processing /opt/airflow/dags/etl_dag.py took 0.198 seconds
[2026-02-19T15:05:57.086+0000] {processor.py:161} INFO - Started process (PID=77843) to work on /opt/airflow/dags/etl_dag.py
[2026-02-19T15:05:57.087+0000] {processor.py:830} INFO - Processing file /opt/airflow/dags/etl_dag.py for tasks to queue
[2026-02-19T15:05:57.088+0000] {logging_mixin.py:188} INFO - [2026-02-19T15:05:57.087+0000] {dagbag.py:538} INFO - Filling up the DagBag from /opt/airflow/dags/etl_dag.py
[2026-02-19T15:05:57.143+0000] {logging_mixin.py:188} INFO - Warning: Your Kaggle API key is readable by other users on this system! To fix this, you can run 'chmod 600 /home/airflow/.kaggle/kaggle.json'
[2026-02-19T15:05:57.209+0000] {logging_mixin.py:188} WARNING - /home/airflow/.local/lib/python3.8/site-packages/airflow/models/baseoperator.py:437 AirflowProviderDeprecationWarning: `exists_ok` parameter is deprecated, please use `if_exists`
[2026-02-19T15:05:57.222+0000] {processor.py:840} INFO - DAG(s) 'ecommerce_etl_v2' retrieved from /opt/airflow/dags/etl_dag.py
[2026-02-19T15:05:57.247+0000] {logging_mixin.py:188} INFO - [2026-02-19T15:05:57.247+0000] {dag.py:3036} INFO - Sync 1 DAGs
[2026-02-19T15:05:57.262+0000] {logging_mixin.py:188} INFO - [2026-02-19T15:05:57.262+0000] {dag.py:3823} INFO - Setting next_dagrun for ecommerce_etl_v2 to 2026-02-19 13:00:00+00:00, run_after=2026-02-20 13:00:00+00:00
[2026-02-19T15:05:57.275+0000] {processor.py:183} INFO - Processing /opt/airflow/dags/etl_dag.py took 0.193 seconds
[2026-02-19T15:06:27.421+0000] {processor.py:161} INFO - Started process (PID=77874) to work on /opt/airflow/dags/etl_dag.py
[2026-02-19T15:06:27.422+0000] {processor.py:830} INFO - Processing file /opt/airflow/dags/etl_dag.py for tasks to queue
[2026-02-19T15:06:27.423+0000] {logging_mixin.py:188} INFO - [2026-02-19T15:06:27.423+0000] {dagbag.py:538} INFO - Filling up the DagBag from /opt/airflow/dags/etl_dag.py
[2026-02-19T15:06:27.474+0000] {logging_mixin.py:188} INFO - Warning: Your Kaggle API key is readable by other users on this system! To fix this, you can run 'chmod 600 /home/airflow/.kaggle/kaggle.json'
[2026-02-19T15:06:27.540+0000] {logging_mixin.py:188} WARNING - /home/airflow/.local/lib/python3.8/site-packages/airflow/models/baseoperator.py:437 AirflowProviderDeprecationWarning: `exists_ok` parameter is deprecated, please use `if_exists`
[2026-02-19T15:06:27.549+0000] {processor.py:840} INFO - DAG(s) 'ecommerce_etl_v2' retrieved from /opt/airflow/dags/etl_dag.py
[2026-02-19T15:06:27.573+0000] {logging_mixin.py:188} INFO - [2026-02-19T15:06:27.573+0000] {dag.py:3036} INFO - Sync 1 DAGs
[2026-02-19T15:06:27.587+0000] {logging_mixin.py:188} INFO - [2026-02-19T15:06:27.587+0000] {dag.py:3823} INFO - Setting next_dagrun for ecommerce_etl_v2 to 2026-02-19 13:00:00+00:00, run_after=2026-02-20 13:00:00+00:00
[2026-02-19T15:06:27.599+0000] {processor.py:183} INFO - Processing /opt/airflow/dags/etl_dag.py took 0.180 seconds
[2026-02-19T15:06:57.819+0000] {processor.py:161} INFO - Started process (PID=77905) to work on /opt/airflow/dags/etl_dag.py
[2026-02-19T15:06:57.820+0000] {processor.py:830} INFO - Processing file /opt/airflow/dags/etl_dag.py for tasks to queue
[2026-02-19T15:06:57.821+0000] {logging_mixin.py:188} INFO - [2026-02-19T15:06:57.821+0000] {dagbag.py:538} INFO - Filling up the DagBag from /opt/airflow/dags/etl_dag.py
[2026-02-19T15:06:57.877+0000] {logging_mixin.py:188} INFO - Warning: Your Kaggle API key is readable by other users on this system! To fix this, you can run 'chmod 600 /home/airflow/.kaggle/kaggle.json'
[2026-02-19T15:06:57.945+0000] {logging_mixin.py:188} WARNING - /home/airflow/.local/lib/python3.8/site-packages/airflow/models/baseoperator.py:437 AirflowProviderDeprecationWarning: `exists_ok` parameter is deprecated, please use `if_exists`
[2026-02-19T15:06:57.956+0000] {processor.py:840} INFO - DAG(s) 'ecommerce_etl_v2' retrieved from /opt/airflow/dags/etl_dag.py
[2026-02-19T15:06:57.980+0000] {logging_mixin.py:188} INFO - [2026-02-19T15:06:57.980+0000] {dag.py:3036} INFO - Sync 1 DAGs
[2026-02-19T15:06:57.994+0000] {logging_mixin.py:188} INFO - [2026-02-19T15:06:57.994+0000] {dag.py:3823} INFO - Setting next_dagrun for ecommerce_etl_v2 to 2026-02-19 13:00:00+00:00, run_after=2026-02-20 13:00:00+00:00
[2026-02-19T15:06:58.006+0000] {processor.py:183} INFO - Processing /opt/airflow/dags/etl_dag.py took 0.192 seconds
[2026-02-19T15:07:28.113+0000] {processor.py:161} INFO - Started process (PID=77936) to work on /opt/airflow/dags/etl_dag.py
[2026-02-19T15:07:28.114+0000] {processor.py:830} INFO - Processing file /opt/airflow/dags/etl_dag.py for tasks to queue
[2026-02-19T15:07:28.115+0000] {logging_mixin.py:188} INFO - [2026-02-19T15:07:28.115+0000] {dagbag.py:538} INFO - Filling up the DagBag from /opt/airflow/dags/etl_dag.py
[2026-02-19T15:07:28.166+0000] {logging_mixin.py:188} INFO - Warning: Your Kaggle API key is readable by other users on this system! To fix this, you can run 'chmod 600 /home/airflow/.kaggle/kaggle.json'
[2026-02-19T15:07:28.231+0000] {logging_mixin.py:188} WARNING - /home/airflow/.local/lib/python3.8/site-packages/airflow/models/baseoperator.py:437 AirflowProviderDeprecationWarning: `exists_ok` parameter is deprecated, please use `if_exists`
[2026-02-19T15:07:28.243+0000] {processor.py:840} INFO - DAG(s) 'ecommerce_etl_v2' retrieved from /opt/airflow/dags/etl_dag.py
[2026-02-19T15:07:28.264+0000] {logging_mixin.py:188} INFO - [2026-02-19T15:07:28.264+0000] {dag.py:3036} INFO - Sync 1 DAGs
[2026-02-19T15:07:28.276+0000] {logging_mixin.py:188} INFO - [2026-02-19T15:07:28.276+0000] {dag.py:3823} INFO - Setting next_dagrun for ecommerce_etl_v2 to 2026-02-19 13:00:00+00:00, run_after=2026-02-20 13:00:00+00:00
[2026-02-19T15:07:28.288+0000] {processor.py:183} INFO - Processing /opt/airflow/dags/etl_dag.py took 0.179 seconds
[2026-02-19T15:07:58.483+0000] {processor.py:161} INFO - Started process (PID=77967) to work on /opt/airflow/dags/etl_dag.py
[2026-02-19T15:07:58.484+0000] {processor.py:830} INFO - Processing file /opt/airflow/dags/etl_dag.py for tasks to queue
[2026-02-19T15:07:58.485+0000] {logging_mixin.py:188} INFO - [2026-02-19T15:07:58.484+0000] {dagbag.py:538} INFO - Filling up the DagBag from /opt/airflow/dags/etl_dag.py
[2026-02-19T15:07:58.537+0000] {logging_mixin.py:188} INFO - Warning: Your Kaggle API key is readable by other users on this system! To fix this, you can run 'chmod 600 /home/airflow/.kaggle/kaggle.json'
[2026-02-19T15:07:58.601+0000] {logging_mixin.py:188} WARNING - /home/airflow/.local/lib/python3.8/site-packages/airflow/models/baseoperator.py:437 AirflowProviderDeprecationWarning: `exists_ok` parameter is deprecated, please use `if_exists`
[2026-02-19T15:07:58.612+0000] {processor.py:840} INFO - DAG(s) 'ecommerce_etl_v2' retrieved from /opt/airflow/dags/etl_dag.py
[2026-02-19T15:07:58.634+0000] {logging_mixin.py:188} INFO - [2026-02-19T15:07:58.634+0000] {dag.py:3036} INFO - Sync 1 DAGs
[2026-02-19T15:07:58.646+0000] {logging_mixin.py:188} INFO - [2026-02-19T15:07:58.646+0000] {dag.py:3823} INFO - Setting next_dagrun for ecommerce_etl_v2 to 2026-02-19 13:00:00+00:00, run_after=2026-02-20 13:00:00+00:00
[2026-02-19T15:07:58.657+0000] {processor.py:183} INFO - Processing /opt/airflow/dags/etl_dag.py took 0.178 seconds
[2026-02-19T15:08:28.820+0000] {processor.py:161} INFO - Started process (PID=77998) to work on /opt/airflow/dags/etl_dag.py
[2026-02-19T15:08:28.821+0000] {processor.py:830} INFO - Processing file /opt/airflow/dags/etl_dag.py for tasks to queue
[2026-02-19T15:08:28.822+0000] {logging_mixin.py:188} INFO - [2026-02-19T15:08:28.822+0000] {dagbag.py:538} INFO - Filling up the DagBag from /opt/airflow/dags/etl_dag.py
[2026-02-19T15:08:28.874+0000] {logging_mixin.py:188} INFO - Warning: Your Kaggle API key is readable by other users on this system! To fix this, you can run 'chmod 600 /home/airflow/.kaggle/kaggle.json'
[2026-02-19T15:08:28.939+0000] {logging_mixin.py:188} WARNING - /home/airflow/.local/lib/python3.8/site-packages/airflow/models/baseoperator.py:437 AirflowProviderDeprecationWarning: `exists_ok` parameter is deprecated, please use `if_exists`
[2026-02-19T15:08:28.950+0000] {processor.py:840} INFO - DAG(s) 'ecommerce_etl_v2' retrieved from /opt/airflow/dags/etl_dag.py
[2026-02-19T15:08:28.972+0000] {logging_mixin.py:188} INFO - [2026-02-19T15:08:28.972+0000] {dag.py:3036} INFO - Sync 1 DAGs
[2026-02-19T15:08:28.986+0000] {logging_mixin.py:188} INFO - [2026-02-19T15:08:28.985+0000] {dag.py:3823} INFO - Setting next_dagrun for ecommerce_etl_v2 to 2026-02-19 13:00:00+00:00, run_after=2026-02-20 13:00:00+00:00
[2026-02-19T15:08:28.996+0000] {processor.py:183} INFO - Processing /opt/airflow/dags/etl_dag.py took 0.180 seconds
[2026-02-19T15:08:59.164+0000] {processor.py:161} INFO - Started process (PID=78029) to work on /opt/airflow/dags/etl_dag.py
[2026-02-19T15:08:59.166+0000] {processor.py:830} INFO - Processing file /opt/airflow/dags/etl_dag.py for tasks to queue
[2026-02-19T15:08:59.167+0000] {logging_mixin.py:188} INFO - [2026-02-19T15:08:59.167+0000] {dagbag.py:538} INFO - Filling up the DagBag from /opt/airflow/dags/etl_dag.py
[2026-02-19T15:08:59.221+0000] {logging_mixin.py:188} INFO - Warning: Your Kaggle API key is readable by other users on this system! To fix this, you can run 'chmod 600 /home/airflow/.kaggle/kaggle.json'
[2026-02-19T15:08:59.288+0000] {logging_mixin.py:188} WARNING - /home/airflow/.local/lib/python3.8/site-packages/airflow/models/baseoperator.py:437 AirflowProviderDeprecationWarning: `exists_ok` parameter is deprecated, please use `if_exists`
[2026-02-19T15:08:59.299+0000] {processor.py:840} INFO - DAG(s) 'ecommerce_etl_v2' retrieved from /opt/airflow/dags/etl_dag.py
[2026-02-19T15:08:59.324+0000] {logging_mixin.py:188} INFO - [2026-02-19T15:08:59.324+0000] {dag.py:3036} INFO - Sync 1 DAGs
[2026-02-19T15:08:59.338+0000] {logging_mixin.py:188} INFO - [2026-02-19T15:08:59.338+0000] {dag.py:3823} INFO - Setting next_dagrun for ecommerce_etl_v2 to 2026-02-19 13:00:00+00:00, run_after=2026-02-20 13:00:00+00:00
[2026-02-19T15:08:59.349+0000] {processor.py:183} INFO - Processing /opt/airflow/dags/etl_dag.py took 0.189 seconds
[2026-02-19T15:09:29.508+0000] {processor.py:161} INFO - Started process (PID=78060) to work on /opt/airflow/dags/etl_dag.py
[2026-02-19T15:09:29.509+0000] {processor.py:830} INFO - Processing file /opt/airflow/dags/etl_dag.py for tasks to queue
[2026-02-19T15:09:29.510+0000] {logging_mixin.py:188} INFO - [2026-02-19T15:09:29.510+0000] {dagbag.py:538} INFO - Filling up the DagBag from /opt/airflow/dags/etl_dag.py
[2026-02-19T15:09:29.559+0000] {logging_mixin.py:188} INFO - Warning: Your Kaggle API key is readable by other users on this system! To fix this, you can run 'chmod 600 /home/airflow/.kaggle/kaggle.json'
[2026-02-19T15:09:29.624+0000] {logging_mixin.py:188} WARNING - /home/airflow/.local/lib/python3.8/site-packages/airflow/models/baseoperator.py:437 AirflowProviderDeprecationWarning: `exists_ok` parameter is deprecated, please use `if_exists`
[2026-02-19T15:09:29.638+0000] {processor.py:840} INFO - DAG(s) 'ecommerce_etl_v2' retrieved from /opt/airflow/dags/etl_dag.py
[2026-02-19T15:09:29.659+0000] {logging_mixin.py:188} INFO - [2026-02-19T15:09:29.659+0000] {dag.py:3036} INFO - Sync 1 DAGs
[2026-02-19T15:09:29.672+0000] {logging_mixin.py:188} INFO - [2026-02-19T15:09:29.671+0000] {dag.py:3823} INFO - Setting next_dagrun for ecommerce_etl_v2 to 2026-02-19 13:00:00+00:00, run_after=2026-02-20 13:00:00+00:00
[2026-02-19T15:09:29.683+0000] {processor.py:183} INFO - Processing /opt/airflow/dags/etl_dag.py took 0.177 seconds
[2026-02-19T15:09:59.905+0000] {processor.py:161} INFO - Started process (PID=78091) to work on /opt/airflow/dags/etl_dag.py
[2026-02-19T15:09:59.906+0000] {processor.py:830} INFO - Processing file /opt/airflow/dags/etl_dag.py for tasks to queue
[2026-02-19T15:09:59.907+0000] {logging_mixin.py:188} INFO - [2026-02-19T15:09:59.907+0000] {dagbag.py:538} INFO - Filling up the DagBag from /opt/airflow/dags/etl_dag.py
[2026-02-19T15:09:59.946+0000] {logging_mixin.py:188} INFO - Warning: Your Kaggle API key is readable by other users on this system! To fix this, you can run 'chmod 600 /home/airflow/.kaggle/kaggle.json'
[2026-02-19T15:10:00.012+0000] {logging_mixin.py:188} WARNING - /home/airflow/.local/lib/python3.8/site-packages/airflow/models/baseoperator.py:437 AirflowProviderDeprecationWarning: `exists_ok` parameter is deprecated, please use `if_exists`
[2026-02-19T15:10:00.022+0000] {processor.py:840} INFO - DAG(s) 'ecommerce_etl_v2' retrieved from /opt/airflow/dags/etl_dag.py
[2026-02-19T15:10:00.044+0000] {logging_mixin.py:188} INFO - [2026-02-19T15:10:00.044+0000] {dag.py:3036} INFO - Sync 1 DAGs
[2026-02-19T15:10:00.057+0000] {logging_mixin.py:188} INFO - [2026-02-19T15:10:00.057+0000] {dag.py:3823} INFO - Setting next_dagrun for ecommerce_etl_v2 to 2026-02-19 13:00:00+00:00, run_after=2026-02-20 13:00:00+00:00
[2026-02-19T15:10:00.068+0000] {processor.py:183} INFO - Processing /opt/airflow/dags/etl_dag.py took 0.164 seconds
[2026-02-19T15:10:30.250+0000] {processor.py:161} INFO - Started process (PID=78122) to work on /opt/airflow/dags/etl_dag.py
[2026-02-19T15:10:30.252+0000] {processor.py:830} INFO - Processing file /opt/airflow/dags/etl_dag.py for tasks to queue
[2026-02-19T15:10:30.253+0000] {logging_mixin.py:188} INFO - [2026-02-19T15:10:30.253+0000] {dagbag.py:538} INFO - Filling up the DagBag from /opt/airflow/dags/etl_dag.py
[2026-02-19T15:10:30.314+0000] {logging_mixin.py:188} INFO - Warning: Your Kaggle API key is readable by other users on this system! To fix this, you can run 'chmod 600 /home/airflow/.kaggle/kaggle.json'
[2026-02-19T15:10:30.377+0000] {logging_mixin.py:188} WARNING - /home/airflow/.local/lib/python3.8/site-packages/airflow/models/baseoperator.py:437 AirflowProviderDeprecationWarning: `exists_ok` parameter is deprecated, please use `if_exists`
[2026-02-19T15:10:30.387+0000] {processor.py:840} INFO - DAG(s) 'ecommerce_etl_v2' retrieved from /opt/airflow/dags/etl_dag.py
[2026-02-19T15:10:30.408+0000] {logging_mixin.py:188} INFO - [2026-02-19T15:10:30.408+0000] {dag.py:3036} INFO - Sync 1 DAGs
[2026-02-19T15:10:30.420+0000] {logging_mixin.py:188} INFO - [2026-02-19T15:10:30.420+0000] {dag.py:3823} INFO - Setting next_dagrun for ecommerce_etl_v2 to 2026-02-19 13:00:00+00:00, run_after=2026-02-20 13:00:00+00:00
[2026-02-19T15:10:30.430+0000] {processor.py:183} INFO - Processing /opt/airflow/dags/etl_dag.py took 0.185 seconds
[2026-02-19T15:11:00.719+0000] {processor.py:161} INFO - Started process (PID=78153) to work on /opt/airflow/dags/etl_dag.py
[2026-02-19T15:11:00.721+0000] {processor.py:830} INFO - Processing file /opt/airflow/dags/etl_dag.py for tasks to queue
[2026-02-19T15:11:00.722+0000] {logging_mixin.py:188} INFO - [2026-02-19T15:11:00.722+0000] {dagbag.py:538} INFO - Filling up the DagBag from /opt/airflow/dags/etl_dag.py
[2026-02-19T15:11:00.770+0000] {logging_mixin.py:188} INFO - Warning: Your Kaggle API key is readable by other users on this system! To fix this, you can run 'chmod 600 /home/airflow/.kaggle/kaggle.json'
[2026-02-19T15:11:00.830+0000] {logging_mixin.py:188} WARNING - /home/airflow/.local/lib/python3.8/site-packages/airflow/models/baseoperator.py:437 AirflowProviderDeprecationWarning: `exists_ok` parameter is deprecated, please use `if_exists`
[2026-02-19T15:11:00.839+0000] {processor.py:840} INFO - DAG(s) 'ecommerce_etl_v2' retrieved from /opt/airflow/dags/etl_dag.py
[2026-02-19T15:11:00.859+0000] {logging_mixin.py:188} INFO - [2026-02-19T15:11:00.859+0000] {dag.py:3036} INFO - Sync 1 DAGs
[2026-02-19T15:11:00.872+0000] {logging_mixin.py:188} INFO - [2026-02-19T15:11:00.872+0000] {dag.py:3823} INFO - Setting next_dagrun for ecommerce_etl_v2 to 2026-02-19 13:00:00+00:00, run_after=2026-02-20 13:00:00+00:00
[2026-02-19T15:11:00.882+0000] {processor.py:183} INFO - Processing /opt/airflow/dags/etl_dag.py took 0.168 seconds
[2026-02-19T15:11:31.065+0000] {processor.py:161} INFO - Started process (PID=78184) to work on /opt/airflow/dags/etl_dag.py
[2026-02-19T15:11:31.065+0000] {processor.py:830} INFO - Processing file /opt/airflow/dags/etl_dag.py for tasks to queue
[2026-02-19T15:11:31.066+0000] {logging_mixin.py:188} INFO - [2026-02-19T15:11:31.066+0000] {dagbag.py:538} INFO - Filling up the DagBag from /opt/airflow/dags/etl_dag.py
[2026-02-19T15:11:31.110+0000] {logging_mixin.py:188} INFO - Warning: Your Kaggle API key is readable by other users on this system! To fix this, you can run 'chmod 600 /home/airflow/.kaggle/kaggle.json'
[2026-02-19T15:11:31.173+0000] {logging_mixin.py:188} WARNING - /home/airflow/.local/lib/python3.8/site-packages/airflow/models/baseoperator.py:437 AirflowProviderDeprecationWarning: `exists_ok` parameter is deprecated, please use `if_exists`
[2026-02-19T15:11:31.183+0000] {processor.py:840} INFO - DAG(s) 'ecommerce_etl_v2' retrieved from /opt/airflow/dags/etl_dag.py
[2026-02-19T15:11:31.204+0000] {logging_mixin.py:188} INFO - [2026-02-19T15:11:31.204+0000] {dag.py:3036} INFO - Sync 1 DAGs
[2026-02-19T15:11:31.216+0000] {logging_mixin.py:188} INFO - [2026-02-19T15:11:31.216+0000] {dag.py:3823} INFO - Setting next_dagrun for ecommerce_etl_v2 to 2026-02-19 13:00:00+00:00, run_after=2026-02-20 13:00:00+00:00
[2026-02-19T15:11:31.227+0000] {processor.py:183} INFO - Processing /opt/airflow/dags/etl_dag.py took 0.165 seconds
[2026-02-19T15:12:01.476+0000] {processor.py:161} INFO - Started process (PID=78215) to work on /opt/airflow/dags/etl_dag.py
[2026-02-19T15:12:01.478+0000] {processor.py:830} INFO - Processing file /opt/airflow/dags/etl_dag.py for tasks to queue
[2026-02-19T15:12:01.479+0000] {logging_mixin.py:188} INFO - [2026-02-19T15:12:01.478+0000] {dagbag.py:538} INFO - Filling up the DagBag from /opt/airflow/dags/etl_dag.py
[2026-02-19T15:12:01.522+0000] {logging_mixin.py:188} INFO - Warning: Your Kaggle API key is readable by other users on this system! To fix this, you can run 'chmod 600 /home/airflow/.kaggle/kaggle.json'
[2026-02-19T15:12:01.582+0000] {logging_mixin.py:188} WARNING - /home/airflow/.local/lib/python3.8/site-packages/airflow/models/baseoperator.py:437 AirflowProviderDeprecationWarning: `exists_ok` parameter is deprecated, please use `if_exists`
[2026-02-19T15:12:01.591+0000] {processor.py:840} INFO - DAG(s) 'ecommerce_etl_v2' retrieved from /opt/airflow/dags/etl_dag.py
[2026-02-19T15:12:01.609+0000] {logging_mixin.py:188} INFO - [2026-02-19T15:12:01.609+0000] {dag.py:3036} INFO - Sync 1 DAGs
[2026-02-19T15:12:01.619+0000] {logging_mixin.py:188} INFO - [2026-02-19T15:12:01.619+0000] {dag.py:3823} INFO - Setting next_dagrun for ecommerce_etl_v2 to 2026-02-19 13:00:00+00:00, run_after=2026-02-20 13:00:00+00:00
[2026-02-19T15:12:01.631+0000] {processor.py:183} INFO - Processing /opt/airflow/dags/etl_dag.py took 0.158 seconds
[2026-02-19T15:12:31.771+0000] {processor.py:161} INFO - Started process (PID=78246) to work on /opt/airflow/dags/etl_dag.py
[2026-02-19T15:12:31.773+0000] {processor.py:830} INFO - Processing file /opt/airflow/dags/etl_dag.py for tasks to queue
[2026-02-19T15:12:31.774+0000] {logging_mixin.py:188} INFO - [2026-02-19T15:12:31.773+0000] {dagbag.py:538} INFO - Filling up the DagBag from /opt/airflow/dags/etl_dag.py
[2026-02-19T15:12:31.819+0000] {logging_mixin.py:188} INFO - Warning: Your Kaggle API key is readable by other users on this system! To fix this, you can run 'chmod 600 /home/airflow/.kaggle/kaggle.json'
[2026-02-19T15:12:31.878+0000] {logging_mixin.py:188} WARNING - /home/airflow/.local/lib/python3.8/site-packages/airflow/models/baseoperator.py:437 AirflowProviderDeprecationWarning: `exists_ok` parameter is deprecated, please use `if_exists`
[2026-02-19T15:12:31.887+0000] {processor.py:840} INFO - DAG(s) 'ecommerce_etl_v2' retrieved from /opt/airflow/dags/etl_dag.py
[2026-02-19T15:12:31.905+0000] {logging_mixin.py:188} INFO - [2026-02-19T15:12:31.905+0000] {dag.py:3036} INFO - Sync 1 DAGs
[2026-02-19T15:12:31.916+0000] {logging_mixin.py:188} INFO - [2026-02-19T15:12:31.915+0000] {dag.py:3823} INFO - Setting next_dagrun for ecommerce_etl_v2 to 2026-02-19 13:00:00+00:00, run_after=2026-02-20 13:00:00+00:00
[2026-02-19T15:12:31.924+0000] {processor.py:183} INFO - Processing /opt/airflow/dags/etl_dag.py took 0.157 seconds
[2026-02-19T15:13:02.099+0000] {processor.py:161} INFO - Started process (PID=78277) to work on /opt/airflow/dags/etl_dag.py
[2026-02-19T15:13:02.100+0000] {processor.py:830} INFO - Processing file /opt/airflow/dags/etl_dag.py for tasks to queue
[2026-02-19T15:13:02.101+0000] {logging_mixin.py:188} INFO - [2026-02-19T15:13:02.101+0000] {dagbag.py:538} INFO - Filling up the DagBag from /opt/airflow/dags/etl_dag.py
[2026-02-19T15:13:02.149+0000] {logging_mixin.py:188} INFO - Warning: Your Kaggle API key is readable by other users on this system! To fix this, you can run 'chmod 600 /home/airflow/.kaggle/kaggle.json'
[2026-02-19T15:13:02.211+0000] {logging_mixin.py:188} WARNING - /home/airflow/.local/lib/python3.8/site-packages/airflow/models/baseoperator.py:437 AirflowProviderDeprecationWarning: `exists_ok` parameter is deprecated, please use `if_exists`
[2026-02-19T15:13:02.220+0000] {processor.py:840} INFO - DAG(s) 'ecommerce_etl_v2' retrieved from /opt/airflow/dags/etl_dag.py
[2026-02-19T15:13:02.240+0000] {logging_mixin.py:188} INFO - [2026-02-19T15:13:02.239+0000] {dag.py:3036} INFO - Sync 1 DAGs
[2026-02-19T15:13:02.251+0000] {logging_mixin.py:188} INFO - [2026-02-19T15:13:02.251+0000] {dag.py:3823} INFO - Setting next_dagrun for ecommerce_etl_v2 to 2026-02-19 13:00:00+00:00, run_after=2026-02-20 13:00:00+00:00
[2026-02-19T15:13:02.260+0000] {processor.py:183} INFO - Processing /opt/airflow/dags/etl_dag.py took 0.166 seconds
[2026-02-19T15:13:32.560+0000] {processor.py:161} INFO - Started process (PID=78308) to work on /opt/airflow/dags/etl_dag.py
[2026-02-19T15:13:32.561+0000] {processor.py:830} INFO - Processing file /opt/airflow/dags/etl_dag.py for tasks to queue
[2026-02-19T15:13:32.561+0000] {logging_mixin.py:188} INFO - [2026-02-19T15:13:32.561+0000] {dagbag.py:538} INFO - Filling up the DagBag from /opt/airflow/dags/etl_dag.py
[2026-02-19T15:13:32.618+0000] {logging_mixin.py:188} INFO - Warning: Your Kaggle API key is readable by other users on this system! To fix this, you can run 'chmod 600 /home/airflow/.kaggle/kaggle.json'
[2026-02-19T15:13:32.686+0000] {logging_mixin.py:188} WARNING - /home/airflow/.local/lib/python3.8/site-packages/airflow/models/baseoperator.py:437 AirflowProviderDeprecationWarning: `exists_ok` parameter is deprecated, please use `if_exists`
[2026-02-19T15:13:32.696+0000] {processor.py:840} INFO - DAG(s) 'ecommerce_etl_v2' retrieved from /opt/airflow/dags/etl_dag.py
[2026-02-19T15:13:32.722+0000] {logging_mixin.py:188} INFO - [2026-02-19T15:13:32.721+0000] {dag.py:3036} INFO - Sync 1 DAGs
[2026-02-19T15:13:32.736+0000] {logging_mixin.py:188} INFO - [2026-02-19T15:13:32.736+0000] {dag.py:3823} INFO - Setting next_dagrun for ecommerce_etl_v2 to 2026-02-19 13:00:00+00:00, run_after=2026-02-20 13:00:00+00:00
[2026-02-19T15:13:32.747+0000] {processor.py:183} INFO - Processing /opt/airflow/dags/etl_dag.py took 0.190 seconds
[2026-02-19T15:23:16.312+0000] {processor.py:161} INFO - Started process (PID=78339) to work on /opt/airflow/dags/etl_dag.py
[2026-02-19T15:23:16.314+0000] {processor.py:830} INFO - Processing file /opt/airflow/dags/etl_dag.py for tasks to queue
[2026-02-19T15:23:16.315+0000] {logging_mixin.py:188} INFO - [2026-02-19T15:23:16.314+0000] {dagbag.py:538} INFO - Filling up the DagBag from /opt/airflow/dags/etl_dag.py
[2026-02-19T15:23:16.368+0000] {logging_mixin.py:188} INFO - Warning: Your Kaggle API key is readable by other users on this system! To fix this, you can run 'chmod 600 /home/airflow/.kaggle/kaggle.json'
[2026-02-19T15:23:16.433+0000] {logging_mixin.py:188} WARNING - /home/airflow/.local/lib/python3.8/site-packages/airflow/models/baseoperator.py:437 AirflowProviderDeprecationWarning: `exists_ok` parameter is deprecated, please use `if_exists`
[2026-02-19T15:23:16.443+0000] {processor.py:840} INFO - DAG(s) 'ecommerce_etl_v2' retrieved from /opt/airflow/dags/etl_dag.py
[2026-02-19T15:23:16.466+0000] {logging_mixin.py:188} INFO - [2026-02-19T15:23:16.466+0000] {dag.py:3036} INFO - Sync 1 DAGs
[2026-02-19T15:23:16.479+0000] {logging_mixin.py:188} INFO - [2026-02-19T15:23:16.479+0000] {dag.py:3823} INFO - Setting next_dagrun for ecommerce_etl_v2 to 2026-02-19 13:00:00+00:00, run_after=2026-02-20 13:00:00+00:00
[2026-02-19T15:23:16.489+0000] {processor.py:183} INFO - Processing /opt/airflow/dags/etl_dag.py took 0.182 seconds
[2026-02-19T15:23:46.806+0000] {processor.py:161} INFO - Started process (PID=78372) to work on /opt/airflow/dags/etl_dag.py
[2026-02-19T15:23:46.807+0000] {processor.py:830} INFO - Processing file /opt/airflow/dags/etl_dag.py for tasks to queue
[2026-02-19T15:23:46.808+0000] {logging_mixin.py:188} INFO - [2026-02-19T15:23:46.808+0000] {dagbag.py:538} INFO - Filling up the DagBag from /opt/airflow/dags/etl_dag.py
[2026-02-19T15:23:46.857+0000] {logging_mixin.py:188} INFO - Warning: Your Kaggle API key is readable by other users on this system! To fix this, you can run 'chmod 600 /home/airflow/.kaggle/kaggle.json'
[2026-02-19T15:23:46.919+0000] {logging_mixin.py:188} WARNING - /home/airflow/.local/lib/python3.8/site-packages/airflow/models/baseoperator.py:437 AirflowProviderDeprecationWarning: `exists_ok` parameter is deprecated, please use `if_exists`
[2026-02-19T15:23:46.929+0000] {processor.py:840} INFO - DAG(s) 'ecommerce_etl_v2' retrieved from /opt/airflow/dags/etl_dag.py
[2026-02-19T15:23:46.951+0000] {logging_mixin.py:188} INFO - [2026-02-19T15:23:46.951+0000] {dag.py:3036} INFO - Sync 1 DAGs
[2026-02-19T15:23:46.962+0000] {logging_mixin.py:188} INFO - [2026-02-19T15:23:46.962+0000] {dag.py:3823} INFO - Setting next_dagrun for ecommerce_etl_v2 to 2026-02-19 13:00:00+00:00, run_after=2026-02-20 13:00:00+00:00
[2026-02-19T15:23:46.971+0000] {processor.py:183} INFO - Processing /opt/airflow/dags/etl_dag.py took 0.169 seconds
[2026-02-19T15:24:17.143+0000] {processor.py:161} INFO - Started process (PID=78403) to work on /opt/airflow/dags/etl_dag.py
[2026-02-19T15:24:17.145+0000] {processor.py:830} INFO - Processing file /opt/airflow/dags/etl_dag.py for tasks to queue
[2026-02-19T15:24:17.146+0000] {logging_mixin.py:188} INFO - [2026-02-19T15:24:17.145+0000] {dagbag.py:538} INFO - Filling up the DagBag from /opt/airflow/dags/etl_dag.py
[2026-02-19T15:24:17.190+0000] {logging_mixin.py:188} INFO - Warning: Your Kaggle API key is readable by other users on this system! To fix this, you can run 'chmod 600 /home/airflow/.kaggle/kaggle.json'
[2026-02-19T15:24:17.251+0000] {logging_mixin.py:188} WARNING - /home/airflow/.local/lib/python3.8/site-packages/airflow/models/baseoperator.py:437 AirflowProviderDeprecationWarning: `exists_ok` parameter is deprecated, please use `if_exists`
[2026-02-19T15:24:17.263+0000] {processor.py:840} INFO - DAG(s) 'ecommerce_etl_v2' retrieved from /opt/airflow/dags/etl_dag.py
[2026-02-19T15:24:17.282+0000] {logging_mixin.py:188} INFO - [2026-02-19T15:24:17.282+0000] {dag.py:3036} INFO - Sync 1 DAGs
[2026-02-19T15:24:17.293+0000] {logging_mixin.py:188} INFO - [2026-02-19T15:24:17.293+0000] {dag.py:3823} INFO - Setting next_dagrun for ecommerce_etl_v2 to 2026-02-19 13:00:00+00:00, run_after=2026-02-20 13:00:00+00:00
[2026-02-19T15:24:17.302+0000] {processor.py:183} INFO - Processing /opt/airflow/dags/etl_dag.py took 0.166 seconds
[2026-02-19T15:24:47.509+0000] {processor.py:161} INFO - Started process (PID=78434) to work on /opt/airflow/dags/etl_dag.py
[2026-02-19T15:24:47.510+0000] {processor.py:830} INFO - Processing file /opt/airflow/dags/etl_dag.py for tasks to queue
[2026-02-19T15:24:47.511+0000] {logging_mixin.py:188} INFO - [2026-02-19T15:24:47.511+0000] {dagbag.py:538} INFO - Filling up the DagBag from /opt/airflow/dags/etl_dag.py
[2026-02-19T15:24:47.563+0000] {logging_mixin.py:188} INFO - Warning: Your Kaggle API key is readable by other users on this system! To fix this, you can run 'chmod 600 /home/airflow/.kaggle/kaggle.json'
[2026-02-19T15:24:47.624+0000] {logging_mixin.py:188} WARNING - /home/airflow/.local/lib/python3.8/site-packages/airflow/models/baseoperator.py:437 AirflowProviderDeprecationWarning: `exists_ok` parameter is deprecated, please use `if_exists`
[2026-02-19T15:24:47.633+0000] {processor.py:840} INFO - DAG(s) 'ecommerce_etl_v2' retrieved from /opt/airflow/dags/etl_dag.py
[2026-02-19T15:24:47.652+0000] {logging_mixin.py:188} INFO - [2026-02-19T15:24:47.652+0000] {dag.py:3036} INFO - Sync 1 DAGs
[2026-02-19T15:24:47.663+0000] {logging_mixin.py:188} INFO - [2026-02-19T15:24:47.663+0000] {dag.py:3823} INFO - Setting next_dagrun for ecommerce_etl_v2 to 2026-02-19 13:00:00+00:00, run_after=2026-02-20 13:00:00+00:00
[2026-02-19T15:24:47.674+0000] {processor.py:183} INFO - Processing /opt/airflow/dags/etl_dag.py took 0.169 seconds
[2026-02-19T16:39:09.876+0000] {processor.py:161} INFO - Started process (PID=78465) to work on /opt/airflow/dags/etl_dag.py
[2026-02-19T16:39:09.877+0000] {processor.py:830} INFO - Processing file /opt/airflow/dags/etl_dag.py for tasks to queue
[2026-02-19T16:39:09.878+0000] {logging_mixin.py:188} INFO - [2026-02-19T16:39:09.877+0000] {dagbag.py:538} INFO - Filling up the DagBag from /opt/airflow/dags/etl_dag.py
[2026-02-19T16:39:09.924+0000] {logging_mixin.py:188} INFO - Warning: Your Kaggle API key is readable by other users on this system! To fix this, you can run 'chmod 600 /home/airflow/.kaggle/kaggle.json'
[2026-02-19T16:39:09.993+0000] {logging_mixin.py:188} WARNING - /home/airflow/.local/lib/python3.8/site-packages/airflow/models/baseoperator.py:437 AirflowProviderDeprecationWarning: `exists_ok` parameter is deprecated, please use `if_exists`
[2026-02-19T16:39:10.008+0000] {processor.py:840} INFO - DAG(s) 'ecommerce_etl_v2' retrieved from /opt/airflow/dags/etl_dag.py
[2026-02-19T16:39:10.037+0000] {logging_mixin.py:188} INFO - [2026-02-19T16:39:10.037+0000] {dag.py:3036} INFO - Sync 1 DAGs
[2026-02-19T16:39:10.055+0000] {logging_mixin.py:188} INFO - [2026-02-19T16:39:10.055+0000] {dag.py:3823} INFO - Setting next_dagrun for ecommerce_etl_v2 to 2026-02-19 13:00:00+00:00, run_after=2026-02-20 13:00:00+00:00
[2026-02-19T16:39:10.069+0000] {processor.py:183} INFO - Processing /opt/airflow/dags/etl_dag.py took 0.196 seconds
[2026-02-19T17:39:45.917+0000] {processor.py:161} INFO - Started process (PID=78500) to work on /opt/airflow/dags/etl_dag.py
[2026-02-19T17:39:45.918+0000] {processor.py:830} INFO - Processing file /opt/airflow/dags/etl_dag.py for tasks to queue
[2026-02-19T17:39:45.919+0000] {logging_mixin.py:188} INFO - [2026-02-19T17:39:45.918+0000] {dagbag.py:538} INFO - Filling up the DagBag from /opt/airflow/dags/etl_dag.py
[2026-02-19T17:39:45.974+0000] {logging_mixin.py:188} INFO - Warning: Your Kaggle API key is readable by other users on this system! To fix this, you can run 'chmod 600 /home/airflow/.kaggle/kaggle.json'
[2026-02-19T17:39:46.047+0000] {logging_mixin.py:188} WARNING - /home/airflow/.local/lib/python3.8/site-packages/airflow/models/baseoperator.py:437 AirflowProviderDeprecationWarning: `exists_ok` parameter is deprecated, please use `if_exists`
[2026-02-19T17:39:46.061+0000] {processor.py:840} INFO - DAG(s) 'ecommerce_etl_v2' retrieved from /opt/airflow/dags/etl_dag.py
[2026-02-19T17:39:46.086+0000] {logging_mixin.py:188} INFO - [2026-02-19T17:39:46.086+0000] {dag.py:3036} INFO - Sync 1 DAGs
[2026-02-19T17:39:46.102+0000] {logging_mixin.py:188} INFO - [2026-02-19T17:39:46.102+0000] {dag.py:3823} INFO - Setting next_dagrun for ecommerce_etl_v2 to 2026-02-19 13:00:00+00:00, run_after=2026-02-20 13:00:00+00:00
[2026-02-19T17:39:46.115+0000] {processor.py:183} INFO - Processing /opt/airflow/dags/etl_dag.py took 0.201 seconds
[2026-02-19T18:14:30.953+0000] {processor.py:161} INFO - Started process (PID=78531) to work on /opt/airflow/dags/etl_dag.py
[2026-02-19T18:14:30.954+0000] {processor.py:830} INFO - Processing file /opt/airflow/dags/etl_dag.py for tasks to queue
[2026-02-19T18:14:30.956+0000] {logging_mixin.py:188} INFO - [2026-02-19T18:14:30.955+0000] {dagbag.py:538} INFO - Filling up the DagBag from /opt/airflow/dags/etl_dag.py
[2026-02-19T18:14:31.012+0000] {logging_mixin.py:188} INFO - Warning: Your Kaggle API key is readable by other users on this system! To fix this, you can run 'chmod 600 /home/airflow/.kaggle/kaggle.json'
[2026-02-19T18:14:31.082+0000] {logging_mixin.py:188} WARNING - /home/airflow/.local/lib/python3.8/site-packages/airflow/models/baseoperator.py:437 AirflowProviderDeprecationWarning: `exists_ok` parameter is deprecated, please use `if_exists`
[2026-02-19T18:14:31.093+0000] {processor.py:840} INFO - DAG(s) 'ecommerce_etl_v2' retrieved from /opt/airflow/dags/etl_dag.py
[2026-02-19T18:14:31.114+0000] {logging_mixin.py:188} INFO - [2026-02-19T18:14:31.114+0000] {dag.py:3036} INFO - Sync 1 DAGs
[2026-02-19T18:14:31.132+0000] {logging_mixin.py:188} INFO - [2026-02-19T18:14:31.131+0000] {dag.py:3823} INFO - Setting next_dagrun for ecommerce_etl_v2 to 2026-02-19 13:00:00+00:00, run_after=2026-02-20 13:00:00+00:00
[2026-02-19T18:14:31.144+0000] {processor.py:183} INFO - Processing /opt/airflow/dags/etl_dag.py took 0.195 seconds
[2026-02-19T18:58:22.492+0000] {processor.py:161} INFO - Started process (PID=78562) to work on /opt/airflow/dags/etl_dag.py
[2026-02-19T18:58:22.493+0000] {processor.py:830} INFO - Processing file /opt/airflow/dags/etl_dag.py for tasks to queue
[2026-02-19T18:58:22.493+0000] {logging_mixin.py:188} INFO - [2026-02-19T18:58:22.493+0000] {dagbag.py:538} INFO - Filling up the DagBag from /opt/airflow/dags/etl_dag.py
[2026-02-19T18:58:22.567+0000] {logging_mixin.py:188} INFO - Warning: Your Kaggle API key is readable by other users on this system! To fix this, you can run 'chmod 600 /home/airflow/.kaggle/kaggle.json'
[2026-02-19T18:58:22.683+0000] {logging_mixin.py:188} WARNING - /home/airflow/.local/lib/python3.8/site-packages/airflow/models/baseoperator.py:437 AirflowProviderDeprecationWarning: `exists_ok` parameter is deprecated, please use `if_exists`
[2026-02-19T18:58:22.700+0000] {processor.py:840} INFO - DAG(s) 'ecommerce_etl_v2' retrieved from /opt/airflow/dags/etl_dag.py
[2026-02-19T18:58:22.722+0000] {logging_mixin.py:188} INFO - [2026-02-19T18:58:22.722+0000] {dag.py:3036} INFO - Sync 1 DAGs
[2026-02-19T18:58:22.737+0000] {logging_mixin.py:188} INFO - [2026-02-19T18:58:22.737+0000] {dag.py:3823} INFO - Setting next_dagrun for ecommerce_etl_v2 to 2026-02-19 13:00:00+00:00, run_after=2026-02-20 13:00:00+00:00
[2026-02-19T18:58:22.751+0000] {processor.py:183} INFO - Processing /opt/airflow/dags/etl_dag.py took 0.262 seconds
[2026-02-19T19:43:42.187+0000] {processor.py:161} INFO - Started process (PID=78594) to work on /opt/airflow/dags/etl_dag.py
[2026-02-19T19:43:42.188+0000] {processor.py:830} INFO - Processing file /opt/airflow/dags/etl_dag.py for tasks to queue
[2026-02-19T19:43:42.188+0000] {logging_mixin.py:188} INFO - [2026-02-19T19:43:42.188+0000] {dagbag.py:538} INFO - Filling up the DagBag from /opt/airflow/dags/etl_dag.py
[2026-02-19T19:43:42.229+0000] {logging_mixin.py:188} INFO - Warning: Your Kaggle API key is readable by other users on this system! To fix this, you can run 'chmod 600 /home/airflow/.kaggle/kaggle.json'
[2026-02-19T19:43:42.291+0000] {logging_mixin.py:188} WARNING - /home/airflow/.local/lib/python3.8/site-packages/airflow/models/baseoperator.py:437 AirflowProviderDeprecationWarning: `exists_ok` parameter is deprecated, please use `if_exists`
[2026-02-19T19:43:42.300+0000] {processor.py:840} INFO - DAG(s) 'ecommerce_etl_v2' retrieved from /opt/airflow/dags/etl_dag.py
[2026-02-19T19:43:42.320+0000] {logging_mixin.py:188} INFO - [2026-02-19T19:43:42.319+0000] {dag.py:3036} INFO - Sync 1 DAGs
[2026-02-19T19:43:42.332+0000] {logging_mixin.py:188} INFO - [2026-02-19T19:43:42.332+0000] {dag.py:3823} INFO - Setting next_dagrun for ecommerce_etl_v2 to 2026-02-19 13:00:00+00:00, run_after=2026-02-20 13:00:00+00:00
[2026-02-19T19:43:42.343+0000] {processor.py:183} INFO - Processing /opt/airflow/dags/etl_dag.py took 0.159 seconds
[2026-02-19T20:23:11.853+0000] {processor.py:161} INFO - Started process (PID=78626) to work on /opt/airflow/dags/etl_dag.py
[2026-02-19T20:23:11.854+0000] {processor.py:830} INFO - Processing file /opt/airflow/dags/etl_dag.py for tasks to queue
[2026-02-19T20:23:11.855+0000] {logging_mixin.py:188} INFO - [2026-02-19T20:23:11.854+0000] {dagbag.py:538} INFO - Filling up the DagBag from /opt/airflow/dags/etl_dag.py
[2026-02-19T20:23:11.897+0000] {logging_mixin.py:188} INFO - Warning: Your Kaggle API key is readable by other users on this system! To fix this, you can run 'chmod 600 /home/airflow/.kaggle/kaggle.json'
[2026-02-19T20:23:11.957+0000] {logging_mixin.py:188} WARNING - /home/airflow/.local/lib/python3.8/site-packages/airflow/models/baseoperator.py:437 AirflowProviderDeprecationWarning: `exists_ok` parameter is deprecated, please use `if_exists`
[2026-02-19T20:23:11.966+0000] {processor.py:840} INFO - DAG(s) 'ecommerce_etl_v2' retrieved from /opt/airflow/dags/etl_dag.py
[2026-02-19T20:23:11.986+0000] {logging_mixin.py:188} INFO - [2026-02-19T20:23:11.985+0000] {dag.py:3036} INFO - Sync 1 DAGs
[2026-02-19T20:23:11.997+0000] {logging_mixin.py:188} INFO - [2026-02-19T20:23:11.996+0000] {dag.py:3823} INFO - Setting next_dagrun for ecommerce_etl_v2 to 2026-02-19 13:00:00+00:00, run_after=2026-02-20 13:00:00+00:00
[2026-02-19T20:23:12.005+0000] {processor.py:183} INFO - Processing /opt/airflow/dags/etl_dag.py took 0.156 seconds
[2026-02-19T20:45:16.841+0000] {processor.py:161} INFO - Started process (PID=78657) to work on /opt/airflow/dags/etl_dag.py
[2026-02-19T20:45:16.843+0000] {processor.py:830} INFO - Processing file /opt/airflow/dags/etl_dag.py for tasks to queue
[2026-02-19T20:45:16.844+0000] {logging_mixin.py:188} INFO - [2026-02-19T20:45:16.843+0000] {dagbag.py:538} INFO - Filling up the DagBag from /opt/airflow/dags/etl_dag.py
[2026-02-19T20:45:16.898+0000] {logging_mixin.py:188} INFO - Warning: Your Kaggle API key is readable by other users on this system! To fix this, you can run 'chmod 600 /home/airflow/.kaggle/kaggle.json'
[2026-02-19T20:45:16.965+0000] {logging_mixin.py:188} WARNING - /home/airflow/.local/lib/python3.8/site-packages/airflow/models/baseoperator.py:437 AirflowProviderDeprecationWarning: `exists_ok` parameter is deprecated, please use `if_exists`
[2026-02-19T20:45:16.977+0000] {processor.py:840} INFO - DAG(s) 'ecommerce_etl_v2' retrieved from /opt/airflow/dags/etl_dag.py
[2026-02-19T20:45:17.007+0000] {logging_mixin.py:188} INFO - [2026-02-19T20:45:17.007+0000] {dag.py:3036} INFO - Sync 1 DAGs
[2026-02-19T20:45:17.026+0000] {logging_mixin.py:188} INFO - [2026-02-19T20:45:17.026+0000] {dag.py:3823} INFO - Setting next_dagrun for ecommerce_etl_v2 to 2026-02-19 13:00:00+00:00, run_after=2026-02-20 13:00:00+00:00
[2026-02-19T20:45:17.039+0000] {processor.py:183} INFO - Processing /opt/airflow/dags/etl_dag.py took 0.202 seconds
[2026-02-19T22:01:39.460+0000] {processor.py:161} INFO - Started process (PID=78688) to work on /opt/airflow/dags/etl_dag.py
[2026-02-19T22:01:39.461+0000] {processor.py:830} INFO - Processing file /opt/airflow/dags/etl_dag.py for tasks to queue
[2026-02-19T22:01:39.461+0000] {logging_mixin.py:188} INFO - [2026-02-19T22:01:39.461+0000] {dagbag.py:538} INFO - Filling up the DagBag from /opt/airflow/dags/etl_dag.py
[2026-02-19T22:01:39.503+0000] {logging_mixin.py:188} INFO - Warning: Your Kaggle API key is readable by other users on this system! To fix this, you can run 'chmod 600 /home/airflow/.kaggle/kaggle.json'
[2026-02-19T22:01:39.563+0000] {logging_mixin.py:188} WARNING - /home/airflow/.local/lib/python3.8/site-packages/airflow/models/baseoperator.py:437 AirflowProviderDeprecationWarning: `exists_ok` parameter is deprecated, please use `if_exists`
[2026-02-19T22:01:39.573+0000] {processor.py:840} INFO - DAG(s) 'ecommerce_etl_v2' retrieved from /opt/airflow/dags/etl_dag.py
[2026-02-19T22:01:39.594+0000] {logging_mixin.py:188} INFO - [2026-02-19T22:01:39.593+0000] {dag.py:3036} INFO - Sync 1 DAGs
[2026-02-19T22:01:39.606+0000] {logging_mixin.py:188} INFO - [2026-02-19T22:01:39.606+0000] {dag.py:3823} INFO - Setting next_dagrun for ecommerce_etl_v2 to 2026-02-19 13:00:00+00:00, run_after=2026-02-20 13:00:00+00:00
[2026-02-19T22:01:39.615+0000] {processor.py:183} INFO - Processing /opt/airflow/dags/etl_dag.py took 0.159 seconds
[2026-02-19T22:29:34.111+0000] {processor.py:161} INFO - Started process (PID=78719) to work on /opt/airflow/dags/etl_dag.py
[2026-02-19T22:29:34.112+0000] {processor.py:830} INFO - Processing file /opt/airflow/dags/etl_dag.py for tasks to queue
[2026-02-19T22:29:34.113+0000] {logging_mixin.py:188} INFO - [2026-02-19T22:29:34.113+0000] {dagbag.py:538} INFO - Filling up the DagBag from /opt/airflow/dags/etl_dag.py
[2026-02-19T22:29:34.157+0000] {logging_mixin.py:188} INFO - Warning: Your Kaggle API key is readable by other users on this system! To fix this, you can run 'chmod 600 /home/airflow/.kaggle/kaggle.json'
[2026-02-19T22:29:34.217+0000] {logging_mixin.py:188} WARNING - /home/airflow/.local/lib/python3.8/site-packages/airflow/models/baseoperator.py:437 AirflowProviderDeprecationWarning: `exists_ok` parameter is deprecated, please use `if_exists`
[2026-02-19T22:29:34.226+0000] {processor.py:840} INFO - DAG(s) 'ecommerce_etl_v2' retrieved from /opt/airflow/dags/etl_dag.py
[2026-02-19T22:29:34.247+0000] {logging_mixin.py:188} INFO - [2026-02-19T22:29:34.247+0000] {dag.py:3036} INFO - Sync 1 DAGs
[2026-02-19T22:29:34.261+0000] {logging_mixin.py:188} INFO - [2026-02-19T22:29:34.261+0000] {dag.py:3823} INFO - Setting next_dagrun for ecommerce_etl_v2 to 2026-02-19 13:00:00+00:00, run_after=2026-02-20 13:00:00+00:00
[2026-02-19T22:29:34.275+0000] {processor.py:183} INFO - Processing /opt/airflow/dags/etl_dag.py took 0.168 seconds
[2026-02-19T22:50:35.668+0000] {processor.py:161} INFO - Started process (PID=78750) to work on /opt/airflow/dags/etl_dag.py
[2026-02-19T22:50:35.669+0000] {processor.py:830} INFO - Processing file /opt/airflow/dags/etl_dag.py for tasks to queue
[2026-02-19T22:50:35.670+0000] {logging_mixin.py:188} INFO - [2026-02-19T22:50:35.670+0000] {dagbag.py:538} INFO - Filling up the DagBag from /opt/airflow/dags/etl_dag.py
[2026-02-19T22:50:35.712+0000] {logging_mixin.py:188} INFO - Warning: Your Kaggle API key is readable by other users on this system! To fix this, you can run 'chmod 600 /home/airflow/.kaggle/kaggle.json'
[2026-02-19T22:50:35.774+0000] {logging_mixin.py:188} WARNING - /home/airflow/.local/lib/python3.8/site-packages/airflow/models/baseoperator.py:437 AirflowProviderDeprecationWarning: `exists_ok` parameter is deprecated, please use `if_exists`
[2026-02-19T22:50:35.785+0000] {processor.py:840} INFO - DAG(s) 'ecommerce_etl_v2' retrieved from /opt/airflow/dags/etl_dag.py
[2026-02-19T22:50:35.805+0000] {logging_mixin.py:188} INFO - [2026-02-19T22:50:35.805+0000] {dag.py:3036} INFO - Sync 1 DAGs
[2026-02-19T22:50:35.816+0000] {logging_mixin.py:188} INFO - [2026-02-19T22:50:35.816+0000] {dag.py:3823} INFO - Setting next_dagrun for ecommerce_etl_v2 to 2026-02-19 13:00:00+00:00, run_after=2026-02-20 13:00:00+00:00
[2026-02-19T22:50:35.825+0000] {processor.py:183} INFO - Processing /opt/airflow/dags/etl_dag.py took 0.160 seconds
[2026-02-19T23:19:18.917+0000] {processor.py:161} INFO - Started process (PID=78781) to work on /opt/airflow/dags/etl_dag.py
[2026-02-19T23:19:18.918+0000] {processor.py:830} INFO - Processing file /opt/airflow/dags/etl_dag.py for tasks to queue
[2026-02-19T23:19:18.919+0000] {logging_mixin.py:188} INFO - [2026-02-19T23:19:18.918+0000] {dagbag.py:538} INFO - Filling up the DagBag from /opt/airflow/dags/etl_dag.py
[2026-02-19T23:19:18.986+0000] {logging_mixin.py:188} INFO - Warning: Your Kaggle API key is readable by other users on this system! To fix this, you can run 'chmod 600 /home/airflow/.kaggle/kaggle.json'
[2026-02-19T23:19:19.080+0000] {logging_mixin.py:188} WARNING - /home/airflow/.local/lib/python3.8/site-packages/airflow/models/baseoperator.py:437 AirflowProviderDeprecationWarning: `exists_ok` parameter is deprecated, please use `if_exists`
[2026-02-19T23:19:19.092+0000] {processor.py:840} INFO - DAG(s) 'ecommerce_etl_v2' retrieved from /opt/airflow/dags/etl_dag.py
[2026-02-19T23:19:19.119+0000] {logging_mixin.py:188} INFO - [2026-02-19T23:19:19.118+0000] {dag.py:3036} INFO - Sync 1 DAGs
[2026-02-19T23:19:19.134+0000] {logging_mixin.py:188} INFO - [2026-02-19T23:19:19.134+0000] {dag.py:3823} INFO - Setting next_dagrun for ecommerce_etl_v2 to 2026-02-19 13:00:00+00:00, run_after=2026-02-20 13:00:00+00:00
[2026-02-19T23:19:19.148+0000] {processor.py:183} INFO - Processing /opt/airflow/dags/etl_dag.py took 0.236 seconds
