[2026-02-17T00:49:45.958+0000] {processor.py:161} INFO - Started process (PID=49971) to work on /opt/airflow/dags/etl_dag.py
[2026-02-17T00:49:45.958+0000] {processor.py:830} INFO - Processing file /opt/airflow/dags/etl_dag.py for tasks to queue
[2026-02-17T00:49:45.959+0000] {logging_mixin.py:188} INFO - [2026-02-17T00:49:45.959+0000] {dagbag.py:538} INFO - Filling up the DagBag from /opt/airflow/dags/etl_dag.py
[2026-02-17T00:49:45.996+0000] {logging_mixin.py:188} INFO - Warning: Your Kaggle API key is readable by other users on this system! To fix this, you can run 'chmod 600 /home/airflow/.kaggle/kaggle.json'
[2026-02-17T00:49:46.056+0000] {logging_mixin.py:188} WARNING - /home/airflow/.local/lib/python3.8/site-packages/airflow/models/baseoperator.py:437 AirflowProviderDeprecationWarning: `exists_ok` parameter is deprecated, please use `if_exists`
[2026-02-17T00:49:46.068+0000] {processor.py:840} INFO - DAG(s) 'ecommerce_etl_v2' retrieved from /opt/airflow/dags/etl_dag.py
[2026-02-17T00:49:46.087+0000] {logging_mixin.py:188} INFO - [2026-02-17T00:49:46.087+0000] {dag.py:3036} INFO - Sync 1 DAGs
[2026-02-17T00:49:46.098+0000] {logging_mixin.py:188} INFO - [2026-02-17T00:49:46.098+0000] {dag.py:3823} INFO - Setting next_dagrun for ecommerce_etl_v2 to 2026-02-16 13:00:00+00:00, run_after=2026-02-17 13:00:00+00:00
[2026-02-17T00:49:46.107+0000] {processor.py:183} INFO - Processing /opt/airflow/dags/etl_dag.py took 0.151 seconds
[2026-02-17T01:34:24.811+0000] {processor.py:161} INFO - Started process (PID=50003) to work on /opt/airflow/dags/etl_dag.py
[2026-02-17T01:34:24.812+0000] {processor.py:830} INFO - Processing file /opt/airflow/dags/etl_dag.py for tasks to queue
[2026-02-17T01:34:24.813+0000] {logging_mixin.py:188} INFO - [2026-02-17T01:34:24.813+0000] {dagbag.py:538} INFO - Filling up the DagBag from /opt/airflow/dags/etl_dag.py
[2026-02-17T01:34:24.864+0000] {logging_mixin.py:188} INFO - Warning: Your Kaggle API key is readable by other users on this system! To fix this, you can run 'chmod 600 /home/airflow/.kaggle/kaggle.json'
[2026-02-17T01:34:24.936+0000] {logging_mixin.py:188} WARNING - /home/airflow/.local/lib/python3.8/site-packages/airflow/models/baseoperator.py:437 AirflowProviderDeprecationWarning: `exists_ok` parameter is deprecated, please use `if_exists`
[2026-02-17T01:34:24.948+0000] {processor.py:840} INFO - DAG(s) 'ecommerce_etl_v2' retrieved from /opt/airflow/dags/etl_dag.py
[2026-02-17T01:34:24.973+0000] {logging_mixin.py:188} INFO - [2026-02-17T01:34:24.973+0000] {dag.py:3036} INFO - Sync 1 DAGs
[2026-02-17T01:34:24.987+0000] {logging_mixin.py:188} INFO - [2026-02-17T01:34:24.987+0000] {dag.py:3823} INFO - Setting next_dagrun for ecommerce_etl_v2 to 2026-02-16 13:00:00+00:00, run_after=2026-02-17 13:00:00+00:00
[2026-02-17T01:34:25.002+0000] {processor.py:183} INFO - Processing /opt/airflow/dags/etl_dag.py took 0.193 seconds
[2026-02-17T02:38:54.769+0000] {processor.py:161} INFO - Started process (PID=50035) to work on /opt/airflow/dags/etl_dag.py
[2026-02-17T02:38:54.770+0000] {processor.py:830} INFO - Processing file /opt/airflow/dags/etl_dag.py for tasks to queue
[2026-02-17T02:38:54.771+0000] {logging_mixin.py:188} INFO - [2026-02-17T02:38:54.771+0000] {dagbag.py:538} INFO - Filling up the DagBag from /opt/airflow/dags/etl_dag.py
[2026-02-17T02:38:54.823+0000] {logging_mixin.py:188} INFO - Warning: Your Kaggle API key is readable by other users on this system! To fix this, you can run 'chmod 600 /home/airflow/.kaggle/kaggle.json'
[2026-02-17T02:38:54.897+0000] {logging_mixin.py:188} WARNING - /home/airflow/.local/lib/python3.8/site-packages/airflow/models/baseoperator.py:437 AirflowProviderDeprecationWarning: `exists_ok` parameter is deprecated, please use `if_exists`
[2026-02-17T02:38:54.911+0000] {processor.py:840} INFO - DAG(s) 'ecommerce_etl_v2' retrieved from /opt/airflow/dags/etl_dag.py
[2026-02-17T02:38:54.943+0000] {logging_mixin.py:188} INFO - [2026-02-17T02:38:54.943+0000] {dag.py:3036} INFO - Sync 1 DAGs
[2026-02-17T02:38:54.972+0000] {logging_mixin.py:188} INFO - [2026-02-17T02:38:54.970+0000] {dag.py:3823} INFO - Setting next_dagrun for ecommerce_etl_v2 to 2026-02-16 13:00:00+00:00, run_after=2026-02-17 13:00:00+00:00
[2026-02-17T02:38:55.006+0000] {processor.py:183} INFO - Processing /opt/airflow/dags/etl_dag.py took 0.239 seconds
[2026-02-17T04:11:56.775+0000] {processor.py:161} INFO - Started process (PID=50068) to work on /opt/airflow/dags/etl_dag.py
[2026-02-17T04:11:56.776+0000] {processor.py:830} INFO - Processing file /opt/airflow/dags/etl_dag.py for tasks to queue
[2026-02-17T04:11:56.777+0000] {logging_mixin.py:188} INFO - [2026-02-17T04:11:56.777+0000] {dagbag.py:538} INFO - Filling up the DagBag from /opt/airflow/dags/etl_dag.py
[2026-02-17T04:11:56.826+0000] {logging_mixin.py:188} INFO - Warning: Your Kaggle API key is readable by other users on this system! To fix this, you can run 'chmod 600 /home/airflow/.kaggle/kaggle.json'
[2026-02-17T04:11:56.900+0000] {logging_mixin.py:188} WARNING - /home/airflow/.local/lib/python3.8/site-packages/airflow/models/baseoperator.py:437 AirflowProviderDeprecationWarning: `exists_ok` parameter is deprecated, please use `if_exists`
[2026-02-17T04:11:56.911+0000] {processor.py:840} INFO - DAG(s) 'ecommerce_etl_v2' retrieved from /opt/airflow/dags/etl_dag.py
[2026-02-17T04:11:56.935+0000] {logging_mixin.py:188} INFO - [2026-02-17T04:11:56.935+0000] {dag.py:3036} INFO - Sync 1 DAGs
[2026-02-17T04:11:56.951+0000] {logging_mixin.py:188} INFO - [2026-02-17T04:11:56.950+0000] {dag.py:3823} INFO - Setting next_dagrun for ecommerce_etl_v2 to 2026-02-16 13:00:00+00:00, run_after=2026-02-17 13:00:00+00:00
[2026-02-17T04:11:56.964+0000] {processor.py:183} INFO - Processing /opt/airflow/dags/etl_dag.py took 0.193 seconds
[2026-02-17T04:12:27.250+0000] {processor.py:161} INFO - Started process (PID=50099) to work on /opt/airflow/dags/etl_dag.py
[2026-02-17T04:12:27.251+0000] {processor.py:830} INFO - Processing file /opt/airflow/dags/etl_dag.py for tasks to queue
[2026-02-17T04:12:27.252+0000] {logging_mixin.py:188} INFO - [2026-02-17T04:12:27.252+0000] {dagbag.py:538} INFO - Filling up the DagBag from /opt/airflow/dags/etl_dag.py
[2026-02-17T04:12:27.303+0000] {logging_mixin.py:188} INFO - Warning: Your Kaggle API key is readable by other users on this system! To fix this, you can run 'chmod 600 /home/airflow/.kaggle/kaggle.json'
[2026-02-17T04:12:27.365+0000] {logging_mixin.py:188} WARNING - /home/airflow/.local/lib/python3.8/site-packages/airflow/models/baseoperator.py:437 AirflowProviderDeprecationWarning: `exists_ok` parameter is deprecated, please use `if_exists`
[2026-02-17T04:12:27.375+0000] {processor.py:840} INFO - DAG(s) 'ecommerce_etl_v2' retrieved from /opt/airflow/dags/etl_dag.py
[2026-02-17T04:12:27.396+0000] {logging_mixin.py:188} INFO - [2026-02-17T04:12:27.396+0000] {dag.py:3036} INFO - Sync 1 DAGs
[2026-02-17T04:12:27.408+0000] {logging_mixin.py:188} INFO - [2026-02-17T04:12:27.407+0000] {dag.py:3823} INFO - Setting next_dagrun for ecommerce_etl_v2 to 2026-02-16 13:00:00+00:00, run_after=2026-02-17 13:00:00+00:00
[2026-02-17T04:12:27.417+0000] {processor.py:183} INFO - Processing /opt/airflow/dags/etl_dag.py took 0.173 seconds
[2026-02-17T04:12:57.514+0000] {processor.py:161} INFO - Started process (PID=50130) to work on /opt/airflow/dags/etl_dag.py
[2026-02-17T04:12:57.515+0000] {processor.py:830} INFO - Processing file /opt/airflow/dags/etl_dag.py for tasks to queue
[2026-02-17T04:12:57.516+0000] {logging_mixin.py:188} INFO - [2026-02-17T04:12:57.515+0000] {dagbag.py:538} INFO - Filling up the DagBag from /opt/airflow/dags/etl_dag.py
[2026-02-17T04:12:57.572+0000] {logging_mixin.py:188} INFO - Warning: Your Kaggle API key is readable by other users on this system! To fix this, you can run 'chmod 600 /home/airflow/.kaggle/kaggle.json'
[2026-02-17T04:12:57.634+0000] {logging_mixin.py:188} WARNING - /home/airflow/.local/lib/python3.8/site-packages/airflow/models/baseoperator.py:437 AirflowProviderDeprecationWarning: `exists_ok` parameter is deprecated, please use `if_exists`
[2026-02-17T04:12:57.646+0000] {processor.py:840} INFO - DAG(s) 'ecommerce_etl_v2' retrieved from /opt/airflow/dags/etl_dag.py
[2026-02-17T04:12:57.668+0000] {logging_mixin.py:188} INFO - [2026-02-17T04:12:57.668+0000] {dag.py:3036} INFO - Sync 1 DAGs
[2026-02-17T04:12:57.680+0000] {logging_mixin.py:188} INFO - [2026-02-17T04:12:57.680+0000] {dag.py:3823} INFO - Setting next_dagrun for ecommerce_etl_v2 to 2026-02-16 13:00:00+00:00, run_after=2026-02-17 13:00:00+00:00
[2026-02-17T04:12:57.689+0000] {processor.py:183} INFO - Processing /opt/airflow/dags/etl_dag.py took 0.178 seconds
[2026-02-17T04:13:27.941+0000] {processor.py:161} INFO - Started process (PID=50161) to work on /opt/airflow/dags/etl_dag.py
[2026-02-17T04:13:27.942+0000] {processor.py:830} INFO - Processing file /opt/airflow/dags/etl_dag.py for tasks to queue
[2026-02-17T04:13:27.944+0000] {logging_mixin.py:188} INFO - [2026-02-17T04:13:27.943+0000] {dagbag.py:538} INFO - Filling up the DagBag from /opt/airflow/dags/etl_dag.py
[2026-02-17T04:13:27.991+0000] {logging_mixin.py:188} INFO - Warning: Your Kaggle API key is readable by other users on this system! To fix this, you can run 'chmod 600 /home/airflow/.kaggle/kaggle.json'
[2026-02-17T04:13:28.051+0000] {logging_mixin.py:188} WARNING - /home/airflow/.local/lib/python3.8/site-packages/airflow/models/baseoperator.py:437 AirflowProviderDeprecationWarning: `exists_ok` parameter is deprecated, please use `if_exists`
[2026-02-17T04:13:28.060+0000] {processor.py:840} INFO - DAG(s) 'ecommerce_etl_v2' retrieved from /opt/airflow/dags/etl_dag.py
[2026-02-17T04:13:28.082+0000] {logging_mixin.py:188} INFO - [2026-02-17T04:13:28.082+0000] {dag.py:3036} INFO - Sync 1 DAGs
[2026-02-17T04:13:28.095+0000] {logging_mixin.py:188} INFO - [2026-02-17T04:13:28.094+0000] {dag.py:3823} INFO - Setting next_dagrun for ecommerce_etl_v2 to 2026-02-16 13:00:00+00:00, run_after=2026-02-17 13:00:00+00:00
[2026-02-17T04:13:28.104+0000] {processor.py:183} INFO - Processing /opt/airflow/dags/etl_dag.py took 0.167 seconds
[2026-02-17T04:13:58.302+0000] {processor.py:161} INFO - Started process (PID=50192) to work on /opt/airflow/dags/etl_dag.py
[2026-02-17T04:13:58.303+0000] {processor.py:830} INFO - Processing file /opt/airflow/dags/etl_dag.py for tasks to queue
[2026-02-17T04:13:58.305+0000] {logging_mixin.py:188} INFO - [2026-02-17T04:13:58.304+0000] {dagbag.py:538} INFO - Filling up the DagBag from /opt/airflow/dags/etl_dag.py
[2026-02-17T04:13:58.355+0000] {logging_mixin.py:188} INFO - Warning: Your Kaggle API key is readable by other users on this system! To fix this, you can run 'chmod 600 /home/airflow/.kaggle/kaggle.json'
[2026-02-17T04:13:58.417+0000] {logging_mixin.py:188} WARNING - /home/airflow/.local/lib/python3.8/site-packages/airflow/models/baseoperator.py:437 AirflowProviderDeprecationWarning: `exists_ok` parameter is deprecated, please use `if_exists`
[2026-02-17T04:13:58.426+0000] {processor.py:840} INFO - DAG(s) 'ecommerce_etl_v2' retrieved from /opt/airflow/dags/etl_dag.py
[2026-02-17T04:13:58.444+0000] {logging_mixin.py:188} INFO - [2026-02-17T04:13:58.444+0000] {dag.py:3036} INFO - Sync 1 DAGs
[2026-02-17T04:13:58.454+0000] {logging_mixin.py:188} INFO - [2026-02-17T04:13:58.454+0000] {dag.py:3823} INFO - Setting next_dagrun for ecommerce_etl_v2 to 2026-02-16 13:00:00+00:00, run_after=2026-02-17 13:00:00+00:00
[2026-02-17T04:13:58.463+0000] {processor.py:183} INFO - Processing /opt/airflow/dags/etl_dag.py took 0.165 seconds
[2026-02-17T04:14:28.711+0000] {processor.py:161} INFO - Started process (PID=50223) to work on /opt/airflow/dags/etl_dag.py
[2026-02-17T04:14:28.712+0000] {processor.py:830} INFO - Processing file /opt/airflow/dags/etl_dag.py for tasks to queue
[2026-02-17T04:14:28.713+0000] {logging_mixin.py:188} INFO - [2026-02-17T04:14:28.713+0000] {dagbag.py:538} INFO - Filling up the DagBag from /opt/airflow/dags/etl_dag.py
[2026-02-17T04:14:28.762+0000] {logging_mixin.py:188} INFO - Warning: Your Kaggle API key is readable by other users on this system! To fix this, you can run 'chmod 600 /home/airflow/.kaggle/kaggle.json'
[2026-02-17T04:14:28.822+0000] {logging_mixin.py:188} WARNING - /home/airflow/.local/lib/python3.8/site-packages/airflow/models/baseoperator.py:437 AirflowProviderDeprecationWarning: `exists_ok` parameter is deprecated, please use `if_exists`
[2026-02-17T04:14:28.833+0000] {processor.py:840} INFO - DAG(s) 'ecommerce_etl_v2' retrieved from /opt/airflow/dags/etl_dag.py
[2026-02-17T04:14:28.853+0000] {logging_mixin.py:188} INFO - [2026-02-17T04:14:28.853+0000] {dag.py:3036} INFO - Sync 1 DAGs
[2026-02-17T04:14:28.863+0000] {logging_mixin.py:188} INFO - [2026-02-17T04:14:28.863+0000] {dag.py:3823} INFO - Setting next_dagrun for ecommerce_etl_v2 to 2026-02-16 13:00:00+00:00, run_after=2026-02-17 13:00:00+00:00
[2026-02-17T04:14:28.872+0000] {processor.py:183} INFO - Processing /opt/airflow/dags/etl_dag.py took 0.165 seconds
[2026-02-17T04:14:58.974+0000] {processor.py:161} INFO - Started process (PID=50254) to work on /opt/airflow/dags/etl_dag.py
[2026-02-17T04:14:58.975+0000] {processor.py:830} INFO - Processing file /opt/airflow/dags/etl_dag.py for tasks to queue
[2026-02-17T04:14:58.981+0000] {logging_mixin.py:188} INFO - [2026-02-17T04:14:58.981+0000] {dagbag.py:538} INFO - Filling up the DagBag from /opt/airflow/dags/etl_dag.py
[2026-02-17T04:14:59.029+0000] {logging_mixin.py:188} INFO - Warning: Your Kaggle API key is readable by other users on this system! To fix this, you can run 'chmod 600 /home/airflow/.kaggle/kaggle.json'
[2026-02-17T04:14:59.091+0000] {logging_mixin.py:188} WARNING - /home/airflow/.local/lib/python3.8/site-packages/airflow/models/baseoperator.py:437 AirflowProviderDeprecationWarning: `exists_ok` parameter is deprecated, please use `if_exists`
[2026-02-17T04:14:59.101+0000] {processor.py:840} INFO - DAG(s) 'ecommerce_etl_v2' retrieved from /opt/airflow/dags/etl_dag.py
[2026-02-17T04:14:59.125+0000] {logging_mixin.py:188} INFO - [2026-02-17T04:14:59.125+0000] {dag.py:3036} INFO - Sync 1 DAGs
[2026-02-17T04:14:59.139+0000] {logging_mixin.py:188} INFO - [2026-02-17T04:14:59.138+0000] {dag.py:3823} INFO - Setting next_dagrun for ecommerce_etl_v2 to 2026-02-16 13:00:00+00:00, run_after=2026-02-17 13:00:00+00:00
[2026-02-17T04:14:59.149+0000] {processor.py:183} INFO - Processing /opt/airflow/dags/etl_dag.py took 0.180 seconds
[2026-02-17T04:15:29.504+0000] {processor.py:161} INFO - Started process (PID=50285) to work on /opt/airflow/dags/etl_dag.py
[2026-02-17T04:15:29.506+0000] {processor.py:830} INFO - Processing file /opt/airflow/dags/etl_dag.py for tasks to queue
[2026-02-17T04:15:29.506+0000] {logging_mixin.py:188} INFO - [2026-02-17T04:15:29.506+0000] {dagbag.py:538} INFO - Filling up the DagBag from /opt/airflow/dags/etl_dag.py
[2026-02-17T04:15:29.556+0000] {logging_mixin.py:188} INFO - Warning: Your Kaggle API key is readable by other users on this system! To fix this, you can run 'chmod 600 /home/airflow/.kaggle/kaggle.json'
[2026-02-17T04:15:29.615+0000] {logging_mixin.py:188} WARNING - /home/airflow/.local/lib/python3.8/site-packages/airflow/models/baseoperator.py:437 AirflowProviderDeprecationWarning: `exists_ok` parameter is deprecated, please use `if_exists`
[2026-02-17T04:15:29.627+0000] {processor.py:840} INFO - DAG(s) 'ecommerce_etl_v2' retrieved from /opt/airflow/dags/etl_dag.py
[2026-02-17T04:15:29.645+0000] {logging_mixin.py:188} INFO - [2026-02-17T04:15:29.645+0000] {dag.py:3036} INFO - Sync 1 DAGs
[2026-02-17T04:15:29.656+0000] {logging_mixin.py:188} INFO - [2026-02-17T04:15:29.656+0000] {dag.py:3823} INFO - Setting next_dagrun for ecommerce_etl_v2 to 2026-02-16 13:00:00+00:00, run_after=2026-02-17 13:00:00+00:00
[2026-02-17T04:15:29.664+0000] {processor.py:183} INFO - Processing /opt/airflow/dags/etl_dag.py took 0.164 seconds
[2026-02-17T04:15:59.862+0000] {processor.py:161} INFO - Started process (PID=50316) to work on /opt/airflow/dags/etl_dag.py
[2026-02-17T04:15:59.863+0000] {processor.py:830} INFO - Processing file /opt/airflow/dags/etl_dag.py for tasks to queue
[2026-02-17T04:15:59.864+0000] {logging_mixin.py:188} INFO - [2026-02-17T04:15:59.864+0000] {dagbag.py:538} INFO - Filling up the DagBag from /opt/airflow/dags/etl_dag.py
[2026-02-17T04:15:59.909+0000] {logging_mixin.py:188} INFO - Warning: Your Kaggle API key is readable by other users on this system! To fix this, you can run 'chmod 600 /home/airflow/.kaggle/kaggle.json'
[2026-02-17T04:15:59.970+0000] {logging_mixin.py:188} WARNING - /home/airflow/.local/lib/python3.8/site-packages/airflow/models/baseoperator.py:437 AirflowProviderDeprecationWarning: `exists_ok` parameter is deprecated, please use `if_exists`
[2026-02-17T04:15:59.980+0000] {processor.py:840} INFO - DAG(s) 'ecommerce_etl_v2' retrieved from /opt/airflow/dags/etl_dag.py
[2026-02-17T04:15:59.998+0000] {logging_mixin.py:188} INFO - [2026-02-17T04:15:59.998+0000] {dag.py:3036} INFO - Sync 1 DAGs
[2026-02-17T04:16:00.008+0000] {logging_mixin.py:188} INFO - [2026-02-17T04:16:00.008+0000] {dag.py:3823} INFO - Setting next_dagrun for ecommerce_etl_v2 to 2026-02-16 13:00:00+00:00, run_after=2026-02-17 13:00:00+00:00
[2026-02-17T04:16:00.016+0000] {processor.py:183} INFO - Processing /opt/airflow/dags/etl_dag.py took 0.158 seconds
[2026-02-17T04:16:30.254+0000] {processor.py:161} INFO - Started process (PID=50347) to work on /opt/airflow/dags/etl_dag.py
[2026-02-17T04:16:30.255+0000] {processor.py:830} INFO - Processing file /opt/airflow/dags/etl_dag.py for tasks to queue
[2026-02-17T04:16:30.256+0000] {logging_mixin.py:188} INFO - [2026-02-17T04:16:30.256+0000] {dagbag.py:538} INFO - Filling up the DagBag from /opt/airflow/dags/etl_dag.py
[2026-02-17T04:16:30.301+0000] {logging_mixin.py:188} INFO - Warning: Your Kaggle API key is readable by other users on this system! To fix this, you can run 'chmod 600 /home/airflow/.kaggle/kaggle.json'
[2026-02-17T04:16:30.361+0000] {logging_mixin.py:188} WARNING - /home/airflow/.local/lib/python3.8/site-packages/airflow/models/baseoperator.py:437 AirflowProviderDeprecationWarning: `exists_ok` parameter is deprecated, please use `if_exists`
[2026-02-17T04:16:30.370+0000] {processor.py:840} INFO - DAG(s) 'ecommerce_etl_v2' retrieved from /opt/airflow/dags/etl_dag.py
[2026-02-17T04:16:30.388+0000] {logging_mixin.py:188} INFO - [2026-02-17T04:16:30.388+0000] {dag.py:3036} INFO - Sync 1 DAGs
[2026-02-17T04:16:30.398+0000] {logging_mixin.py:188} INFO - [2026-02-17T04:16:30.398+0000] {dag.py:3823} INFO - Setting next_dagrun for ecommerce_etl_v2 to 2026-02-16 13:00:00+00:00, run_after=2026-02-17 13:00:00+00:00
[2026-02-17T04:16:30.407+0000] {processor.py:183} INFO - Processing /opt/airflow/dags/etl_dag.py took 0.157 seconds
[2026-02-17T04:17:00.651+0000] {processor.py:161} INFO - Started process (PID=50378) to work on /opt/airflow/dags/etl_dag.py
[2026-02-17T04:17:00.652+0000] {processor.py:830} INFO - Processing file /opt/airflow/dags/etl_dag.py for tasks to queue
[2026-02-17T04:17:00.653+0000] {logging_mixin.py:188} INFO - [2026-02-17T04:17:00.653+0000] {dagbag.py:538} INFO - Filling up the DagBag from /opt/airflow/dags/etl_dag.py
[2026-02-17T04:17:00.698+0000] {logging_mixin.py:188} INFO - Warning: Your Kaggle API key is readable by other users on this system! To fix this, you can run 'chmod 600 /home/airflow/.kaggle/kaggle.json'
[2026-02-17T04:17:00.758+0000] {logging_mixin.py:188} WARNING - /home/airflow/.local/lib/python3.8/site-packages/airflow/models/baseoperator.py:437 AirflowProviderDeprecationWarning: `exists_ok` parameter is deprecated, please use `if_exists`
[2026-02-17T04:17:00.766+0000] {processor.py:840} INFO - DAG(s) 'ecommerce_etl_v2' retrieved from /opt/airflow/dags/etl_dag.py
[2026-02-17T04:17:00.785+0000] {logging_mixin.py:188} INFO - [2026-02-17T04:17:00.785+0000] {dag.py:3036} INFO - Sync 1 DAGs
[2026-02-17T04:17:00.795+0000] {logging_mixin.py:188} INFO - [2026-02-17T04:17:00.795+0000] {dag.py:3823} INFO - Setting next_dagrun for ecommerce_etl_v2 to 2026-02-16 13:00:00+00:00, run_after=2026-02-17 13:00:00+00:00
[2026-02-17T04:17:00.805+0000] {processor.py:183} INFO - Processing /opt/airflow/dags/etl_dag.py took 0.159 seconds
[2026-02-17T04:17:31.000+0000] {processor.py:161} INFO - Started process (PID=50409) to work on /opt/airflow/dags/etl_dag.py
[2026-02-17T04:17:31.002+0000] {processor.py:830} INFO - Processing file /opt/airflow/dags/etl_dag.py for tasks to queue
[2026-02-17T04:17:31.003+0000] {logging_mixin.py:188} INFO - [2026-02-17T04:17:31.003+0000] {dagbag.py:538} INFO - Filling up the DagBag from /opt/airflow/dags/etl_dag.py
[2026-02-17T04:17:31.049+0000] {logging_mixin.py:188} INFO - Warning: Your Kaggle API key is readable by other users on this system! To fix this, you can run 'chmod 600 /home/airflow/.kaggle/kaggle.json'
[2026-02-17T04:17:31.109+0000] {logging_mixin.py:188} WARNING - /home/airflow/.local/lib/python3.8/site-packages/airflow/models/baseoperator.py:437 AirflowProviderDeprecationWarning: `exists_ok` parameter is deprecated, please use `if_exists`
[2026-02-17T04:17:31.117+0000] {processor.py:840} INFO - DAG(s) 'ecommerce_etl_v2' retrieved from /opt/airflow/dags/etl_dag.py
[2026-02-17T04:17:31.136+0000] {logging_mixin.py:188} INFO - [2026-02-17T04:17:31.135+0000] {dag.py:3036} INFO - Sync 1 DAGs
[2026-02-17T04:17:31.146+0000] {logging_mixin.py:188} INFO - [2026-02-17T04:17:31.145+0000] {dag.py:3823} INFO - Setting next_dagrun for ecommerce_etl_v2 to 2026-02-16 13:00:00+00:00, run_after=2026-02-17 13:00:00+00:00
[2026-02-17T04:17:31.155+0000] {processor.py:183} INFO - Processing /opt/airflow/dags/etl_dag.py took 0.160 seconds
[2026-02-17T04:18:01.432+0000] {processor.py:161} INFO - Started process (PID=50440) to work on /opt/airflow/dags/etl_dag.py
[2026-02-17T04:18:01.433+0000] {processor.py:830} INFO - Processing file /opt/airflow/dags/etl_dag.py for tasks to queue
[2026-02-17T04:18:01.433+0000] {logging_mixin.py:188} INFO - [2026-02-17T04:18:01.433+0000] {dagbag.py:538} INFO - Filling up the DagBag from /opt/airflow/dags/etl_dag.py
[2026-02-17T04:18:01.477+0000] {logging_mixin.py:188} INFO - Warning: Your Kaggle API key is readable by other users on this system! To fix this, you can run 'chmod 600 /home/airflow/.kaggle/kaggle.json'
[2026-02-17T04:18:01.538+0000] {logging_mixin.py:188} WARNING - /home/airflow/.local/lib/python3.8/site-packages/airflow/models/baseoperator.py:437 AirflowProviderDeprecationWarning: `exists_ok` parameter is deprecated, please use `if_exists`
[2026-02-17T04:18:01.548+0000] {processor.py:840} INFO - DAG(s) 'ecommerce_etl_v2' retrieved from /opt/airflow/dags/etl_dag.py
[2026-02-17T04:18:01.568+0000] {logging_mixin.py:188} INFO - [2026-02-17T04:18:01.568+0000] {dag.py:3036} INFO - Sync 1 DAGs
[2026-02-17T04:18:01.579+0000] {logging_mixin.py:188} INFO - [2026-02-17T04:18:01.579+0000] {dag.py:3823} INFO - Setting next_dagrun for ecommerce_etl_v2 to 2026-02-16 13:00:00+00:00, run_after=2026-02-17 13:00:00+00:00
[2026-02-17T04:18:01.589+0000] {processor.py:183} INFO - Processing /opt/airflow/dags/etl_dag.py took 0.159 seconds
[2026-02-17T04:18:31.757+0000] {processor.py:161} INFO - Started process (PID=50471) to work on /opt/airflow/dags/etl_dag.py
[2026-02-17T04:18:31.759+0000] {processor.py:830} INFO - Processing file /opt/airflow/dags/etl_dag.py for tasks to queue
[2026-02-17T04:18:31.760+0000] {logging_mixin.py:188} INFO - [2026-02-17T04:18:31.759+0000] {dagbag.py:538} INFO - Filling up the DagBag from /opt/airflow/dags/etl_dag.py
[2026-02-17T04:18:31.806+0000] {logging_mixin.py:188} INFO - Warning: Your Kaggle API key is readable by other users on this system! To fix this, you can run 'chmod 600 /home/airflow/.kaggle/kaggle.json'
[2026-02-17T04:18:31.867+0000] {logging_mixin.py:188} WARNING - /home/airflow/.local/lib/python3.8/site-packages/airflow/models/baseoperator.py:437 AirflowProviderDeprecationWarning: `exists_ok` parameter is deprecated, please use `if_exists`
[2026-02-17T04:18:31.877+0000] {processor.py:840} INFO - DAG(s) 'ecommerce_etl_v2' retrieved from /opt/airflow/dags/etl_dag.py
[2026-02-17T04:18:31.898+0000] {logging_mixin.py:188} INFO - [2026-02-17T04:18:31.898+0000] {dag.py:3036} INFO - Sync 1 DAGs
[2026-02-17T04:18:31.909+0000] {logging_mixin.py:188} INFO - [2026-02-17T04:18:31.909+0000] {dag.py:3823} INFO - Setting next_dagrun for ecommerce_etl_v2 to 2026-02-16 13:00:00+00:00, run_after=2026-02-17 13:00:00+00:00
[2026-02-17T04:18:31.919+0000] {processor.py:183} INFO - Processing /opt/airflow/dags/etl_dag.py took 0.166 seconds
[2026-02-17T04:19:02.171+0000] {processor.py:161} INFO - Started process (PID=50502) to work on /opt/airflow/dags/etl_dag.py
[2026-02-17T04:19:02.172+0000] {processor.py:830} INFO - Processing file /opt/airflow/dags/etl_dag.py for tasks to queue
[2026-02-17T04:19:02.173+0000] {logging_mixin.py:188} INFO - [2026-02-17T04:19:02.173+0000] {dagbag.py:538} INFO - Filling up the DagBag from /opt/airflow/dags/etl_dag.py
[2026-02-17T04:19:02.220+0000] {logging_mixin.py:188} INFO - Warning: Your Kaggle API key is readable by other users on this system! To fix this, you can run 'chmod 600 /home/airflow/.kaggle/kaggle.json'
[2026-02-17T04:19:02.281+0000] {logging_mixin.py:188} WARNING - /home/airflow/.local/lib/python3.8/site-packages/airflow/models/baseoperator.py:437 AirflowProviderDeprecationWarning: `exists_ok` parameter is deprecated, please use `if_exists`
[2026-02-17T04:19:02.292+0000] {processor.py:840} INFO - DAG(s) 'ecommerce_etl_v2' retrieved from /opt/airflow/dags/etl_dag.py
[2026-02-17T04:19:02.312+0000] {logging_mixin.py:188} INFO - [2026-02-17T04:19:02.312+0000] {dag.py:3036} INFO - Sync 1 DAGs
[2026-02-17T04:19:02.323+0000] {logging_mixin.py:188} INFO - [2026-02-17T04:19:02.322+0000] {dag.py:3823} INFO - Setting next_dagrun for ecommerce_etl_v2 to 2026-02-16 13:00:00+00:00, run_after=2026-02-17 13:00:00+00:00
[2026-02-17T04:19:02.331+0000] {processor.py:183} INFO - Processing /opt/airflow/dags/etl_dag.py took 0.164 seconds
[2026-02-17T04:19:32.497+0000] {processor.py:161} INFO - Started process (PID=50533) to work on /opt/airflow/dags/etl_dag.py
[2026-02-17T04:19:32.498+0000] {processor.py:830} INFO - Processing file /opt/airflow/dags/etl_dag.py for tasks to queue
[2026-02-17T04:19:32.499+0000] {logging_mixin.py:188} INFO - [2026-02-17T04:19:32.499+0000] {dagbag.py:538} INFO - Filling up the DagBag from /opt/airflow/dags/etl_dag.py
[2026-02-17T04:19:32.545+0000] {logging_mixin.py:188} INFO - Warning: Your Kaggle API key is readable by other users on this system! To fix this, you can run 'chmod 600 /home/airflow/.kaggle/kaggle.json'
[2026-02-17T04:19:32.606+0000] {logging_mixin.py:188} WARNING - /home/airflow/.local/lib/python3.8/site-packages/airflow/models/baseoperator.py:437 AirflowProviderDeprecationWarning: `exists_ok` parameter is deprecated, please use `if_exists`
[2026-02-17T04:19:32.615+0000] {processor.py:840} INFO - DAG(s) 'ecommerce_etl_v2' retrieved from /opt/airflow/dags/etl_dag.py
[2026-02-17T04:19:32.634+0000] {logging_mixin.py:188} INFO - [2026-02-17T04:19:32.634+0000] {dag.py:3036} INFO - Sync 1 DAGs
[2026-02-17T04:19:32.646+0000] {logging_mixin.py:188} INFO - [2026-02-17T04:19:32.646+0000] {dag.py:3823} INFO - Setting next_dagrun for ecommerce_etl_v2 to 2026-02-16 13:00:00+00:00, run_after=2026-02-17 13:00:00+00:00
[2026-02-17T04:19:32.657+0000] {processor.py:183} INFO - Processing /opt/airflow/dags/etl_dag.py took 0.165 seconds
[2026-02-17T04:20:02.926+0000] {processor.py:161} INFO - Started process (PID=50564) to work on /opt/airflow/dags/etl_dag.py
[2026-02-17T04:20:02.927+0000] {processor.py:830} INFO - Processing file /opt/airflow/dags/etl_dag.py for tasks to queue
[2026-02-17T04:20:02.928+0000] {logging_mixin.py:188} INFO - [2026-02-17T04:20:02.928+0000] {dagbag.py:538} INFO - Filling up the DagBag from /opt/airflow/dags/etl_dag.py
[2026-02-17T04:20:02.968+0000] {logging_mixin.py:188} INFO - Warning: Your Kaggle API key is readable by other users on this system! To fix this, you can run 'chmod 600 /home/airflow/.kaggle/kaggle.json'
[2026-02-17T04:20:03.029+0000] {logging_mixin.py:188} WARNING - /home/airflow/.local/lib/python3.8/site-packages/airflow/models/baseoperator.py:437 AirflowProviderDeprecationWarning: `exists_ok` parameter is deprecated, please use `if_exists`
[2026-02-17T04:20:03.042+0000] {processor.py:840} INFO - DAG(s) 'ecommerce_etl_v2' retrieved from /opt/airflow/dags/etl_dag.py
[2026-02-17T04:20:03.062+0000] {logging_mixin.py:188} INFO - [2026-02-17T04:20:03.062+0000] {dag.py:3036} INFO - Sync 1 DAGs
[2026-02-17T04:20:03.073+0000] {logging_mixin.py:188} INFO - [2026-02-17T04:20:03.073+0000] {dag.py:3823} INFO - Setting next_dagrun for ecommerce_etl_v2 to 2026-02-16 13:00:00+00:00, run_after=2026-02-17 13:00:00+00:00
[2026-02-17T04:20:03.081+0000] {processor.py:183} INFO - Processing /opt/airflow/dags/etl_dag.py took 0.158 seconds
[2026-02-17T04:20:33.263+0000] {processor.py:161} INFO - Started process (PID=50595) to work on /opt/airflow/dags/etl_dag.py
[2026-02-17T04:20:33.264+0000] {processor.py:830} INFO - Processing file /opt/airflow/dags/etl_dag.py for tasks to queue
[2026-02-17T04:20:33.265+0000] {logging_mixin.py:188} INFO - [2026-02-17T04:20:33.265+0000] {dagbag.py:538} INFO - Filling up the DagBag from /opt/airflow/dags/etl_dag.py
[2026-02-17T04:20:33.313+0000] {logging_mixin.py:188} INFO - Warning: Your Kaggle API key is readable by other users on this system! To fix this, you can run 'chmod 600 /home/airflow/.kaggle/kaggle.json'
[2026-02-17T04:20:33.373+0000] {logging_mixin.py:188} WARNING - /home/airflow/.local/lib/python3.8/site-packages/airflow/models/baseoperator.py:437 AirflowProviderDeprecationWarning: `exists_ok` parameter is deprecated, please use `if_exists`
[2026-02-17T04:20:33.384+0000] {processor.py:840} INFO - DAG(s) 'ecommerce_etl_v2' retrieved from /opt/airflow/dags/etl_dag.py
[2026-02-17T04:20:33.404+0000] {logging_mixin.py:188} INFO - [2026-02-17T04:20:33.404+0000] {dag.py:3036} INFO - Sync 1 DAGs
[2026-02-17T04:20:33.415+0000] {logging_mixin.py:188} INFO - [2026-02-17T04:20:33.414+0000] {dag.py:3823} INFO - Setting next_dagrun for ecommerce_etl_v2 to 2026-02-16 13:00:00+00:00, run_after=2026-02-17 13:00:00+00:00
[2026-02-17T04:20:33.425+0000] {processor.py:183} INFO - Processing /opt/airflow/dags/etl_dag.py took 0.166 seconds
[2026-02-17T04:21:03.650+0000] {processor.py:161} INFO - Started process (PID=50626) to work on /opt/airflow/dags/etl_dag.py
[2026-02-17T04:21:03.651+0000] {processor.py:830} INFO - Processing file /opt/airflow/dags/etl_dag.py for tasks to queue
[2026-02-17T04:21:03.652+0000] {logging_mixin.py:188} INFO - [2026-02-17T04:21:03.652+0000] {dagbag.py:538} INFO - Filling up the DagBag from /opt/airflow/dags/etl_dag.py
[2026-02-17T04:21:03.691+0000] {logging_mixin.py:188} INFO - Warning: Your Kaggle API key is readable by other users on this system! To fix this, you can run 'chmod 600 /home/airflow/.kaggle/kaggle.json'
[2026-02-17T04:21:03.752+0000] {logging_mixin.py:188} WARNING - /home/airflow/.local/lib/python3.8/site-packages/airflow/models/baseoperator.py:437 AirflowProviderDeprecationWarning: `exists_ok` parameter is deprecated, please use `if_exists`
[2026-02-17T04:21:03.761+0000] {processor.py:840} INFO - DAG(s) 'ecommerce_etl_v2' retrieved from /opt/airflow/dags/etl_dag.py
[2026-02-17T04:21:03.780+0000] {logging_mixin.py:188} INFO - [2026-02-17T04:21:03.780+0000] {dag.py:3036} INFO - Sync 1 DAGs
[2026-02-17T04:21:03.791+0000] {logging_mixin.py:188} INFO - [2026-02-17T04:21:03.791+0000] {dag.py:3823} INFO - Setting next_dagrun for ecommerce_etl_v2 to 2026-02-16 13:00:00+00:00, run_after=2026-02-17 13:00:00+00:00
[2026-02-17T04:21:03.799+0000] {processor.py:183} INFO - Processing /opt/airflow/dags/etl_dag.py took 0.153 seconds
[2026-02-17T04:21:33.979+0000] {processor.py:161} INFO - Started process (PID=50657) to work on /opt/airflow/dags/etl_dag.py
[2026-02-17T04:21:33.979+0000] {processor.py:830} INFO - Processing file /opt/airflow/dags/etl_dag.py for tasks to queue
[2026-02-17T04:21:33.980+0000] {logging_mixin.py:188} INFO - [2026-02-17T04:21:33.980+0000] {dagbag.py:538} INFO - Filling up the DagBag from /opt/airflow/dags/etl_dag.py
[2026-02-17T04:21:34.023+0000] {logging_mixin.py:188} INFO - Warning: Your Kaggle API key is readable by other users on this system! To fix this, you can run 'chmod 600 /home/airflow/.kaggle/kaggle.json'
[2026-02-17T04:21:34.091+0000] {logging_mixin.py:188} WARNING - /home/airflow/.local/lib/python3.8/site-packages/airflow/models/baseoperator.py:437 AirflowProviderDeprecationWarning: `exists_ok` parameter is deprecated, please use `if_exists`
[2026-02-17T04:21:34.101+0000] {processor.py:840} INFO - DAG(s) 'ecommerce_etl_v2' retrieved from /opt/airflow/dags/etl_dag.py
[2026-02-17T04:21:34.119+0000] {logging_mixin.py:188} INFO - [2026-02-17T04:21:34.119+0000] {dag.py:3036} INFO - Sync 1 DAGs
[2026-02-17T04:21:34.130+0000] {logging_mixin.py:188} INFO - [2026-02-17T04:21:34.130+0000] {dag.py:3823} INFO - Setting next_dagrun for ecommerce_etl_v2 to 2026-02-16 13:00:00+00:00, run_after=2026-02-17 13:00:00+00:00
[2026-02-17T04:21:34.139+0000] {processor.py:183} INFO - Processing /opt/airflow/dags/etl_dag.py took 0.163 seconds
[2026-02-17T04:22:04.382+0000] {processor.py:161} INFO - Started process (PID=50688) to work on /opt/airflow/dags/etl_dag.py
[2026-02-17T04:22:04.383+0000] {processor.py:830} INFO - Processing file /opt/airflow/dags/etl_dag.py for tasks to queue
[2026-02-17T04:22:04.384+0000] {logging_mixin.py:188} INFO - [2026-02-17T04:22:04.383+0000] {dagbag.py:538} INFO - Filling up the DagBag from /opt/airflow/dags/etl_dag.py
[2026-02-17T04:22:04.429+0000] {logging_mixin.py:188} INFO - Warning: Your Kaggle API key is readable by other users on this system! To fix this, you can run 'chmod 600 /home/airflow/.kaggle/kaggle.json'
[2026-02-17T04:22:04.489+0000] {logging_mixin.py:188} WARNING - /home/airflow/.local/lib/python3.8/site-packages/airflow/models/baseoperator.py:437 AirflowProviderDeprecationWarning: `exists_ok` parameter is deprecated, please use `if_exists`
[2026-02-17T04:22:04.498+0000] {processor.py:840} INFO - DAG(s) 'ecommerce_etl_v2' retrieved from /opt/airflow/dags/etl_dag.py
[2026-02-17T04:22:04.517+0000] {logging_mixin.py:188} INFO - [2026-02-17T04:22:04.517+0000] {dag.py:3036} INFO - Sync 1 DAGs
[2026-02-17T04:22:04.527+0000] {logging_mixin.py:188} INFO - [2026-02-17T04:22:04.527+0000] {dag.py:3823} INFO - Setting next_dagrun for ecommerce_etl_v2 to 2026-02-16 13:00:00+00:00, run_after=2026-02-17 13:00:00+00:00
[2026-02-17T04:22:04.536+0000] {processor.py:183} INFO - Processing /opt/airflow/dags/etl_dag.py took 0.157 seconds
[2026-02-17T04:22:34.757+0000] {processor.py:161} INFO - Started process (PID=50719) to work on /opt/airflow/dags/etl_dag.py
[2026-02-17T04:22:34.758+0000] {processor.py:830} INFO - Processing file /opt/airflow/dags/etl_dag.py for tasks to queue
[2026-02-17T04:22:34.759+0000] {logging_mixin.py:188} INFO - [2026-02-17T04:22:34.759+0000] {dagbag.py:538} INFO - Filling up the DagBag from /opt/airflow/dags/etl_dag.py
[2026-02-17T04:22:34.804+0000] {logging_mixin.py:188} INFO - Warning: Your Kaggle API key is readable by other users on this system! To fix this, you can run 'chmod 600 /home/airflow/.kaggle/kaggle.json'
[2026-02-17T04:22:34.865+0000] {logging_mixin.py:188} WARNING - /home/airflow/.local/lib/python3.8/site-packages/airflow/models/baseoperator.py:437 AirflowProviderDeprecationWarning: `exists_ok` parameter is deprecated, please use `if_exists`
[2026-02-17T04:22:34.874+0000] {processor.py:840} INFO - DAG(s) 'ecommerce_etl_v2' retrieved from /opt/airflow/dags/etl_dag.py
[2026-02-17T04:22:34.892+0000] {logging_mixin.py:188} INFO - [2026-02-17T04:22:34.892+0000] {dag.py:3036} INFO - Sync 1 DAGs
[2026-02-17T04:22:34.903+0000] {logging_mixin.py:188} INFO - [2026-02-17T04:22:34.903+0000] {dag.py:3823} INFO - Setting next_dagrun for ecommerce_etl_v2 to 2026-02-16 13:00:00+00:00, run_after=2026-02-17 13:00:00+00:00
[2026-02-17T04:22:34.912+0000] {processor.py:183} INFO - Processing /opt/airflow/dags/etl_dag.py took 0.157 seconds
[2026-02-17T04:23:05.113+0000] {processor.py:161} INFO - Started process (PID=50750) to work on /opt/airflow/dags/etl_dag.py
[2026-02-17T04:23:05.114+0000] {processor.py:830} INFO - Processing file /opt/airflow/dags/etl_dag.py for tasks to queue
[2026-02-17T04:23:05.114+0000] {logging_mixin.py:188} INFO - [2026-02-17T04:23:05.114+0000] {dagbag.py:538} INFO - Filling up the DagBag from /opt/airflow/dags/etl_dag.py
[2026-02-17T04:23:05.158+0000] {logging_mixin.py:188} INFO - Warning: Your Kaggle API key is readable by other users on this system! To fix this, you can run 'chmod 600 /home/airflow/.kaggle/kaggle.json'
[2026-02-17T04:23:05.220+0000] {logging_mixin.py:188} WARNING - /home/airflow/.local/lib/python3.8/site-packages/airflow/models/baseoperator.py:437 AirflowProviderDeprecationWarning: `exists_ok` parameter is deprecated, please use `if_exists`
[2026-02-17T04:23:05.229+0000] {processor.py:840} INFO - DAG(s) 'ecommerce_etl_v2' retrieved from /opt/airflow/dags/etl_dag.py
[2026-02-17T04:23:05.248+0000] {logging_mixin.py:188} INFO - [2026-02-17T04:23:05.248+0000] {dag.py:3036} INFO - Sync 1 DAGs
[2026-02-17T04:23:05.258+0000] {logging_mixin.py:188} INFO - [2026-02-17T04:23:05.258+0000] {dag.py:3823} INFO - Setting next_dagrun for ecommerce_etl_v2 to 2026-02-16 13:00:00+00:00, run_after=2026-02-17 13:00:00+00:00
[2026-02-17T04:23:05.267+0000] {processor.py:183} INFO - Processing /opt/airflow/dags/etl_dag.py took 0.156 seconds
[2026-02-17T04:23:35.433+0000] {processor.py:161} INFO - Started process (PID=50781) to work on /opt/airflow/dags/etl_dag.py
[2026-02-17T04:23:35.434+0000] {processor.py:830} INFO - Processing file /opt/airflow/dags/etl_dag.py for tasks to queue
[2026-02-17T04:23:35.435+0000] {logging_mixin.py:188} INFO - [2026-02-17T04:23:35.435+0000] {dagbag.py:538} INFO - Filling up the DagBag from /opt/airflow/dags/etl_dag.py
[2026-02-17T04:23:35.478+0000] {logging_mixin.py:188} INFO - Warning: Your Kaggle API key is readable by other users on this system! To fix this, you can run 'chmod 600 /home/airflow/.kaggle/kaggle.json'
[2026-02-17T04:23:35.540+0000] {logging_mixin.py:188} WARNING - /home/airflow/.local/lib/python3.8/site-packages/airflow/models/baseoperator.py:437 AirflowProviderDeprecationWarning: `exists_ok` parameter is deprecated, please use `if_exists`
[2026-02-17T04:23:35.549+0000] {processor.py:840} INFO - DAG(s) 'ecommerce_etl_v2' retrieved from /opt/airflow/dags/etl_dag.py
[2026-02-17T04:23:35.568+0000] {logging_mixin.py:188} INFO - [2026-02-17T04:23:35.568+0000] {dag.py:3036} INFO - Sync 1 DAGs
[2026-02-17T04:23:35.579+0000] {logging_mixin.py:188} INFO - [2026-02-17T04:23:35.579+0000] {dag.py:3823} INFO - Setting next_dagrun for ecommerce_etl_v2 to 2026-02-16 13:00:00+00:00, run_after=2026-02-17 13:00:00+00:00
[2026-02-17T04:23:35.588+0000] {processor.py:183} INFO - Processing /opt/airflow/dags/etl_dag.py took 0.158 seconds
[2026-02-17T04:24:05.784+0000] {processor.py:161} INFO - Started process (PID=50812) to work on /opt/airflow/dags/etl_dag.py
[2026-02-17T04:24:05.785+0000] {processor.py:830} INFO - Processing file /opt/airflow/dags/etl_dag.py for tasks to queue
[2026-02-17T04:24:05.786+0000] {logging_mixin.py:188} INFO - [2026-02-17T04:24:05.786+0000] {dagbag.py:538} INFO - Filling up the DagBag from /opt/airflow/dags/etl_dag.py
[2026-02-17T04:24:05.831+0000] {logging_mixin.py:188} INFO - Warning: Your Kaggle API key is readable by other users on this system! To fix this, you can run 'chmod 600 /home/airflow/.kaggle/kaggle.json'
[2026-02-17T04:24:05.891+0000] {logging_mixin.py:188} WARNING - /home/airflow/.local/lib/python3.8/site-packages/airflow/models/baseoperator.py:437 AirflowProviderDeprecationWarning: `exists_ok` parameter is deprecated, please use `if_exists`
[2026-02-17T04:24:05.900+0000] {processor.py:840} INFO - DAG(s) 'ecommerce_etl_v2' retrieved from /opt/airflow/dags/etl_dag.py
[2026-02-17T04:24:05.919+0000] {logging_mixin.py:188} INFO - [2026-02-17T04:24:05.919+0000] {dag.py:3036} INFO - Sync 1 DAGs
[2026-02-17T04:24:05.929+0000] {logging_mixin.py:188} INFO - [2026-02-17T04:24:05.929+0000] {dag.py:3823} INFO - Setting next_dagrun for ecommerce_etl_v2 to 2026-02-16 13:00:00+00:00, run_after=2026-02-17 13:00:00+00:00
[2026-02-17T04:24:05.938+0000] {processor.py:183} INFO - Processing /opt/airflow/dags/etl_dag.py took 0.158 seconds
[2026-02-17T04:24:36.128+0000] {processor.py:161} INFO - Started process (PID=50843) to work on /opt/airflow/dags/etl_dag.py
[2026-02-17T04:24:36.129+0000] {processor.py:830} INFO - Processing file /opt/airflow/dags/etl_dag.py for tasks to queue
[2026-02-17T04:24:36.130+0000] {logging_mixin.py:188} INFO - [2026-02-17T04:24:36.129+0000] {dagbag.py:538} INFO - Filling up the DagBag from /opt/airflow/dags/etl_dag.py
[2026-02-17T04:24:36.175+0000] {logging_mixin.py:188} INFO - Warning: Your Kaggle API key is readable by other users on this system! To fix this, you can run 'chmod 600 /home/airflow/.kaggle/kaggle.json'
[2026-02-17T04:24:36.238+0000] {logging_mixin.py:188} WARNING - /home/airflow/.local/lib/python3.8/site-packages/airflow/models/baseoperator.py:437 AirflowProviderDeprecationWarning: `exists_ok` parameter is deprecated, please use `if_exists`
[2026-02-17T04:24:36.247+0000] {processor.py:840} INFO - DAG(s) 'ecommerce_etl_v2' retrieved from /opt/airflow/dags/etl_dag.py
[2026-02-17T04:24:36.266+0000] {logging_mixin.py:188} INFO - [2026-02-17T04:24:36.265+0000] {dag.py:3036} INFO - Sync 1 DAGs
[2026-02-17T04:24:36.276+0000] {logging_mixin.py:188} INFO - [2026-02-17T04:24:36.276+0000] {dag.py:3823} INFO - Setting next_dagrun for ecommerce_etl_v2 to 2026-02-16 13:00:00+00:00, run_after=2026-02-17 13:00:00+00:00
[2026-02-17T04:24:36.285+0000] {processor.py:183} INFO - Processing /opt/airflow/dags/etl_dag.py took 0.161 seconds
[2026-02-17T04:25:06.372+0000] {processor.py:161} INFO - Started process (PID=50874) to work on /opt/airflow/dags/etl_dag.py
[2026-02-17T04:25:06.373+0000] {processor.py:830} INFO - Processing file /opt/airflow/dags/etl_dag.py for tasks to queue
[2026-02-17T04:25:06.374+0000] {logging_mixin.py:188} INFO - [2026-02-17T04:25:06.374+0000] {dagbag.py:538} INFO - Filling up the DagBag from /opt/airflow/dags/etl_dag.py
[2026-02-17T04:25:06.418+0000] {logging_mixin.py:188} INFO - Warning: Your Kaggle API key is readable by other users on this system! To fix this, you can run 'chmod 600 /home/airflow/.kaggle/kaggle.json'
[2026-02-17T04:25:06.477+0000] {logging_mixin.py:188} WARNING - /home/airflow/.local/lib/python3.8/site-packages/airflow/models/baseoperator.py:437 AirflowProviderDeprecationWarning: `exists_ok` parameter is deprecated, please use `if_exists`
[2026-02-17T04:25:06.486+0000] {processor.py:840} INFO - DAG(s) 'ecommerce_etl_v2' retrieved from /opt/airflow/dags/etl_dag.py
[2026-02-17T04:25:06.505+0000] {logging_mixin.py:188} INFO - [2026-02-17T04:25:06.505+0000] {dag.py:3036} INFO - Sync 1 DAGs
[2026-02-17T04:25:06.515+0000] {logging_mixin.py:188} INFO - [2026-02-17T04:25:06.515+0000] {dag.py:3823} INFO - Setting next_dagrun for ecommerce_etl_v2 to 2026-02-16 13:00:00+00:00, run_after=2026-02-17 13:00:00+00:00
[2026-02-17T04:25:06.525+0000] {processor.py:183} INFO - Processing /opt/airflow/dags/etl_dag.py took 0.156 seconds
[2026-02-17T04:25:36.877+0000] {processor.py:161} INFO - Started process (PID=50905) to work on /opt/airflow/dags/etl_dag.py
[2026-02-17T04:25:36.878+0000] {processor.py:830} INFO - Processing file /opt/airflow/dags/etl_dag.py for tasks to queue
[2026-02-17T04:25:36.878+0000] {logging_mixin.py:188} INFO - [2026-02-17T04:25:36.878+0000] {dagbag.py:538} INFO - Filling up the DagBag from /opt/airflow/dags/etl_dag.py
[2026-02-17T04:25:36.923+0000] {logging_mixin.py:188} INFO - Warning: Your Kaggle API key is readable by other users on this system! To fix this, you can run 'chmod 600 /home/airflow/.kaggle/kaggle.json'
[2026-02-17T04:25:36.984+0000] {logging_mixin.py:188} WARNING - /home/airflow/.local/lib/python3.8/site-packages/airflow/models/baseoperator.py:437 AirflowProviderDeprecationWarning: `exists_ok` parameter is deprecated, please use `if_exists`
[2026-02-17T04:25:36.994+0000] {processor.py:840} INFO - DAG(s) 'ecommerce_etl_v2' retrieved from /opt/airflow/dags/etl_dag.py
[2026-02-17T04:25:37.012+0000] {logging_mixin.py:188} INFO - [2026-02-17T04:25:37.012+0000] {dag.py:3036} INFO - Sync 1 DAGs
[2026-02-17T04:25:37.023+0000] {logging_mixin.py:188} INFO - [2026-02-17T04:25:37.023+0000] {dag.py:3823} INFO - Setting next_dagrun for ecommerce_etl_v2 to 2026-02-16 13:00:00+00:00, run_after=2026-02-17 13:00:00+00:00
[2026-02-17T04:25:37.034+0000] {processor.py:183} INFO - Processing /opt/airflow/dags/etl_dag.py took 0.159 seconds
[2026-02-17T04:26:07.221+0000] {processor.py:161} INFO - Started process (PID=50936) to work on /opt/airflow/dags/etl_dag.py
[2026-02-17T04:26:07.222+0000] {processor.py:830} INFO - Processing file /opt/airflow/dags/etl_dag.py for tasks to queue
[2026-02-17T04:26:07.223+0000] {logging_mixin.py:188} INFO - [2026-02-17T04:26:07.223+0000] {dagbag.py:538} INFO - Filling up the DagBag from /opt/airflow/dags/etl_dag.py
[2026-02-17T04:26:07.270+0000] {logging_mixin.py:188} INFO - Warning: Your Kaggle API key is readable by other users on this system! To fix this, you can run 'chmod 600 /home/airflow/.kaggle/kaggle.json'
[2026-02-17T04:26:07.332+0000] {logging_mixin.py:188} WARNING - /home/airflow/.local/lib/python3.8/site-packages/airflow/models/baseoperator.py:437 AirflowProviderDeprecationWarning: `exists_ok` parameter is deprecated, please use `if_exists`
[2026-02-17T04:26:07.341+0000] {processor.py:840} INFO - DAG(s) 'ecommerce_etl_v2' retrieved from /opt/airflow/dags/etl_dag.py
[2026-02-17T04:26:07.360+0000] {logging_mixin.py:188} INFO - [2026-02-17T04:26:07.359+0000] {dag.py:3036} INFO - Sync 1 DAGs
[2026-02-17T04:26:07.370+0000] {logging_mixin.py:188} INFO - [2026-02-17T04:26:07.370+0000] {dag.py:3823} INFO - Setting next_dagrun for ecommerce_etl_v2 to 2026-02-16 13:00:00+00:00, run_after=2026-02-17 13:00:00+00:00
[2026-02-17T04:26:07.378+0000] {processor.py:183} INFO - Processing /opt/airflow/dags/etl_dag.py took 0.162 seconds
[2026-02-17T04:26:37.649+0000] {processor.py:161} INFO - Started process (PID=50967) to work on /opt/airflow/dags/etl_dag.py
[2026-02-17T04:26:37.650+0000] {processor.py:830} INFO - Processing file /opt/airflow/dags/etl_dag.py for tasks to queue
[2026-02-17T04:26:37.651+0000] {logging_mixin.py:188} INFO - [2026-02-17T04:26:37.650+0000] {dagbag.py:538} INFO - Filling up the DagBag from /opt/airflow/dags/etl_dag.py
[2026-02-17T04:26:37.696+0000] {logging_mixin.py:188} INFO - Warning: Your Kaggle API key is readable by other users on this system! To fix this, you can run 'chmod 600 /home/airflow/.kaggle/kaggle.json'
[2026-02-17T04:26:37.758+0000] {logging_mixin.py:188} WARNING - /home/airflow/.local/lib/python3.8/site-packages/airflow/models/baseoperator.py:437 AirflowProviderDeprecationWarning: `exists_ok` parameter is deprecated, please use `if_exists`
[2026-02-17T04:26:37.767+0000] {processor.py:840} INFO - DAG(s) 'ecommerce_etl_v2' retrieved from /opt/airflow/dags/etl_dag.py
[2026-02-17T04:26:37.785+0000] {logging_mixin.py:188} INFO - [2026-02-17T04:26:37.784+0000] {dag.py:3036} INFO - Sync 1 DAGs
[2026-02-17T04:26:37.794+0000] {logging_mixin.py:188} INFO - [2026-02-17T04:26:37.794+0000] {dag.py:3823} INFO - Setting next_dagrun for ecommerce_etl_v2 to 2026-02-16 13:00:00+00:00, run_after=2026-02-17 13:00:00+00:00
[2026-02-17T04:26:37.804+0000] {processor.py:183} INFO - Processing /opt/airflow/dags/etl_dag.py took 0.158 seconds
[2026-02-17T04:27:08.023+0000] {processor.py:161} INFO - Started process (PID=50998) to work on /opt/airflow/dags/etl_dag.py
[2026-02-17T04:27:08.025+0000] {processor.py:830} INFO - Processing file /opt/airflow/dags/etl_dag.py for tasks to queue
[2026-02-17T04:27:08.026+0000] {logging_mixin.py:188} INFO - [2026-02-17T04:27:08.025+0000] {dagbag.py:538} INFO - Filling up the DagBag from /opt/airflow/dags/etl_dag.py
[2026-02-17T04:27:08.072+0000] {logging_mixin.py:188} INFO - Warning: Your Kaggle API key is readable by other users on this system! To fix this, you can run 'chmod 600 /home/airflow/.kaggle/kaggle.json'
[2026-02-17T04:27:08.133+0000] {logging_mixin.py:188} WARNING - /home/airflow/.local/lib/python3.8/site-packages/airflow/models/baseoperator.py:437 AirflowProviderDeprecationWarning: `exists_ok` parameter is deprecated, please use `if_exists`
[2026-02-17T04:27:08.142+0000] {processor.py:840} INFO - DAG(s) 'ecommerce_etl_v2' retrieved from /opt/airflow/dags/etl_dag.py
[2026-02-17T04:27:08.161+0000] {logging_mixin.py:188} INFO - [2026-02-17T04:27:08.161+0000] {dag.py:3036} INFO - Sync 1 DAGs
[2026-02-17T04:27:08.171+0000] {logging_mixin.py:188} INFO - [2026-02-17T04:27:08.171+0000] {dag.py:3823} INFO - Setting next_dagrun for ecommerce_etl_v2 to 2026-02-16 13:00:00+00:00, run_after=2026-02-17 13:00:00+00:00
[2026-02-17T04:27:08.180+0000] {processor.py:183} INFO - Processing /opt/airflow/dags/etl_dag.py took 0.162 seconds
[2026-02-17T04:27:38.350+0000] {processor.py:161} INFO - Started process (PID=51029) to work on /opt/airflow/dags/etl_dag.py
[2026-02-17T04:27:38.351+0000] {processor.py:830} INFO - Processing file /opt/airflow/dags/etl_dag.py for tasks to queue
[2026-02-17T04:27:38.352+0000] {logging_mixin.py:188} INFO - [2026-02-17T04:27:38.352+0000] {dagbag.py:538} INFO - Filling up the DagBag from /opt/airflow/dags/etl_dag.py
[2026-02-17T04:27:38.397+0000] {logging_mixin.py:188} INFO - Warning: Your Kaggle API key is readable by other users on this system! To fix this, you can run 'chmod 600 /home/airflow/.kaggle/kaggle.json'
[2026-02-17T04:27:38.459+0000] {logging_mixin.py:188} WARNING - /home/airflow/.local/lib/python3.8/site-packages/airflow/models/baseoperator.py:437 AirflowProviderDeprecationWarning: `exists_ok` parameter is deprecated, please use `if_exists`
[2026-02-17T04:27:38.468+0000] {processor.py:840} INFO - DAG(s) 'ecommerce_etl_v2' retrieved from /opt/airflow/dags/etl_dag.py
[2026-02-17T04:27:38.487+0000] {logging_mixin.py:188} INFO - [2026-02-17T04:27:38.487+0000] {dag.py:3036} INFO - Sync 1 DAGs
[2026-02-17T04:27:38.498+0000] {logging_mixin.py:188} INFO - [2026-02-17T04:27:38.498+0000] {dag.py:3823} INFO - Setting next_dagrun for ecommerce_etl_v2 to 2026-02-16 13:00:00+00:00, run_after=2026-02-17 13:00:00+00:00
[2026-02-17T04:27:38.507+0000] {processor.py:183} INFO - Processing /opt/airflow/dags/etl_dag.py took 0.161 seconds
[2026-02-17T04:28:08.746+0000] {processor.py:161} INFO - Started process (PID=51060) to work on /opt/airflow/dags/etl_dag.py
[2026-02-17T04:28:08.747+0000] {processor.py:830} INFO - Processing file /opt/airflow/dags/etl_dag.py for tasks to queue
[2026-02-17T04:28:08.748+0000] {logging_mixin.py:188} INFO - [2026-02-17T04:28:08.747+0000] {dagbag.py:538} INFO - Filling up the DagBag from /opt/airflow/dags/etl_dag.py
[2026-02-17T04:28:08.797+0000] {logging_mixin.py:188} INFO - Warning: Your Kaggle API key is readable by other users on this system! To fix this, you can run 'chmod 600 /home/airflow/.kaggle/kaggle.json'
[2026-02-17T04:28:08.859+0000] {logging_mixin.py:188} WARNING - /home/airflow/.local/lib/python3.8/site-packages/airflow/models/baseoperator.py:437 AirflowProviderDeprecationWarning: `exists_ok` parameter is deprecated, please use `if_exists`
[2026-02-17T04:28:08.870+0000] {processor.py:840} INFO - DAG(s) 'ecommerce_etl_v2' retrieved from /opt/airflow/dags/etl_dag.py
[2026-02-17T04:28:08.889+0000] {logging_mixin.py:188} INFO - [2026-02-17T04:28:08.889+0000] {dag.py:3036} INFO - Sync 1 DAGs
[2026-02-17T04:28:08.899+0000] {logging_mixin.py:188} INFO - [2026-02-17T04:28:08.899+0000] {dag.py:3823} INFO - Setting next_dagrun for ecommerce_etl_v2 to 2026-02-16 13:00:00+00:00, run_after=2026-02-17 13:00:00+00:00
[2026-02-17T04:28:08.908+0000] {processor.py:183} INFO - Processing /opt/airflow/dags/etl_dag.py took 0.166 seconds
[2026-02-17T04:28:39.036+0000] {processor.py:161} INFO - Started process (PID=51091) to work on /opt/airflow/dags/etl_dag.py
[2026-02-17T04:28:39.037+0000] {processor.py:830} INFO - Processing file /opt/airflow/dags/etl_dag.py for tasks to queue
[2026-02-17T04:28:39.037+0000] {logging_mixin.py:188} INFO - [2026-02-17T04:28:39.037+0000] {dagbag.py:538} INFO - Filling up the DagBag from /opt/airflow/dags/etl_dag.py
[2026-02-17T04:28:39.078+0000] {logging_mixin.py:188} INFO - Warning: Your Kaggle API key is readable by other users on this system! To fix this, you can run 'chmod 600 /home/airflow/.kaggle/kaggle.json'
[2026-02-17T04:28:39.141+0000] {logging_mixin.py:188} WARNING - /home/airflow/.local/lib/python3.8/site-packages/airflow/models/baseoperator.py:437 AirflowProviderDeprecationWarning: `exists_ok` parameter is deprecated, please use `if_exists`
[2026-02-17T04:28:39.150+0000] {processor.py:840} INFO - DAG(s) 'ecommerce_etl_v2' retrieved from /opt/airflow/dags/etl_dag.py
[2026-02-17T04:28:39.170+0000] {logging_mixin.py:188} INFO - [2026-02-17T04:28:39.170+0000] {dag.py:3036} INFO - Sync 1 DAGs
[2026-02-17T04:28:39.181+0000] {logging_mixin.py:188} INFO - [2026-02-17T04:28:39.181+0000] {dag.py:3823} INFO - Setting next_dagrun for ecommerce_etl_v2 to 2026-02-16 13:00:00+00:00, run_after=2026-02-17 13:00:00+00:00
[2026-02-17T04:28:39.191+0000] {processor.py:183} INFO - Processing /opt/airflow/dags/etl_dag.py took 0.158 seconds
[2026-02-17T04:29:09.487+0000] {processor.py:161} INFO - Started process (PID=51122) to work on /opt/airflow/dags/etl_dag.py
[2026-02-17T04:29:09.488+0000] {processor.py:830} INFO - Processing file /opt/airflow/dags/etl_dag.py for tasks to queue
[2026-02-17T04:29:09.489+0000] {logging_mixin.py:188} INFO - [2026-02-17T04:29:09.488+0000] {dagbag.py:538} INFO - Filling up the DagBag from /opt/airflow/dags/etl_dag.py
[2026-02-17T04:29:09.531+0000] {logging_mixin.py:188} INFO - Warning: Your Kaggle API key is readable by other users on this system! To fix this, you can run 'chmod 600 /home/airflow/.kaggle/kaggle.json'
[2026-02-17T04:29:09.591+0000] {logging_mixin.py:188} WARNING - /home/airflow/.local/lib/python3.8/site-packages/airflow/models/baseoperator.py:437 AirflowProviderDeprecationWarning: `exists_ok` parameter is deprecated, please use `if_exists`
[2026-02-17T04:29:09.600+0000] {processor.py:840} INFO - DAG(s) 'ecommerce_etl_v2' retrieved from /opt/airflow/dags/etl_dag.py
[2026-02-17T04:29:09.619+0000] {logging_mixin.py:188} INFO - [2026-02-17T04:29:09.619+0000] {dag.py:3036} INFO - Sync 1 DAGs
[2026-02-17T04:29:09.629+0000] {logging_mixin.py:188} INFO - [2026-02-17T04:29:09.629+0000] {dag.py:3823} INFO - Setting next_dagrun for ecommerce_etl_v2 to 2026-02-16 13:00:00+00:00, run_after=2026-02-17 13:00:00+00:00
[2026-02-17T04:29:09.639+0000] {processor.py:183} INFO - Processing /opt/airflow/dags/etl_dag.py took 0.154 seconds
[2026-02-17T04:29:39.838+0000] {processor.py:161} INFO - Started process (PID=51153) to work on /opt/airflow/dags/etl_dag.py
[2026-02-17T04:29:39.839+0000] {processor.py:830} INFO - Processing file /opt/airflow/dags/etl_dag.py for tasks to queue
[2026-02-17T04:29:39.839+0000] {logging_mixin.py:188} INFO - [2026-02-17T04:29:39.839+0000] {dagbag.py:538} INFO - Filling up the DagBag from /opt/airflow/dags/etl_dag.py
[2026-02-17T04:29:39.884+0000] {logging_mixin.py:188} INFO - Warning: Your Kaggle API key is readable by other users on this system! To fix this, you can run 'chmod 600 /home/airflow/.kaggle/kaggle.json'
[2026-02-17T04:29:39.945+0000] {logging_mixin.py:188} WARNING - /home/airflow/.local/lib/python3.8/site-packages/airflow/models/baseoperator.py:437 AirflowProviderDeprecationWarning: `exists_ok` parameter is deprecated, please use `if_exists`
[2026-02-17T04:29:39.954+0000] {processor.py:840} INFO - DAG(s) 'ecommerce_etl_v2' retrieved from /opt/airflow/dags/etl_dag.py
[2026-02-17T04:29:39.972+0000] {logging_mixin.py:188} INFO - [2026-02-17T04:29:39.972+0000] {dag.py:3036} INFO - Sync 1 DAGs
[2026-02-17T04:29:39.982+0000] {logging_mixin.py:188} INFO - [2026-02-17T04:29:39.982+0000] {dag.py:3823} INFO - Setting next_dagrun for ecommerce_etl_v2 to 2026-02-16 13:00:00+00:00, run_after=2026-02-17 13:00:00+00:00
[2026-02-17T04:29:39.991+0000] {processor.py:183} INFO - Processing /opt/airflow/dags/etl_dag.py took 0.157 seconds
[2026-02-17T04:30:10.200+0000] {processor.py:161} INFO - Started process (PID=51184) to work on /opt/airflow/dags/etl_dag.py
[2026-02-17T04:30:10.201+0000] {processor.py:830} INFO - Processing file /opt/airflow/dags/etl_dag.py for tasks to queue
[2026-02-17T04:30:10.202+0000] {logging_mixin.py:188} INFO - [2026-02-17T04:30:10.201+0000] {dagbag.py:538} INFO - Filling up the DagBag from /opt/airflow/dags/etl_dag.py
[2026-02-17T04:30:10.244+0000] {logging_mixin.py:188} INFO - Warning: Your Kaggle API key is readable by other users on this system! To fix this, you can run 'chmod 600 /home/airflow/.kaggle/kaggle.json'
[2026-02-17T04:30:10.304+0000] {logging_mixin.py:188} WARNING - /home/airflow/.local/lib/python3.8/site-packages/airflow/models/baseoperator.py:437 AirflowProviderDeprecationWarning: `exists_ok` parameter is deprecated, please use `if_exists`
[2026-02-17T04:30:10.313+0000] {processor.py:840} INFO - DAG(s) 'ecommerce_etl_v2' retrieved from /opt/airflow/dags/etl_dag.py
[2026-02-17T04:30:10.332+0000] {logging_mixin.py:188} INFO - [2026-02-17T04:30:10.332+0000] {dag.py:3036} INFO - Sync 1 DAGs
[2026-02-17T04:30:10.342+0000] {logging_mixin.py:188} INFO - [2026-02-17T04:30:10.342+0000] {dag.py:3823} INFO - Setting next_dagrun for ecommerce_etl_v2 to 2026-02-16 13:00:00+00:00, run_after=2026-02-17 13:00:00+00:00
[2026-02-17T04:30:10.351+0000] {processor.py:183} INFO - Processing /opt/airflow/dags/etl_dag.py took 0.153 seconds
[2026-02-17T04:30:40.554+0000] {processor.py:161} INFO - Started process (PID=51215) to work on /opt/airflow/dags/etl_dag.py
[2026-02-17T04:30:40.555+0000] {processor.py:830} INFO - Processing file /opt/airflow/dags/etl_dag.py for tasks to queue
[2026-02-17T04:30:40.555+0000] {logging_mixin.py:188} INFO - [2026-02-17T04:30:40.555+0000] {dagbag.py:538} INFO - Filling up the DagBag from /opt/airflow/dags/etl_dag.py
[2026-02-17T04:30:40.601+0000] {logging_mixin.py:188} INFO - Warning: Your Kaggle API key is readable by other users on this system! To fix this, you can run 'chmod 600 /home/airflow/.kaggle/kaggle.json'
[2026-02-17T04:30:40.661+0000] {logging_mixin.py:188} WARNING - /home/airflow/.local/lib/python3.8/site-packages/airflow/models/baseoperator.py:437 AirflowProviderDeprecationWarning: `exists_ok` parameter is deprecated, please use `if_exists`
[2026-02-17T04:30:40.673+0000] {processor.py:840} INFO - DAG(s) 'ecommerce_etl_v2' retrieved from /opt/airflow/dags/etl_dag.py
[2026-02-17T04:30:40.691+0000] {logging_mixin.py:188} INFO - [2026-02-17T04:30:40.691+0000] {dag.py:3036} INFO - Sync 1 DAGs
[2026-02-17T04:30:40.701+0000] {logging_mixin.py:188} INFO - [2026-02-17T04:30:40.701+0000] {dag.py:3823} INFO - Setting next_dagrun for ecommerce_etl_v2 to 2026-02-16 13:00:00+00:00, run_after=2026-02-17 13:00:00+00:00
[2026-02-17T04:30:40.710+0000] {processor.py:183} INFO - Processing /opt/airflow/dags/etl_dag.py took 0.159 seconds
[2026-02-17T04:31:10.929+0000] {processor.py:161} INFO - Started process (PID=51246) to work on /opt/airflow/dags/etl_dag.py
[2026-02-17T04:31:10.930+0000] {processor.py:830} INFO - Processing file /opt/airflow/dags/etl_dag.py for tasks to queue
[2026-02-17T04:31:10.931+0000] {logging_mixin.py:188} INFO - [2026-02-17T04:31:10.930+0000] {dagbag.py:538} INFO - Filling up the DagBag from /opt/airflow/dags/etl_dag.py
[2026-02-17T04:31:10.976+0000] {logging_mixin.py:188} INFO - Warning: Your Kaggle API key is readable by other users on this system! To fix this, you can run 'chmod 600 /home/airflow/.kaggle/kaggle.json'
[2026-02-17T04:31:11.035+0000] {logging_mixin.py:188} WARNING - /home/airflow/.local/lib/python3.8/site-packages/airflow/models/baseoperator.py:437 AirflowProviderDeprecationWarning: `exists_ok` parameter is deprecated, please use `if_exists`
[2026-02-17T04:31:11.044+0000] {processor.py:840} INFO - DAG(s) 'ecommerce_etl_v2' retrieved from /opt/airflow/dags/etl_dag.py
[2026-02-17T04:31:11.063+0000] {logging_mixin.py:188} INFO - [2026-02-17T04:31:11.063+0000] {dag.py:3036} INFO - Sync 1 DAGs
[2026-02-17T04:31:11.073+0000] {logging_mixin.py:188} INFO - [2026-02-17T04:31:11.073+0000] {dag.py:3823} INFO - Setting next_dagrun for ecommerce_etl_v2 to 2026-02-16 13:00:00+00:00, run_after=2026-02-17 13:00:00+00:00
[2026-02-17T04:31:11.082+0000] {processor.py:183} INFO - Processing /opt/airflow/dags/etl_dag.py took 0.155 seconds
[2026-02-17T04:31:41.293+0000] {processor.py:161} INFO - Started process (PID=51277) to work on /opt/airflow/dags/etl_dag.py
[2026-02-17T04:31:41.294+0000] {processor.py:830} INFO - Processing file /opt/airflow/dags/etl_dag.py for tasks to queue
[2026-02-17T04:31:41.295+0000] {logging_mixin.py:188} INFO - [2026-02-17T04:31:41.295+0000] {dagbag.py:538} INFO - Filling up the DagBag from /opt/airflow/dags/etl_dag.py
[2026-02-17T04:31:41.339+0000] {logging_mixin.py:188} INFO - Warning: Your Kaggle API key is readable by other users on this system! To fix this, you can run 'chmod 600 /home/airflow/.kaggle/kaggle.json'
[2026-02-17T04:31:41.400+0000] {logging_mixin.py:188} WARNING - /home/airflow/.local/lib/python3.8/site-packages/airflow/models/baseoperator.py:437 AirflowProviderDeprecationWarning: `exists_ok` parameter is deprecated, please use `if_exists`
[2026-02-17T04:31:41.409+0000] {processor.py:840} INFO - DAG(s) 'ecommerce_etl_v2' retrieved from /opt/airflow/dags/etl_dag.py
[2026-02-17T04:31:41.427+0000] {logging_mixin.py:188} INFO - [2026-02-17T04:31:41.427+0000] {dag.py:3036} INFO - Sync 1 DAGs
[2026-02-17T04:31:41.437+0000] {logging_mixin.py:188} INFO - [2026-02-17T04:31:41.437+0000] {dag.py:3823} INFO - Setting next_dagrun for ecommerce_etl_v2 to 2026-02-16 13:00:00+00:00, run_after=2026-02-17 13:00:00+00:00
[2026-02-17T04:31:41.447+0000] {processor.py:183} INFO - Processing /opt/airflow/dags/etl_dag.py took 0.156 seconds
[2026-02-17T04:32:11.621+0000] {processor.py:161} INFO - Started process (PID=51308) to work on /opt/airflow/dags/etl_dag.py
[2026-02-17T04:32:11.622+0000] {processor.py:830} INFO - Processing file /opt/airflow/dags/etl_dag.py for tasks to queue
[2026-02-17T04:32:11.622+0000] {logging_mixin.py:188} INFO - [2026-02-17T04:32:11.622+0000] {dagbag.py:538} INFO - Filling up the DagBag from /opt/airflow/dags/etl_dag.py
[2026-02-17T04:32:11.668+0000] {logging_mixin.py:188} INFO - Warning: Your Kaggle API key is readable by other users on this system! To fix this, you can run 'chmod 600 /home/airflow/.kaggle/kaggle.json'
[2026-02-17T04:32:11.727+0000] {logging_mixin.py:188} WARNING - /home/airflow/.local/lib/python3.8/site-packages/airflow/models/baseoperator.py:437 AirflowProviderDeprecationWarning: `exists_ok` parameter is deprecated, please use `if_exists`
[2026-02-17T04:32:11.736+0000] {processor.py:840} INFO - DAG(s) 'ecommerce_etl_v2' retrieved from /opt/airflow/dags/etl_dag.py
[2026-02-17T04:32:11.754+0000] {logging_mixin.py:188} INFO - [2026-02-17T04:32:11.754+0000] {dag.py:3036} INFO - Sync 1 DAGs
[2026-02-17T04:32:11.765+0000] {logging_mixin.py:188} INFO - [2026-02-17T04:32:11.765+0000] {dag.py:3823} INFO - Setting next_dagrun for ecommerce_etl_v2 to 2026-02-16 13:00:00+00:00, run_after=2026-02-17 13:00:00+00:00
[2026-02-17T04:32:11.774+0000] {processor.py:183} INFO - Processing /opt/airflow/dags/etl_dag.py took 0.156 seconds
[2026-02-17T04:32:42.011+0000] {processor.py:161} INFO - Started process (PID=51339) to work on /opt/airflow/dags/etl_dag.py
[2026-02-17T04:32:42.012+0000] {processor.py:830} INFO - Processing file /opt/airflow/dags/etl_dag.py for tasks to queue
[2026-02-17T04:32:42.013+0000] {logging_mixin.py:188} INFO - [2026-02-17T04:32:42.013+0000] {dagbag.py:538} INFO - Filling up the DagBag from /opt/airflow/dags/etl_dag.py
[2026-02-17T04:32:42.056+0000] {logging_mixin.py:188} INFO - Warning: Your Kaggle API key is readable by other users on this system! To fix this, you can run 'chmod 600 /home/airflow/.kaggle/kaggle.json'
[2026-02-17T04:32:42.115+0000] {logging_mixin.py:188} WARNING - /home/airflow/.local/lib/python3.8/site-packages/airflow/models/baseoperator.py:437 AirflowProviderDeprecationWarning: `exists_ok` parameter is deprecated, please use `if_exists`
[2026-02-17T04:32:42.124+0000] {processor.py:840} INFO - DAG(s) 'ecommerce_etl_v2' retrieved from /opt/airflow/dags/etl_dag.py
[2026-02-17T04:32:42.142+0000] {logging_mixin.py:188} INFO - [2026-02-17T04:32:42.142+0000] {dag.py:3036} INFO - Sync 1 DAGs
[2026-02-17T04:32:42.152+0000] {logging_mixin.py:188} INFO - [2026-02-17T04:32:42.152+0000] {dag.py:3823} INFO - Setting next_dagrun for ecommerce_etl_v2 to 2026-02-16 13:00:00+00:00, run_after=2026-02-17 13:00:00+00:00
[2026-02-17T04:32:42.162+0000] {processor.py:183} INFO - Processing /opt/airflow/dags/etl_dag.py took 0.153 seconds
[2026-02-17T04:33:12.348+0000] {processor.py:161} INFO - Started process (PID=51370) to work on /opt/airflow/dags/etl_dag.py
[2026-02-17T04:33:12.349+0000] {processor.py:830} INFO - Processing file /opt/airflow/dags/etl_dag.py for tasks to queue
[2026-02-17T04:33:12.350+0000] {logging_mixin.py:188} INFO - [2026-02-17T04:33:12.350+0000] {dagbag.py:538} INFO - Filling up the DagBag from /opt/airflow/dags/etl_dag.py
[2026-02-17T04:33:12.396+0000] {logging_mixin.py:188} INFO - Warning: Your Kaggle API key is readable by other users on this system! To fix this, you can run 'chmod 600 /home/airflow/.kaggle/kaggle.json'
[2026-02-17T04:33:12.455+0000] {logging_mixin.py:188} WARNING - /home/airflow/.local/lib/python3.8/site-packages/airflow/models/baseoperator.py:437 AirflowProviderDeprecationWarning: `exists_ok` parameter is deprecated, please use `if_exists`
[2026-02-17T04:33:12.466+0000] {processor.py:840} INFO - DAG(s) 'ecommerce_etl_v2' retrieved from /opt/airflow/dags/etl_dag.py
[2026-02-17T04:33:12.495+0000] {logging_mixin.py:188} INFO - [2026-02-17T04:33:12.495+0000] {dag.py:3036} INFO - Sync 1 DAGs
[2026-02-17T04:33:12.506+0000] {logging_mixin.py:188} INFO - [2026-02-17T04:33:12.506+0000] {dag.py:3823} INFO - Setting next_dagrun for ecommerce_etl_v2 to 2026-02-16 13:00:00+00:00, run_after=2026-02-17 13:00:00+00:00
[2026-02-17T04:33:12.514+0000] {processor.py:183} INFO - Processing /opt/airflow/dags/etl_dag.py took 0.170 seconds
[2026-02-17T04:33:42.724+0000] {processor.py:161} INFO - Started process (PID=51401) to work on /opt/airflow/dags/etl_dag.py
[2026-02-17T04:33:42.725+0000] {processor.py:830} INFO - Processing file /opt/airflow/dags/etl_dag.py for tasks to queue
[2026-02-17T04:33:42.726+0000] {logging_mixin.py:188} INFO - [2026-02-17T04:33:42.726+0000] {dagbag.py:538} INFO - Filling up the DagBag from /opt/airflow/dags/etl_dag.py
[2026-02-17T04:33:42.769+0000] {logging_mixin.py:188} INFO - Warning: Your Kaggle API key is readable by other users on this system! To fix this, you can run 'chmod 600 /home/airflow/.kaggle/kaggle.json'
[2026-02-17T04:33:42.829+0000] {logging_mixin.py:188} WARNING - /home/airflow/.local/lib/python3.8/site-packages/airflow/models/baseoperator.py:437 AirflowProviderDeprecationWarning: `exists_ok` parameter is deprecated, please use `if_exists`
[2026-02-17T04:33:42.838+0000] {processor.py:840} INFO - DAG(s) 'ecommerce_etl_v2' retrieved from /opt/airflow/dags/etl_dag.py
[2026-02-17T04:33:42.859+0000] {logging_mixin.py:188} INFO - [2026-02-17T04:33:42.858+0000] {dag.py:3036} INFO - Sync 1 DAGs
[2026-02-17T04:33:42.870+0000] {logging_mixin.py:188} INFO - [2026-02-17T04:33:42.869+0000] {dag.py:3823} INFO - Setting next_dagrun for ecommerce_etl_v2 to 2026-02-16 13:00:00+00:00, run_after=2026-02-17 13:00:00+00:00
[2026-02-17T04:33:42.879+0000] {processor.py:183} INFO - Processing /opt/airflow/dags/etl_dag.py took 0.159 seconds
[2026-02-17T04:34:13.104+0000] {processor.py:161} INFO - Started process (PID=51432) to work on /opt/airflow/dags/etl_dag.py
[2026-02-17T04:34:13.105+0000] {processor.py:830} INFO - Processing file /opt/airflow/dags/etl_dag.py for tasks to queue
[2026-02-17T04:34:13.106+0000] {logging_mixin.py:188} INFO - [2026-02-17T04:34:13.106+0000] {dagbag.py:538} INFO - Filling up the DagBag from /opt/airflow/dags/etl_dag.py
[2026-02-17T04:34:13.151+0000] {logging_mixin.py:188} INFO - Warning: Your Kaggle API key is readable by other users on this system! To fix this, you can run 'chmod 600 /home/airflow/.kaggle/kaggle.json'
[2026-02-17T04:34:13.212+0000] {logging_mixin.py:188} WARNING - /home/airflow/.local/lib/python3.8/site-packages/airflow/models/baseoperator.py:437 AirflowProviderDeprecationWarning: `exists_ok` parameter is deprecated, please use `if_exists`
[2026-02-17T04:34:13.221+0000] {processor.py:840} INFO - DAG(s) 'ecommerce_etl_v2' retrieved from /opt/airflow/dags/etl_dag.py
[2026-02-17T04:34:13.241+0000] {logging_mixin.py:188} INFO - [2026-02-17T04:34:13.241+0000] {dag.py:3036} INFO - Sync 1 DAGs
[2026-02-17T04:34:13.252+0000] {logging_mixin.py:188} INFO - [2026-02-17T04:34:13.252+0000] {dag.py:3823} INFO - Setting next_dagrun for ecommerce_etl_v2 to 2026-02-16 13:00:00+00:00, run_after=2026-02-17 13:00:00+00:00
[2026-02-17T04:34:13.261+0000] {processor.py:183} INFO - Processing /opt/airflow/dags/etl_dag.py took 0.159 seconds
[2026-02-17T04:34:43.458+0000] {processor.py:161} INFO - Started process (PID=51463) to work on /opt/airflow/dags/etl_dag.py
[2026-02-17T04:34:43.460+0000] {processor.py:830} INFO - Processing file /opt/airflow/dags/etl_dag.py for tasks to queue
[2026-02-17T04:34:43.461+0000] {logging_mixin.py:188} INFO - [2026-02-17T04:34:43.461+0000] {dagbag.py:538} INFO - Filling up the DagBag from /opt/airflow/dags/etl_dag.py
[2026-02-17T04:34:43.508+0000] {logging_mixin.py:188} INFO - Warning: Your Kaggle API key is readable by other users on this system! To fix this, you can run 'chmod 600 /home/airflow/.kaggle/kaggle.json'
[2026-02-17T04:34:43.569+0000] {logging_mixin.py:188} WARNING - /home/airflow/.local/lib/python3.8/site-packages/airflow/models/baseoperator.py:437 AirflowProviderDeprecationWarning: `exists_ok` parameter is deprecated, please use `if_exists`
[2026-02-17T04:34:43.578+0000] {processor.py:840} INFO - DAG(s) 'ecommerce_etl_v2' retrieved from /opt/airflow/dags/etl_dag.py
[2026-02-17T04:34:43.597+0000] {logging_mixin.py:188} INFO - [2026-02-17T04:34:43.597+0000] {dag.py:3036} INFO - Sync 1 DAGs
[2026-02-17T04:34:43.607+0000] {logging_mixin.py:188} INFO - [2026-02-17T04:34:43.607+0000] {dag.py:3823} INFO - Setting next_dagrun for ecommerce_etl_v2 to 2026-02-16 13:00:00+00:00, run_after=2026-02-17 13:00:00+00:00
[2026-02-17T04:34:43.616+0000] {processor.py:183} INFO - Processing /opt/airflow/dags/etl_dag.py took 0.163 seconds
[2026-02-17T04:35:13.783+0000] {processor.py:161} INFO - Started process (PID=51494) to work on /opt/airflow/dags/etl_dag.py
[2026-02-17T04:35:13.784+0000] {processor.py:830} INFO - Processing file /opt/airflow/dags/etl_dag.py for tasks to queue
[2026-02-17T04:35:13.785+0000] {logging_mixin.py:188} INFO - [2026-02-17T04:35:13.784+0000] {dagbag.py:538} INFO - Filling up the DagBag from /opt/airflow/dags/etl_dag.py
[2026-02-17T04:35:13.830+0000] {logging_mixin.py:188} INFO - Warning: Your Kaggle API key is readable by other users on this system! To fix this, you can run 'chmod 600 /home/airflow/.kaggle/kaggle.json'
[2026-02-17T04:35:13.892+0000] {logging_mixin.py:188} WARNING - /home/airflow/.local/lib/python3.8/site-packages/airflow/models/baseoperator.py:437 AirflowProviderDeprecationWarning: `exists_ok` parameter is deprecated, please use `if_exists`
[2026-02-17T04:35:13.901+0000] {processor.py:840} INFO - DAG(s) 'ecommerce_etl_v2' retrieved from /opt/airflow/dags/etl_dag.py
[2026-02-17T04:35:13.920+0000] {logging_mixin.py:188} INFO - [2026-02-17T04:35:13.919+0000] {dag.py:3036} INFO - Sync 1 DAGs
[2026-02-17T04:35:13.930+0000] {logging_mixin.py:188} INFO - [2026-02-17T04:35:13.930+0000] {dag.py:3823} INFO - Setting next_dagrun for ecommerce_etl_v2 to 2026-02-16 13:00:00+00:00, run_after=2026-02-17 13:00:00+00:00
[2026-02-17T04:35:13.938+0000] {processor.py:183} INFO - Processing /opt/airflow/dags/etl_dag.py took 0.160 seconds
[2026-02-17T04:35:44.140+0000] {processor.py:161} INFO - Started process (PID=51525) to work on /opt/airflow/dags/etl_dag.py
[2026-02-17T04:35:44.142+0000] {processor.py:830} INFO - Processing file /opt/airflow/dags/etl_dag.py for tasks to queue
[2026-02-17T04:35:44.143+0000] {logging_mixin.py:188} INFO - [2026-02-17T04:35:44.143+0000] {dagbag.py:538} INFO - Filling up the DagBag from /opt/airflow/dags/etl_dag.py
[2026-02-17T04:35:44.189+0000] {logging_mixin.py:188} INFO - Warning: Your Kaggle API key is readable by other users on this system! To fix this, you can run 'chmod 600 /home/airflow/.kaggle/kaggle.json'
[2026-02-17T04:35:44.250+0000] {logging_mixin.py:188} WARNING - /home/airflow/.local/lib/python3.8/site-packages/airflow/models/baseoperator.py:437 AirflowProviderDeprecationWarning: `exists_ok` parameter is deprecated, please use `if_exists`
[2026-02-17T04:35:44.260+0000] {processor.py:840} INFO - DAG(s) 'ecommerce_etl_v2' retrieved from /opt/airflow/dags/etl_dag.py
[2026-02-17T04:35:44.279+0000] {logging_mixin.py:188} INFO - [2026-02-17T04:35:44.279+0000] {dag.py:3036} INFO - Sync 1 DAGs
[2026-02-17T04:35:44.290+0000] {logging_mixin.py:188} INFO - [2026-02-17T04:35:44.290+0000] {dag.py:3823} INFO - Setting next_dagrun for ecommerce_etl_v2 to 2026-02-16 13:00:00+00:00, run_after=2026-02-17 13:00:00+00:00
[2026-02-17T04:35:44.302+0000] {processor.py:183} INFO - Processing /opt/airflow/dags/etl_dag.py took 0.167 seconds
[2026-02-17T04:36:14.407+0000] {processor.py:161} INFO - Started process (PID=51556) to work on /opt/airflow/dags/etl_dag.py
[2026-02-17T04:36:14.407+0000] {processor.py:830} INFO - Processing file /opt/airflow/dags/etl_dag.py for tasks to queue
[2026-02-17T04:36:14.408+0000] {logging_mixin.py:188} INFO - [2026-02-17T04:36:14.407+0000] {dagbag.py:538} INFO - Filling up the DagBag from /opt/airflow/dags/etl_dag.py
[2026-02-17T04:36:14.442+0000] {logging_mixin.py:188} INFO - Warning: Your Kaggle API key is readable by other users on this system! To fix this, you can run 'chmod 600 /home/airflow/.kaggle/kaggle.json'
[2026-02-17T04:36:14.503+0000] {logging_mixin.py:188} WARNING - /home/airflow/.local/lib/python3.8/site-packages/airflow/models/baseoperator.py:437 AirflowProviderDeprecationWarning: `exists_ok` parameter is deprecated, please use `if_exists`
[2026-02-17T04:36:14.511+0000] {processor.py:840} INFO - DAG(s) 'ecommerce_etl_v2' retrieved from /opt/airflow/dags/etl_dag.py
[2026-02-17T04:36:14.529+0000] {logging_mixin.py:188} INFO - [2026-02-17T04:36:14.529+0000] {dag.py:3036} INFO - Sync 1 DAGs
[2026-02-17T04:36:14.539+0000] {logging_mixin.py:188} INFO - [2026-02-17T04:36:14.539+0000] {dag.py:3823} INFO - Setting next_dagrun for ecommerce_etl_v2 to 2026-02-16 13:00:00+00:00, run_after=2026-02-17 13:00:00+00:00
[2026-02-17T04:36:14.548+0000] {processor.py:183} INFO - Processing /opt/airflow/dags/etl_dag.py took 0.143 seconds
[2026-02-17T04:36:44.812+0000] {processor.py:161} INFO - Started process (PID=51587) to work on /opt/airflow/dags/etl_dag.py
[2026-02-17T04:36:44.813+0000] {processor.py:830} INFO - Processing file /opt/airflow/dags/etl_dag.py for tasks to queue
[2026-02-17T04:36:44.814+0000] {logging_mixin.py:188} INFO - [2026-02-17T04:36:44.814+0000] {dagbag.py:538} INFO - Filling up the DagBag from /opt/airflow/dags/etl_dag.py
[2026-02-17T04:36:44.861+0000] {logging_mixin.py:188} INFO - Warning: Your Kaggle API key is readable by other users on this system! To fix this, you can run 'chmod 600 /home/airflow/.kaggle/kaggle.json'
[2026-02-17T04:36:44.923+0000] {logging_mixin.py:188} WARNING - /home/airflow/.local/lib/python3.8/site-packages/airflow/models/baseoperator.py:437 AirflowProviderDeprecationWarning: `exists_ok` parameter is deprecated, please use `if_exists`
[2026-02-17T04:36:44.934+0000] {processor.py:840} INFO - DAG(s) 'ecommerce_etl_v2' retrieved from /opt/airflow/dags/etl_dag.py
[2026-02-17T04:36:44.954+0000] {logging_mixin.py:188} INFO - [2026-02-17T04:36:44.954+0000] {dag.py:3036} INFO - Sync 1 DAGs
[2026-02-17T04:36:44.966+0000] {logging_mixin.py:188} INFO - [2026-02-17T04:36:44.966+0000] {dag.py:3823} INFO - Setting next_dagrun for ecommerce_etl_v2 to 2026-02-16 13:00:00+00:00, run_after=2026-02-17 13:00:00+00:00
[2026-02-17T04:36:44.978+0000] {processor.py:183} INFO - Processing /opt/airflow/dags/etl_dag.py took 0.170 seconds
[2026-02-17T04:37:15.166+0000] {processor.py:161} INFO - Started process (PID=51618) to work on /opt/airflow/dags/etl_dag.py
[2026-02-17T04:37:15.168+0000] {processor.py:830} INFO - Processing file /opt/airflow/dags/etl_dag.py for tasks to queue
[2026-02-17T04:37:15.169+0000] {logging_mixin.py:188} INFO - [2026-02-17T04:37:15.169+0000] {dagbag.py:538} INFO - Filling up the DagBag from /opt/airflow/dags/etl_dag.py
[2026-02-17T04:37:15.215+0000] {logging_mixin.py:188} INFO - Warning: Your Kaggle API key is readable by other users on this system! To fix this, you can run 'chmod 600 /home/airflow/.kaggle/kaggle.json'
[2026-02-17T04:37:15.275+0000] {logging_mixin.py:188} WARNING - /home/airflow/.local/lib/python3.8/site-packages/airflow/models/baseoperator.py:437 AirflowProviderDeprecationWarning: `exists_ok` parameter is deprecated, please use `if_exists`
[2026-02-17T04:37:15.284+0000] {processor.py:840} INFO - DAG(s) 'ecommerce_etl_v2' retrieved from /opt/airflow/dags/etl_dag.py
[2026-02-17T04:37:15.305+0000] {logging_mixin.py:188} INFO - [2026-02-17T04:37:15.305+0000] {dag.py:3036} INFO - Sync 1 DAGs
[2026-02-17T04:37:15.317+0000] {logging_mixin.py:188} INFO - [2026-02-17T04:37:15.317+0000] {dag.py:3823} INFO - Setting next_dagrun for ecommerce_etl_v2 to 2026-02-16 13:00:00+00:00, run_after=2026-02-17 13:00:00+00:00
[2026-02-17T04:37:15.327+0000] {processor.py:183} INFO - Processing /opt/airflow/dags/etl_dag.py took 0.165 seconds
[2026-02-17T04:37:45.500+0000] {processor.py:161} INFO - Started process (PID=51649) to work on /opt/airflow/dags/etl_dag.py
[2026-02-17T04:37:45.502+0000] {processor.py:830} INFO - Processing file /opt/airflow/dags/etl_dag.py for tasks to queue
[2026-02-17T04:37:45.503+0000] {logging_mixin.py:188} INFO - [2026-02-17T04:37:45.503+0000] {dagbag.py:538} INFO - Filling up the DagBag from /opt/airflow/dags/etl_dag.py
[2026-02-17T04:37:45.548+0000] {logging_mixin.py:188} INFO - Warning: Your Kaggle API key is readable by other users on this system! To fix this, you can run 'chmod 600 /home/airflow/.kaggle/kaggle.json'
[2026-02-17T04:37:45.610+0000] {logging_mixin.py:188} WARNING - /home/airflow/.local/lib/python3.8/site-packages/airflow/models/baseoperator.py:437 AirflowProviderDeprecationWarning: `exists_ok` parameter is deprecated, please use `if_exists`
[2026-02-17T04:37:45.619+0000] {processor.py:840} INFO - DAG(s) 'ecommerce_etl_v2' retrieved from /opt/airflow/dags/etl_dag.py
[2026-02-17T04:37:45.641+0000] {logging_mixin.py:188} INFO - [2026-02-17T04:37:45.641+0000] {dag.py:3036} INFO - Sync 1 DAGs
[2026-02-17T04:37:45.654+0000] {logging_mixin.py:188} INFO - [2026-02-17T04:37:45.654+0000] {dag.py:3823} INFO - Setting next_dagrun for ecommerce_etl_v2 to 2026-02-16 13:00:00+00:00, run_after=2026-02-17 13:00:00+00:00
[2026-02-17T04:37:45.666+0000] {processor.py:183} INFO - Processing /opt/airflow/dags/etl_dag.py took 0.170 seconds
[2026-02-17T04:38:15.819+0000] {processor.py:161} INFO - Started process (PID=51680) to work on /opt/airflow/dags/etl_dag.py
[2026-02-17T04:38:15.820+0000] {processor.py:830} INFO - Processing file /opt/airflow/dags/etl_dag.py for tasks to queue
[2026-02-17T04:38:15.821+0000] {logging_mixin.py:188} INFO - [2026-02-17T04:38:15.820+0000] {dagbag.py:538} INFO - Filling up the DagBag from /opt/airflow/dags/etl_dag.py
[2026-02-17T04:38:15.867+0000] {logging_mixin.py:188} INFO - Warning: Your Kaggle API key is readable by other users on this system! To fix this, you can run 'chmod 600 /home/airflow/.kaggle/kaggle.json'
[2026-02-17T04:38:15.927+0000] {logging_mixin.py:188} WARNING - /home/airflow/.local/lib/python3.8/site-packages/airflow/models/baseoperator.py:437 AirflowProviderDeprecationWarning: `exists_ok` parameter is deprecated, please use `if_exists`
[2026-02-17T04:38:15.936+0000] {processor.py:840} INFO - DAG(s) 'ecommerce_etl_v2' retrieved from /opt/airflow/dags/etl_dag.py
[2026-02-17T04:38:15.957+0000] {logging_mixin.py:188} INFO - [2026-02-17T04:38:15.957+0000] {dag.py:3036} INFO - Sync 1 DAGs
[2026-02-17T04:38:15.968+0000] {logging_mixin.py:188} INFO - [2026-02-17T04:38:15.968+0000] {dag.py:3823} INFO - Setting next_dagrun for ecommerce_etl_v2 to 2026-02-16 13:00:00+00:00, run_after=2026-02-17 13:00:00+00:00
[2026-02-17T04:38:15.978+0000] {processor.py:183} INFO - Processing /opt/airflow/dags/etl_dag.py took 0.164 seconds
[2026-02-17T04:38:46.309+0000] {processor.py:161} INFO - Started process (PID=51711) to work on /opt/airflow/dags/etl_dag.py
[2026-02-17T04:38:46.309+0000] {processor.py:830} INFO - Processing file /opt/airflow/dags/etl_dag.py for tasks to queue
[2026-02-17T04:38:46.310+0000] {logging_mixin.py:188} INFO - [2026-02-17T04:38:46.310+0000] {dagbag.py:538} INFO - Filling up the DagBag from /opt/airflow/dags/etl_dag.py
[2026-02-17T04:38:46.350+0000] {logging_mixin.py:188} INFO - Warning: Your Kaggle API key is readable by other users on this system! To fix this, you can run 'chmod 600 /home/airflow/.kaggle/kaggle.json'
[2026-02-17T04:38:46.411+0000] {logging_mixin.py:188} WARNING - /home/airflow/.local/lib/python3.8/site-packages/airflow/models/baseoperator.py:437 AirflowProviderDeprecationWarning: `exists_ok` parameter is deprecated, please use `if_exists`
[2026-02-17T04:38:46.420+0000] {processor.py:840} INFO - DAG(s) 'ecommerce_etl_v2' retrieved from /opt/airflow/dags/etl_dag.py
[2026-02-17T04:38:46.439+0000] {logging_mixin.py:188} INFO - [2026-02-17T04:38:46.439+0000] {dag.py:3036} INFO - Sync 1 DAGs
[2026-02-17T04:38:46.450+0000] {logging_mixin.py:188} INFO - [2026-02-17T04:38:46.450+0000] {dag.py:3823} INFO - Setting next_dagrun for ecommerce_etl_v2 to 2026-02-16 13:00:00+00:00, run_after=2026-02-17 13:00:00+00:00
[2026-02-17T04:38:46.459+0000] {processor.py:183} INFO - Processing /opt/airflow/dags/etl_dag.py took 0.152 seconds
[2026-02-17T04:39:16.622+0000] {processor.py:161} INFO - Started process (PID=51742) to work on /opt/airflow/dags/etl_dag.py
[2026-02-17T04:39:16.623+0000] {processor.py:830} INFO - Processing file /opt/airflow/dags/etl_dag.py for tasks to queue
[2026-02-17T04:39:16.624+0000] {logging_mixin.py:188} INFO - [2026-02-17T04:39:16.623+0000] {dagbag.py:538} INFO - Filling up the DagBag from /opt/airflow/dags/etl_dag.py
[2026-02-17T04:39:16.666+0000] {logging_mixin.py:188} INFO - Warning: Your Kaggle API key is readable by other users on this system! To fix this, you can run 'chmod 600 /home/airflow/.kaggle/kaggle.json'
[2026-02-17T04:39:16.727+0000] {logging_mixin.py:188} WARNING - /home/airflow/.local/lib/python3.8/site-packages/airflow/models/baseoperator.py:437 AirflowProviderDeprecationWarning: `exists_ok` parameter is deprecated, please use `if_exists`
[2026-02-17T04:39:16.735+0000] {processor.py:840} INFO - DAG(s) 'ecommerce_etl_v2' retrieved from /opt/airflow/dags/etl_dag.py
[2026-02-17T04:39:16.754+0000] {logging_mixin.py:188} INFO - [2026-02-17T04:39:16.754+0000] {dag.py:3036} INFO - Sync 1 DAGs
[2026-02-17T04:39:16.764+0000] {logging_mixin.py:188} INFO - [2026-02-17T04:39:16.764+0000] {dag.py:3823} INFO - Setting next_dagrun for ecommerce_etl_v2 to 2026-02-16 13:00:00+00:00, run_after=2026-02-17 13:00:00+00:00
[2026-02-17T04:39:16.774+0000] {processor.py:183} INFO - Processing /opt/airflow/dags/etl_dag.py took 0.155 seconds
[2026-02-17T04:39:46.990+0000] {processor.py:161} INFO - Started process (PID=51773) to work on /opt/airflow/dags/etl_dag.py
[2026-02-17T04:39:46.991+0000] {processor.py:830} INFO - Processing file /opt/airflow/dags/etl_dag.py for tasks to queue
[2026-02-17T04:39:46.991+0000] {logging_mixin.py:188} INFO - [2026-02-17T04:39:46.991+0000] {dagbag.py:538} INFO - Filling up the DagBag from /opt/airflow/dags/etl_dag.py
[2026-02-17T04:39:47.033+0000] {logging_mixin.py:188} INFO - Warning: Your Kaggle API key is readable by other users on this system! To fix this, you can run 'chmod 600 /home/airflow/.kaggle/kaggle.json'
[2026-02-17T04:39:47.093+0000] {logging_mixin.py:188} WARNING - /home/airflow/.local/lib/python3.8/site-packages/airflow/models/baseoperator.py:437 AirflowProviderDeprecationWarning: `exists_ok` parameter is deprecated, please use `if_exists`
[2026-02-17T04:39:47.101+0000] {processor.py:840} INFO - DAG(s) 'ecommerce_etl_v2' retrieved from /opt/airflow/dags/etl_dag.py
[2026-02-17T04:39:47.119+0000] {logging_mixin.py:188} INFO - [2026-02-17T04:39:47.119+0000] {dag.py:3036} INFO - Sync 1 DAGs
[2026-02-17T04:39:47.130+0000] {logging_mixin.py:188} INFO - [2026-02-17T04:39:47.130+0000] {dag.py:3823} INFO - Setting next_dagrun for ecommerce_etl_v2 to 2026-02-16 13:00:00+00:00, run_after=2026-02-17 13:00:00+00:00
[2026-02-17T04:39:47.139+0000] {processor.py:183} INFO - Processing /opt/airflow/dags/etl_dag.py took 0.152 seconds
[2026-02-17T04:40:17.324+0000] {processor.py:161} INFO - Started process (PID=51804) to work on /opt/airflow/dags/etl_dag.py
[2026-02-17T04:40:17.325+0000] {processor.py:830} INFO - Processing file /opt/airflow/dags/etl_dag.py for tasks to queue
[2026-02-17T04:40:17.325+0000] {logging_mixin.py:188} INFO - [2026-02-17T04:40:17.325+0000] {dagbag.py:538} INFO - Filling up the DagBag from /opt/airflow/dags/etl_dag.py
[2026-02-17T04:40:17.373+0000] {logging_mixin.py:188} INFO - Warning: Your Kaggle API key is readable by other users on this system! To fix this, you can run 'chmod 600 /home/airflow/.kaggle/kaggle.json'
[2026-02-17T04:40:17.433+0000] {logging_mixin.py:188} WARNING - /home/airflow/.local/lib/python3.8/site-packages/airflow/models/baseoperator.py:437 AirflowProviderDeprecationWarning: `exists_ok` parameter is deprecated, please use `if_exists`
[2026-02-17T04:40:17.442+0000] {processor.py:840} INFO - DAG(s) 'ecommerce_etl_v2' retrieved from /opt/airflow/dags/etl_dag.py
[2026-02-17T04:40:17.460+0000] {logging_mixin.py:188} INFO - [2026-02-17T04:40:17.460+0000] {dag.py:3036} INFO - Sync 1 DAGs
[2026-02-17T04:40:17.470+0000] {logging_mixin.py:188} INFO - [2026-02-17T04:40:17.470+0000] {dag.py:3823} INFO - Setting next_dagrun for ecommerce_etl_v2 to 2026-02-16 13:00:00+00:00, run_after=2026-02-17 13:00:00+00:00
[2026-02-17T04:40:17.479+0000] {processor.py:183} INFO - Processing /opt/airflow/dags/etl_dag.py took 0.158 seconds
[2026-02-17T04:40:47.707+0000] {processor.py:161} INFO - Started process (PID=51835) to work on /opt/airflow/dags/etl_dag.py
[2026-02-17T04:40:47.708+0000] {processor.py:830} INFO - Processing file /opt/airflow/dags/etl_dag.py for tasks to queue
[2026-02-17T04:40:47.709+0000] {logging_mixin.py:188} INFO - [2026-02-17T04:40:47.708+0000] {dagbag.py:538} INFO - Filling up the DagBag from /opt/airflow/dags/etl_dag.py
[2026-02-17T04:40:47.751+0000] {logging_mixin.py:188} INFO - Warning: Your Kaggle API key is readable by other users on this system! To fix this, you can run 'chmod 600 /home/airflow/.kaggle/kaggle.json'
[2026-02-17T04:40:47.810+0000] {logging_mixin.py:188} WARNING - /home/airflow/.local/lib/python3.8/site-packages/airflow/models/baseoperator.py:437 AirflowProviderDeprecationWarning: `exists_ok` parameter is deprecated, please use `if_exists`
[2026-02-17T04:40:47.822+0000] {processor.py:840} INFO - DAG(s) 'ecommerce_etl_v2' retrieved from /opt/airflow/dags/etl_dag.py
[2026-02-17T04:40:47.840+0000] {logging_mixin.py:188} INFO - [2026-02-17T04:40:47.840+0000] {dag.py:3036} INFO - Sync 1 DAGs
[2026-02-17T04:40:47.850+0000] {logging_mixin.py:188} INFO - [2026-02-17T04:40:47.850+0000] {dag.py:3823} INFO - Setting next_dagrun for ecommerce_etl_v2 to 2026-02-16 13:00:00+00:00, run_after=2026-02-17 13:00:00+00:00
[2026-02-17T04:40:47.859+0000] {processor.py:183} INFO - Processing /opt/airflow/dags/etl_dag.py took 0.154 seconds
[2026-02-17T04:41:18.022+0000] {processor.py:161} INFO - Started process (PID=51866) to work on /opt/airflow/dags/etl_dag.py
[2026-02-17T04:41:18.024+0000] {processor.py:830} INFO - Processing file /opt/airflow/dags/etl_dag.py for tasks to queue
[2026-02-17T04:41:18.025+0000] {logging_mixin.py:188} INFO - [2026-02-17T04:41:18.024+0000] {dagbag.py:538} INFO - Filling up the DagBag from /opt/airflow/dags/etl_dag.py
[2026-02-17T04:41:18.063+0000] {logging_mixin.py:188} INFO - Warning: Your Kaggle API key is readable by other users on this system! To fix this, you can run 'chmod 600 /home/airflow/.kaggle/kaggle.json'
[2026-02-17T04:41:18.123+0000] {logging_mixin.py:188} WARNING - /home/airflow/.local/lib/python3.8/site-packages/airflow/models/baseoperator.py:437 AirflowProviderDeprecationWarning: `exists_ok` parameter is deprecated, please use `if_exists`
[2026-02-17T04:41:18.132+0000] {processor.py:840} INFO - DAG(s) 'ecommerce_etl_v2' retrieved from /opt/airflow/dags/etl_dag.py
[2026-02-17T04:41:18.151+0000] {logging_mixin.py:188} INFO - [2026-02-17T04:41:18.150+0000] {dag.py:3036} INFO - Sync 1 DAGs
[2026-02-17T04:41:18.161+0000] {logging_mixin.py:188} INFO - [2026-02-17T04:41:18.161+0000] {dag.py:3823} INFO - Setting next_dagrun for ecommerce_etl_v2 to 2026-02-16 13:00:00+00:00, run_after=2026-02-17 13:00:00+00:00
[2026-02-17T04:41:18.169+0000] {processor.py:183} INFO - Processing /opt/airflow/dags/etl_dag.py took 0.150 seconds
[2026-02-17T04:41:48.363+0000] {processor.py:161} INFO - Started process (PID=51897) to work on /opt/airflow/dags/etl_dag.py
[2026-02-17T04:41:48.364+0000] {processor.py:830} INFO - Processing file /opt/airflow/dags/etl_dag.py for tasks to queue
[2026-02-17T04:41:48.365+0000] {logging_mixin.py:188} INFO - [2026-02-17T04:41:48.365+0000] {dagbag.py:538} INFO - Filling up the DagBag from /opt/airflow/dags/etl_dag.py
[2026-02-17T04:41:48.410+0000] {logging_mixin.py:188} INFO - Warning: Your Kaggle API key is readable by other users on this system! To fix this, you can run 'chmod 600 /home/airflow/.kaggle/kaggle.json'
[2026-02-17T04:41:48.471+0000] {logging_mixin.py:188} WARNING - /home/airflow/.local/lib/python3.8/site-packages/airflow/models/baseoperator.py:437 AirflowProviderDeprecationWarning: `exists_ok` parameter is deprecated, please use `if_exists`
[2026-02-17T04:41:48.481+0000] {processor.py:840} INFO - DAG(s) 'ecommerce_etl_v2' retrieved from /opt/airflow/dags/etl_dag.py
[2026-02-17T04:41:48.499+0000] {logging_mixin.py:188} INFO - [2026-02-17T04:41:48.499+0000] {dag.py:3036} INFO - Sync 1 DAGs
[2026-02-17T04:41:48.509+0000] {logging_mixin.py:188} INFO - [2026-02-17T04:41:48.509+0000] {dag.py:3823} INFO - Setting next_dagrun for ecommerce_etl_v2 to 2026-02-16 13:00:00+00:00, run_after=2026-02-17 13:00:00+00:00
[2026-02-17T04:41:48.518+0000] {processor.py:183} INFO - Processing /opt/airflow/dags/etl_dag.py took 0.160 seconds
[2026-02-17T04:42:18.682+0000] {processor.py:161} INFO - Started process (PID=51928) to work on /opt/airflow/dags/etl_dag.py
[2026-02-17T04:42:18.684+0000] {processor.py:830} INFO - Processing file /opt/airflow/dags/etl_dag.py for tasks to queue
[2026-02-17T04:42:18.685+0000] {logging_mixin.py:188} INFO - [2026-02-17T04:42:18.684+0000] {dagbag.py:538} INFO - Filling up the DagBag from /opt/airflow/dags/etl_dag.py
[2026-02-17T04:42:18.732+0000] {logging_mixin.py:188} INFO - Warning: Your Kaggle API key is readable by other users on this system! To fix this, you can run 'chmod 600 /home/airflow/.kaggle/kaggle.json'
[2026-02-17T04:42:18.794+0000] {logging_mixin.py:188} WARNING - /home/airflow/.local/lib/python3.8/site-packages/airflow/models/baseoperator.py:437 AirflowProviderDeprecationWarning: `exists_ok` parameter is deprecated, please use `if_exists`
[2026-02-17T04:42:18.804+0000] {processor.py:840} INFO - DAG(s) 'ecommerce_etl_v2' retrieved from /opt/airflow/dags/etl_dag.py
[2026-02-17T04:42:18.824+0000] {logging_mixin.py:188} INFO - [2026-02-17T04:42:18.823+0000] {dag.py:3036} INFO - Sync 1 DAGs
[2026-02-17T04:42:18.834+0000] {logging_mixin.py:188} INFO - [2026-02-17T04:42:18.834+0000] {dag.py:3823} INFO - Setting next_dagrun for ecommerce_etl_v2 to 2026-02-16 13:00:00+00:00, run_after=2026-02-17 13:00:00+00:00
[2026-02-17T04:42:18.843+0000] {processor.py:183} INFO - Processing /opt/airflow/dags/etl_dag.py took 0.165 seconds
[2026-02-17T04:42:49.125+0000] {processor.py:161} INFO - Started process (PID=51959) to work on /opt/airflow/dags/etl_dag.py
[2026-02-17T04:42:49.126+0000] {processor.py:830} INFO - Processing file /opt/airflow/dags/etl_dag.py for tasks to queue
[2026-02-17T04:42:49.127+0000] {logging_mixin.py:188} INFO - [2026-02-17T04:42:49.127+0000] {dagbag.py:538} INFO - Filling up the DagBag from /opt/airflow/dags/etl_dag.py
[2026-02-17T04:42:49.172+0000] {logging_mixin.py:188} INFO - Warning: Your Kaggle API key is readable by other users on this system! To fix this, you can run 'chmod 600 /home/airflow/.kaggle/kaggle.json'
[2026-02-17T04:42:49.233+0000] {logging_mixin.py:188} WARNING - /home/airflow/.local/lib/python3.8/site-packages/airflow/models/baseoperator.py:437 AirflowProviderDeprecationWarning: `exists_ok` parameter is deprecated, please use `if_exists`
[2026-02-17T04:42:49.241+0000] {processor.py:840} INFO - DAG(s) 'ecommerce_etl_v2' retrieved from /opt/airflow/dags/etl_dag.py
[2026-02-17T04:42:49.260+0000] {logging_mixin.py:188} INFO - [2026-02-17T04:42:49.260+0000] {dag.py:3036} INFO - Sync 1 DAGs
[2026-02-17T04:42:49.271+0000] {logging_mixin.py:188} INFO - [2026-02-17T04:42:49.271+0000] {dag.py:3823} INFO - Setting next_dagrun for ecommerce_etl_v2 to 2026-02-16 13:00:00+00:00, run_after=2026-02-17 13:00:00+00:00
[2026-02-17T04:42:49.280+0000] {processor.py:183} INFO - Processing /opt/airflow/dags/etl_dag.py took 0.159 seconds
[2026-02-17T04:43:19.461+0000] {processor.py:161} INFO - Started process (PID=51990) to work on /opt/airflow/dags/etl_dag.py
[2026-02-17T04:43:19.462+0000] {processor.py:830} INFO - Processing file /opt/airflow/dags/etl_dag.py for tasks to queue
[2026-02-17T04:43:19.463+0000] {logging_mixin.py:188} INFO - [2026-02-17T04:43:19.463+0000] {dagbag.py:538} INFO - Filling up the DagBag from /opt/airflow/dags/etl_dag.py
[2026-02-17T04:43:19.513+0000] {logging_mixin.py:188} INFO - Warning: Your Kaggle API key is readable by other users on this system! To fix this, you can run 'chmod 600 /home/airflow/.kaggle/kaggle.json'
[2026-02-17T04:43:19.575+0000] {logging_mixin.py:188} WARNING - /home/airflow/.local/lib/python3.8/site-packages/airflow/models/baseoperator.py:437 AirflowProviderDeprecationWarning: `exists_ok` parameter is deprecated, please use `if_exists`
[2026-02-17T04:43:19.585+0000] {processor.py:840} INFO - DAG(s) 'ecommerce_etl_v2' retrieved from /opt/airflow/dags/etl_dag.py
[2026-02-17T04:43:19.604+0000] {logging_mixin.py:188} INFO - [2026-02-17T04:43:19.604+0000] {dag.py:3036} INFO - Sync 1 DAGs
[2026-02-17T04:43:19.614+0000] {logging_mixin.py:188} INFO - [2026-02-17T04:43:19.614+0000] {dag.py:3823} INFO - Setting next_dagrun for ecommerce_etl_v2 to 2026-02-16 13:00:00+00:00, run_after=2026-02-17 13:00:00+00:00
[2026-02-17T04:43:19.622+0000] {processor.py:183} INFO - Processing /opt/airflow/dags/etl_dag.py took 0.166 seconds
[2026-02-17T04:43:49.853+0000] {processor.py:161} INFO - Started process (PID=52021) to work on /opt/airflow/dags/etl_dag.py
[2026-02-17T04:43:49.854+0000] {processor.py:830} INFO - Processing file /opt/airflow/dags/etl_dag.py for tasks to queue
[2026-02-17T04:43:49.855+0000] {logging_mixin.py:188} INFO - [2026-02-17T04:43:49.855+0000] {dagbag.py:538} INFO - Filling up the DagBag from /opt/airflow/dags/etl_dag.py
[2026-02-17T04:43:49.898+0000] {logging_mixin.py:188} INFO - Warning: Your Kaggle API key is readable by other users on this system! To fix this, you can run 'chmod 600 /home/airflow/.kaggle/kaggle.json'
[2026-02-17T04:43:49.959+0000] {logging_mixin.py:188} WARNING - /home/airflow/.local/lib/python3.8/site-packages/airflow/models/baseoperator.py:437 AirflowProviderDeprecationWarning: `exists_ok` parameter is deprecated, please use `if_exists`
[2026-02-17T04:43:49.968+0000] {processor.py:840} INFO - DAG(s) 'ecommerce_etl_v2' retrieved from /opt/airflow/dags/etl_dag.py
[2026-02-17T04:43:49.986+0000] {logging_mixin.py:188} INFO - [2026-02-17T04:43:49.986+0000] {dag.py:3036} INFO - Sync 1 DAGs
[2026-02-17T04:43:49.997+0000] {logging_mixin.py:188} INFO - [2026-02-17T04:43:49.996+0000] {dag.py:3823} INFO - Setting next_dagrun for ecommerce_etl_v2 to 2026-02-16 13:00:00+00:00, run_after=2026-02-17 13:00:00+00:00
[2026-02-17T04:43:50.006+0000] {processor.py:183} INFO - Processing /opt/airflow/dags/etl_dag.py took 0.155 seconds
[2026-02-17T04:44:20.220+0000] {processor.py:161} INFO - Started process (PID=52052) to work on /opt/airflow/dags/etl_dag.py
[2026-02-17T04:44:20.220+0000] {processor.py:830} INFO - Processing file /opt/airflow/dags/etl_dag.py for tasks to queue
[2026-02-17T04:44:20.221+0000] {logging_mixin.py:188} INFO - [2026-02-17T04:44:20.221+0000] {dagbag.py:538} INFO - Filling up the DagBag from /opt/airflow/dags/etl_dag.py
[2026-02-17T04:44:20.267+0000] {logging_mixin.py:188} INFO - Warning: Your Kaggle API key is readable by other users on this system! To fix this, you can run 'chmod 600 /home/airflow/.kaggle/kaggle.json'
[2026-02-17T04:44:20.326+0000] {logging_mixin.py:188} WARNING - /home/airflow/.local/lib/python3.8/site-packages/airflow/models/baseoperator.py:437 AirflowProviderDeprecationWarning: `exists_ok` parameter is deprecated, please use `if_exists`
[2026-02-17T04:44:20.335+0000] {processor.py:840} INFO - DAG(s) 'ecommerce_etl_v2' retrieved from /opt/airflow/dags/etl_dag.py
[2026-02-17T04:44:20.353+0000] {logging_mixin.py:188} INFO - [2026-02-17T04:44:20.353+0000] {dag.py:3036} INFO - Sync 1 DAGs
[2026-02-17T04:44:20.364+0000] {logging_mixin.py:188} INFO - [2026-02-17T04:44:20.364+0000] {dag.py:3823} INFO - Setting next_dagrun for ecommerce_etl_v2 to 2026-02-16 13:00:00+00:00, run_after=2026-02-17 13:00:00+00:00
[2026-02-17T04:44:20.373+0000] {processor.py:183} INFO - Processing /opt/airflow/dags/etl_dag.py took 0.157 seconds
[2026-02-17T04:44:50.606+0000] {processor.py:161} INFO - Started process (PID=52083) to work on /opt/airflow/dags/etl_dag.py
[2026-02-17T04:44:50.607+0000] {processor.py:830} INFO - Processing file /opt/airflow/dags/etl_dag.py for tasks to queue
[2026-02-17T04:44:50.608+0000] {logging_mixin.py:188} INFO - [2026-02-17T04:44:50.607+0000] {dagbag.py:538} INFO - Filling up the DagBag from /opt/airflow/dags/etl_dag.py
[2026-02-17T04:44:50.653+0000] {logging_mixin.py:188} INFO - Warning: Your Kaggle API key is readable by other users on this system! To fix this, you can run 'chmod 600 /home/airflow/.kaggle/kaggle.json'
[2026-02-17T04:44:50.712+0000] {logging_mixin.py:188} WARNING - /home/airflow/.local/lib/python3.8/site-packages/airflow/models/baseoperator.py:437 AirflowProviderDeprecationWarning: `exists_ok` parameter is deprecated, please use `if_exists`
[2026-02-17T04:44:50.721+0000] {processor.py:840} INFO - DAG(s) 'ecommerce_etl_v2' retrieved from /opt/airflow/dags/etl_dag.py
[2026-02-17T04:44:50.740+0000] {logging_mixin.py:188} INFO - [2026-02-17T04:44:50.739+0000] {dag.py:3036} INFO - Sync 1 DAGs
[2026-02-17T04:44:50.750+0000] {logging_mixin.py:188} INFO - [2026-02-17T04:44:50.750+0000] {dag.py:3823} INFO - Setting next_dagrun for ecommerce_etl_v2 to 2026-02-16 13:00:00+00:00, run_after=2026-02-17 13:00:00+00:00
[2026-02-17T04:44:50.759+0000] {processor.py:183} INFO - Processing /opt/airflow/dags/etl_dag.py took 0.156 seconds
[2026-02-17T04:45:20.944+0000] {processor.py:161} INFO - Started process (PID=52114) to work on /opt/airflow/dags/etl_dag.py
[2026-02-17T04:45:20.945+0000] {processor.py:830} INFO - Processing file /opt/airflow/dags/etl_dag.py for tasks to queue
[2026-02-17T04:45:20.946+0000] {logging_mixin.py:188} INFO - [2026-02-17T04:45:20.945+0000] {dagbag.py:538} INFO - Filling up the DagBag from /opt/airflow/dags/etl_dag.py
[2026-02-17T04:45:20.993+0000] {logging_mixin.py:188} INFO - Warning: Your Kaggle API key is readable by other users on this system! To fix this, you can run 'chmod 600 /home/airflow/.kaggle/kaggle.json'
[2026-02-17T04:45:21.053+0000] {logging_mixin.py:188} WARNING - /home/airflow/.local/lib/python3.8/site-packages/airflow/models/baseoperator.py:437 AirflowProviderDeprecationWarning: `exists_ok` parameter is deprecated, please use `if_exists`
[2026-02-17T04:45:21.062+0000] {processor.py:840} INFO - DAG(s) 'ecommerce_etl_v2' retrieved from /opt/airflow/dags/etl_dag.py
[2026-02-17T04:45:21.080+0000] {logging_mixin.py:188} INFO - [2026-02-17T04:45:21.080+0000] {dag.py:3036} INFO - Sync 1 DAGs
[2026-02-17T04:45:21.091+0000] {logging_mixin.py:188} INFO - [2026-02-17T04:45:21.091+0000] {dag.py:3823} INFO - Setting next_dagrun for ecommerce_etl_v2 to 2026-02-16 13:00:00+00:00, run_after=2026-02-17 13:00:00+00:00
[2026-02-17T04:45:21.100+0000] {processor.py:183} INFO - Processing /opt/airflow/dags/etl_dag.py took 0.161 seconds
[2026-02-17T04:45:51.346+0000] {processor.py:161} INFO - Started process (PID=52145) to work on /opt/airflow/dags/etl_dag.py
[2026-02-17T04:45:51.347+0000] {processor.py:830} INFO - Processing file /opt/airflow/dags/etl_dag.py for tasks to queue
[2026-02-17T04:45:51.348+0000] {logging_mixin.py:188} INFO - [2026-02-17T04:45:51.347+0000] {dagbag.py:538} INFO - Filling up the DagBag from /opt/airflow/dags/etl_dag.py
[2026-02-17T04:45:51.393+0000] {logging_mixin.py:188} INFO - Warning: Your Kaggle API key is readable by other users on this system! To fix this, you can run 'chmod 600 /home/airflow/.kaggle/kaggle.json'
[2026-02-17T04:45:51.453+0000] {logging_mixin.py:188} WARNING - /home/airflow/.local/lib/python3.8/site-packages/airflow/models/baseoperator.py:437 AirflowProviderDeprecationWarning: `exists_ok` parameter is deprecated, please use `if_exists`
[2026-02-17T04:45:51.463+0000] {processor.py:840} INFO - DAG(s) 'ecommerce_etl_v2' retrieved from /opt/airflow/dags/etl_dag.py
[2026-02-17T04:45:51.482+0000] {logging_mixin.py:188} INFO - [2026-02-17T04:45:51.482+0000] {dag.py:3036} INFO - Sync 1 DAGs
[2026-02-17T04:45:51.493+0000] {logging_mixin.py:188} INFO - [2026-02-17T04:45:51.493+0000] {dag.py:3823} INFO - Setting next_dagrun for ecommerce_etl_v2 to 2026-02-16 13:00:00+00:00, run_after=2026-02-17 13:00:00+00:00
[2026-02-17T04:45:51.502+0000] {processor.py:183} INFO - Processing /opt/airflow/dags/etl_dag.py took 0.160 seconds
[2026-02-17T04:46:21.630+0000] {processor.py:161} INFO - Started process (PID=52176) to work on /opt/airflow/dags/etl_dag.py
[2026-02-17T04:46:21.631+0000] {processor.py:830} INFO - Processing file /opt/airflow/dags/etl_dag.py for tasks to queue
[2026-02-17T04:46:21.632+0000] {logging_mixin.py:188} INFO - [2026-02-17T04:46:21.632+0000] {dagbag.py:538} INFO - Filling up the DagBag from /opt/airflow/dags/etl_dag.py
[2026-02-17T04:46:21.677+0000] {logging_mixin.py:188} INFO - Warning: Your Kaggle API key is readable by other users on this system! To fix this, you can run 'chmod 600 /home/airflow/.kaggle/kaggle.json'
[2026-02-17T04:46:21.739+0000] {logging_mixin.py:188} WARNING - /home/airflow/.local/lib/python3.8/site-packages/airflow/models/baseoperator.py:437 AirflowProviderDeprecationWarning: `exists_ok` parameter is deprecated, please use `if_exists`
[2026-02-17T04:46:21.749+0000] {processor.py:840} INFO - DAG(s) 'ecommerce_etl_v2' retrieved from /opt/airflow/dags/etl_dag.py
[2026-02-17T04:46:21.768+0000] {logging_mixin.py:188} INFO - [2026-02-17T04:46:21.768+0000] {dag.py:3036} INFO - Sync 1 DAGs
[2026-02-17T04:46:21.778+0000] {logging_mixin.py:188} INFO - [2026-02-17T04:46:21.778+0000] {dag.py:3823} INFO - Setting next_dagrun for ecommerce_etl_v2 to 2026-02-16 13:00:00+00:00, run_after=2026-02-17 13:00:00+00:00
[2026-02-17T04:46:21.787+0000] {processor.py:183} INFO - Processing /opt/airflow/dags/etl_dag.py took 0.161 seconds
[2026-02-17T04:46:51.937+0000] {processor.py:161} INFO - Started process (PID=52207) to work on /opt/airflow/dags/etl_dag.py
[2026-02-17T04:46:51.939+0000] {processor.py:830} INFO - Processing file /opt/airflow/dags/etl_dag.py for tasks to queue
[2026-02-17T04:46:51.941+0000] {logging_mixin.py:188} INFO - [2026-02-17T04:46:51.940+0000] {dagbag.py:538} INFO - Filling up the DagBag from /opt/airflow/dags/etl_dag.py
[2026-02-17T04:46:51.998+0000] {logging_mixin.py:188} INFO - Warning: Your Kaggle API key is readable by other users on this system! To fix this, you can run 'chmod 600 /home/airflow/.kaggle/kaggle.json'
[2026-02-17T04:46:52.065+0000] {logging_mixin.py:188} WARNING - /home/airflow/.local/lib/python3.8/site-packages/airflow/models/baseoperator.py:437 AirflowProviderDeprecationWarning: `exists_ok` parameter is deprecated, please use `if_exists`
[2026-02-17T04:46:52.076+0000] {processor.py:840} INFO - DAG(s) 'ecommerce_etl_v2' retrieved from /opt/airflow/dags/etl_dag.py
[2026-02-17T04:46:52.100+0000] {logging_mixin.py:188} INFO - [2026-02-17T04:46:52.099+0000] {dag.py:3036} INFO - Sync 1 DAGs
[2026-02-17T04:46:52.113+0000] {logging_mixin.py:188} INFO - [2026-02-17T04:46:52.113+0000] {dag.py:3823} INFO - Setting next_dagrun for ecommerce_etl_v2 to 2026-02-16 13:00:00+00:00, run_after=2026-02-17 13:00:00+00:00
[2026-02-17T04:46:52.123+0000] {processor.py:183} INFO - Processing /opt/airflow/dags/etl_dag.py took 0.192 seconds
[2026-02-17T04:47:22.377+0000] {processor.py:161} INFO - Started process (PID=52238) to work on /opt/airflow/dags/etl_dag.py
[2026-02-17T04:47:22.378+0000] {processor.py:830} INFO - Processing file /opt/airflow/dags/etl_dag.py for tasks to queue
[2026-02-17T04:47:22.379+0000] {logging_mixin.py:188} INFO - [2026-02-17T04:47:22.378+0000] {dagbag.py:538} INFO - Filling up the DagBag from /opt/airflow/dags/etl_dag.py
[2026-02-17T04:47:22.428+0000] {logging_mixin.py:188} INFO - Warning: Your Kaggle API key is readable by other users on this system! To fix this, you can run 'chmod 600 /home/airflow/.kaggle/kaggle.json'
[2026-02-17T04:47:22.493+0000] {logging_mixin.py:188} WARNING - /home/airflow/.local/lib/python3.8/site-packages/airflow/models/baseoperator.py:437 AirflowProviderDeprecationWarning: `exists_ok` parameter is deprecated, please use `if_exists`
[2026-02-17T04:47:22.502+0000] {processor.py:840} INFO - DAG(s) 'ecommerce_etl_v2' retrieved from /opt/airflow/dags/etl_dag.py
[2026-02-17T04:47:22.521+0000] {logging_mixin.py:188} INFO - [2026-02-17T04:47:22.521+0000] {dag.py:3036} INFO - Sync 1 DAGs
[2026-02-17T04:47:22.532+0000] {logging_mixin.py:188} INFO - [2026-02-17T04:47:22.532+0000] {dag.py:3823} INFO - Setting next_dagrun for ecommerce_etl_v2 to 2026-02-16 13:00:00+00:00, run_after=2026-02-17 13:00:00+00:00
[2026-02-17T04:47:22.541+0000] {processor.py:183} INFO - Processing /opt/airflow/dags/etl_dag.py took 0.167 seconds
[2026-02-17T04:47:52.729+0000] {processor.py:161} INFO - Started process (PID=52269) to work on /opt/airflow/dags/etl_dag.py
[2026-02-17T04:47:52.730+0000] {processor.py:830} INFO - Processing file /opt/airflow/dags/etl_dag.py for tasks to queue
[2026-02-17T04:47:52.731+0000] {logging_mixin.py:188} INFO - [2026-02-17T04:47:52.730+0000] {dagbag.py:538} INFO - Filling up the DagBag from /opt/airflow/dags/etl_dag.py
[2026-02-17T04:47:52.774+0000] {logging_mixin.py:188} INFO - Warning: Your Kaggle API key is readable by other users on this system! To fix this, you can run 'chmod 600 /home/airflow/.kaggle/kaggle.json'
[2026-02-17T04:47:52.835+0000] {logging_mixin.py:188} WARNING - /home/airflow/.local/lib/python3.8/site-packages/airflow/models/baseoperator.py:437 AirflowProviderDeprecationWarning: `exists_ok` parameter is deprecated, please use `if_exists`
[2026-02-17T04:47:52.844+0000] {processor.py:840} INFO - DAG(s) 'ecommerce_etl_v2' retrieved from /opt/airflow/dags/etl_dag.py
[2026-02-17T04:47:52.862+0000] {logging_mixin.py:188} INFO - [2026-02-17T04:47:52.862+0000] {dag.py:3036} INFO - Sync 1 DAGs
[2026-02-17T04:47:52.872+0000] {logging_mixin.py:188} INFO - [2026-02-17T04:47:52.872+0000] {dag.py:3823} INFO - Setting next_dagrun for ecommerce_etl_v2 to 2026-02-16 13:00:00+00:00, run_after=2026-02-17 13:00:00+00:00
[2026-02-17T04:47:52.881+0000] {processor.py:183} INFO - Processing /opt/airflow/dags/etl_dag.py took 0.157 seconds
[2026-02-17T04:48:23.096+0000] {processor.py:161} INFO - Started process (PID=52300) to work on /opt/airflow/dags/etl_dag.py
[2026-02-17T04:48:23.097+0000] {processor.py:830} INFO - Processing file /opt/airflow/dags/etl_dag.py for tasks to queue
[2026-02-17T04:48:23.097+0000] {logging_mixin.py:188} INFO - [2026-02-17T04:48:23.097+0000] {dagbag.py:538} INFO - Filling up the DagBag from /opt/airflow/dags/etl_dag.py
[2026-02-17T04:48:23.145+0000] {logging_mixin.py:188} INFO - Warning: Your Kaggle API key is readable by other users on this system! To fix this, you can run 'chmod 600 /home/airflow/.kaggle/kaggle.json'
[2026-02-17T04:48:23.205+0000] {logging_mixin.py:188} WARNING - /home/airflow/.local/lib/python3.8/site-packages/airflow/models/baseoperator.py:437 AirflowProviderDeprecationWarning: `exists_ok` parameter is deprecated, please use `if_exists`
[2026-02-17T04:48:23.215+0000] {processor.py:840} INFO - DAG(s) 'ecommerce_etl_v2' retrieved from /opt/airflow/dags/etl_dag.py
[2026-02-17T04:48:23.233+0000] {logging_mixin.py:188} INFO - [2026-02-17T04:48:23.233+0000] {dag.py:3036} INFO - Sync 1 DAGs
[2026-02-17T04:48:23.244+0000] {logging_mixin.py:188} INFO - [2026-02-17T04:48:23.244+0000] {dag.py:3823} INFO - Setting next_dagrun for ecommerce_etl_v2 to 2026-02-16 13:00:00+00:00, run_after=2026-02-17 13:00:00+00:00
[2026-02-17T04:48:23.251+0000] {processor.py:183} INFO - Processing /opt/airflow/dags/etl_dag.py took 0.158 seconds
[2026-02-17T04:48:53.478+0000] {processor.py:161} INFO - Started process (PID=52331) to work on /opt/airflow/dags/etl_dag.py
[2026-02-17T04:48:53.479+0000] {processor.py:830} INFO - Processing file /opt/airflow/dags/etl_dag.py for tasks to queue
[2026-02-17T04:48:53.480+0000] {logging_mixin.py:188} INFO - [2026-02-17T04:48:53.479+0000] {dagbag.py:538} INFO - Filling up the DagBag from /opt/airflow/dags/etl_dag.py
[2026-02-17T04:48:53.524+0000] {logging_mixin.py:188} INFO - Warning: Your Kaggle API key is readable by other users on this system! To fix this, you can run 'chmod 600 /home/airflow/.kaggle/kaggle.json'
[2026-02-17T04:48:53.585+0000] {logging_mixin.py:188} WARNING - /home/airflow/.local/lib/python3.8/site-packages/airflow/models/baseoperator.py:437 AirflowProviderDeprecationWarning: `exists_ok` parameter is deprecated, please use `if_exists`
[2026-02-17T04:48:53.594+0000] {processor.py:840} INFO - DAG(s) 'ecommerce_etl_v2' retrieved from /opt/airflow/dags/etl_dag.py
[2026-02-17T04:48:53.613+0000] {logging_mixin.py:188} INFO - [2026-02-17T04:48:53.612+0000] {dag.py:3036} INFO - Sync 1 DAGs
[2026-02-17T04:48:53.623+0000] {logging_mixin.py:188} INFO - [2026-02-17T04:48:53.623+0000] {dag.py:3823} INFO - Setting next_dagrun for ecommerce_etl_v2 to 2026-02-16 13:00:00+00:00, run_after=2026-02-17 13:00:00+00:00
[2026-02-17T04:48:53.633+0000] {processor.py:183} INFO - Processing /opt/airflow/dags/etl_dag.py took 0.157 seconds
[2026-02-17T04:49:23.839+0000] {processor.py:161} INFO - Started process (PID=52362) to work on /opt/airflow/dags/etl_dag.py
[2026-02-17T04:49:23.841+0000] {processor.py:830} INFO - Processing file /opt/airflow/dags/etl_dag.py for tasks to queue
[2026-02-17T04:49:23.842+0000] {logging_mixin.py:188} INFO - [2026-02-17T04:49:23.841+0000] {dagbag.py:538} INFO - Filling up the DagBag from /opt/airflow/dags/etl_dag.py
[2026-02-17T04:49:23.891+0000] {logging_mixin.py:188} INFO - Warning: Your Kaggle API key is readable by other users on this system! To fix this, you can run 'chmod 600 /home/airflow/.kaggle/kaggle.json'
[2026-02-17T04:49:23.955+0000] {logging_mixin.py:188} WARNING - /home/airflow/.local/lib/python3.8/site-packages/airflow/models/baseoperator.py:437 AirflowProviderDeprecationWarning: `exists_ok` parameter is deprecated, please use `if_exists`
[2026-02-17T04:49:23.964+0000] {processor.py:840} INFO - DAG(s) 'ecommerce_etl_v2' retrieved from /opt/airflow/dags/etl_dag.py
[2026-02-17T04:49:23.983+0000] {logging_mixin.py:188} INFO - [2026-02-17T04:49:23.983+0000] {dag.py:3036} INFO - Sync 1 DAGs
[2026-02-17T04:49:23.993+0000] {logging_mixin.py:188} INFO - [2026-02-17T04:49:23.993+0000] {dag.py:3823} INFO - Setting next_dagrun for ecommerce_etl_v2 to 2026-02-16 13:00:00+00:00, run_after=2026-02-17 13:00:00+00:00
[2026-02-17T04:49:24.001+0000] {processor.py:183} INFO - Processing /opt/airflow/dags/etl_dag.py took 0.166 seconds
[2026-02-17T04:49:54.210+0000] {processor.py:161} INFO - Started process (PID=52393) to work on /opt/airflow/dags/etl_dag.py
[2026-02-17T04:49:54.211+0000] {processor.py:830} INFO - Processing file /opt/airflow/dags/etl_dag.py for tasks to queue
[2026-02-17T04:49:54.212+0000] {logging_mixin.py:188} INFO - [2026-02-17T04:49:54.212+0000] {dagbag.py:538} INFO - Filling up the DagBag from /opt/airflow/dags/etl_dag.py
[2026-02-17T04:49:54.256+0000] {logging_mixin.py:188} INFO - Warning: Your Kaggle API key is readable by other users on this system! To fix this, you can run 'chmod 600 /home/airflow/.kaggle/kaggle.json'
[2026-02-17T04:49:54.317+0000] {logging_mixin.py:188} WARNING - /home/airflow/.local/lib/python3.8/site-packages/airflow/models/baseoperator.py:437 AirflowProviderDeprecationWarning: `exists_ok` parameter is deprecated, please use `if_exists`
[2026-02-17T04:49:54.326+0000] {processor.py:840} INFO - DAG(s) 'ecommerce_etl_v2' retrieved from /opt/airflow/dags/etl_dag.py
[2026-02-17T04:49:54.344+0000] {logging_mixin.py:188} INFO - [2026-02-17T04:49:54.344+0000] {dag.py:3036} INFO - Sync 1 DAGs
[2026-02-17T04:49:54.354+0000] {logging_mixin.py:188} INFO - [2026-02-17T04:49:54.354+0000] {dag.py:3823} INFO - Setting next_dagrun for ecommerce_etl_v2 to 2026-02-16 13:00:00+00:00, run_after=2026-02-17 13:00:00+00:00
[2026-02-17T04:49:54.363+0000] {processor.py:183} INFO - Processing /opt/airflow/dags/etl_dag.py took 0.157 seconds
[2026-02-17T04:50:24.559+0000] {processor.py:161} INFO - Started process (PID=52424) to work on /opt/airflow/dags/etl_dag.py
[2026-02-17T04:50:24.560+0000] {processor.py:830} INFO - Processing file /opt/airflow/dags/etl_dag.py for tasks to queue
[2026-02-17T04:50:24.561+0000] {logging_mixin.py:188} INFO - [2026-02-17T04:50:24.561+0000] {dagbag.py:538} INFO - Filling up the DagBag from /opt/airflow/dags/etl_dag.py
[2026-02-17T04:50:24.609+0000] {logging_mixin.py:188} INFO - Warning: Your Kaggle API key is readable by other users on this system! To fix this, you can run 'chmod 600 /home/airflow/.kaggle/kaggle.json'
[2026-02-17T04:50:24.676+0000] {logging_mixin.py:188} WARNING - /home/airflow/.local/lib/python3.8/site-packages/airflow/models/baseoperator.py:437 AirflowProviderDeprecationWarning: `exists_ok` parameter is deprecated, please use `if_exists`
[2026-02-17T04:50:24.685+0000] {processor.py:840} INFO - DAG(s) 'ecommerce_etl_v2' retrieved from /opt/airflow/dags/etl_dag.py
[2026-02-17T04:50:24.703+0000] {logging_mixin.py:188} INFO - [2026-02-17T04:50:24.703+0000] {dag.py:3036} INFO - Sync 1 DAGs
[2026-02-17T04:50:24.713+0000] {logging_mixin.py:188} INFO - [2026-02-17T04:50:24.713+0000] {dag.py:3823} INFO - Setting next_dagrun for ecommerce_etl_v2 to 2026-02-16 13:00:00+00:00, run_after=2026-02-17 13:00:00+00:00
[2026-02-17T04:50:24.722+0000] {processor.py:183} INFO - Processing /opt/airflow/dags/etl_dag.py took 0.167 seconds
[2026-02-17T04:50:54.935+0000] {processor.py:161} INFO - Started process (PID=52455) to work on /opt/airflow/dags/etl_dag.py
[2026-02-17T04:50:54.936+0000] {processor.py:830} INFO - Processing file /opt/airflow/dags/etl_dag.py for tasks to queue
[2026-02-17T04:50:54.937+0000] {logging_mixin.py:188} INFO - [2026-02-17T04:50:54.937+0000] {dagbag.py:538} INFO - Filling up the DagBag from /opt/airflow/dags/etl_dag.py
[2026-02-17T04:50:54.980+0000] {logging_mixin.py:188} INFO - Warning: Your Kaggle API key is readable by other users on this system! To fix this, you can run 'chmod 600 /home/airflow/.kaggle/kaggle.json'
[2026-02-17T04:50:55.041+0000] {logging_mixin.py:188} WARNING - /home/airflow/.local/lib/python3.8/site-packages/airflow/models/baseoperator.py:437 AirflowProviderDeprecationWarning: `exists_ok` parameter is deprecated, please use `if_exists`
[2026-02-17T04:50:55.053+0000] {processor.py:840} INFO - DAG(s) 'ecommerce_etl_v2' retrieved from /opt/airflow/dags/etl_dag.py
[2026-02-17T04:50:55.071+0000] {logging_mixin.py:188} INFO - [2026-02-17T04:50:55.071+0000] {dag.py:3036} INFO - Sync 1 DAGs
[2026-02-17T04:50:55.081+0000] {logging_mixin.py:188} INFO - [2026-02-17T04:50:55.081+0000] {dag.py:3823} INFO - Setting next_dagrun for ecommerce_etl_v2 to 2026-02-16 13:00:00+00:00, run_after=2026-02-17 13:00:00+00:00
[2026-02-17T04:50:55.090+0000] {processor.py:183} INFO - Processing /opt/airflow/dags/etl_dag.py took 0.158 seconds
[2026-02-17T04:51:25.246+0000] {processor.py:161} INFO - Started process (PID=52486) to work on /opt/airflow/dags/etl_dag.py
[2026-02-17T04:51:25.248+0000] {processor.py:830} INFO - Processing file /opt/airflow/dags/etl_dag.py for tasks to queue
[2026-02-17T04:51:25.249+0000] {logging_mixin.py:188} INFO - [2026-02-17T04:51:25.248+0000] {dagbag.py:538} INFO - Filling up the DagBag from /opt/airflow/dags/etl_dag.py
[2026-02-17T04:51:25.294+0000] {logging_mixin.py:188} INFO - Warning: Your Kaggle API key is readable by other users on this system! To fix this, you can run 'chmod 600 /home/airflow/.kaggle/kaggle.json'
[2026-02-17T04:51:25.356+0000] {logging_mixin.py:188} WARNING - /home/airflow/.local/lib/python3.8/site-packages/airflow/models/baseoperator.py:437 AirflowProviderDeprecationWarning: `exists_ok` parameter is deprecated, please use `if_exists`
[2026-02-17T04:51:25.365+0000] {processor.py:840} INFO - DAG(s) 'ecommerce_etl_v2' retrieved from /opt/airflow/dags/etl_dag.py
[2026-02-17T04:51:25.384+0000] {logging_mixin.py:188} INFO - [2026-02-17T04:51:25.383+0000] {dag.py:3036} INFO - Sync 1 DAGs
[2026-02-17T04:51:25.394+0000] {logging_mixin.py:188} INFO - [2026-02-17T04:51:25.394+0000] {dag.py:3823} INFO - Setting next_dagrun for ecommerce_etl_v2 to 2026-02-16 13:00:00+00:00, run_after=2026-02-17 13:00:00+00:00
[2026-02-17T04:51:25.404+0000] {processor.py:183} INFO - Processing /opt/airflow/dags/etl_dag.py took 0.163 seconds
[2026-02-17T04:51:55.572+0000] {processor.py:161} INFO - Started process (PID=52517) to work on /opt/airflow/dags/etl_dag.py
[2026-02-17T04:51:55.573+0000] {processor.py:830} INFO - Processing file /opt/airflow/dags/etl_dag.py for tasks to queue
[2026-02-17T04:51:55.574+0000] {logging_mixin.py:188} INFO - [2026-02-17T04:51:55.574+0000] {dagbag.py:538} INFO - Filling up the DagBag from /opt/airflow/dags/etl_dag.py
[2026-02-17T04:51:55.616+0000] {logging_mixin.py:188} INFO - Warning: Your Kaggle API key is readable by other users on this system! To fix this, you can run 'chmod 600 /home/airflow/.kaggle/kaggle.json'
[2026-02-17T04:51:55.679+0000] {logging_mixin.py:188} WARNING - /home/airflow/.local/lib/python3.8/site-packages/airflow/models/baseoperator.py:437 AirflowProviderDeprecationWarning: `exists_ok` parameter is deprecated, please use `if_exists`
[2026-02-17T04:51:55.688+0000] {processor.py:840} INFO - DAG(s) 'ecommerce_etl_v2' retrieved from /opt/airflow/dags/etl_dag.py
[2026-02-17T04:51:55.707+0000] {logging_mixin.py:188} INFO - [2026-02-17T04:51:55.707+0000] {dag.py:3036} INFO - Sync 1 DAGs
[2026-02-17T04:51:55.718+0000] {logging_mixin.py:188} INFO - [2026-02-17T04:51:55.718+0000] {dag.py:3823} INFO - Setting next_dagrun for ecommerce_etl_v2 to 2026-02-16 13:00:00+00:00, run_after=2026-02-17 13:00:00+00:00
[2026-02-17T04:51:55.727+0000] {processor.py:183} INFO - Processing /opt/airflow/dags/etl_dag.py took 0.158 seconds
[2026-02-17T04:52:25.934+0000] {processor.py:161} INFO - Started process (PID=52548) to work on /opt/airflow/dags/etl_dag.py
[2026-02-17T04:52:25.936+0000] {processor.py:830} INFO - Processing file /opt/airflow/dags/etl_dag.py for tasks to queue
[2026-02-17T04:52:25.937+0000] {logging_mixin.py:188} INFO - [2026-02-17T04:52:25.936+0000] {dagbag.py:538} INFO - Filling up the DagBag from /opt/airflow/dags/etl_dag.py
[2026-02-17T04:52:25.985+0000] {logging_mixin.py:188} INFO - Warning: Your Kaggle API key is readable by other users on this system! To fix this, you can run 'chmod 600 /home/airflow/.kaggle/kaggle.json'
[2026-02-17T04:52:26.046+0000] {logging_mixin.py:188} WARNING - /home/airflow/.local/lib/python3.8/site-packages/airflow/models/baseoperator.py:437 AirflowProviderDeprecationWarning: `exists_ok` parameter is deprecated, please use `if_exists`
[2026-02-17T04:52:26.055+0000] {processor.py:840} INFO - DAG(s) 'ecommerce_etl_v2' retrieved from /opt/airflow/dags/etl_dag.py
[2026-02-17T04:52:26.073+0000] {logging_mixin.py:188} INFO - [2026-02-17T04:52:26.073+0000] {dag.py:3036} INFO - Sync 1 DAGs
[2026-02-17T04:52:26.083+0000] {logging_mixin.py:188} INFO - [2026-02-17T04:52:26.083+0000] {dag.py:3823} INFO - Setting next_dagrun for ecommerce_etl_v2 to 2026-02-16 13:00:00+00:00, run_after=2026-02-17 13:00:00+00:00
[2026-02-17T04:52:26.091+0000] {processor.py:183} INFO - Processing /opt/airflow/dags/etl_dag.py took 0.161 seconds
[2026-02-17T04:52:56.301+0000] {processor.py:161} INFO - Started process (PID=52579) to work on /opt/airflow/dags/etl_dag.py
[2026-02-17T04:52:56.302+0000] {processor.py:830} INFO - Processing file /opt/airflow/dags/etl_dag.py for tasks to queue
[2026-02-17T04:52:56.303+0000] {logging_mixin.py:188} INFO - [2026-02-17T04:52:56.303+0000] {dagbag.py:538} INFO - Filling up the DagBag from /opt/airflow/dags/etl_dag.py
[2026-02-17T04:52:56.351+0000] {logging_mixin.py:188} INFO - Warning: Your Kaggle API key is readable by other users on this system! To fix this, you can run 'chmod 600 /home/airflow/.kaggle/kaggle.json'
[2026-02-17T04:52:56.414+0000] {logging_mixin.py:188} WARNING - /home/airflow/.local/lib/python3.8/site-packages/airflow/models/baseoperator.py:437 AirflowProviderDeprecationWarning: `exists_ok` parameter is deprecated, please use `if_exists`
[2026-02-17T04:52:56.423+0000] {processor.py:840} INFO - DAG(s) 'ecommerce_etl_v2' retrieved from /opt/airflow/dags/etl_dag.py
[2026-02-17T04:52:56.441+0000] {logging_mixin.py:188} INFO - [2026-02-17T04:52:56.441+0000] {dag.py:3036} INFO - Sync 1 DAGs
[2026-02-17T04:52:56.451+0000] {logging_mixin.py:188} INFO - [2026-02-17T04:52:56.451+0000] {dag.py:3823} INFO - Setting next_dagrun for ecommerce_etl_v2 to 2026-02-16 13:00:00+00:00, run_after=2026-02-17 13:00:00+00:00
[2026-02-17T04:52:56.460+0000] {processor.py:183} INFO - Processing /opt/airflow/dags/etl_dag.py took 0.164 seconds
[2026-02-17T04:53:26.701+0000] {processor.py:161} INFO - Started process (PID=52610) to work on /opt/airflow/dags/etl_dag.py
[2026-02-17T04:53:26.701+0000] {processor.py:830} INFO - Processing file /opt/airflow/dags/etl_dag.py for tasks to queue
[2026-02-17T04:53:26.702+0000] {logging_mixin.py:188} INFO - [2026-02-17T04:53:26.702+0000] {dagbag.py:538} INFO - Filling up the DagBag from /opt/airflow/dags/etl_dag.py
[2026-02-17T04:53:26.748+0000] {logging_mixin.py:188} INFO - Warning: Your Kaggle API key is readable by other users on this system! To fix this, you can run 'chmod 600 /home/airflow/.kaggle/kaggle.json'
[2026-02-17T04:53:26.811+0000] {logging_mixin.py:188} WARNING - /home/airflow/.local/lib/python3.8/site-packages/airflow/models/baseoperator.py:437 AirflowProviderDeprecationWarning: `exists_ok` parameter is deprecated, please use `if_exists`
[2026-02-17T04:53:26.820+0000] {processor.py:840} INFO - DAG(s) 'ecommerce_etl_v2' retrieved from /opt/airflow/dags/etl_dag.py
[2026-02-17T04:53:26.839+0000] {logging_mixin.py:188} INFO - [2026-02-17T04:53:26.839+0000] {dag.py:3036} INFO - Sync 1 DAGs
[2026-02-17T04:53:26.849+0000] {logging_mixin.py:188} INFO - [2026-02-17T04:53:26.849+0000] {dag.py:3823} INFO - Setting next_dagrun for ecommerce_etl_v2 to 2026-02-16 13:00:00+00:00, run_after=2026-02-17 13:00:00+00:00
[2026-02-17T04:53:26.858+0000] {processor.py:183} INFO - Processing /opt/airflow/dags/etl_dag.py took 0.159 seconds
[2026-02-17T04:53:57.021+0000] {processor.py:161} INFO - Started process (PID=52641) to work on /opt/airflow/dags/etl_dag.py
[2026-02-17T04:53:57.022+0000] {processor.py:830} INFO - Processing file /opt/airflow/dags/etl_dag.py for tasks to queue
[2026-02-17T04:53:57.023+0000] {logging_mixin.py:188} INFO - [2026-02-17T04:53:57.023+0000] {dagbag.py:538} INFO - Filling up the DagBag from /opt/airflow/dags/etl_dag.py
[2026-02-17T04:53:57.069+0000] {logging_mixin.py:188} INFO - Warning: Your Kaggle API key is readable by other users on this system! To fix this, you can run 'chmod 600 /home/airflow/.kaggle/kaggle.json'
[2026-02-17T04:53:57.131+0000] {logging_mixin.py:188} WARNING - /home/airflow/.local/lib/python3.8/site-packages/airflow/models/baseoperator.py:437 AirflowProviderDeprecationWarning: `exists_ok` parameter is deprecated, please use `if_exists`
[2026-02-17T04:53:57.140+0000] {processor.py:840} INFO - DAG(s) 'ecommerce_etl_v2' retrieved from /opt/airflow/dags/etl_dag.py
[2026-02-17T04:53:57.159+0000] {logging_mixin.py:188} INFO - [2026-02-17T04:53:57.159+0000] {dag.py:3036} INFO - Sync 1 DAGs
[2026-02-17T04:53:57.169+0000] {logging_mixin.py:188} INFO - [2026-02-17T04:53:57.169+0000] {dag.py:3823} INFO - Setting next_dagrun for ecommerce_etl_v2 to 2026-02-16 13:00:00+00:00, run_after=2026-02-17 13:00:00+00:00
[2026-02-17T04:53:57.179+0000] {processor.py:183} INFO - Processing /opt/airflow/dags/etl_dag.py took 0.162 seconds
[2026-02-17T04:54:27.385+0000] {processor.py:161} INFO - Started process (PID=52672) to work on /opt/airflow/dags/etl_dag.py
[2026-02-17T04:54:27.386+0000] {processor.py:830} INFO - Processing file /opt/airflow/dags/etl_dag.py for tasks to queue
[2026-02-17T04:54:27.387+0000] {logging_mixin.py:188} INFO - [2026-02-17T04:54:27.386+0000] {dagbag.py:538} INFO - Filling up the DagBag from /opt/airflow/dags/etl_dag.py
[2026-02-17T04:54:27.427+0000] {logging_mixin.py:188} INFO - Warning: Your Kaggle API key is readable by other users on this system! To fix this, you can run 'chmod 600 /home/airflow/.kaggle/kaggle.json'
[2026-02-17T04:54:27.487+0000] {logging_mixin.py:188} WARNING - /home/airflow/.local/lib/python3.8/site-packages/airflow/models/baseoperator.py:437 AirflowProviderDeprecationWarning: `exists_ok` parameter is deprecated, please use `if_exists`
[2026-02-17T04:54:27.496+0000] {processor.py:840} INFO - DAG(s) 'ecommerce_etl_v2' retrieved from /opt/airflow/dags/etl_dag.py
[2026-02-17T04:54:27.515+0000] {logging_mixin.py:188} INFO - [2026-02-17T04:54:27.514+0000] {dag.py:3036} INFO - Sync 1 DAGs
[2026-02-17T04:54:27.525+0000] {logging_mixin.py:188} INFO - [2026-02-17T04:54:27.524+0000] {dag.py:3823} INFO - Setting next_dagrun for ecommerce_etl_v2 to 2026-02-16 13:00:00+00:00, run_after=2026-02-17 13:00:00+00:00
[2026-02-17T04:54:27.534+0000] {processor.py:183} INFO - Processing /opt/airflow/dags/etl_dag.py took 0.152 seconds
[2026-02-17T04:54:57.725+0000] {processor.py:161} INFO - Started process (PID=52703) to work on /opt/airflow/dags/etl_dag.py
[2026-02-17T04:54:57.726+0000] {processor.py:830} INFO - Processing file /opt/airflow/dags/etl_dag.py for tasks to queue
[2026-02-17T04:54:57.726+0000] {logging_mixin.py:188} INFO - [2026-02-17T04:54:57.726+0000] {dagbag.py:538} INFO - Filling up the DagBag from /opt/airflow/dags/etl_dag.py
[2026-02-17T04:54:57.772+0000] {logging_mixin.py:188} INFO - Warning: Your Kaggle API key is readable by other users on this system! To fix this, you can run 'chmod 600 /home/airflow/.kaggle/kaggle.json'
[2026-02-17T04:54:57.832+0000] {logging_mixin.py:188} WARNING - /home/airflow/.local/lib/python3.8/site-packages/airflow/models/baseoperator.py:437 AirflowProviderDeprecationWarning: `exists_ok` parameter is deprecated, please use `if_exists`
[2026-02-17T04:54:57.841+0000] {processor.py:840} INFO - DAG(s) 'ecommerce_etl_v2' retrieved from /opt/airflow/dags/etl_dag.py
[2026-02-17T04:54:57.859+0000] {logging_mixin.py:188} INFO - [2026-02-17T04:54:57.859+0000] {dag.py:3036} INFO - Sync 1 DAGs
[2026-02-17T04:54:57.869+0000] {logging_mixin.py:188} INFO - [2026-02-17T04:54:57.869+0000] {dag.py:3823} INFO - Setting next_dagrun for ecommerce_etl_v2 to 2026-02-16 13:00:00+00:00, run_after=2026-02-17 13:00:00+00:00
[2026-02-17T04:54:57.878+0000] {processor.py:183} INFO - Processing /opt/airflow/dags/etl_dag.py took 0.156 seconds
[2026-02-17T04:55:28.037+0000] {processor.py:161} INFO - Started process (PID=52734) to work on /opt/airflow/dags/etl_dag.py
[2026-02-17T04:55:28.038+0000] {processor.py:830} INFO - Processing file /opt/airflow/dags/etl_dag.py for tasks to queue
[2026-02-17T04:55:28.039+0000] {logging_mixin.py:188} INFO - [2026-02-17T04:55:28.038+0000] {dagbag.py:538} INFO - Filling up the DagBag from /opt/airflow/dags/etl_dag.py
[2026-02-17T04:55:28.083+0000] {logging_mixin.py:188} INFO - Warning: Your Kaggle API key is readable by other users on this system! To fix this, you can run 'chmod 600 /home/airflow/.kaggle/kaggle.json'
[2026-02-17T04:55:28.145+0000] {logging_mixin.py:188} WARNING - /home/airflow/.local/lib/python3.8/site-packages/airflow/models/baseoperator.py:437 AirflowProviderDeprecationWarning: `exists_ok` parameter is deprecated, please use `if_exists`
[2026-02-17T04:55:28.155+0000] {processor.py:840} INFO - DAG(s) 'ecommerce_etl_v2' retrieved from /opt/airflow/dags/etl_dag.py
[2026-02-17T04:55:28.174+0000] {logging_mixin.py:188} INFO - [2026-02-17T04:55:28.174+0000] {dag.py:3036} INFO - Sync 1 DAGs
[2026-02-17T04:55:28.185+0000] {logging_mixin.py:188} INFO - [2026-02-17T04:55:28.185+0000] {dag.py:3823} INFO - Setting next_dagrun for ecommerce_etl_v2 to 2026-02-16 13:00:00+00:00, run_after=2026-02-17 13:00:00+00:00
[2026-02-17T04:55:28.194+0000] {processor.py:183} INFO - Processing /opt/airflow/dags/etl_dag.py took 0.159 seconds
[2026-02-17T05:11:08.280+0000] {processor.py:161} INFO - Started process (PID=52767) to work on /opt/airflow/dags/etl_dag.py
[2026-02-17T05:11:08.282+0000] {processor.py:830} INFO - Processing file /opt/airflow/dags/etl_dag.py for tasks to queue
[2026-02-17T05:11:08.283+0000] {logging_mixin.py:188} INFO - [2026-02-17T05:11:08.282+0000] {dagbag.py:538} INFO - Filling up the DagBag from /opt/airflow/dags/etl_dag.py
[2026-02-17T05:11:08.349+0000] {logging_mixin.py:188} INFO - Warning: Your Kaggle API key is readable by other users on this system! To fix this, you can run 'chmod 600 /home/airflow/.kaggle/kaggle.json'
[2026-02-17T05:11:08.432+0000] {logging_mixin.py:188} WARNING - /home/airflow/.local/lib/python3.8/site-packages/airflow/models/baseoperator.py:437 AirflowProviderDeprecationWarning: `exists_ok` parameter is deprecated, please use `if_exists`
[2026-02-17T05:11:08.449+0000] {processor.py:840} INFO - DAG(s) 'ecommerce_etl_v2' retrieved from /opt/airflow/dags/etl_dag.py
[2026-02-17T05:11:08.477+0000] {logging_mixin.py:188} INFO - [2026-02-17T05:11:08.476+0000] {dag.py:3036} INFO - Sync 1 DAGs
[2026-02-17T05:11:08.492+0000] {logging_mixin.py:188} INFO - [2026-02-17T05:11:08.492+0000] {dag.py:3823} INFO - Setting next_dagrun for ecommerce_etl_v2 to 2026-02-16 13:00:00+00:00, run_after=2026-02-17 13:00:00+00:00
[2026-02-17T05:11:08.506+0000] {processor.py:183} INFO - Processing /opt/airflow/dags/etl_dag.py took 0.230 seconds
[2026-02-17T05:12:30.872+0000] {processor.py:161} INFO - Started process (PID=52798) to work on /opt/airflow/dags/etl_dag.py
[2026-02-17T05:12:30.873+0000] {processor.py:830} INFO - Processing file /opt/airflow/dags/etl_dag.py for tasks to queue
[2026-02-17T05:12:30.874+0000] {logging_mixin.py:188} INFO - [2026-02-17T05:12:30.873+0000] {dagbag.py:538} INFO - Filling up the DagBag from /opt/airflow/dags/etl_dag.py
[2026-02-17T05:12:30.925+0000] {logging_mixin.py:188} INFO - Warning: Your Kaggle API key is readable by other users on this system! To fix this, you can run 'chmod 600 /home/airflow/.kaggle/kaggle.json'
[2026-02-17T05:12:30.987+0000] {logging_mixin.py:188} WARNING - /home/airflow/.local/lib/python3.8/site-packages/airflow/models/baseoperator.py:437 AirflowProviderDeprecationWarning: `exists_ok` parameter is deprecated, please use `if_exists`
[2026-02-17T05:12:30.996+0000] {processor.py:840} INFO - DAG(s) 'ecommerce_etl_v2' retrieved from /opt/airflow/dags/etl_dag.py
[2026-02-17T05:12:31.015+0000] {logging_mixin.py:188} INFO - [2026-02-17T05:12:31.015+0000] {dag.py:3036} INFO - Sync 1 DAGs
[2026-02-17T05:12:31.027+0000] {logging_mixin.py:188} INFO - [2026-02-17T05:12:31.027+0000] {dag.py:3823} INFO - Setting next_dagrun for ecommerce_etl_v2 to 2026-02-16 13:00:00+00:00, run_after=2026-02-17 13:00:00+00:00
[2026-02-17T05:12:31.036+0000] {processor.py:183} INFO - Processing /opt/airflow/dags/etl_dag.py took 0.168 seconds
[2026-02-17T05:13:01.161+0000] {processor.py:161} INFO - Started process (PID=52829) to work on /opt/airflow/dags/etl_dag.py
[2026-02-17T05:13:01.162+0000] {processor.py:830} INFO - Processing file /opt/airflow/dags/etl_dag.py for tasks to queue
[2026-02-17T05:13:01.163+0000] {logging_mixin.py:188} INFO - [2026-02-17T05:13:01.163+0000] {dagbag.py:538} INFO - Filling up the DagBag from /opt/airflow/dags/etl_dag.py
[2026-02-17T05:13:01.210+0000] {logging_mixin.py:188} INFO - Warning: Your Kaggle API key is readable by other users on this system! To fix this, you can run 'chmod 600 /home/airflow/.kaggle/kaggle.json'
[2026-02-17T05:13:01.272+0000] {logging_mixin.py:188} WARNING - /home/airflow/.local/lib/python3.8/site-packages/airflow/models/baseoperator.py:437 AirflowProviderDeprecationWarning: `exists_ok` parameter is deprecated, please use `if_exists`
[2026-02-17T05:13:01.282+0000] {processor.py:840} INFO - DAG(s) 'ecommerce_etl_v2' retrieved from /opt/airflow/dags/etl_dag.py
[2026-02-17T05:13:01.302+0000] {logging_mixin.py:188} INFO - [2026-02-17T05:13:01.302+0000] {dag.py:3036} INFO - Sync 1 DAGs
[2026-02-17T05:13:01.314+0000] {logging_mixin.py:188} INFO - [2026-02-17T05:13:01.314+0000] {dag.py:3823} INFO - Setting next_dagrun for ecommerce_etl_v2 to 2026-02-16 13:00:00+00:00, run_after=2026-02-17 13:00:00+00:00
[2026-02-17T05:13:01.323+0000] {processor.py:183} INFO - Processing /opt/airflow/dags/etl_dag.py took 0.167 seconds
[2026-02-17T05:13:31.659+0000] {processor.py:161} INFO - Started process (PID=52860) to work on /opt/airflow/dags/etl_dag.py
[2026-02-17T05:13:31.660+0000] {processor.py:830} INFO - Processing file /opt/airflow/dags/etl_dag.py for tasks to queue
[2026-02-17T05:13:31.661+0000] {logging_mixin.py:188} INFO - [2026-02-17T05:13:31.661+0000] {dagbag.py:538} INFO - Filling up the DagBag from /opt/airflow/dags/etl_dag.py
[2026-02-17T05:13:31.717+0000] {logging_mixin.py:188} INFO - Warning: Your Kaggle API key is readable by other users on this system! To fix this, you can run 'chmod 600 /home/airflow/.kaggle/kaggle.json'
[2026-02-17T05:13:31.777+0000] {logging_mixin.py:188} WARNING - /home/airflow/.local/lib/python3.8/site-packages/airflow/models/baseoperator.py:437 AirflowProviderDeprecationWarning: `exists_ok` parameter is deprecated, please use `if_exists`
[2026-02-17T05:13:31.786+0000] {processor.py:840} INFO - DAG(s) 'ecommerce_etl_v2' retrieved from /opt/airflow/dags/etl_dag.py
[2026-02-17T05:13:31.807+0000] {logging_mixin.py:188} INFO - [2026-02-17T05:13:31.807+0000] {dag.py:3036} INFO - Sync 1 DAGs
[2026-02-17T05:13:31.819+0000] {logging_mixin.py:188} INFO - [2026-02-17T05:13:31.819+0000] {dag.py:3823} INFO - Setting next_dagrun for ecommerce_etl_v2 to 2026-02-16 13:00:00+00:00, run_after=2026-02-17 13:00:00+00:00
[2026-02-17T05:13:31.828+0000] {processor.py:183} INFO - Processing /opt/airflow/dags/etl_dag.py took 0.173 seconds
[2026-02-17T05:14:01.979+0000] {processor.py:161} INFO - Started process (PID=52891) to work on /opt/airflow/dags/etl_dag.py
[2026-02-17T05:14:01.980+0000] {processor.py:830} INFO - Processing file /opt/airflow/dags/etl_dag.py for tasks to queue
[2026-02-17T05:14:01.981+0000] {logging_mixin.py:188} INFO - [2026-02-17T05:14:01.981+0000] {dagbag.py:538} INFO - Filling up the DagBag from /opt/airflow/dags/etl_dag.py
[2026-02-17T05:14:02.027+0000] {logging_mixin.py:188} INFO - Warning: Your Kaggle API key is readable by other users on this system! To fix this, you can run 'chmod 600 /home/airflow/.kaggle/kaggle.json'
[2026-02-17T05:14:02.087+0000] {logging_mixin.py:188} WARNING - /home/airflow/.local/lib/python3.8/site-packages/airflow/models/baseoperator.py:437 AirflowProviderDeprecationWarning: `exists_ok` parameter is deprecated, please use `if_exists`
[2026-02-17T05:14:02.095+0000] {processor.py:840} INFO - DAG(s) 'ecommerce_etl_v2' retrieved from /opt/airflow/dags/etl_dag.py
[2026-02-17T05:14:02.114+0000] {logging_mixin.py:188} INFO - [2026-02-17T05:14:02.114+0000] {dag.py:3036} INFO - Sync 1 DAGs
[2026-02-17T05:14:02.125+0000] {logging_mixin.py:188} INFO - [2026-02-17T05:14:02.125+0000] {dag.py:3823} INFO - Setting next_dagrun for ecommerce_etl_v2 to 2026-02-16 13:00:00+00:00, run_after=2026-02-17 13:00:00+00:00
[2026-02-17T05:14:02.133+0000] {processor.py:183} INFO - Processing /opt/airflow/dags/etl_dag.py took 0.159 seconds
[2026-02-17T05:14:32.469+0000] {processor.py:161} INFO - Started process (PID=52922) to work on /opt/airflow/dags/etl_dag.py
[2026-02-17T05:14:32.470+0000] {processor.py:830} INFO - Processing file /opt/airflow/dags/etl_dag.py for tasks to queue
[2026-02-17T05:14:32.471+0000] {logging_mixin.py:188} INFO - [2026-02-17T05:14:32.471+0000] {dagbag.py:538} INFO - Filling up the DagBag from /opt/airflow/dags/etl_dag.py
[2026-02-17T05:14:32.522+0000] {logging_mixin.py:188} INFO - Warning: Your Kaggle API key is readable by other users on this system! To fix this, you can run 'chmod 600 /home/airflow/.kaggle/kaggle.json'
[2026-02-17T05:14:32.581+0000] {logging_mixin.py:188} WARNING - /home/airflow/.local/lib/python3.8/site-packages/airflow/models/baseoperator.py:437 AirflowProviderDeprecationWarning: `exists_ok` parameter is deprecated, please use `if_exists`
[2026-02-17T05:14:32.591+0000] {processor.py:840} INFO - DAG(s) 'ecommerce_etl_v2' retrieved from /opt/airflow/dags/etl_dag.py
[2026-02-17T05:14:32.609+0000] {logging_mixin.py:188} INFO - [2026-02-17T05:14:32.609+0000] {dag.py:3036} INFO - Sync 1 DAGs
[2026-02-17T05:14:32.619+0000] {logging_mixin.py:188} INFO - [2026-02-17T05:14:32.619+0000] {dag.py:3823} INFO - Setting next_dagrun for ecommerce_etl_v2 to 2026-02-16 13:00:00+00:00, run_after=2026-02-17 13:00:00+00:00
[2026-02-17T05:14:32.627+0000] {processor.py:183} INFO - Processing /opt/airflow/dags/etl_dag.py took 0.162 seconds
[2026-02-17T05:15:02.806+0000] {processor.py:161} INFO - Started process (PID=52953) to work on /opt/airflow/dags/etl_dag.py
[2026-02-17T05:15:02.807+0000] {processor.py:830} INFO - Processing file /opt/airflow/dags/etl_dag.py for tasks to queue
[2026-02-17T05:15:02.808+0000] {logging_mixin.py:188} INFO - [2026-02-17T05:15:02.807+0000] {dagbag.py:538} INFO - Filling up the DagBag from /opt/airflow/dags/etl_dag.py
[2026-02-17T05:15:02.853+0000] {logging_mixin.py:188} INFO - Warning: Your Kaggle API key is readable by other users on this system! To fix this, you can run 'chmod 600 /home/airflow/.kaggle/kaggle.json'
[2026-02-17T05:15:02.913+0000] {logging_mixin.py:188} WARNING - /home/airflow/.local/lib/python3.8/site-packages/airflow/models/baseoperator.py:437 AirflowProviderDeprecationWarning: `exists_ok` parameter is deprecated, please use `if_exists`
[2026-02-17T05:15:02.922+0000] {processor.py:840} INFO - DAG(s) 'ecommerce_etl_v2' retrieved from /opt/airflow/dags/etl_dag.py
[2026-02-17T05:15:02.940+0000] {logging_mixin.py:188} INFO - [2026-02-17T05:15:02.940+0000] {dag.py:3036} INFO - Sync 1 DAGs
[2026-02-17T05:15:02.951+0000] {logging_mixin.py:188} INFO - [2026-02-17T05:15:02.950+0000] {dag.py:3823} INFO - Setting next_dagrun for ecommerce_etl_v2 to 2026-02-16 13:00:00+00:00, run_after=2026-02-17 13:00:00+00:00
[2026-02-17T05:15:02.960+0000] {processor.py:183} INFO - Processing /opt/airflow/dags/etl_dag.py took 0.158 seconds
[2026-02-17T05:15:33.254+0000] {processor.py:161} INFO - Started process (PID=52984) to work on /opt/airflow/dags/etl_dag.py
[2026-02-17T05:15:33.256+0000] {processor.py:830} INFO - Processing file /opt/airflow/dags/etl_dag.py for tasks to queue
[2026-02-17T05:15:33.256+0000] {logging_mixin.py:188} INFO - [2026-02-17T05:15:33.256+0000] {dagbag.py:538} INFO - Filling up the DagBag from /opt/airflow/dags/etl_dag.py
[2026-02-17T05:15:33.302+0000] {logging_mixin.py:188} INFO - Warning: Your Kaggle API key is readable by other users on this system! To fix this, you can run 'chmod 600 /home/airflow/.kaggle/kaggle.json'
[2026-02-17T05:15:33.361+0000] {logging_mixin.py:188} WARNING - /home/airflow/.local/lib/python3.8/site-packages/airflow/models/baseoperator.py:437 AirflowProviderDeprecationWarning: `exists_ok` parameter is deprecated, please use `if_exists`
[2026-02-17T05:15:33.370+0000] {processor.py:840} INFO - DAG(s) 'ecommerce_etl_v2' retrieved from /opt/airflow/dags/etl_dag.py
[2026-02-17T05:15:33.388+0000] {logging_mixin.py:188} INFO - [2026-02-17T05:15:33.388+0000] {dag.py:3036} INFO - Sync 1 DAGs
[2026-02-17T05:15:33.398+0000] {logging_mixin.py:188} INFO - [2026-02-17T05:15:33.398+0000] {dag.py:3823} INFO - Setting next_dagrun for ecommerce_etl_v2 to 2026-02-16 13:00:00+00:00, run_after=2026-02-17 13:00:00+00:00
[2026-02-17T05:15:33.408+0000] {processor.py:183} INFO - Processing /opt/airflow/dags/etl_dag.py took 0.157 seconds
[2026-02-17T05:16:03.558+0000] {processor.py:161} INFO - Started process (PID=53015) to work on /opt/airflow/dags/etl_dag.py
[2026-02-17T05:16:03.558+0000] {processor.py:830} INFO - Processing file /opt/airflow/dags/etl_dag.py for tasks to queue
[2026-02-17T05:16:03.559+0000] {logging_mixin.py:188} INFO - [2026-02-17T05:16:03.559+0000] {dagbag.py:538} INFO - Filling up the DagBag from /opt/airflow/dags/etl_dag.py
[2026-02-17T05:16:03.601+0000] {logging_mixin.py:188} INFO - Warning: Your Kaggle API key is readable by other users on this system! To fix this, you can run 'chmod 600 /home/airflow/.kaggle/kaggle.json'
[2026-02-17T05:16:03.661+0000] {logging_mixin.py:188} WARNING - /home/airflow/.local/lib/python3.8/site-packages/airflow/models/baseoperator.py:437 AirflowProviderDeprecationWarning: `exists_ok` parameter is deprecated, please use `if_exists`
[2026-02-17T05:16:03.670+0000] {processor.py:840} INFO - DAG(s) 'ecommerce_etl_v2' retrieved from /opt/airflow/dags/etl_dag.py
[2026-02-17T05:16:03.689+0000] {logging_mixin.py:188} INFO - [2026-02-17T05:16:03.689+0000] {dag.py:3036} INFO - Sync 1 DAGs
[2026-02-17T05:16:03.699+0000] {logging_mixin.py:188} INFO - [2026-02-17T05:16:03.699+0000] {dag.py:3823} INFO - Setting next_dagrun for ecommerce_etl_v2 to 2026-02-16 13:00:00+00:00, run_after=2026-02-17 13:00:00+00:00
[2026-02-17T05:16:03.708+0000] {processor.py:183} INFO - Processing /opt/airflow/dags/etl_dag.py took 0.153 seconds
[2026-02-17T05:16:33.985+0000] {processor.py:161} INFO - Started process (PID=53046) to work on /opt/airflow/dags/etl_dag.py
[2026-02-17T05:16:33.987+0000] {processor.py:830} INFO - Processing file /opt/airflow/dags/etl_dag.py for tasks to queue
[2026-02-17T05:16:33.989+0000] {logging_mixin.py:188} INFO - [2026-02-17T05:16:33.988+0000] {dagbag.py:538} INFO - Filling up the DagBag from /opt/airflow/dags/etl_dag.py
[2026-02-17T05:16:34.040+0000] {logging_mixin.py:188} INFO - Warning: Your Kaggle API key is readable by other users on this system! To fix this, you can run 'chmod 600 /home/airflow/.kaggle/kaggle.json'
[2026-02-17T05:16:34.104+0000] {logging_mixin.py:188} WARNING - /home/airflow/.local/lib/python3.8/site-packages/airflow/models/baseoperator.py:437 AirflowProviderDeprecationWarning: `exists_ok` parameter is deprecated, please use `if_exists`
[2026-02-17T05:16:34.113+0000] {processor.py:840} INFO - DAG(s) 'ecommerce_etl_v2' retrieved from /opt/airflow/dags/etl_dag.py
[2026-02-17T05:16:34.133+0000] {logging_mixin.py:188} INFO - [2026-02-17T05:16:34.132+0000] {dag.py:3036} INFO - Sync 1 DAGs
[2026-02-17T05:16:34.143+0000] {logging_mixin.py:188} INFO - [2026-02-17T05:16:34.143+0000] {dag.py:3823} INFO - Setting next_dagrun for ecommerce_etl_v2 to 2026-02-16 13:00:00+00:00, run_after=2026-02-17 13:00:00+00:00
[2026-02-17T05:16:34.153+0000] {processor.py:183} INFO - Processing /opt/airflow/dags/etl_dag.py took 0.172 seconds
[2026-02-17T05:17:04.324+0000] {processor.py:161} INFO - Started process (PID=53077) to work on /opt/airflow/dags/etl_dag.py
[2026-02-17T05:17:04.325+0000] {processor.py:830} INFO - Processing file /opt/airflow/dags/etl_dag.py for tasks to queue
[2026-02-17T05:17:04.326+0000] {logging_mixin.py:188} INFO - [2026-02-17T05:17:04.326+0000] {dagbag.py:538} INFO - Filling up the DagBag from /opt/airflow/dags/etl_dag.py
[2026-02-17T05:17:04.371+0000] {logging_mixin.py:188} INFO - Warning: Your Kaggle API key is readable by other users on this system! To fix this, you can run 'chmod 600 /home/airflow/.kaggle/kaggle.json'
[2026-02-17T05:17:04.431+0000] {logging_mixin.py:188} WARNING - /home/airflow/.local/lib/python3.8/site-packages/airflow/models/baseoperator.py:437 AirflowProviderDeprecationWarning: `exists_ok` parameter is deprecated, please use `if_exists`
[2026-02-17T05:17:04.440+0000] {processor.py:840} INFO - DAG(s) 'ecommerce_etl_v2' retrieved from /opt/airflow/dags/etl_dag.py
[2026-02-17T05:17:04.459+0000] {logging_mixin.py:188} INFO - [2026-02-17T05:17:04.459+0000] {dag.py:3036} INFO - Sync 1 DAGs
[2026-02-17T05:17:04.469+0000] {logging_mixin.py:188} INFO - [2026-02-17T05:17:04.469+0000] {dag.py:3823} INFO - Setting next_dagrun for ecommerce_etl_v2 to 2026-02-16 13:00:00+00:00, run_after=2026-02-17 13:00:00+00:00
[2026-02-17T05:17:04.478+0000] {processor.py:183} INFO - Processing /opt/airflow/dags/etl_dag.py took 0.159 seconds
[2026-02-17T05:17:34.797+0000] {processor.py:161} INFO - Started process (PID=53108) to work on /opt/airflow/dags/etl_dag.py
[2026-02-17T05:17:34.798+0000] {processor.py:830} INFO - Processing file /opt/airflow/dags/etl_dag.py for tasks to queue
[2026-02-17T05:17:34.799+0000] {logging_mixin.py:188} INFO - [2026-02-17T05:17:34.799+0000] {dagbag.py:538} INFO - Filling up the DagBag from /opt/airflow/dags/etl_dag.py
[2026-02-17T05:17:34.847+0000] {logging_mixin.py:188} INFO - Warning: Your Kaggle API key is readable by other users on this system! To fix this, you can run 'chmod 600 /home/airflow/.kaggle/kaggle.json'
[2026-02-17T05:17:34.907+0000] {logging_mixin.py:188} WARNING - /home/airflow/.local/lib/python3.8/site-packages/airflow/models/baseoperator.py:437 AirflowProviderDeprecationWarning: `exists_ok` parameter is deprecated, please use `if_exists`
[2026-02-17T05:17:34.917+0000] {processor.py:840} INFO - DAG(s) 'ecommerce_etl_v2' retrieved from /opt/airflow/dags/etl_dag.py
[2026-02-17T05:17:34.936+0000] {logging_mixin.py:188} INFO - [2026-02-17T05:17:34.935+0000] {dag.py:3036} INFO - Sync 1 DAGs
[2026-02-17T05:17:34.946+0000] {logging_mixin.py:188} INFO - [2026-02-17T05:17:34.946+0000] {dag.py:3823} INFO - Setting next_dagrun for ecommerce_etl_v2 to 2026-02-16 13:00:00+00:00, run_after=2026-02-17 13:00:00+00:00
[2026-02-17T05:17:34.954+0000] {processor.py:183} INFO - Processing /opt/airflow/dags/etl_dag.py took 0.161 seconds
[2026-02-17T05:18:05.156+0000] {processor.py:161} INFO - Started process (PID=53139) to work on /opt/airflow/dags/etl_dag.py
[2026-02-17T05:18:05.157+0000] {processor.py:830} INFO - Processing file /opt/airflow/dags/etl_dag.py for tasks to queue
[2026-02-17T05:18:05.158+0000] {logging_mixin.py:188} INFO - [2026-02-17T05:18:05.158+0000] {dagbag.py:538} INFO - Filling up the DagBag from /opt/airflow/dags/etl_dag.py
[2026-02-17T05:18:05.205+0000] {logging_mixin.py:188} INFO - Warning: Your Kaggle API key is readable by other users on this system! To fix this, you can run 'chmod 600 /home/airflow/.kaggle/kaggle.json'
[2026-02-17T05:18:05.265+0000] {logging_mixin.py:188} WARNING - /home/airflow/.local/lib/python3.8/site-packages/airflow/models/baseoperator.py:437 AirflowProviderDeprecationWarning: `exists_ok` parameter is deprecated, please use `if_exists`
[2026-02-17T05:18:05.274+0000] {processor.py:840} INFO - DAG(s) 'ecommerce_etl_v2' retrieved from /opt/airflow/dags/etl_dag.py
[2026-02-17T05:18:05.293+0000] {logging_mixin.py:188} INFO - [2026-02-17T05:18:05.293+0000] {dag.py:3036} INFO - Sync 1 DAGs
[2026-02-17T05:18:05.303+0000] {logging_mixin.py:188} INFO - [2026-02-17T05:18:05.303+0000] {dag.py:3823} INFO - Setting next_dagrun for ecommerce_etl_v2 to 2026-02-16 13:00:00+00:00, run_after=2026-02-17 13:00:00+00:00
[2026-02-17T05:18:05.311+0000] {processor.py:183} INFO - Processing /opt/airflow/dags/etl_dag.py took 0.159 seconds
[2026-02-17T05:18:35.593+0000] {processor.py:161} INFO - Started process (PID=53170) to work on /opt/airflow/dags/etl_dag.py
[2026-02-17T05:18:35.595+0000] {processor.py:830} INFO - Processing file /opt/airflow/dags/etl_dag.py for tasks to queue
[2026-02-17T05:18:35.596+0000] {logging_mixin.py:188} INFO - [2026-02-17T05:18:35.595+0000] {dagbag.py:538} INFO - Filling up the DagBag from /opt/airflow/dags/etl_dag.py
[2026-02-17T05:18:35.641+0000] {logging_mixin.py:188} INFO - Warning: Your Kaggle API key is readable by other users on this system! To fix this, you can run 'chmod 600 /home/airflow/.kaggle/kaggle.json'
[2026-02-17T05:18:35.704+0000] {logging_mixin.py:188} WARNING - /home/airflow/.local/lib/python3.8/site-packages/airflow/models/baseoperator.py:437 AirflowProviderDeprecationWarning: `exists_ok` parameter is deprecated, please use `if_exists`
[2026-02-17T05:18:35.715+0000] {processor.py:840} INFO - DAG(s) 'ecommerce_etl_v2' retrieved from /opt/airflow/dags/etl_dag.py
[2026-02-17T05:18:35.737+0000] {logging_mixin.py:188} INFO - [2026-02-17T05:18:35.737+0000] {dag.py:3036} INFO - Sync 1 DAGs
[2026-02-17T05:18:35.748+0000] {logging_mixin.py:188} INFO - [2026-02-17T05:18:35.748+0000] {dag.py:3823} INFO - Setting next_dagrun for ecommerce_etl_v2 to 2026-02-16 13:00:00+00:00, run_after=2026-02-17 13:00:00+00:00
[2026-02-17T05:18:35.757+0000] {processor.py:183} INFO - Processing /opt/airflow/dags/etl_dag.py took 0.167 seconds
[2026-02-17T05:19:05.925+0000] {processor.py:161} INFO - Started process (PID=53201) to work on /opt/airflow/dags/etl_dag.py
[2026-02-17T05:19:05.925+0000] {processor.py:830} INFO - Processing file /opt/airflow/dags/etl_dag.py for tasks to queue
[2026-02-17T05:19:05.927+0000] {logging_mixin.py:188} INFO - [2026-02-17T05:19:05.926+0000] {dagbag.py:538} INFO - Filling up the DagBag from /opt/airflow/dags/etl_dag.py
[2026-02-17T05:19:05.971+0000] {logging_mixin.py:188} INFO - Warning: Your Kaggle API key is readable by other users on this system! To fix this, you can run 'chmod 600 /home/airflow/.kaggle/kaggle.json'
[2026-02-17T05:19:06.032+0000] {logging_mixin.py:188} WARNING - /home/airflow/.local/lib/python3.8/site-packages/airflow/models/baseoperator.py:437 AirflowProviderDeprecationWarning: `exists_ok` parameter is deprecated, please use `if_exists`
[2026-02-17T05:19:06.040+0000] {processor.py:840} INFO - DAG(s) 'ecommerce_etl_v2' retrieved from /opt/airflow/dags/etl_dag.py
[2026-02-17T05:19:06.059+0000] {logging_mixin.py:188} INFO - [2026-02-17T05:19:06.059+0000] {dag.py:3036} INFO - Sync 1 DAGs
[2026-02-17T05:19:06.069+0000] {logging_mixin.py:188} INFO - [2026-02-17T05:19:06.069+0000] {dag.py:3823} INFO - Setting next_dagrun for ecommerce_etl_v2 to 2026-02-16 13:00:00+00:00, run_after=2026-02-17 13:00:00+00:00
[2026-02-17T05:19:06.078+0000] {processor.py:183} INFO - Processing /opt/airflow/dags/etl_dag.py took 0.157 seconds
[2026-02-17T05:19:36.358+0000] {processor.py:161} INFO - Started process (PID=53232) to work on /opt/airflow/dags/etl_dag.py
[2026-02-17T05:19:36.359+0000] {processor.py:830} INFO - Processing file /opt/airflow/dags/etl_dag.py for tasks to queue
[2026-02-17T05:19:36.359+0000] {logging_mixin.py:188} INFO - [2026-02-17T05:19:36.359+0000] {dagbag.py:538} INFO - Filling up the DagBag from /opt/airflow/dags/etl_dag.py
[2026-02-17T05:19:36.402+0000] {logging_mixin.py:188} INFO - Warning: Your Kaggle API key is readable by other users on this system! To fix this, you can run 'chmod 600 /home/airflow/.kaggle/kaggle.json'
[2026-02-17T05:19:36.463+0000] {logging_mixin.py:188} WARNING - /home/airflow/.local/lib/python3.8/site-packages/airflow/models/baseoperator.py:437 AirflowProviderDeprecationWarning: `exists_ok` parameter is deprecated, please use `if_exists`
[2026-02-17T05:19:36.472+0000] {processor.py:840} INFO - DAG(s) 'ecommerce_etl_v2' retrieved from /opt/airflow/dags/etl_dag.py
[2026-02-17T05:19:36.490+0000] {logging_mixin.py:188} INFO - [2026-02-17T05:19:36.490+0000] {dag.py:3036} INFO - Sync 1 DAGs
[2026-02-17T05:19:36.500+0000] {logging_mixin.py:188} INFO - [2026-02-17T05:19:36.500+0000] {dag.py:3823} INFO - Setting next_dagrun for ecommerce_etl_v2 to 2026-02-16 13:00:00+00:00, run_after=2026-02-17 13:00:00+00:00
[2026-02-17T05:19:36.509+0000] {processor.py:183} INFO - Processing /opt/airflow/dags/etl_dag.py took 0.154 seconds
[2026-02-17T05:20:06.677+0000] {processor.py:161} INFO - Started process (PID=53263) to work on /opt/airflow/dags/etl_dag.py
[2026-02-17T05:20:06.679+0000] {processor.py:830} INFO - Processing file /opt/airflow/dags/etl_dag.py for tasks to queue
[2026-02-17T05:20:06.680+0000] {logging_mixin.py:188} INFO - [2026-02-17T05:20:06.679+0000] {dagbag.py:538} INFO - Filling up the DagBag from /opt/airflow/dags/etl_dag.py
[2026-02-17T05:20:06.725+0000] {logging_mixin.py:188} INFO - Warning: Your Kaggle API key is readable by other users on this system! To fix this, you can run 'chmod 600 /home/airflow/.kaggle/kaggle.json'
[2026-02-17T05:20:06.787+0000] {logging_mixin.py:188} WARNING - /home/airflow/.local/lib/python3.8/site-packages/airflow/models/baseoperator.py:437 AirflowProviderDeprecationWarning: `exists_ok` parameter is deprecated, please use `if_exists`
[2026-02-17T05:20:06.796+0000] {processor.py:840} INFO - DAG(s) 'ecommerce_etl_v2' retrieved from /opt/airflow/dags/etl_dag.py
[2026-02-17T05:20:06.815+0000] {logging_mixin.py:188} INFO - [2026-02-17T05:20:06.815+0000] {dag.py:3036} INFO - Sync 1 DAGs
[2026-02-17T05:20:06.825+0000] {logging_mixin.py:188} INFO - [2026-02-17T05:20:06.825+0000] {dag.py:3823} INFO - Setting next_dagrun for ecommerce_etl_v2 to 2026-02-16 13:00:00+00:00, run_after=2026-02-17 13:00:00+00:00
[2026-02-17T05:20:06.834+0000] {processor.py:183} INFO - Processing /opt/airflow/dags/etl_dag.py took 0.162 seconds
[2026-02-17T05:20:37.057+0000] {processor.py:161} INFO - Started process (PID=53294) to work on /opt/airflow/dags/etl_dag.py
[2026-02-17T05:20:37.059+0000] {processor.py:830} INFO - Processing file /opt/airflow/dags/etl_dag.py for tasks to queue
[2026-02-17T05:20:37.060+0000] {logging_mixin.py:188} INFO - [2026-02-17T05:20:37.059+0000] {dagbag.py:538} INFO - Filling up the DagBag from /opt/airflow/dags/etl_dag.py
[2026-02-17T05:20:37.105+0000] {logging_mixin.py:188} INFO - Warning: Your Kaggle API key is readable by other users on this system! To fix this, you can run 'chmod 600 /home/airflow/.kaggle/kaggle.json'
[2026-02-17T05:20:37.167+0000] {logging_mixin.py:188} WARNING - /home/airflow/.local/lib/python3.8/site-packages/airflow/models/baseoperator.py:437 AirflowProviderDeprecationWarning: `exists_ok` parameter is deprecated, please use `if_exists`
[2026-02-17T05:20:37.175+0000] {processor.py:840} INFO - DAG(s) 'ecommerce_etl_v2' retrieved from /opt/airflow/dags/etl_dag.py
[2026-02-17T05:20:37.196+0000] {logging_mixin.py:188} INFO - [2026-02-17T05:20:37.196+0000] {dag.py:3036} INFO - Sync 1 DAGs
[2026-02-17T05:20:37.208+0000] {logging_mixin.py:188} INFO - [2026-02-17T05:20:37.208+0000] {dag.py:3823} INFO - Setting next_dagrun for ecommerce_etl_v2 to 2026-02-16 13:00:00+00:00, run_after=2026-02-17 13:00:00+00:00
[2026-02-17T05:20:37.217+0000] {processor.py:183} INFO - Processing /opt/airflow/dags/etl_dag.py took 0.163 seconds
[2026-02-17T05:21:07.393+0000] {processor.py:161} INFO - Started process (PID=53325) to work on /opt/airflow/dags/etl_dag.py
[2026-02-17T05:21:07.394+0000] {processor.py:830} INFO - Processing file /opt/airflow/dags/etl_dag.py for tasks to queue
[2026-02-17T05:21:07.395+0000] {logging_mixin.py:188} INFO - [2026-02-17T05:21:07.395+0000] {dagbag.py:538} INFO - Filling up the DagBag from /opt/airflow/dags/etl_dag.py
[2026-02-17T05:21:07.443+0000] {logging_mixin.py:188} INFO - Warning: Your Kaggle API key is readable by other users on this system! To fix this, you can run 'chmod 600 /home/airflow/.kaggle/kaggle.json'
[2026-02-17T05:21:07.502+0000] {logging_mixin.py:188} WARNING - /home/airflow/.local/lib/python3.8/site-packages/airflow/models/baseoperator.py:437 AirflowProviderDeprecationWarning: `exists_ok` parameter is deprecated, please use `if_exists`
[2026-02-17T05:21:07.511+0000] {processor.py:840} INFO - DAG(s) 'ecommerce_etl_v2' retrieved from /opt/airflow/dags/etl_dag.py
[2026-02-17T05:21:07.530+0000] {logging_mixin.py:188} INFO - [2026-02-17T05:21:07.530+0000] {dag.py:3036} INFO - Sync 1 DAGs
[2026-02-17T05:21:07.540+0000] {logging_mixin.py:188} INFO - [2026-02-17T05:21:07.540+0000] {dag.py:3823} INFO - Setting next_dagrun for ecommerce_etl_v2 to 2026-02-16 13:00:00+00:00, run_after=2026-02-17 13:00:00+00:00
[2026-02-17T05:21:07.549+0000] {processor.py:183} INFO - Processing /opt/airflow/dags/etl_dag.py took 0.160 seconds
[2026-02-17T05:21:37.801+0000] {processor.py:161} INFO - Started process (PID=53356) to work on /opt/airflow/dags/etl_dag.py
[2026-02-17T05:21:37.802+0000] {processor.py:830} INFO - Processing file /opt/airflow/dags/etl_dag.py for tasks to queue
[2026-02-17T05:21:37.803+0000] {logging_mixin.py:188} INFO - [2026-02-17T05:21:37.802+0000] {dagbag.py:538} INFO - Filling up the DagBag from /opt/airflow/dags/etl_dag.py
[2026-02-17T05:21:37.851+0000] {logging_mixin.py:188} INFO - Warning: Your Kaggle API key is readable by other users on this system! To fix this, you can run 'chmod 600 /home/airflow/.kaggle/kaggle.json'
[2026-02-17T05:21:37.912+0000] {logging_mixin.py:188} WARNING - /home/airflow/.local/lib/python3.8/site-packages/airflow/models/baseoperator.py:437 AirflowProviderDeprecationWarning: `exists_ok` parameter is deprecated, please use `if_exists`
[2026-02-17T05:21:37.921+0000] {processor.py:840} INFO - DAG(s) 'ecommerce_etl_v2' retrieved from /opt/airflow/dags/etl_dag.py
[2026-02-17T05:21:37.940+0000] {logging_mixin.py:188} INFO - [2026-02-17T05:21:37.940+0000] {dag.py:3036} INFO - Sync 1 DAGs
[2026-02-17T05:21:37.950+0000] {logging_mixin.py:188} INFO - [2026-02-17T05:21:37.950+0000] {dag.py:3823} INFO - Setting next_dagrun for ecommerce_etl_v2 to 2026-02-16 13:00:00+00:00, run_after=2026-02-17 13:00:00+00:00
[2026-02-17T05:21:37.959+0000] {processor.py:183} INFO - Processing /opt/airflow/dags/etl_dag.py took 0.162 seconds
[2026-02-17T05:22:08.082+0000] {processor.py:161} INFO - Started process (PID=53387) to work on /opt/airflow/dags/etl_dag.py
[2026-02-17T05:22:08.083+0000] {processor.py:830} INFO - Processing file /opt/airflow/dags/etl_dag.py for tasks to queue
[2026-02-17T05:22:08.084+0000] {logging_mixin.py:188} INFO - [2026-02-17T05:22:08.084+0000] {dagbag.py:538} INFO - Filling up the DagBag from /opt/airflow/dags/etl_dag.py
[2026-02-17T05:22:08.128+0000] {logging_mixin.py:188} INFO - Warning: Your Kaggle API key is readable by other users on this system! To fix this, you can run 'chmod 600 /home/airflow/.kaggle/kaggle.json'
[2026-02-17T05:22:08.187+0000] {logging_mixin.py:188} WARNING - /home/airflow/.local/lib/python3.8/site-packages/airflow/models/baseoperator.py:437 AirflowProviderDeprecationWarning: `exists_ok` parameter is deprecated, please use `if_exists`
[2026-02-17T05:22:08.199+0000] {processor.py:840} INFO - DAG(s) 'ecommerce_etl_v2' retrieved from /opt/airflow/dags/etl_dag.py
[2026-02-17T05:22:08.216+0000] {logging_mixin.py:188} INFO - [2026-02-17T05:22:08.216+0000] {dag.py:3036} INFO - Sync 1 DAGs
[2026-02-17T05:22:08.226+0000] {logging_mixin.py:188} INFO - [2026-02-17T05:22:08.226+0000] {dag.py:3823} INFO - Setting next_dagrun for ecommerce_etl_v2 to 2026-02-16 13:00:00+00:00, run_after=2026-02-17 13:00:00+00:00
[2026-02-17T05:22:08.234+0000] {processor.py:183} INFO - Processing /opt/airflow/dags/etl_dag.py took 0.157 seconds
[2026-02-17T05:22:38.531+0000] {processor.py:161} INFO - Started process (PID=53418) to work on /opt/airflow/dags/etl_dag.py
[2026-02-17T05:22:38.533+0000] {processor.py:830} INFO - Processing file /opt/airflow/dags/etl_dag.py for tasks to queue
[2026-02-17T05:22:38.534+0000] {logging_mixin.py:188} INFO - [2026-02-17T05:22:38.533+0000] {dagbag.py:538} INFO - Filling up the DagBag from /opt/airflow/dags/etl_dag.py
[2026-02-17T05:22:38.581+0000] {logging_mixin.py:188} INFO - Warning: Your Kaggle API key is readable by other users on this system! To fix this, you can run 'chmod 600 /home/airflow/.kaggle/kaggle.json'
[2026-02-17T05:22:38.642+0000] {logging_mixin.py:188} WARNING - /home/airflow/.local/lib/python3.8/site-packages/airflow/models/baseoperator.py:437 AirflowProviderDeprecationWarning: `exists_ok` parameter is deprecated, please use `if_exists`
[2026-02-17T05:22:38.650+0000] {processor.py:840} INFO - DAG(s) 'ecommerce_etl_v2' retrieved from /opt/airflow/dags/etl_dag.py
[2026-02-17T05:22:38.669+0000] {logging_mixin.py:188} INFO - [2026-02-17T05:22:38.669+0000] {dag.py:3036} INFO - Sync 1 DAGs
[2026-02-17T05:22:38.679+0000] {logging_mixin.py:188} INFO - [2026-02-17T05:22:38.679+0000] {dag.py:3823} INFO - Setting next_dagrun for ecommerce_etl_v2 to 2026-02-16 13:00:00+00:00, run_after=2026-02-17 13:00:00+00:00
[2026-02-17T05:22:38.688+0000] {processor.py:183} INFO - Processing /opt/airflow/dags/etl_dag.py took 0.160 seconds
[2026-02-17T05:23:08.883+0000] {processor.py:161} INFO - Started process (PID=53449) to work on /opt/airflow/dags/etl_dag.py
[2026-02-17T05:23:08.885+0000] {processor.py:830} INFO - Processing file /opt/airflow/dags/etl_dag.py for tasks to queue
[2026-02-17T05:23:08.886+0000] {logging_mixin.py:188} INFO - [2026-02-17T05:23:08.885+0000] {dagbag.py:538} INFO - Filling up the DagBag from /opt/airflow/dags/etl_dag.py
[2026-02-17T05:23:08.931+0000] {logging_mixin.py:188} INFO - Warning: Your Kaggle API key is readable by other users on this system! To fix this, you can run 'chmod 600 /home/airflow/.kaggle/kaggle.json'
[2026-02-17T05:23:08.990+0000] {logging_mixin.py:188} WARNING - /home/airflow/.local/lib/python3.8/site-packages/airflow/models/baseoperator.py:437 AirflowProviderDeprecationWarning: `exists_ok` parameter is deprecated, please use `if_exists`
[2026-02-17T05:23:08.999+0000] {processor.py:840} INFO - DAG(s) 'ecommerce_etl_v2' retrieved from /opt/airflow/dags/etl_dag.py
[2026-02-17T05:23:09.017+0000] {logging_mixin.py:188} INFO - [2026-02-17T05:23:09.017+0000] {dag.py:3036} INFO - Sync 1 DAGs
[2026-02-17T05:23:09.027+0000] {logging_mixin.py:188} INFO - [2026-02-17T05:23:09.027+0000] {dag.py:3823} INFO - Setting next_dagrun for ecommerce_etl_v2 to 2026-02-16 13:00:00+00:00, run_after=2026-02-17 13:00:00+00:00
[2026-02-17T05:23:09.036+0000] {processor.py:183} INFO - Processing /opt/airflow/dags/etl_dag.py took 0.157 seconds
[2026-02-17T05:23:39.288+0000] {processor.py:161} INFO - Started process (PID=53480) to work on /opt/airflow/dags/etl_dag.py
[2026-02-17T05:23:39.289+0000] {processor.py:830} INFO - Processing file /opt/airflow/dags/etl_dag.py for tasks to queue
[2026-02-17T05:23:39.290+0000] {logging_mixin.py:188} INFO - [2026-02-17T05:23:39.290+0000] {dagbag.py:538} INFO - Filling up the DagBag from /opt/airflow/dags/etl_dag.py
[2026-02-17T05:23:39.330+0000] {logging_mixin.py:188} INFO - Warning: Your Kaggle API key is readable by other users on this system! To fix this, you can run 'chmod 600 /home/airflow/.kaggle/kaggle.json'
[2026-02-17T05:23:39.390+0000] {logging_mixin.py:188} WARNING - /home/airflow/.local/lib/python3.8/site-packages/airflow/models/baseoperator.py:437 AirflowProviderDeprecationWarning: `exists_ok` parameter is deprecated, please use `if_exists`
[2026-02-17T05:23:39.398+0000] {processor.py:840} INFO - DAG(s) 'ecommerce_etl_v2' retrieved from /opt/airflow/dags/etl_dag.py
[2026-02-17T05:23:39.417+0000] {logging_mixin.py:188} INFO - [2026-02-17T05:23:39.417+0000] {dag.py:3036} INFO - Sync 1 DAGs
[2026-02-17T05:23:39.427+0000] {logging_mixin.py:188} INFO - [2026-02-17T05:23:39.427+0000] {dag.py:3823} INFO - Setting next_dagrun for ecommerce_etl_v2 to 2026-02-16 13:00:00+00:00, run_after=2026-02-17 13:00:00+00:00
[2026-02-17T05:23:39.436+0000] {processor.py:183} INFO - Processing /opt/airflow/dags/etl_dag.py took 0.150 seconds
[2026-02-17T05:24:09.674+0000] {processor.py:161} INFO - Started process (PID=53511) to work on /opt/airflow/dags/etl_dag.py
[2026-02-17T05:24:09.676+0000] {processor.py:830} INFO - Processing file /opt/airflow/dags/etl_dag.py for tasks to queue
[2026-02-17T05:24:09.676+0000] {logging_mixin.py:188} INFO - [2026-02-17T05:24:09.676+0000] {dagbag.py:538} INFO - Filling up the DagBag from /opt/airflow/dags/etl_dag.py
[2026-02-17T05:24:09.722+0000] {logging_mixin.py:188} INFO - Warning: Your Kaggle API key is readable by other users on this system! To fix this, you can run 'chmod 600 /home/airflow/.kaggle/kaggle.json'
[2026-02-17T05:24:09.782+0000] {logging_mixin.py:188} WARNING - /home/airflow/.local/lib/python3.8/site-packages/airflow/models/baseoperator.py:437 AirflowProviderDeprecationWarning: `exists_ok` parameter is deprecated, please use `if_exists`
[2026-02-17T05:24:09.791+0000] {processor.py:840} INFO - DAG(s) 'ecommerce_etl_v2' retrieved from /opt/airflow/dags/etl_dag.py
[2026-02-17T05:24:09.811+0000] {logging_mixin.py:188} INFO - [2026-02-17T05:24:09.810+0000] {dag.py:3036} INFO - Sync 1 DAGs
[2026-02-17T05:24:09.821+0000] {logging_mixin.py:188} INFO - [2026-02-17T05:24:09.821+0000] {dag.py:3823} INFO - Setting next_dagrun for ecommerce_etl_v2 to 2026-02-16 13:00:00+00:00, run_after=2026-02-17 13:00:00+00:00
[2026-02-17T05:24:09.830+0000] {processor.py:183} INFO - Processing /opt/airflow/dags/etl_dag.py took 0.160 seconds
[2026-02-17T05:24:40.026+0000] {processor.py:161} INFO - Started process (PID=53542) to work on /opt/airflow/dags/etl_dag.py
[2026-02-17T05:24:40.028+0000] {processor.py:830} INFO - Processing file /opt/airflow/dags/etl_dag.py for tasks to queue
[2026-02-17T05:24:40.028+0000] {logging_mixin.py:188} INFO - [2026-02-17T05:24:40.028+0000] {dagbag.py:538} INFO - Filling up the DagBag from /opt/airflow/dags/etl_dag.py
[2026-02-17T05:24:40.074+0000] {logging_mixin.py:188} INFO - Warning: Your Kaggle API key is readable by other users on this system! To fix this, you can run 'chmod 600 /home/airflow/.kaggle/kaggle.json'
[2026-02-17T05:24:40.133+0000] {logging_mixin.py:188} WARNING - /home/airflow/.local/lib/python3.8/site-packages/airflow/models/baseoperator.py:437 AirflowProviderDeprecationWarning: `exists_ok` parameter is deprecated, please use `if_exists`
[2026-02-17T05:24:40.142+0000] {processor.py:840} INFO - DAG(s) 'ecommerce_etl_v2' retrieved from /opt/airflow/dags/etl_dag.py
[2026-02-17T05:24:40.160+0000] {logging_mixin.py:188} INFO - [2026-02-17T05:24:40.160+0000] {dag.py:3036} INFO - Sync 1 DAGs
[2026-02-17T05:24:40.170+0000] {logging_mixin.py:188} INFO - [2026-02-17T05:24:40.170+0000] {dag.py:3823} INFO - Setting next_dagrun for ecommerce_etl_v2 to 2026-02-16 13:00:00+00:00, run_after=2026-02-17 13:00:00+00:00
[2026-02-17T05:24:40.179+0000] {processor.py:183} INFO - Processing /opt/airflow/dags/etl_dag.py took 0.157 seconds
[2026-02-17T05:25:10.321+0000] {processor.py:161} INFO - Started process (PID=53573) to work on /opt/airflow/dags/etl_dag.py
[2026-02-17T05:25:10.322+0000] {processor.py:830} INFO - Processing file /opt/airflow/dags/etl_dag.py for tasks to queue
[2026-02-17T05:25:10.323+0000] {logging_mixin.py:188} INFO - [2026-02-17T05:25:10.322+0000] {dagbag.py:538} INFO - Filling up the DagBag from /opt/airflow/dags/etl_dag.py
[2026-02-17T05:25:10.371+0000] {logging_mixin.py:188} INFO - Warning: Your Kaggle API key is readable by other users on this system! To fix this, you can run 'chmod 600 /home/airflow/.kaggle/kaggle.json'
[2026-02-17T05:25:10.431+0000] {logging_mixin.py:188} WARNING - /home/airflow/.local/lib/python3.8/site-packages/airflow/models/baseoperator.py:437 AirflowProviderDeprecationWarning: `exists_ok` parameter is deprecated, please use `if_exists`
[2026-02-17T05:25:10.440+0000] {processor.py:840} INFO - DAG(s) 'ecommerce_etl_v2' retrieved from /opt/airflow/dags/etl_dag.py
[2026-02-17T05:25:10.460+0000] {logging_mixin.py:188} INFO - [2026-02-17T05:25:10.460+0000] {dag.py:3036} INFO - Sync 1 DAGs
[2026-02-17T05:25:10.472+0000] {logging_mixin.py:188} INFO - [2026-02-17T05:25:10.472+0000] {dag.py:3823} INFO - Setting next_dagrun for ecommerce_etl_v2 to 2026-02-16 13:00:00+00:00, run_after=2026-02-17 13:00:00+00:00
[2026-02-17T05:25:10.483+0000] {processor.py:183} INFO - Processing /opt/airflow/dags/etl_dag.py took 0.167 seconds
[2026-02-17T05:25:40.800+0000] {processor.py:161} INFO - Started process (PID=53604) to work on /opt/airflow/dags/etl_dag.py
[2026-02-17T05:25:40.802+0000] {processor.py:830} INFO - Processing file /opt/airflow/dags/etl_dag.py for tasks to queue
[2026-02-17T05:25:40.803+0000] {logging_mixin.py:188} INFO - [2026-02-17T05:25:40.802+0000] {dagbag.py:538} INFO - Filling up the DagBag from /opt/airflow/dags/etl_dag.py
[2026-02-17T05:25:40.850+0000] {logging_mixin.py:188} INFO - Warning: Your Kaggle API key is readable by other users on this system! To fix this, you can run 'chmod 600 /home/airflow/.kaggle/kaggle.json'
[2026-02-17T05:25:40.911+0000] {logging_mixin.py:188} WARNING - /home/airflow/.local/lib/python3.8/site-packages/airflow/models/baseoperator.py:437 AirflowProviderDeprecationWarning: `exists_ok` parameter is deprecated, please use `if_exists`
[2026-02-17T05:25:40.919+0000] {processor.py:840} INFO - DAG(s) 'ecommerce_etl_v2' retrieved from /opt/airflow/dags/etl_dag.py
[2026-02-17T05:25:40.938+0000] {logging_mixin.py:188} INFO - [2026-02-17T05:25:40.938+0000] {dag.py:3036} INFO - Sync 1 DAGs
[2026-02-17T05:25:40.948+0000] {logging_mixin.py:188} INFO - [2026-02-17T05:25:40.948+0000] {dag.py:3823} INFO - Setting next_dagrun for ecommerce_etl_v2 to 2026-02-16 13:00:00+00:00, run_after=2026-02-17 13:00:00+00:00
[2026-02-17T05:25:40.957+0000] {processor.py:183} INFO - Processing /opt/airflow/dags/etl_dag.py took 0.160 seconds
[2026-02-17T05:26:11.162+0000] {processor.py:161} INFO - Started process (PID=53635) to work on /opt/airflow/dags/etl_dag.py
[2026-02-17T05:26:11.163+0000] {processor.py:830} INFO - Processing file /opt/airflow/dags/etl_dag.py for tasks to queue
[2026-02-17T05:26:11.164+0000] {logging_mixin.py:188} INFO - [2026-02-17T05:26:11.164+0000] {dagbag.py:538} INFO - Filling up the DagBag from /opt/airflow/dags/etl_dag.py
[2026-02-17T05:26:11.211+0000] {logging_mixin.py:188} INFO - Warning: Your Kaggle API key is readable by other users on this system! To fix this, you can run 'chmod 600 /home/airflow/.kaggle/kaggle.json'
[2026-02-17T05:26:11.270+0000] {logging_mixin.py:188} WARNING - /home/airflow/.local/lib/python3.8/site-packages/airflow/models/baseoperator.py:437 AirflowProviderDeprecationWarning: `exists_ok` parameter is deprecated, please use `if_exists`
[2026-02-17T05:26:11.279+0000] {processor.py:840} INFO - DAG(s) 'ecommerce_etl_v2' retrieved from /opt/airflow/dags/etl_dag.py
[2026-02-17T05:26:11.297+0000] {logging_mixin.py:188} INFO - [2026-02-17T05:26:11.297+0000] {dag.py:3036} INFO - Sync 1 DAGs
[2026-02-17T05:26:11.307+0000] {logging_mixin.py:188} INFO - [2026-02-17T05:26:11.307+0000] {dag.py:3823} INFO - Setting next_dagrun for ecommerce_etl_v2 to 2026-02-16 13:00:00+00:00, run_after=2026-02-17 13:00:00+00:00
[2026-02-17T05:26:11.316+0000] {processor.py:183} INFO - Processing /opt/airflow/dags/etl_dag.py took 0.159 seconds
[2026-02-17T05:26:41.557+0000] {processor.py:161} INFO - Started process (PID=53666) to work on /opt/airflow/dags/etl_dag.py
[2026-02-17T05:26:41.559+0000] {processor.py:830} INFO - Processing file /opt/airflow/dags/etl_dag.py for tasks to queue
[2026-02-17T05:26:41.560+0000] {logging_mixin.py:188} INFO - [2026-02-17T05:26:41.559+0000] {dagbag.py:538} INFO - Filling up the DagBag from /opt/airflow/dags/etl_dag.py
[2026-02-17T05:26:41.605+0000] {logging_mixin.py:188} INFO - Warning: Your Kaggle API key is readable by other users on this system! To fix this, you can run 'chmod 600 /home/airflow/.kaggle/kaggle.json'
[2026-02-17T05:26:41.665+0000] {logging_mixin.py:188} WARNING - /home/airflow/.local/lib/python3.8/site-packages/airflow/models/baseoperator.py:437 AirflowProviderDeprecationWarning: `exists_ok` parameter is deprecated, please use `if_exists`
[2026-02-17T05:26:41.673+0000] {processor.py:840} INFO - DAG(s) 'ecommerce_etl_v2' retrieved from /opt/airflow/dags/etl_dag.py
[2026-02-17T05:26:41.692+0000] {logging_mixin.py:188} INFO - [2026-02-17T05:26:41.692+0000] {dag.py:3036} INFO - Sync 1 DAGs
[2026-02-17T05:26:41.703+0000] {logging_mixin.py:188} INFO - [2026-02-17T05:26:41.702+0000] {dag.py:3823} INFO - Setting next_dagrun for ecommerce_etl_v2 to 2026-02-16 13:00:00+00:00, run_after=2026-02-17 13:00:00+00:00
[2026-02-17T05:26:41.712+0000] {processor.py:183} INFO - Processing /opt/airflow/dags/etl_dag.py took 0.159 seconds
[2026-02-17T05:27:11.960+0000] {processor.py:161} INFO - Started process (PID=53697) to work on /opt/airflow/dags/etl_dag.py
[2026-02-17T05:27:11.961+0000] {processor.py:830} INFO - Processing file /opt/airflow/dags/etl_dag.py for tasks to queue
[2026-02-17T05:27:11.962+0000] {logging_mixin.py:188} INFO - [2026-02-17T05:27:11.962+0000] {dagbag.py:538} INFO - Filling up the DagBag from /opt/airflow/dags/etl_dag.py
[2026-02-17T05:27:12.009+0000] {logging_mixin.py:188} INFO - Warning: Your Kaggle API key is readable by other users on this system! To fix this, you can run 'chmod 600 /home/airflow/.kaggle/kaggle.json'
[2026-02-17T05:27:12.070+0000] {logging_mixin.py:188} WARNING - /home/airflow/.local/lib/python3.8/site-packages/airflow/models/baseoperator.py:437 AirflowProviderDeprecationWarning: `exists_ok` parameter is deprecated, please use `if_exists`
[2026-02-17T05:27:12.080+0000] {processor.py:840} INFO - DAG(s) 'ecommerce_etl_v2' retrieved from /opt/airflow/dags/etl_dag.py
[2026-02-17T05:27:12.099+0000] {logging_mixin.py:188} INFO - [2026-02-17T05:27:12.099+0000] {dag.py:3036} INFO - Sync 1 DAGs
[2026-02-17T05:27:12.110+0000] {logging_mixin.py:188} INFO - [2026-02-17T05:27:12.110+0000] {dag.py:3823} INFO - Setting next_dagrun for ecommerce_etl_v2 to 2026-02-16 13:00:00+00:00, run_after=2026-02-17 13:00:00+00:00
[2026-02-17T05:27:12.118+0000] {processor.py:183} INFO - Processing /opt/airflow/dags/etl_dag.py took 0.163 seconds
[2026-02-17T05:27:42.297+0000] {processor.py:161} INFO - Started process (PID=53728) to work on /opt/airflow/dags/etl_dag.py
[2026-02-17T05:27:42.299+0000] {processor.py:830} INFO - Processing file /opt/airflow/dags/etl_dag.py for tasks to queue
[2026-02-17T05:27:42.300+0000] {logging_mixin.py:188} INFO - [2026-02-17T05:27:42.299+0000] {dagbag.py:538} INFO - Filling up the DagBag from /opt/airflow/dags/etl_dag.py
[2026-02-17T05:27:42.344+0000] {logging_mixin.py:188} INFO - Warning: Your Kaggle API key is readable by other users on this system! To fix this, you can run 'chmod 600 /home/airflow/.kaggle/kaggle.json'
[2026-02-17T05:27:42.406+0000] {logging_mixin.py:188} WARNING - /home/airflow/.local/lib/python3.8/site-packages/airflow/models/baseoperator.py:437 AirflowProviderDeprecationWarning: `exists_ok` parameter is deprecated, please use `if_exists`
[2026-02-17T05:27:42.416+0000] {processor.py:840} INFO - DAG(s) 'ecommerce_etl_v2' retrieved from /opt/airflow/dags/etl_dag.py
[2026-02-17T05:27:42.435+0000] {logging_mixin.py:188} INFO - [2026-02-17T05:27:42.435+0000] {dag.py:3036} INFO - Sync 1 DAGs
[2026-02-17T05:27:42.446+0000] {logging_mixin.py:188} INFO - [2026-02-17T05:27:42.446+0000] {dag.py:3823} INFO - Setting next_dagrun for ecommerce_etl_v2 to 2026-02-16 13:00:00+00:00, run_after=2026-02-17 13:00:00+00:00
[2026-02-17T05:27:42.454+0000] {processor.py:183} INFO - Processing /opt/airflow/dags/etl_dag.py took 0.161 seconds
[2026-02-17T05:28:12.630+0000] {processor.py:161} INFO - Started process (PID=53759) to work on /opt/airflow/dags/etl_dag.py
[2026-02-17T05:28:12.631+0000] {processor.py:830} INFO - Processing file /opt/airflow/dags/etl_dag.py for tasks to queue
[2026-02-17T05:28:12.632+0000] {logging_mixin.py:188} INFO - [2026-02-17T05:28:12.632+0000] {dagbag.py:538} INFO - Filling up the DagBag from /opt/airflow/dags/etl_dag.py
[2026-02-17T05:28:12.679+0000] {logging_mixin.py:188} INFO - Warning: Your Kaggle API key is readable by other users on this system! To fix this, you can run 'chmod 600 /home/airflow/.kaggle/kaggle.json'
[2026-02-17T05:28:12.739+0000] {logging_mixin.py:188} WARNING - /home/airflow/.local/lib/python3.8/site-packages/airflow/models/baseoperator.py:437 AirflowProviderDeprecationWarning: `exists_ok` parameter is deprecated, please use `if_exists`
[2026-02-17T05:28:12.748+0000] {processor.py:840} INFO - DAG(s) 'ecommerce_etl_v2' retrieved from /opt/airflow/dags/etl_dag.py
[2026-02-17T05:28:12.766+0000] {logging_mixin.py:188} INFO - [2026-02-17T05:28:12.766+0000] {dag.py:3036} INFO - Sync 1 DAGs
[2026-02-17T05:28:12.777+0000] {logging_mixin.py:188} INFO - [2026-02-17T05:28:12.776+0000] {dag.py:3823} INFO - Setting next_dagrun for ecommerce_etl_v2 to 2026-02-16 13:00:00+00:00, run_after=2026-02-17 13:00:00+00:00
[2026-02-17T05:28:12.785+0000] {processor.py:183} INFO - Processing /opt/airflow/dags/etl_dag.py took 0.158 seconds
[2026-02-17T05:28:43.034+0000] {processor.py:161} INFO - Started process (PID=53790) to work on /opt/airflow/dags/etl_dag.py
[2026-02-17T05:28:43.035+0000] {processor.py:830} INFO - Processing file /opt/airflow/dags/etl_dag.py for tasks to queue
[2026-02-17T05:28:43.035+0000] {logging_mixin.py:188} INFO - [2026-02-17T05:28:43.035+0000] {dagbag.py:538} INFO - Filling up the DagBag from /opt/airflow/dags/etl_dag.py
[2026-02-17T05:28:43.073+0000] {logging_mixin.py:188} INFO - Warning: Your Kaggle API key is readable by other users on this system! To fix this, you can run 'chmod 600 /home/airflow/.kaggle/kaggle.json'
[2026-02-17T05:28:43.133+0000] {logging_mixin.py:188} WARNING - /home/airflow/.local/lib/python3.8/site-packages/airflow/models/baseoperator.py:437 AirflowProviderDeprecationWarning: `exists_ok` parameter is deprecated, please use `if_exists`
[2026-02-17T05:28:43.142+0000] {processor.py:840} INFO - DAG(s) 'ecommerce_etl_v2' retrieved from /opt/airflow/dags/etl_dag.py
[2026-02-17T05:28:43.160+0000] {logging_mixin.py:188} INFO - [2026-02-17T05:28:43.160+0000] {dag.py:3036} INFO - Sync 1 DAGs
[2026-02-17T05:28:43.171+0000] {logging_mixin.py:188} INFO - [2026-02-17T05:28:43.171+0000] {dag.py:3823} INFO - Setting next_dagrun for ecommerce_etl_v2 to 2026-02-16 13:00:00+00:00, run_after=2026-02-17 13:00:00+00:00
[2026-02-17T05:28:43.180+0000] {processor.py:183} INFO - Processing /opt/airflow/dags/etl_dag.py took 0.148 seconds
[2026-02-17T05:29:13.304+0000] {processor.py:161} INFO - Started process (PID=53821) to work on /opt/airflow/dags/etl_dag.py
[2026-02-17T05:29:13.305+0000] {processor.py:830} INFO - Processing file /opt/airflow/dags/etl_dag.py for tasks to queue
[2026-02-17T05:29:13.306+0000] {logging_mixin.py:188} INFO - [2026-02-17T05:29:13.306+0000] {dagbag.py:538} INFO - Filling up the DagBag from /opt/airflow/dags/etl_dag.py
[2026-02-17T05:29:13.348+0000] {logging_mixin.py:188} INFO - Warning: Your Kaggle API key is readable by other users on this system! To fix this, you can run 'chmod 600 /home/airflow/.kaggle/kaggle.json'
[2026-02-17T05:29:13.409+0000] {logging_mixin.py:188} WARNING - /home/airflow/.local/lib/python3.8/site-packages/airflow/models/baseoperator.py:437 AirflowProviderDeprecationWarning: `exists_ok` parameter is deprecated, please use `if_exists`
[2026-02-17T05:29:13.418+0000] {processor.py:840} INFO - DAG(s) 'ecommerce_etl_v2' retrieved from /opt/airflow/dags/etl_dag.py
[2026-02-17T05:29:13.437+0000] {logging_mixin.py:188} INFO - [2026-02-17T05:29:13.437+0000] {dag.py:3036} INFO - Sync 1 DAGs
[2026-02-17T05:29:13.448+0000] {logging_mixin.py:188} INFO - [2026-02-17T05:29:13.448+0000] {dag.py:3823} INFO - Setting next_dagrun for ecommerce_etl_v2 to 2026-02-16 13:00:00+00:00, run_after=2026-02-17 13:00:00+00:00
[2026-02-17T05:29:13.457+0000] {processor.py:183} INFO - Processing /opt/airflow/dags/etl_dag.py took 0.158 seconds
[2026-02-17T05:29:43.659+0000] {processor.py:161} INFO - Started process (PID=53852) to work on /opt/airflow/dags/etl_dag.py
[2026-02-17T05:29:43.660+0000] {processor.py:830} INFO - Processing file /opt/airflow/dags/etl_dag.py for tasks to queue
[2026-02-17T05:29:43.661+0000] {logging_mixin.py:188} INFO - [2026-02-17T05:29:43.661+0000] {dagbag.py:538} INFO - Filling up the DagBag from /opt/airflow/dags/etl_dag.py
[2026-02-17T05:29:43.709+0000] {logging_mixin.py:188} INFO - Warning: Your Kaggle API key is readable by other users on this system! To fix this, you can run 'chmod 600 /home/airflow/.kaggle/kaggle.json'
[2026-02-17T05:29:43.773+0000] {logging_mixin.py:188} WARNING - /home/airflow/.local/lib/python3.8/site-packages/airflow/models/baseoperator.py:437 AirflowProviderDeprecationWarning: `exists_ok` parameter is deprecated, please use `if_exists`
[2026-02-17T05:29:43.783+0000] {processor.py:840} INFO - DAG(s) 'ecommerce_etl_v2' retrieved from /opt/airflow/dags/etl_dag.py
[2026-02-17T05:29:43.803+0000] {logging_mixin.py:188} INFO - [2026-02-17T05:29:43.802+0000] {dag.py:3036} INFO - Sync 1 DAGs
[2026-02-17T05:29:43.813+0000] {logging_mixin.py:188} INFO - [2026-02-17T05:29:43.813+0000] {dag.py:3823} INFO - Setting next_dagrun for ecommerce_etl_v2 to 2026-02-16 13:00:00+00:00, run_after=2026-02-17 13:00:00+00:00
[2026-02-17T05:29:43.821+0000] {processor.py:183} INFO - Processing /opt/airflow/dags/etl_dag.py took 0.167 seconds
[2026-02-17T05:30:14.037+0000] {processor.py:161} INFO - Started process (PID=53883) to work on /opt/airflow/dags/etl_dag.py
[2026-02-17T05:30:14.038+0000] {processor.py:830} INFO - Processing file /opt/airflow/dags/etl_dag.py for tasks to queue
[2026-02-17T05:30:14.039+0000] {logging_mixin.py:188} INFO - [2026-02-17T05:30:14.039+0000] {dagbag.py:538} INFO - Filling up the DagBag from /opt/airflow/dags/etl_dag.py
[2026-02-17T05:30:14.087+0000] {logging_mixin.py:188} INFO - Warning: Your Kaggle API key is readable by other users on this system! To fix this, you can run 'chmod 600 /home/airflow/.kaggle/kaggle.json'
[2026-02-17T05:30:14.146+0000] {logging_mixin.py:188} WARNING - /home/airflow/.local/lib/python3.8/site-packages/airflow/models/baseoperator.py:437 AirflowProviderDeprecationWarning: `exists_ok` parameter is deprecated, please use `if_exists`
[2026-02-17T05:30:14.155+0000] {processor.py:840} INFO - DAG(s) 'ecommerce_etl_v2' retrieved from /opt/airflow/dags/etl_dag.py
[2026-02-17T05:30:14.173+0000] {logging_mixin.py:188} INFO - [2026-02-17T05:30:14.173+0000] {dag.py:3036} INFO - Sync 1 DAGs
[2026-02-17T05:30:14.183+0000] {logging_mixin.py:188} INFO - [2026-02-17T05:30:14.183+0000] {dag.py:3823} INFO - Setting next_dagrun for ecommerce_etl_v2 to 2026-02-16 13:00:00+00:00, run_after=2026-02-17 13:00:00+00:00
[2026-02-17T05:30:14.192+0000] {processor.py:183} INFO - Processing /opt/airflow/dags/etl_dag.py took 0.160 seconds
[2026-02-17T05:30:44.354+0000] {processor.py:161} INFO - Started process (PID=53914) to work on /opt/airflow/dags/etl_dag.py
[2026-02-17T05:30:44.355+0000] {processor.py:830} INFO - Processing file /opt/airflow/dags/etl_dag.py for tasks to queue
[2026-02-17T05:30:44.356+0000] {logging_mixin.py:188} INFO - [2026-02-17T05:30:44.355+0000] {dagbag.py:538} INFO - Filling up the DagBag from /opt/airflow/dags/etl_dag.py
[2026-02-17T05:30:44.401+0000] {logging_mixin.py:188} INFO - Warning: Your Kaggle API key is readable by other users on this system! To fix this, you can run 'chmod 600 /home/airflow/.kaggle/kaggle.json'
[2026-02-17T05:30:44.462+0000] {logging_mixin.py:188} WARNING - /home/airflow/.local/lib/python3.8/site-packages/airflow/models/baseoperator.py:437 AirflowProviderDeprecationWarning: `exists_ok` parameter is deprecated, please use `if_exists`
[2026-02-17T05:30:44.471+0000] {processor.py:840} INFO - DAG(s) 'ecommerce_etl_v2' retrieved from /opt/airflow/dags/etl_dag.py
[2026-02-17T05:30:44.490+0000] {logging_mixin.py:188} INFO - [2026-02-17T05:30:44.490+0000] {dag.py:3036} INFO - Sync 1 DAGs
[2026-02-17T05:30:44.501+0000] {logging_mixin.py:188} INFO - [2026-02-17T05:30:44.500+0000] {dag.py:3823} INFO - Setting next_dagrun for ecommerce_etl_v2 to 2026-02-16 13:00:00+00:00, run_after=2026-02-17 13:00:00+00:00
[2026-02-17T05:30:44.509+0000] {processor.py:183} INFO - Processing /opt/airflow/dags/etl_dag.py took 0.160 seconds
[2026-02-17T05:31:14.849+0000] {processor.py:161} INFO - Started process (PID=53945) to work on /opt/airflow/dags/etl_dag.py
[2026-02-17T05:31:14.850+0000] {processor.py:830} INFO - Processing file /opt/airflow/dags/etl_dag.py for tasks to queue
[2026-02-17T05:31:14.851+0000] {logging_mixin.py:188} INFO - [2026-02-17T05:31:14.851+0000] {dagbag.py:538} INFO - Filling up the DagBag from /opt/airflow/dags/etl_dag.py
[2026-02-17T05:31:14.897+0000] {logging_mixin.py:188} INFO - Warning: Your Kaggle API key is readable by other users on this system! To fix this, you can run 'chmod 600 /home/airflow/.kaggle/kaggle.json'
[2026-02-17T05:31:14.957+0000] {logging_mixin.py:188} WARNING - /home/airflow/.local/lib/python3.8/site-packages/airflow/models/baseoperator.py:437 AirflowProviderDeprecationWarning: `exists_ok` parameter is deprecated, please use `if_exists`
[2026-02-17T05:31:14.966+0000] {processor.py:840} INFO - DAG(s) 'ecommerce_etl_v2' retrieved from /opt/airflow/dags/etl_dag.py
[2026-02-17T05:31:14.984+0000] {logging_mixin.py:188} INFO - [2026-02-17T05:31:14.984+0000] {dag.py:3036} INFO - Sync 1 DAGs
[2026-02-17T05:31:14.995+0000] {logging_mixin.py:188} INFO - [2026-02-17T05:31:14.994+0000] {dag.py:3823} INFO - Setting next_dagrun for ecommerce_etl_v2 to 2026-02-16 13:00:00+00:00, run_after=2026-02-17 13:00:00+00:00
[2026-02-17T05:31:15.004+0000] {processor.py:183} INFO - Processing /opt/airflow/dags/etl_dag.py took 0.159 seconds
[2026-02-17T05:31:45.165+0000] {processor.py:161} INFO - Started process (PID=53976) to work on /opt/airflow/dags/etl_dag.py
[2026-02-17T05:31:45.166+0000] {processor.py:830} INFO - Processing file /opt/airflow/dags/etl_dag.py for tasks to queue
[2026-02-17T05:31:45.167+0000] {logging_mixin.py:188} INFO - [2026-02-17T05:31:45.167+0000] {dagbag.py:538} INFO - Filling up the DagBag from /opt/airflow/dags/etl_dag.py
[2026-02-17T05:31:45.216+0000] {logging_mixin.py:188} INFO - Warning: Your Kaggle API key is readable by other users on this system! To fix this, you can run 'chmod 600 /home/airflow/.kaggle/kaggle.json'
[2026-02-17T05:31:45.278+0000] {logging_mixin.py:188} WARNING - /home/airflow/.local/lib/python3.8/site-packages/airflow/models/baseoperator.py:437 AirflowProviderDeprecationWarning: `exists_ok` parameter is deprecated, please use `if_exists`
[2026-02-17T05:31:45.287+0000] {processor.py:840} INFO - DAG(s) 'ecommerce_etl_v2' retrieved from /opt/airflow/dags/etl_dag.py
[2026-02-17T05:31:45.307+0000] {logging_mixin.py:188} INFO - [2026-02-17T05:31:45.307+0000] {dag.py:3036} INFO - Sync 1 DAGs
[2026-02-17T05:31:45.318+0000] {logging_mixin.py:188} INFO - [2026-02-17T05:31:45.318+0000] {dag.py:3823} INFO - Setting next_dagrun for ecommerce_etl_v2 to 2026-02-16 13:00:00+00:00, run_after=2026-02-17 13:00:00+00:00
[2026-02-17T05:31:45.327+0000] {processor.py:183} INFO - Processing /opt/airflow/dags/etl_dag.py took 0.167 seconds
[2026-02-17T05:32:15.581+0000] {processor.py:161} INFO - Started process (PID=54007) to work on /opt/airflow/dags/etl_dag.py
[2026-02-17T05:32:15.583+0000] {processor.py:830} INFO - Processing file /opt/airflow/dags/etl_dag.py for tasks to queue
[2026-02-17T05:32:15.584+0000] {logging_mixin.py:188} INFO - [2026-02-17T05:32:15.583+0000] {dagbag.py:538} INFO - Filling up the DagBag from /opt/airflow/dags/etl_dag.py
[2026-02-17T05:32:15.630+0000] {logging_mixin.py:188} INFO - Warning: Your Kaggle API key is readable by other users on this system! To fix this, you can run 'chmod 600 /home/airflow/.kaggle/kaggle.json'
[2026-02-17T05:32:15.690+0000] {logging_mixin.py:188} WARNING - /home/airflow/.local/lib/python3.8/site-packages/airflow/models/baseoperator.py:437 AirflowProviderDeprecationWarning: `exists_ok` parameter is deprecated, please use `if_exists`
[2026-02-17T05:32:15.701+0000] {processor.py:840} INFO - DAG(s) 'ecommerce_etl_v2' retrieved from /opt/airflow/dags/etl_dag.py
[2026-02-17T05:32:15.719+0000] {logging_mixin.py:188} INFO - [2026-02-17T05:32:15.719+0000] {dag.py:3036} INFO - Sync 1 DAGs
[2026-02-17T05:32:15.730+0000] {logging_mixin.py:188} INFO - [2026-02-17T05:32:15.730+0000] {dag.py:3823} INFO - Setting next_dagrun for ecommerce_etl_v2 to 2026-02-16 13:00:00+00:00, run_after=2026-02-17 13:00:00+00:00
[2026-02-17T05:32:15.738+0000] {processor.py:183} INFO - Processing /opt/airflow/dags/etl_dag.py took 0.161 seconds
[2026-02-17T05:32:45.994+0000] {processor.py:161} INFO - Started process (PID=54038) to work on /opt/airflow/dags/etl_dag.py
[2026-02-17T05:32:45.995+0000] {processor.py:830} INFO - Processing file /opt/airflow/dags/etl_dag.py for tasks to queue
[2026-02-17T05:32:45.996+0000] {logging_mixin.py:188} INFO - [2026-02-17T05:32:45.996+0000] {dagbag.py:538} INFO - Filling up the DagBag from /opt/airflow/dags/etl_dag.py
[2026-02-17T05:32:46.048+0000] {logging_mixin.py:188} INFO - Warning: Your Kaggle API key is readable by other users on this system! To fix this, you can run 'chmod 600 /home/airflow/.kaggle/kaggle.json'
[2026-02-17T05:32:46.111+0000] {logging_mixin.py:188} WARNING - /home/airflow/.local/lib/python3.8/site-packages/airflow/models/baseoperator.py:437 AirflowProviderDeprecationWarning: `exists_ok` parameter is deprecated, please use `if_exists`
[2026-02-17T05:32:46.120+0000] {processor.py:840} INFO - DAG(s) 'ecommerce_etl_v2' retrieved from /opt/airflow/dags/etl_dag.py
[2026-02-17T05:32:46.140+0000] {logging_mixin.py:188} INFO - [2026-02-17T05:32:46.139+0000] {dag.py:3036} INFO - Sync 1 DAGs
[2026-02-17T05:32:46.152+0000] {logging_mixin.py:188} INFO - [2026-02-17T05:32:46.152+0000] {dag.py:3823} INFO - Setting next_dagrun for ecommerce_etl_v2 to 2026-02-16 13:00:00+00:00, run_after=2026-02-17 13:00:00+00:00
[2026-02-17T05:32:46.162+0000] {processor.py:183} INFO - Processing /opt/airflow/dags/etl_dag.py took 0.171 seconds
[2026-02-17T05:33:16.331+0000] {processor.py:161} INFO - Started process (PID=54069) to work on /opt/airflow/dags/etl_dag.py
[2026-02-17T05:33:16.332+0000] {processor.py:830} INFO - Processing file /opt/airflow/dags/etl_dag.py for tasks to queue
[2026-02-17T05:33:16.333+0000] {logging_mixin.py:188} INFO - [2026-02-17T05:33:16.332+0000] {dagbag.py:538} INFO - Filling up the DagBag from /opt/airflow/dags/etl_dag.py
[2026-02-17T05:33:16.381+0000] {logging_mixin.py:188} INFO - Warning: Your Kaggle API key is readable by other users on this system! To fix this, you can run 'chmod 600 /home/airflow/.kaggle/kaggle.json'
[2026-02-17T05:33:16.443+0000] {logging_mixin.py:188} WARNING - /home/airflow/.local/lib/python3.8/site-packages/airflow/models/baseoperator.py:437 AirflowProviderDeprecationWarning: `exists_ok` parameter is deprecated, please use `if_exists`
[2026-02-17T05:33:16.451+0000] {processor.py:840} INFO - DAG(s) 'ecommerce_etl_v2' retrieved from /opt/airflow/dags/etl_dag.py
[2026-02-17T05:33:16.470+0000] {logging_mixin.py:188} INFO - [2026-02-17T05:33:16.469+0000] {dag.py:3036} INFO - Sync 1 DAGs
[2026-02-17T05:33:16.480+0000] {logging_mixin.py:188} INFO - [2026-02-17T05:33:16.480+0000] {dag.py:3823} INFO - Setting next_dagrun for ecommerce_etl_v2 to 2026-02-16 13:00:00+00:00, run_after=2026-02-17 13:00:00+00:00
[2026-02-17T05:33:16.489+0000] {processor.py:183} INFO - Processing /opt/airflow/dags/etl_dag.py took 0.163 seconds
[2026-02-17T05:33:46.719+0000] {processor.py:161} INFO - Started process (PID=54100) to work on /opt/airflow/dags/etl_dag.py
[2026-02-17T05:33:46.720+0000] {processor.py:830} INFO - Processing file /opt/airflow/dags/etl_dag.py for tasks to queue
[2026-02-17T05:33:46.721+0000] {logging_mixin.py:188} INFO - [2026-02-17T05:33:46.721+0000] {dagbag.py:538} INFO - Filling up the DagBag from /opt/airflow/dags/etl_dag.py
[2026-02-17T05:33:46.766+0000] {logging_mixin.py:188} INFO - Warning: Your Kaggle API key is readable by other users on this system! To fix this, you can run 'chmod 600 /home/airflow/.kaggle/kaggle.json'
[2026-02-17T05:33:46.825+0000] {logging_mixin.py:188} WARNING - /home/airflow/.local/lib/python3.8/site-packages/airflow/models/baseoperator.py:437 AirflowProviderDeprecationWarning: `exists_ok` parameter is deprecated, please use `if_exists`
[2026-02-17T05:33:46.834+0000] {processor.py:840} INFO - DAG(s) 'ecommerce_etl_v2' retrieved from /opt/airflow/dags/etl_dag.py
[2026-02-17T05:33:46.853+0000] {logging_mixin.py:188} INFO - [2026-02-17T05:33:46.852+0000] {dag.py:3036} INFO - Sync 1 DAGs
[2026-02-17T05:33:46.863+0000] {logging_mixin.py:188} INFO - [2026-02-17T05:33:46.863+0000] {dag.py:3823} INFO - Setting next_dagrun for ecommerce_etl_v2 to 2026-02-16 13:00:00+00:00, run_after=2026-02-17 13:00:00+00:00
[2026-02-17T05:33:46.871+0000] {processor.py:183} INFO - Processing /opt/airflow/dags/etl_dag.py took 0.155 seconds
[2026-02-17T05:34:17.003+0000] {processor.py:161} INFO - Started process (PID=54131) to work on /opt/airflow/dags/etl_dag.py
[2026-02-17T05:34:17.005+0000] {processor.py:830} INFO - Processing file /opt/airflow/dags/etl_dag.py for tasks to queue
[2026-02-17T05:34:17.006+0000] {logging_mixin.py:188} INFO - [2026-02-17T05:34:17.005+0000] {dagbag.py:538} INFO - Filling up the DagBag from /opt/airflow/dags/etl_dag.py
[2026-02-17T05:34:17.053+0000] {logging_mixin.py:188} INFO - Warning: Your Kaggle API key is readable by other users on this system! To fix this, you can run 'chmod 600 /home/airflow/.kaggle/kaggle.json'
[2026-02-17T05:34:17.113+0000] {logging_mixin.py:188} WARNING - /home/airflow/.local/lib/python3.8/site-packages/airflow/models/baseoperator.py:437 AirflowProviderDeprecationWarning: `exists_ok` parameter is deprecated, please use `if_exists`
[2026-02-17T05:34:17.122+0000] {processor.py:840} INFO - DAG(s) 'ecommerce_etl_v2' retrieved from /opt/airflow/dags/etl_dag.py
[2026-02-17T05:34:17.140+0000] {logging_mixin.py:188} INFO - [2026-02-17T05:34:17.140+0000] {dag.py:3036} INFO - Sync 1 DAGs
[2026-02-17T05:34:17.151+0000] {logging_mixin.py:188} INFO - [2026-02-17T05:34:17.151+0000] {dag.py:3823} INFO - Setting next_dagrun for ecommerce_etl_v2 to 2026-02-16 13:00:00+00:00, run_after=2026-02-17 13:00:00+00:00
[2026-02-17T05:34:17.159+0000] {processor.py:183} INFO - Processing /opt/airflow/dags/etl_dag.py took 0.161 seconds
[2026-02-17T05:34:47.392+0000] {processor.py:161} INFO - Started process (PID=54162) to work on /opt/airflow/dags/etl_dag.py
[2026-02-17T05:34:47.393+0000] {processor.py:830} INFO - Processing file /opt/airflow/dags/etl_dag.py for tasks to queue
[2026-02-17T05:34:47.394+0000] {logging_mixin.py:188} INFO - [2026-02-17T05:34:47.393+0000] {dagbag.py:538} INFO - Filling up the DagBag from /opt/airflow/dags/etl_dag.py
[2026-02-17T05:34:47.441+0000] {logging_mixin.py:188} INFO - Warning: Your Kaggle API key is readable by other users on this system! To fix this, you can run 'chmod 600 /home/airflow/.kaggle/kaggle.json'
[2026-02-17T05:34:47.502+0000] {logging_mixin.py:188} WARNING - /home/airflow/.local/lib/python3.8/site-packages/airflow/models/baseoperator.py:437 AirflowProviderDeprecationWarning: `exists_ok` parameter is deprecated, please use `if_exists`
[2026-02-17T05:34:47.510+0000] {processor.py:840} INFO - DAG(s) 'ecommerce_etl_v2' retrieved from /opt/airflow/dags/etl_dag.py
[2026-02-17T05:34:47.529+0000] {logging_mixin.py:188} INFO - [2026-02-17T05:34:47.529+0000] {dag.py:3036} INFO - Sync 1 DAGs
[2026-02-17T05:34:47.539+0000] {logging_mixin.py:188} INFO - [2026-02-17T05:34:47.539+0000] {dag.py:3823} INFO - Setting next_dagrun for ecommerce_etl_v2 to 2026-02-16 13:00:00+00:00, run_after=2026-02-17 13:00:00+00:00
[2026-02-17T05:34:47.548+0000] {processor.py:183} INFO - Processing /opt/airflow/dags/etl_dag.py took 0.159 seconds
[2026-02-17T05:35:17.703+0000] {processor.py:161} INFO - Started process (PID=54193) to work on /opt/airflow/dags/etl_dag.py
[2026-02-17T05:35:17.704+0000] {processor.py:830} INFO - Processing file /opt/airflow/dags/etl_dag.py for tasks to queue
[2026-02-17T05:35:17.705+0000] {logging_mixin.py:188} INFO - [2026-02-17T05:35:17.705+0000] {dagbag.py:538} INFO - Filling up the DagBag from /opt/airflow/dags/etl_dag.py
[2026-02-17T05:35:17.746+0000] {logging_mixin.py:188} INFO - Warning: Your Kaggle API key is readable by other users on this system! To fix this, you can run 'chmod 600 /home/airflow/.kaggle/kaggle.json'
[2026-02-17T05:35:17.806+0000] {logging_mixin.py:188} WARNING - /home/airflow/.local/lib/python3.8/site-packages/airflow/models/baseoperator.py:437 AirflowProviderDeprecationWarning: `exists_ok` parameter is deprecated, please use `if_exists`
[2026-02-17T05:35:17.815+0000] {processor.py:840} INFO - DAG(s) 'ecommerce_etl_v2' retrieved from /opt/airflow/dags/etl_dag.py
[2026-02-17T05:35:17.834+0000] {logging_mixin.py:188} INFO - [2026-02-17T05:35:17.834+0000] {dag.py:3036} INFO - Sync 1 DAGs
[2026-02-17T05:35:17.844+0000] {logging_mixin.py:188} INFO - [2026-02-17T05:35:17.844+0000] {dag.py:3823} INFO - Setting next_dagrun for ecommerce_etl_v2 to 2026-02-16 13:00:00+00:00, run_after=2026-02-17 13:00:00+00:00
[2026-02-17T05:35:17.853+0000] {processor.py:183} INFO - Processing /opt/airflow/dags/etl_dag.py took 0.154 seconds
[2026-02-17T05:35:48.108+0000] {processor.py:161} INFO - Started process (PID=54224) to work on /opt/airflow/dags/etl_dag.py
[2026-02-17T05:35:48.110+0000] {processor.py:830} INFO - Processing file /opt/airflow/dags/etl_dag.py for tasks to queue
[2026-02-17T05:35:48.110+0000] {logging_mixin.py:188} INFO - [2026-02-17T05:35:48.110+0000] {dagbag.py:538} INFO - Filling up the DagBag from /opt/airflow/dags/etl_dag.py
[2026-02-17T05:35:48.155+0000] {logging_mixin.py:188} INFO - Warning: Your Kaggle API key is readable by other users on this system! To fix this, you can run 'chmod 600 /home/airflow/.kaggle/kaggle.json'
[2026-02-17T05:35:48.217+0000] {logging_mixin.py:188} WARNING - /home/airflow/.local/lib/python3.8/site-packages/airflow/models/baseoperator.py:437 AirflowProviderDeprecationWarning: `exists_ok` parameter is deprecated, please use `if_exists`
[2026-02-17T05:35:48.226+0000] {processor.py:840} INFO - DAG(s) 'ecommerce_etl_v2' retrieved from /opt/airflow/dags/etl_dag.py
[2026-02-17T05:35:48.245+0000] {logging_mixin.py:188} INFO - [2026-02-17T05:35:48.245+0000] {dag.py:3036} INFO - Sync 1 DAGs
[2026-02-17T05:35:48.257+0000] {logging_mixin.py:188} INFO - [2026-02-17T05:35:48.257+0000] {dag.py:3823} INFO - Setting next_dagrun for ecommerce_etl_v2 to 2026-02-16 13:00:00+00:00, run_after=2026-02-17 13:00:00+00:00
[2026-02-17T05:35:48.267+0000] {processor.py:183} INFO - Processing /opt/airflow/dags/etl_dag.py took 0.162 seconds
[2026-02-17T05:36:18.420+0000] {processor.py:161} INFO - Started process (PID=54255) to work on /opt/airflow/dags/etl_dag.py
[2026-02-17T05:36:18.421+0000] {processor.py:830} INFO - Processing file /opt/airflow/dags/etl_dag.py for tasks to queue
[2026-02-17T05:36:18.422+0000] {logging_mixin.py:188} INFO - [2026-02-17T05:36:18.422+0000] {dagbag.py:538} INFO - Filling up the DagBag from /opt/airflow/dags/etl_dag.py
[2026-02-17T05:36:18.464+0000] {logging_mixin.py:188} INFO - Warning: Your Kaggle API key is readable by other users on this system! To fix this, you can run 'chmod 600 /home/airflow/.kaggle/kaggle.json'
[2026-02-17T05:36:18.525+0000] {logging_mixin.py:188} WARNING - /home/airflow/.local/lib/python3.8/site-packages/airflow/models/baseoperator.py:437 AirflowProviderDeprecationWarning: `exists_ok` parameter is deprecated, please use `if_exists`
[2026-02-17T05:36:18.534+0000] {processor.py:840} INFO - DAG(s) 'ecommerce_etl_v2' retrieved from /opt/airflow/dags/etl_dag.py
[2026-02-17T05:36:18.552+0000] {logging_mixin.py:188} INFO - [2026-02-17T05:36:18.552+0000] {dag.py:3036} INFO - Sync 1 DAGs
[2026-02-17T05:36:18.562+0000] {logging_mixin.py:188} INFO - [2026-02-17T05:36:18.562+0000] {dag.py:3823} INFO - Setting next_dagrun for ecommerce_etl_v2 to 2026-02-16 13:00:00+00:00, run_after=2026-02-17 13:00:00+00:00
[2026-02-17T05:36:18.571+0000] {processor.py:183} INFO - Processing /opt/airflow/dags/etl_dag.py took 0.155 seconds
[2026-02-17T05:36:48.775+0000] {processor.py:161} INFO - Started process (PID=54286) to work on /opt/airflow/dags/etl_dag.py
[2026-02-17T05:36:48.776+0000] {processor.py:830} INFO - Processing file /opt/airflow/dags/etl_dag.py for tasks to queue
[2026-02-17T05:36:48.776+0000] {logging_mixin.py:188} INFO - [2026-02-17T05:36:48.776+0000] {dagbag.py:538} INFO - Filling up the DagBag from /opt/airflow/dags/etl_dag.py
[2026-02-17T05:36:48.813+0000] {logging_mixin.py:188} INFO - Warning: Your Kaggle API key is readable by other users on this system! To fix this, you can run 'chmod 600 /home/airflow/.kaggle/kaggle.json'
[2026-02-17T05:36:48.873+0000] {logging_mixin.py:188} WARNING - /home/airflow/.local/lib/python3.8/site-packages/airflow/models/baseoperator.py:437 AirflowProviderDeprecationWarning: `exists_ok` parameter is deprecated, please use `if_exists`
[2026-02-17T05:36:48.882+0000] {processor.py:840} INFO - DAG(s) 'ecommerce_etl_v2' retrieved from /opt/airflow/dags/etl_dag.py
[2026-02-17T05:36:48.901+0000] {logging_mixin.py:188} INFO - [2026-02-17T05:36:48.901+0000] {dag.py:3036} INFO - Sync 1 DAGs
[2026-02-17T05:36:48.911+0000] {logging_mixin.py:188} INFO - [2026-02-17T05:36:48.911+0000] {dag.py:3823} INFO - Setting next_dagrun for ecommerce_etl_v2 to 2026-02-16 13:00:00+00:00, run_after=2026-02-17 13:00:00+00:00
[2026-02-17T05:36:48.920+0000] {processor.py:183} INFO - Processing /opt/airflow/dags/etl_dag.py took 0.147 seconds
[2026-02-17T05:37:19.126+0000] {processor.py:161} INFO - Started process (PID=54317) to work on /opt/airflow/dags/etl_dag.py
[2026-02-17T05:37:19.128+0000] {processor.py:830} INFO - Processing file /opt/airflow/dags/etl_dag.py for tasks to queue
[2026-02-17T05:37:19.129+0000] {logging_mixin.py:188} INFO - [2026-02-17T05:37:19.128+0000] {dagbag.py:538} INFO - Filling up the DagBag from /opt/airflow/dags/etl_dag.py
[2026-02-17T05:37:19.173+0000] {logging_mixin.py:188} INFO - Warning: Your Kaggle API key is readable by other users on this system! To fix this, you can run 'chmod 600 /home/airflow/.kaggle/kaggle.json'
[2026-02-17T05:37:19.233+0000] {logging_mixin.py:188} WARNING - /home/airflow/.local/lib/python3.8/site-packages/airflow/models/baseoperator.py:437 AirflowProviderDeprecationWarning: `exists_ok` parameter is deprecated, please use `if_exists`
[2026-02-17T05:37:19.243+0000] {processor.py:840} INFO - DAG(s) 'ecommerce_etl_v2' retrieved from /opt/airflow/dags/etl_dag.py
[2026-02-17T05:37:19.261+0000] {logging_mixin.py:188} INFO - [2026-02-17T05:37:19.261+0000] {dag.py:3036} INFO - Sync 1 DAGs
[2026-02-17T05:37:19.271+0000] {logging_mixin.py:188} INFO - [2026-02-17T05:37:19.271+0000] {dag.py:3823} INFO - Setting next_dagrun for ecommerce_etl_v2 to 2026-02-16 13:00:00+00:00, run_after=2026-02-17 13:00:00+00:00
[2026-02-17T05:37:19.280+0000] {processor.py:183} INFO - Processing /opt/airflow/dags/etl_dag.py took 0.158 seconds
[2026-02-17T05:37:49.531+0000] {processor.py:161} INFO - Started process (PID=54348) to work on /opt/airflow/dags/etl_dag.py
[2026-02-17T05:37:49.532+0000] {processor.py:830} INFO - Processing file /opt/airflow/dags/etl_dag.py for tasks to queue
[2026-02-17T05:37:49.534+0000] {logging_mixin.py:188} INFO - [2026-02-17T05:37:49.534+0000] {dagbag.py:538} INFO - Filling up the DagBag from /opt/airflow/dags/etl_dag.py
[2026-02-17T05:37:49.576+0000] {logging_mixin.py:188} INFO - Warning: Your Kaggle API key is readable by other users on this system! To fix this, you can run 'chmod 600 /home/airflow/.kaggle/kaggle.json'
[2026-02-17T05:37:49.636+0000] {logging_mixin.py:188} WARNING - /home/airflow/.local/lib/python3.8/site-packages/airflow/models/baseoperator.py:437 AirflowProviderDeprecationWarning: `exists_ok` parameter is deprecated, please use `if_exists`
[2026-02-17T05:37:49.644+0000] {processor.py:840} INFO - DAG(s) 'ecommerce_etl_v2' retrieved from /opt/airflow/dags/etl_dag.py
[2026-02-17T05:37:49.663+0000] {logging_mixin.py:188} INFO - [2026-02-17T05:37:49.662+0000] {dag.py:3036} INFO - Sync 1 DAGs
[2026-02-17T05:37:49.673+0000] {logging_mixin.py:188} INFO - [2026-02-17T05:37:49.673+0000] {dag.py:3823} INFO - Setting next_dagrun for ecommerce_etl_v2 to 2026-02-16 13:00:00+00:00, run_after=2026-02-17 13:00:00+00:00
[2026-02-17T05:37:49.681+0000] {processor.py:183} INFO - Processing /opt/airflow/dags/etl_dag.py took 0.155 seconds
[2026-02-17T05:38:19.958+0000] {processor.py:161} INFO - Started process (PID=54379) to work on /opt/airflow/dags/etl_dag.py
[2026-02-17T05:38:19.960+0000] {processor.py:830} INFO - Processing file /opt/airflow/dags/etl_dag.py for tasks to queue
[2026-02-17T05:38:19.961+0000] {logging_mixin.py:188} INFO - [2026-02-17T05:38:19.961+0000] {dagbag.py:538} INFO - Filling up the DagBag from /opt/airflow/dags/etl_dag.py
[2026-02-17T05:38:20.020+0000] {logging_mixin.py:188} INFO - Warning: Your Kaggle API key is readable by other users on this system! To fix this, you can run 'chmod 600 /home/airflow/.kaggle/kaggle.json'
[2026-02-17T05:38:20.084+0000] {logging_mixin.py:188} WARNING - /home/airflow/.local/lib/python3.8/site-packages/airflow/models/baseoperator.py:437 AirflowProviderDeprecationWarning: `exists_ok` parameter is deprecated, please use `if_exists`
[2026-02-17T05:38:20.094+0000] {processor.py:840} INFO - DAG(s) 'ecommerce_etl_v2' retrieved from /opt/airflow/dags/etl_dag.py
[2026-02-17T05:38:20.118+0000] {logging_mixin.py:188} INFO - [2026-02-17T05:38:20.118+0000] {dag.py:3036} INFO - Sync 1 DAGs
[2026-02-17T05:38:20.131+0000] {logging_mixin.py:188} INFO - [2026-02-17T05:38:20.130+0000] {dag.py:3823} INFO - Setting next_dagrun for ecommerce_etl_v2 to 2026-02-16 13:00:00+00:00, run_after=2026-02-17 13:00:00+00:00
[2026-02-17T05:38:20.140+0000] {processor.py:183} INFO - Processing /opt/airflow/dags/etl_dag.py took 0.188 seconds
[2026-02-17T05:38:50.249+0000] {processor.py:161} INFO - Started process (PID=54410) to work on /opt/airflow/dags/etl_dag.py
[2026-02-17T05:38:50.250+0000] {processor.py:830} INFO - Processing file /opt/airflow/dags/etl_dag.py for tasks to queue
[2026-02-17T05:38:50.251+0000] {logging_mixin.py:188} INFO - [2026-02-17T05:38:50.250+0000] {dagbag.py:538} INFO - Filling up the DagBag from /opt/airflow/dags/etl_dag.py
[2026-02-17T05:38:50.294+0000] {logging_mixin.py:188} INFO - Warning: Your Kaggle API key is readable by other users on this system! To fix this, you can run 'chmod 600 /home/airflow/.kaggle/kaggle.json'
[2026-02-17T05:38:50.354+0000] {logging_mixin.py:188} WARNING - /home/airflow/.local/lib/python3.8/site-packages/airflow/models/baseoperator.py:437 AirflowProviderDeprecationWarning: `exists_ok` parameter is deprecated, please use `if_exists`
[2026-02-17T05:38:50.363+0000] {processor.py:840} INFO - DAG(s) 'ecommerce_etl_v2' retrieved from /opt/airflow/dags/etl_dag.py
[2026-02-17T05:38:50.383+0000] {logging_mixin.py:188} INFO - [2026-02-17T05:38:50.382+0000] {dag.py:3036} INFO - Sync 1 DAGs
[2026-02-17T05:38:50.393+0000] {logging_mixin.py:188} INFO - [2026-02-17T05:38:50.393+0000] {dag.py:3823} INFO - Setting next_dagrun for ecommerce_etl_v2 to 2026-02-16 13:00:00+00:00, run_after=2026-02-17 13:00:00+00:00
[2026-02-17T05:38:50.401+0000] {processor.py:183} INFO - Processing /opt/airflow/dags/etl_dag.py took 0.155 seconds
[2026-02-17T05:39:20.508+0000] {processor.py:161} INFO - Started process (PID=54441) to work on /opt/airflow/dags/etl_dag.py
[2026-02-17T05:39:20.510+0000] {processor.py:830} INFO - Processing file /opt/airflow/dags/etl_dag.py for tasks to queue
[2026-02-17T05:39:20.511+0000] {logging_mixin.py:188} INFO - [2026-02-17T05:39:20.511+0000] {dagbag.py:538} INFO - Filling up the DagBag from /opt/airflow/dags/etl_dag.py
[2026-02-17T05:39:20.553+0000] {logging_mixin.py:188} INFO - Warning: Your Kaggle API key is readable by other users on this system! To fix this, you can run 'chmod 600 /home/airflow/.kaggle/kaggle.json'
[2026-02-17T05:39:20.612+0000] {logging_mixin.py:188} WARNING - /home/airflow/.local/lib/python3.8/site-packages/airflow/models/baseoperator.py:437 AirflowProviderDeprecationWarning: `exists_ok` parameter is deprecated, please use `if_exists`
[2026-02-17T05:39:20.621+0000] {processor.py:840} INFO - DAG(s) 'ecommerce_etl_v2' retrieved from /opt/airflow/dags/etl_dag.py
[2026-02-17T05:39:20.640+0000] {logging_mixin.py:188} INFO - [2026-02-17T05:39:20.640+0000] {dag.py:3036} INFO - Sync 1 DAGs
[2026-02-17T05:39:20.652+0000] {logging_mixin.py:188} INFO - [2026-02-17T05:39:20.652+0000] {dag.py:3823} INFO - Setting next_dagrun for ecommerce_etl_v2 to 2026-02-16 13:00:00+00:00, run_after=2026-02-17 13:00:00+00:00
[2026-02-17T05:39:20.661+0000] {processor.py:183} INFO - Processing /opt/airflow/dags/etl_dag.py took 0.157 seconds
[2026-02-17T05:39:50.763+0000] {processor.py:161} INFO - Started process (PID=54472) to work on /opt/airflow/dags/etl_dag.py
[2026-02-17T05:39:50.764+0000] {processor.py:830} INFO - Processing file /opt/airflow/dags/etl_dag.py for tasks to queue
[2026-02-17T05:39:50.765+0000] {logging_mixin.py:188} INFO - [2026-02-17T05:39:50.765+0000] {dagbag.py:538} INFO - Filling up the DagBag from /opt/airflow/dags/etl_dag.py
[2026-02-17T05:39:50.811+0000] {logging_mixin.py:188} INFO - Warning: Your Kaggle API key is readable by other users on this system! To fix this, you can run 'chmod 600 /home/airflow/.kaggle/kaggle.json'
[2026-02-17T05:39:50.872+0000] {logging_mixin.py:188} WARNING - /home/airflow/.local/lib/python3.8/site-packages/airflow/models/baseoperator.py:437 AirflowProviderDeprecationWarning: `exists_ok` parameter is deprecated, please use `if_exists`
[2026-02-17T05:39:50.883+0000] {processor.py:840} INFO - DAG(s) 'ecommerce_etl_v2' retrieved from /opt/airflow/dags/etl_dag.py
[2026-02-17T05:39:50.903+0000] {logging_mixin.py:188} INFO - [2026-02-17T05:39:50.903+0000] {dag.py:3036} INFO - Sync 1 DAGs
[2026-02-17T05:39:50.914+0000] {logging_mixin.py:188} INFO - [2026-02-17T05:39:50.914+0000] {dag.py:3823} INFO - Setting next_dagrun for ecommerce_etl_v2 to 2026-02-16 13:00:00+00:00, run_after=2026-02-17 13:00:00+00:00
[2026-02-17T05:39:50.923+0000] {processor.py:183} INFO - Processing /opt/airflow/dags/etl_dag.py took 0.164 seconds
[2026-02-17T05:40:21.043+0000] {processor.py:161} INFO - Started process (PID=54503) to work on /opt/airflow/dags/etl_dag.py
[2026-02-17T05:40:21.044+0000] {processor.py:830} INFO - Processing file /opt/airflow/dags/etl_dag.py for tasks to queue
[2026-02-17T05:40:21.044+0000] {logging_mixin.py:188} INFO - [2026-02-17T05:40:21.044+0000] {dagbag.py:538} INFO - Filling up the DagBag from /opt/airflow/dags/etl_dag.py
[2026-02-17T05:40:21.087+0000] {logging_mixin.py:188} INFO - Warning: Your Kaggle API key is readable by other users on this system! To fix this, you can run 'chmod 600 /home/airflow/.kaggle/kaggle.json'
[2026-02-17T05:40:21.146+0000] {logging_mixin.py:188} WARNING - /home/airflow/.local/lib/python3.8/site-packages/airflow/models/baseoperator.py:437 AirflowProviderDeprecationWarning: `exists_ok` parameter is deprecated, please use `if_exists`
[2026-02-17T05:40:21.155+0000] {processor.py:840} INFO - DAG(s) 'ecommerce_etl_v2' retrieved from /opt/airflow/dags/etl_dag.py
[2026-02-17T05:40:21.173+0000] {logging_mixin.py:188} INFO - [2026-02-17T05:40:21.173+0000] {dag.py:3036} INFO - Sync 1 DAGs
[2026-02-17T05:40:21.184+0000] {logging_mixin.py:188} INFO - [2026-02-17T05:40:21.184+0000] {dag.py:3823} INFO - Setting next_dagrun for ecommerce_etl_v2 to 2026-02-16 13:00:00+00:00, run_after=2026-02-17 13:00:00+00:00
[2026-02-17T05:40:21.193+0000] {processor.py:183} INFO - Processing /opt/airflow/dags/etl_dag.py took 0.153 seconds
[2026-02-17T05:40:51.529+0000] {processor.py:161} INFO - Started process (PID=54534) to work on /opt/airflow/dags/etl_dag.py
[2026-02-17T05:40:51.530+0000] {processor.py:830} INFO - Processing file /opt/airflow/dags/etl_dag.py for tasks to queue
[2026-02-17T05:40:51.531+0000] {logging_mixin.py:188} INFO - [2026-02-17T05:40:51.530+0000] {dagbag.py:538} INFO - Filling up the DagBag from /opt/airflow/dags/etl_dag.py
[2026-02-17T05:40:51.576+0000] {logging_mixin.py:188} INFO - Warning: Your Kaggle API key is readable by other users on this system! To fix this, you can run 'chmod 600 /home/airflow/.kaggle/kaggle.json'
[2026-02-17T05:40:51.636+0000] {logging_mixin.py:188} WARNING - /home/airflow/.local/lib/python3.8/site-packages/airflow/models/baseoperator.py:437 AirflowProviderDeprecationWarning: `exists_ok` parameter is deprecated, please use `if_exists`
[2026-02-17T05:40:51.645+0000] {processor.py:840} INFO - DAG(s) 'ecommerce_etl_v2' retrieved from /opt/airflow/dags/etl_dag.py
[2026-02-17T05:40:51.664+0000] {logging_mixin.py:188} INFO - [2026-02-17T05:40:51.664+0000] {dag.py:3036} INFO - Sync 1 DAGs
[2026-02-17T05:40:51.675+0000] {logging_mixin.py:188} INFO - [2026-02-17T05:40:51.675+0000] {dag.py:3823} INFO - Setting next_dagrun for ecommerce_etl_v2 to 2026-02-16 13:00:00+00:00, run_after=2026-02-17 13:00:00+00:00
[2026-02-17T05:40:51.683+0000] {processor.py:183} INFO - Processing /opt/airflow/dags/etl_dag.py took 0.158 seconds
[2026-02-17T05:41:21.871+0000] {processor.py:161} INFO - Started process (PID=54565) to work on /opt/airflow/dags/etl_dag.py
[2026-02-17T05:41:21.872+0000] {processor.py:830} INFO - Processing file /opt/airflow/dags/etl_dag.py for tasks to queue
[2026-02-17T05:41:21.873+0000] {logging_mixin.py:188} INFO - [2026-02-17T05:41:21.873+0000] {dagbag.py:538} INFO - Filling up the DagBag from /opt/airflow/dags/etl_dag.py
[2026-02-17T05:41:21.921+0000] {logging_mixin.py:188} INFO - Warning: Your Kaggle API key is readable by other users on this system! To fix this, you can run 'chmod 600 /home/airflow/.kaggle/kaggle.json'
[2026-02-17T05:41:21.983+0000] {logging_mixin.py:188} WARNING - /home/airflow/.local/lib/python3.8/site-packages/airflow/models/baseoperator.py:437 AirflowProviderDeprecationWarning: `exists_ok` parameter is deprecated, please use `if_exists`
[2026-02-17T05:41:21.991+0000] {processor.py:840} INFO - DAG(s) 'ecommerce_etl_v2' retrieved from /opt/airflow/dags/etl_dag.py
[2026-02-17T05:41:22.010+0000] {logging_mixin.py:188} INFO - [2026-02-17T05:41:22.010+0000] {dag.py:3036} INFO - Sync 1 DAGs
[2026-02-17T05:41:22.020+0000] {logging_mixin.py:188} INFO - [2026-02-17T05:41:22.020+0000] {dag.py:3823} INFO - Setting next_dagrun for ecommerce_etl_v2 to 2026-02-16 13:00:00+00:00, run_after=2026-02-17 13:00:00+00:00
[2026-02-17T05:41:22.029+0000] {processor.py:183} INFO - Processing /opt/airflow/dags/etl_dag.py took 0.163 seconds
[2026-02-17T05:41:52.288+0000] {processor.py:161} INFO - Started process (PID=54596) to work on /opt/airflow/dags/etl_dag.py
[2026-02-17T05:41:52.289+0000] {processor.py:830} INFO - Processing file /opt/airflow/dags/etl_dag.py for tasks to queue
[2026-02-17T05:41:52.290+0000] {logging_mixin.py:188} INFO - [2026-02-17T05:41:52.289+0000] {dagbag.py:538} INFO - Filling up the DagBag from /opt/airflow/dags/etl_dag.py
[2026-02-17T05:41:52.335+0000] {logging_mixin.py:188} INFO - Warning: Your Kaggle API key is readable by other users on this system! To fix this, you can run 'chmod 600 /home/airflow/.kaggle/kaggle.json'
[2026-02-17T05:41:52.394+0000] {logging_mixin.py:188} WARNING - /home/airflow/.local/lib/python3.8/site-packages/airflow/models/baseoperator.py:437 AirflowProviderDeprecationWarning: `exists_ok` parameter is deprecated, please use `if_exists`
[2026-02-17T05:41:52.403+0000] {processor.py:840} INFO - DAG(s) 'ecommerce_etl_v2' retrieved from /opt/airflow/dags/etl_dag.py
[2026-02-17T05:41:52.421+0000] {logging_mixin.py:188} INFO - [2026-02-17T05:41:52.421+0000] {dag.py:3036} INFO - Sync 1 DAGs
[2026-02-17T05:41:52.431+0000] {logging_mixin.py:188} INFO - [2026-02-17T05:41:52.431+0000] {dag.py:3823} INFO - Setting next_dagrun for ecommerce_etl_v2 to 2026-02-16 13:00:00+00:00, run_after=2026-02-17 13:00:00+00:00
[2026-02-17T05:41:52.440+0000] {processor.py:183} INFO - Processing /opt/airflow/dags/etl_dag.py took 0.157 seconds
[2026-02-17T05:42:22.653+0000] {processor.py:161} INFO - Started process (PID=54627) to work on /opt/airflow/dags/etl_dag.py
[2026-02-17T05:42:22.654+0000] {processor.py:830} INFO - Processing file /opt/airflow/dags/etl_dag.py for tasks to queue
[2026-02-17T05:42:22.655+0000] {logging_mixin.py:188} INFO - [2026-02-17T05:42:22.654+0000] {dagbag.py:538} INFO - Filling up the DagBag from /opt/airflow/dags/etl_dag.py
[2026-02-17T05:42:22.701+0000] {logging_mixin.py:188} INFO - Warning: Your Kaggle API key is readable by other users on this system! To fix this, you can run 'chmod 600 /home/airflow/.kaggle/kaggle.json'
[2026-02-17T05:42:22.760+0000] {logging_mixin.py:188} WARNING - /home/airflow/.local/lib/python3.8/site-packages/airflow/models/baseoperator.py:437 AirflowProviderDeprecationWarning: `exists_ok` parameter is deprecated, please use `if_exists`
[2026-02-17T05:42:22.771+0000] {processor.py:840} INFO - DAG(s) 'ecommerce_etl_v2' retrieved from /opt/airflow/dags/etl_dag.py
[2026-02-17T05:42:22.789+0000] {logging_mixin.py:188} INFO - [2026-02-17T05:42:22.789+0000] {dag.py:3036} INFO - Sync 1 DAGs
[2026-02-17T05:42:22.799+0000] {logging_mixin.py:188} INFO - [2026-02-17T05:42:22.799+0000] {dag.py:3823} INFO - Setting next_dagrun for ecommerce_etl_v2 to 2026-02-16 13:00:00+00:00, run_after=2026-02-17 13:00:00+00:00
[2026-02-17T05:42:22.807+0000] {processor.py:183} INFO - Processing /opt/airflow/dags/etl_dag.py took 0.159 seconds
[2026-02-17T05:42:53.060+0000] {processor.py:161} INFO - Started process (PID=54658) to work on /opt/airflow/dags/etl_dag.py
[2026-02-17T05:42:53.062+0000] {processor.py:830} INFO - Processing file /opt/airflow/dags/etl_dag.py for tasks to queue
[2026-02-17T05:42:53.063+0000] {logging_mixin.py:188} INFO - [2026-02-17T05:42:53.063+0000] {dagbag.py:538} INFO - Filling up the DagBag from /opt/airflow/dags/etl_dag.py
[2026-02-17T05:42:53.111+0000] {logging_mixin.py:188} INFO - Warning: Your Kaggle API key is readable by other users on this system! To fix this, you can run 'chmod 600 /home/airflow/.kaggle/kaggle.json'
[2026-02-17T05:42:53.171+0000] {logging_mixin.py:188} WARNING - /home/airflow/.local/lib/python3.8/site-packages/airflow/models/baseoperator.py:437 AirflowProviderDeprecationWarning: `exists_ok` parameter is deprecated, please use `if_exists`
[2026-02-17T05:42:53.180+0000] {processor.py:840} INFO - DAG(s) 'ecommerce_etl_v2' retrieved from /opt/airflow/dags/etl_dag.py
[2026-02-17T05:42:53.198+0000] {logging_mixin.py:188} INFO - [2026-02-17T05:42:53.198+0000] {dag.py:3036} INFO - Sync 1 DAGs
[2026-02-17T05:42:53.209+0000] {logging_mixin.py:188} INFO - [2026-02-17T05:42:53.209+0000] {dag.py:3823} INFO - Setting next_dagrun for ecommerce_etl_v2 to 2026-02-16 13:00:00+00:00, run_after=2026-02-17 13:00:00+00:00
[2026-02-17T05:42:53.366+0000] {processor.py:183} INFO - Processing /opt/airflow/dags/etl_dag.py took 0.309 seconds
[2026-02-17T05:43:23.416+0000] {processor.py:161} INFO - Started process (PID=54689) to work on /opt/airflow/dags/etl_dag.py
[2026-02-17T05:43:23.417+0000] {processor.py:830} INFO - Processing file /opt/airflow/dags/etl_dag.py for tasks to queue
[2026-02-17T05:43:23.418+0000] {logging_mixin.py:188} INFO - [2026-02-17T05:43:23.418+0000] {dagbag.py:538} INFO - Filling up the DagBag from /opt/airflow/dags/etl_dag.py
[2026-02-17T05:43:23.464+0000] {logging_mixin.py:188} INFO - Warning: Your Kaggle API key is readable by other users on this system! To fix this, you can run 'chmod 600 /home/airflow/.kaggle/kaggle.json'
[2026-02-17T05:43:23.523+0000] {logging_mixin.py:188} WARNING - /home/airflow/.local/lib/python3.8/site-packages/airflow/models/baseoperator.py:437 AirflowProviderDeprecationWarning: `exists_ok` parameter is deprecated, please use `if_exists`
[2026-02-17T05:43:23.533+0000] {processor.py:840} INFO - DAG(s) 'ecommerce_etl_v2' retrieved from /opt/airflow/dags/etl_dag.py
[2026-02-17T05:43:23.552+0000] {logging_mixin.py:188} INFO - [2026-02-17T05:43:23.552+0000] {dag.py:3036} INFO - Sync 1 DAGs
[2026-02-17T05:43:23.563+0000] {logging_mixin.py:188} INFO - [2026-02-17T05:43:23.562+0000] {dag.py:3823} INFO - Setting next_dagrun for ecommerce_etl_v2 to 2026-02-16 13:00:00+00:00, run_after=2026-02-17 13:00:00+00:00
[2026-02-17T05:43:23.572+0000] {processor.py:183} INFO - Processing /opt/airflow/dags/etl_dag.py took 0.161 seconds
[2026-02-17T05:43:53.925+0000] {processor.py:161} INFO - Started process (PID=54720) to work on /opt/airflow/dags/etl_dag.py
[2026-02-17T05:43:53.926+0000] {processor.py:830} INFO - Processing file /opt/airflow/dags/etl_dag.py for tasks to queue
[2026-02-17T05:43:53.927+0000] {logging_mixin.py:188} INFO - [2026-02-17T05:43:53.927+0000] {dagbag.py:538} INFO - Filling up the DagBag from /opt/airflow/dags/etl_dag.py
[2026-02-17T05:43:53.973+0000] {logging_mixin.py:188} INFO - Warning: Your Kaggle API key is readable by other users on this system! To fix this, you can run 'chmod 600 /home/airflow/.kaggle/kaggle.json'
[2026-02-17T05:43:54.032+0000] {logging_mixin.py:188} WARNING - /home/airflow/.local/lib/python3.8/site-packages/airflow/models/baseoperator.py:437 AirflowProviderDeprecationWarning: `exists_ok` parameter is deprecated, please use `if_exists`
[2026-02-17T05:43:54.040+0000] {processor.py:840} INFO - DAG(s) 'ecommerce_etl_v2' retrieved from /opt/airflow/dags/etl_dag.py
[2026-02-17T05:43:54.059+0000] {logging_mixin.py:188} INFO - [2026-02-17T05:43:54.059+0000] {dag.py:3036} INFO - Sync 1 DAGs
[2026-02-17T05:43:54.069+0000] {logging_mixin.py:188} INFO - [2026-02-17T05:43:54.069+0000] {dag.py:3823} INFO - Setting next_dagrun for ecommerce_etl_v2 to 2026-02-16 13:00:00+00:00, run_after=2026-02-17 13:00:00+00:00
[2026-02-17T05:43:54.172+0000] {processor.py:183} INFO - Processing /opt/airflow/dags/etl_dag.py took 0.250 seconds
[2026-02-17T05:44:24.450+0000] {processor.py:161} INFO - Started process (PID=54751) to work on /opt/airflow/dags/etl_dag.py
[2026-02-17T05:44:24.451+0000] {processor.py:830} INFO - Processing file /opt/airflow/dags/etl_dag.py for tasks to queue
[2026-02-17T05:44:24.452+0000] {logging_mixin.py:188} INFO - [2026-02-17T05:44:24.452+0000] {dagbag.py:538} INFO - Filling up the DagBag from /opt/airflow/dags/etl_dag.py
[2026-02-17T05:44:24.497+0000] {logging_mixin.py:188} INFO - Warning: Your Kaggle API key is readable by other users on this system! To fix this, you can run 'chmod 600 /home/airflow/.kaggle/kaggle.json'
[2026-02-17T05:44:24.556+0000] {logging_mixin.py:188} WARNING - /home/airflow/.local/lib/python3.8/site-packages/airflow/models/baseoperator.py:437 AirflowProviderDeprecationWarning: `exists_ok` parameter is deprecated, please use `if_exists`
[2026-02-17T05:44:24.565+0000] {processor.py:840} INFO - DAG(s) 'ecommerce_etl_v2' retrieved from /opt/airflow/dags/etl_dag.py
[2026-02-17T05:44:24.678+0000] {logging_mixin.py:188} INFO - [2026-02-17T05:44:24.677+0000] {dag.py:3036} INFO - Sync 1 DAGs
[2026-02-17T05:44:24.687+0000] {logging_mixin.py:188} INFO - [2026-02-17T05:44:24.687+0000] {dag.py:3823} INFO - Setting next_dagrun for ecommerce_etl_v2 to 2026-02-16 13:00:00+00:00, run_after=2026-02-17 13:00:00+00:00
[2026-02-17T05:44:24.696+0000] {processor.py:183} INFO - Processing /opt/airflow/dags/etl_dag.py took 0.250 seconds
[2026-02-17T05:44:54.738+0000] {processor.py:161} INFO - Started process (PID=54782) to work on /opt/airflow/dags/etl_dag.py
[2026-02-17T05:44:54.740+0000] {processor.py:830} INFO - Processing file /opt/airflow/dags/etl_dag.py for tasks to queue
[2026-02-17T05:44:54.741+0000] {logging_mixin.py:188} INFO - [2026-02-17T05:44:54.740+0000] {dagbag.py:538} INFO - Filling up the DagBag from /opt/airflow/dags/etl_dag.py
[2026-02-17T05:44:54.787+0000] {logging_mixin.py:188} INFO - Warning: Your Kaggle API key is readable by other users on this system! To fix this, you can run 'chmod 600 /home/airflow/.kaggle/kaggle.json'
[2026-02-17T05:44:54.945+0000] {logging_mixin.py:188} WARNING - /home/airflow/.local/lib/python3.8/site-packages/airflow/models/baseoperator.py:437 AirflowProviderDeprecationWarning: `exists_ok` parameter is deprecated, please use `if_exists`
[2026-02-17T05:44:54.953+0000] {processor.py:840} INFO - DAG(s) 'ecommerce_etl_v2' retrieved from /opt/airflow/dags/etl_dag.py
[2026-02-17T05:44:54.969+0000] {logging_mixin.py:188} INFO - [2026-02-17T05:44:54.969+0000] {dag.py:3036} INFO - Sync 1 DAGs
[2026-02-17T05:44:54.978+0000] {logging_mixin.py:188} INFO - [2026-02-17T05:44:54.978+0000] {dag.py:3823} INFO - Setting next_dagrun for ecommerce_etl_v2 to 2026-02-16 13:00:00+00:00, run_after=2026-02-17 13:00:00+00:00
[2026-02-17T05:44:54.986+0000] {processor.py:183} INFO - Processing /opt/airflow/dags/etl_dag.py took 0.252 seconds
[2026-02-17T05:45:25.291+0000] {processor.py:161} INFO - Started process (PID=54813) to work on /opt/airflow/dags/etl_dag.py
[2026-02-17T05:45:25.292+0000] {processor.py:830} INFO - Processing file /opt/airflow/dags/etl_dag.py for tasks to queue
[2026-02-17T05:45:25.293+0000] {logging_mixin.py:188} INFO - [2026-02-17T05:45:25.293+0000] {dagbag.py:538} INFO - Filling up the DagBag from /opt/airflow/dags/etl_dag.py
[2026-02-17T05:45:25.338+0000] {logging_mixin.py:188} INFO - Warning: Your Kaggle API key is readable by other users on this system! To fix this, you can run 'chmod 600 /home/airflow/.kaggle/kaggle.json'
[2026-02-17T05:45:25.398+0000] {logging_mixin.py:188} WARNING - /home/airflow/.local/lib/python3.8/site-packages/airflow/models/baseoperator.py:437 AirflowProviderDeprecationWarning: `exists_ok` parameter is deprecated, please use `if_exists`
[2026-02-17T05:45:25.406+0000] {processor.py:840} INFO - DAG(s) 'ecommerce_etl_v2' retrieved from /opt/airflow/dags/etl_dag.py
[2026-02-17T05:45:25.519+0000] {logging_mixin.py:188} INFO - [2026-02-17T05:45:25.519+0000] {dag.py:3036} INFO - Sync 1 DAGs
[2026-02-17T05:45:25.528+0000] {logging_mixin.py:188} INFO - [2026-02-17T05:45:25.528+0000] {dag.py:3823} INFO - Setting next_dagrun for ecommerce_etl_v2 to 2026-02-16 13:00:00+00:00, run_after=2026-02-17 13:00:00+00:00
[2026-02-17T05:45:25.537+0000] {processor.py:183} INFO - Processing /opt/airflow/dags/etl_dag.py took 0.249 seconds
[2026-02-17T05:45:55.643+0000] {processor.py:161} INFO - Started process (PID=54844) to work on /opt/airflow/dags/etl_dag.py
[2026-02-17T05:45:55.645+0000] {processor.py:830} INFO - Processing file /opt/airflow/dags/etl_dag.py for tasks to queue
[2026-02-17T05:45:55.646+0000] {logging_mixin.py:188} INFO - [2026-02-17T05:45:55.645+0000] {dagbag.py:538} INFO - Filling up the DagBag from /opt/airflow/dags/etl_dag.py
[2026-02-17T05:45:55.690+0000] {logging_mixin.py:188} INFO - Warning: Your Kaggle API key is readable by other users on this system! To fix this, you can run 'chmod 600 /home/airflow/.kaggle/kaggle.json'
[2026-02-17T05:45:55.850+0000] {logging_mixin.py:188} WARNING - /home/airflow/.local/lib/python3.8/site-packages/airflow/models/baseoperator.py:437 AirflowProviderDeprecationWarning: `exists_ok` parameter is deprecated, please use `if_exists`
[2026-02-17T05:45:55.859+0000] {processor.py:840} INFO - DAG(s) 'ecommerce_etl_v2' retrieved from /opt/airflow/dags/etl_dag.py
[2026-02-17T05:45:55.875+0000] {logging_mixin.py:188} INFO - [2026-02-17T05:45:55.875+0000] {dag.py:3036} INFO - Sync 1 DAGs
[2026-02-17T05:45:55.884+0000] {logging_mixin.py:188} INFO - [2026-02-17T05:45:55.884+0000] {dag.py:3823} INFO - Setting next_dagrun for ecommerce_etl_v2 to 2026-02-16 13:00:00+00:00, run_after=2026-02-17 13:00:00+00:00
[2026-02-17T05:45:55.891+0000] {processor.py:183} INFO - Processing /opt/airflow/dags/etl_dag.py took 0.253 seconds
[2026-02-17T05:46:26.121+0000] {processor.py:161} INFO - Started process (PID=54875) to work on /opt/airflow/dags/etl_dag.py
[2026-02-17T05:46:26.123+0000] {processor.py:830} INFO - Processing file /opt/airflow/dags/etl_dag.py for tasks to queue
[2026-02-17T05:46:26.124+0000] {logging_mixin.py:188} INFO - [2026-02-17T05:46:26.123+0000] {dagbag.py:538} INFO - Filling up the DagBag from /opt/airflow/dags/etl_dag.py
[2026-02-17T05:46:26.171+0000] {logging_mixin.py:188} INFO - Warning: Your Kaggle API key is readable by other users on this system! To fix this, you can run 'chmod 600 /home/airflow/.kaggle/kaggle.json'
[2026-02-17T05:46:26.231+0000] {logging_mixin.py:188} WARNING - /home/airflow/.local/lib/python3.8/site-packages/airflow/models/baseoperator.py:437 AirflowProviderDeprecationWarning: `exists_ok` parameter is deprecated, please use `if_exists`
[2026-02-17T05:46:26.239+0000] {processor.py:840} INFO - DAG(s) 'ecommerce_etl_v2' retrieved from /opt/airflow/dags/etl_dag.py
[2026-02-17T05:46:26.359+0000] {logging_mixin.py:188} INFO - [2026-02-17T05:46:26.359+0000] {dag.py:3036} INFO - Sync 1 DAGs
[2026-02-17T05:46:26.370+0000] {logging_mixin.py:188} INFO - [2026-02-17T05:46:26.370+0000] {dag.py:3823} INFO - Setting next_dagrun for ecommerce_etl_v2 to 2026-02-16 13:00:00+00:00, run_after=2026-02-17 13:00:00+00:00
[2026-02-17T05:46:26.380+0000] {processor.py:183} INFO - Processing /opt/airflow/dags/etl_dag.py took 0.263 seconds
[2026-02-17T05:46:56.409+0000] {processor.py:161} INFO - Started process (PID=54906) to work on /opt/airflow/dags/etl_dag.py
[2026-02-17T05:46:56.410+0000] {processor.py:830} INFO - Processing file /opt/airflow/dags/etl_dag.py for tasks to queue
[2026-02-17T05:46:56.411+0000] {logging_mixin.py:188} INFO - [2026-02-17T05:46:56.410+0000] {dagbag.py:538} INFO - Filling up the DagBag from /opt/airflow/dags/etl_dag.py
[2026-02-17T05:46:56.450+0000] {logging_mixin.py:188} INFO - Warning: Your Kaggle API key is readable by other users on this system! To fix this, you can run 'chmod 600 /home/airflow/.kaggle/kaggle.json'
[2026-02-17T05:46:56.612+0000] {logging_mixin.py:188} WARNING - /home/airflow/.local/lib/python3.8/site-packages/airflow/models/baseoperator.py:437 AirflowProviderDeprecationWarning: `exists_ok` parameter is deprecated, please use `if_exists`
[2026-02-17T05:46:56.620+0000] {processor.py:840} INFO - DAG(s) 'ecommerce_etl_v2' retrieved from /opt/airflow/dags/etl_dag.py
[2026-02-17T05:46:56.637+0000] {logging_mixin.py:188} INFO - [2026-02-17T05:46:56.637+0000] {dag.py:3036} INFO - Sync 1 DAGs
[2026-02-17T05:46:56.646+0000] {logging_mixin.py:188} INFO - [2026-02-17T05:46:56.646+0000] {dag.py:3823} INFO - Setting next_dagrun for ecommerce_etl_v2 to 2026-02-16 13:00:00+00:00, run_after=2026-02-17 13:00:00+00:00
[2026-02-17T05:46:56.654+0000] {processor.py:183} INFO - Processing /opt/airflow/dags/etl_dag.py took 0.247 seconds
[2026-02-17T05:47:26.963+0000] {processor.py:161} INFO - Started process (PID=54937) to work on /opt/airflow/dags/etl_dag.py
[2026-02-17T05:47:26.964+0000] {processor.py:830} INFO - Processing file /opt/airflow/dags/etl_dag.py for tasks to queue
[2026-02-17T05:47:26.965+0000] {logging_mixin.py:188} INFO - [2026-02-17T05:47:26.964+0000] {dagbag.py:538} INFO - Filling up the DagBag from /opt/airflow/dags/etl_dag.py
[2026-02-17T05:47:27.010+0000] {logging_mixin.py:188} INFO - Warning: Your Kaggle API key is readable by other users on this system! To fix this, you can run 'chmod 600 /home/airflow/.kaggle/kaggle.json'
[2026-02-17T05:47:27.068+0000] {logging_mixin.py:188} WARNING - /home/airflow/.local/lib/python3.8/site-packages/airflow/models/baseoperator.py:437 AirflowProviderDeprecationWarning: `exists_ok` parameter is deprecated, please use `if_exists`
[2026-02-17T05:47:27.078+0000] {processor.py:840} INFO - DAG(s) 'ecommerce_etl_v2' retrieved from /opt/airflow/dags/etl_dag.py
[2026-02-17T05:47:27.188+0000] {logging_mixin.py:188} INFO - [2026-02-17T05:47:27.188+0000] {dag.py:3036} INFO - Sync 1 DAGs
[2026-02-17T05:47:27.197+0000] {logging_mixin.py:188} INFO - [2026-02-17T05:47:27.197+0000] {dag.py:3823} INFO - Setting next_dagrun for ecommerce_etl_v2 to 2026-02-16 13:00:00+00:00, run_after=2026-02-17 13:00:00+00:00
[2026-02-17T05:47:27.205+0000] {processor.py:183} INFO - Processing /opt/airflow/dags/etl_dag.py took 0.246 seconds
[2026-02-17T05:47:57.290+0000] {processor.py:161} INFO - Started process (PID=54968) to work on /opt/airflow/dags/etl_dag.py
[2026-02-17T05:47:57.291+0000] {processor.py:830} INFO - Processing file /opt/airflow/dags/etl_dag.py for tasks to queue
[2026-02-17T05:47:57.292+0000] {logging_mixin.py:188} INFO - [2026-02-17T05:47:57.292+0000] {dagbag.py:538} INFO - Filling up the DagBag from /opt/airflow/dags/etl_dag.py
[2026-02-17T05:47:57.337+0000] {logging_mixin.py:188} INFO - Warning: Your Kaggle API key is readable by other users on this system! To fix this, you can run 'chmod 600 /home/airflow/.kaggle/kaggle.json'
[2026-02-17T05:47:57.498+0000] {logging_mixin.py:188} WARNING - /home/airflow/.local/lib/python3.8/site-packages/airflow/models/baseoperator.py:437 AirflowProviderDeprecationWarning: `exists_ok` parameter is deprecated, please use `if_exists`
[2026-02-17T05:47:57.507+0000] {processor.py:840} INFO - DAG(s) 'ecommerce_etl_v2' retrieved from /opt/airflow/dags/etl_dag.py
[2026-02-17T05:47:57.527+0000] {logging_mixin.py:188} INFO - [2026-02-17T05:47:57.526+0000] {dag.py:3036} INFO - Sync 1 DAGs
[2026-02-17T05:47:57.539+0000] {logging_mixin.py:188} INFO - [2026-02-17T05:47:57.538+0000] {dag.py:3823} INFO - Setting next_dagrun for ecommerce_etl_v2 to 2026-02-16 13:00:00+00:00, run_after=2026-02-17 13:00:00+00:00
[2026-02-17T05:47:57.548+0000] {processor.py:183} INFO - Processing /opt/airflow/dags/etl_dag.py took 0.263 seconds
[2026-02-17T05:48:27.815+0000] {processor.py:161} INFO - Started process (PID=54999) to work on /opt/airflow/dags/etl_dag.py
[2026-02-17T05:48:27.816+0000] {processor.py:830} INFO - Processing file /opt/airflow/dags/etl_dag.py for tasks to queue
[2026-02-17T05:48:27.817+0000] {logging_mixin.py:188} INFO - [2026-02-17T05:48:27.817+0000] {dagbag.py:538} INFO - Filling up the DagBag from /opt/airflow/dags/etl_dag.py
[2026-02-17T05:48:27.865+0000] {logging_mixin.py:188} INFO - Warning: Your Kaggle API key is readable by other users on this system! To fix this, you can run 'chmod 600 /home/airflow/.kaggle/kaggle.json'
[2026-02-17T05:48:27.925+0000] {logging_mixin.py:188} WARNING - /home/airflow/.local/lib/python3.8/site-packages/airflow/models/baseoperator.py:437 AirflowProviderDeprecationWarning: `exists_ok` parameter is deprecated, please use `if_exists`
[2026-02-17T05:48:27.933+0000] {processor.py:840} INFO - DAG(s) 'ecommerce_etl_v2' retrieved from /opt/airflow/dags/etl_dag.py
[2026-02-17T05:48:28.056+0000] {logging_mixin.py:188} INFO - [2026-02-17T05:48:28.056+0000] {dag.py:3036} INFO - Sync 1 DAGs
[2026-02-17T05:48:28.066+0000] {logging_mixin.py:188} INFO - [2026-02-17T05:48:28.066+0000] {dag.py:3823} INFO - Setting next_dagrun for ecommerce_etl_v2 to 2026-02-16 13:00:00+00:00, run_after=2026-02-17 13:00:00+00:00
[2026-02-17T05:48:28.074+0000] {processor.py:183} INFO - Processing /opt/airflow/dags/etl_dag.py took 0.263 seconds
[2026-02-17T05:48:58.167+0000] {processor.py:161} INFO - Started process (PID=55030) to work on /opt/airflow/dags/etl_dag.py
[2026-02-17T05:48:58.168+0000] {processor.py:830} INFO - Processing file /opt/airflow/dags/etl_dag.py for tasks to queue
[2026-02-17T05:48:58.169+0000] {logging_mixin.py:188} INFO - [2026-02-17T05:48:58.169+0000] {dagbag.py:538} INFO - Filling up the DagBag from /opt/airflow/dags/etl_dag.py
[2026-02-17T05:48:58.216+0000] {logging_mixin.py:188} INFO - Warning: Your Kaggle API key is readable by other users on this system! To fix this, you can run 'chmod 600 /home/airflow/.kaggle/kaggle.json'
[2026-02-17T05:48:58.420+0000] {logging_mixin.py:188} WARNING - /home/airflow/.local/lib/python3.8/site-packages/airflow/models/baseoperator.py:437 AirflowProviderDeprecationWarning: `exists_ok` parameter is deprecated, please use `if_exists`
[2026-02-17T05:48:58.432+0000] {processor.py:840} INFO - DAG(s) 'ecommerce_etl_v2' retrieved from /opt/airflow/dags/etl_dag.py
[2026-02-17T05:48:58.453+0000] {logging_mixin.py:188} INFO - [2026-02-17T05:48:58.452+0000] {dag.py:3036} INFO - Sync 1 DAGs
[2026-02-17T05:48:58.465+0000] {logging_mixin.py:188} INFO - [2026-02-17T05:48:58.465+0000] {dag.py:3823} INFO - Setting next_dagrun for ecommerce_etl_v2 to 2026-02-16 13:00:00+00:00, run_after=2026-02-17 13:00:00+00:00
[2026-02-17T05:48:58.476+0000] {processor.py:183} INFO - Processing /opt/airflow/dags/etl_dag.py took 0.311 seconds
[2026-02-17T05:49:28.700+0000] {processor.py:161} INFO - Started process (PID=55061) to work on /opt/airflow/dags/etl_dag.py
[2026-02-17T05:49:28.701+0000] {processor.py:830} INFO - Processing file /opt/airflow/dags/etl_dag.py for tasks to queue
[2026-02-17T05:49:28.701+0000] {logging_mixin.py:188} INFO - [2026-02-17T05:49:28.701+0000] {dagbag.py:538} INFO - Filling up the DagBag from /opt/airflow/dags/etl_dag.py
[2026-02-17T05:49:28.747+0000] {logging_mixin.py:188} INFO - Warning: Your Kaggle API key is readable by other users on this system! To fix this, you can run 'chmod 600 /home/airflow/.kaggle/kaggle.json'
[2026-02-17T05:49:28.810+0000] {logging_mixin.py:188} WARNING - /home/airflow/.local/lib/python3.8/site-packages/airflow/models/baseoperator.py:437 AirflowProviderDeprecationWarning: `exists_ok` parameter is deprecated, please use `if_exists`
[2026-02-17T05:49:28.820+0000] {processor.py:840} INFO - DAG(s) 'ecommerce_etl_v2' retrieved from /opt/airflow/dags/etl_dag.py
[2026-02-17T05:49:28.944+0000] {logging_mixin.py:188} INFO - [2026-02-17T05:49:28.944+0000] {dag.py:3036} INFO - Sync 1 DAGs
[2026-02-17T05:49:28.955+0000] {logging_mixin.py:188} INFO - [2026-02-17T05:49:28.955+0000] {dag.py:3823} INFO - Setting next_dagrun for ecommerce_etl_v2 to 2026-02-16 13:00:00+00:00, run_after=2026-02-17 13:00:00+00:00
[2026-02-17T05:49:28.966+0000] {processor.py:183} INFO - Processing /opt/airflow/dags/etl_dag.py took 0.269 seconds
[2026-02-17T05:49:59.031+0000] {processor.py:161} INFO - Started process (PID=55092) to work on /opt/airflow/dags/etl_dag.py
[2026-02-17T05:49:59.032+0000] {processor.py:830} INFO - Processing file /opt/airflow/dags/etl_dag.py for tasks to queue
[2026-02-17T05:49:59.033+0000] {logging_mixin.py:188} INFO - [2026-02-17T05:49:59.033+0000] {dagbag.py:538} INFO - Filling up the DagBag from /opt/airflow/dags/etl_dag.py
[2026-02-17T05:49:59.077+0000] {logging_mixin.py:188} INFO - Warning: Your Kaggle API key is readable by other users on this system! To fix this, you can run 'chmod 600 /home/airflow/.kaggle/kaggle.json'
[2026-02-17T05:49:59.231+0000] {logging_mixin.py:188} WARNING - /home/airflow/.local/lib/python3.8/site-packages/airflow/models/baseoperator.py:437 AirflowProviderDeprecationWarning: `exists_ok` parameter is deprecated, please use `if_exists`
[2026-02-17T05:49:59.240+0000] {processor.py:840} INFO - DAG(s) 'ecommerce_etl_v2' retrieved from /opt/airflow/dags/etl_dag.py
[2026-02-17T05:49:59.256+0000] {logging_mixin.py:188} INFO - [2026-02-17T05:49:59.256+0000] {dag.py:3036} INFO - Sync 1 DAGs
[2026-02-17T05:49:59.265+0000] {logging_mixin.py:188} INFO - [2026-02-17T05:49:59.265+0000] {dag.py:3823} INFO - Setting next_dagrun for ecommerce_etl_v2 to 2026-02-16 13:00:00+00:00, run_after=2026-02-17 13:00:00+00:00
[2026-02-17T05:49:59.273+0000] {processor.py:183} INFO - Processing /opt/airflow/dags/etl_dag.py took 0.246 seconds
[2026-02-17T05:50:29.547+0000] {processor.py:161} INFO - Started process (PID=55123) to work on /opt/airflow/dags/etl_dag.py
[2026-02-17T05:50:29.548+0000] {processor.py:830} INFO - Processing file /opt/airflow/dags/etl_dag.py for tasks to queue
[2026-02-17T05:50:29.549+0000] {logging_mixin.py:188} INFO - [2026-02-17T05:50:29.548+0000] {dagbag.py:538} INFO - Filling up the DagBag from /opt/airflow/dags/etl_dag.py
[2026-02-17T05:50:29.598+0000] {logging_mixin.py:188} INFO - Warning: Your Kaggle API key is readable by other users on this system! To fix this, you can run 'chmod 600 /home/airflow/.kaggle/kaggle.json'
[2026-02-17T05:50:29.657+0000] {logging_mixin.py:188} WARNING - /home/airflow/.local/lib/python3.8/site-packages/airflow/models/baseoperator.py:437 AirflowProviderDeprecationWarning: `exists_ok` parameter is deprecated, please use `if_exists`
[2026-02-17T05:50:29.666+0000] {processor.py:840} INFO - DAG(s) 'ecommerce_etl_v2' retrieved from /opt/airflow/dags/etl_dag.py
[2026-02-17T05:50:29.780+0000] {logging_mixin.py:188} INFO - [2026-02-17T05:50:29.780+0000] {dag.py:3036} INFO - Sync 1 DAGs
[2026-02-17T05:50:29.789+0000] {logging_mixin.py:188} INFO - [2026-02-17T05:50:29.789+0000] {dag.py:3823} INFO - Setting next_dagrun for ecommerce_etl_v2 to 2026-02-16 13:00:00+00:00, run_after=2026-02-17 13:00:00+00:00
[2026-02-17T05:50:29.797+0000] {processor.py:183} INFO - Processing /opt/airflow/dags/etl_dag.py took 0.255 seconds
[2026-02-17T05:50:59.859+0000] {processor.py:161} INFO - Started process (PID=55154) to work on /opt/airflow/dags/etl_dag.py
[2026-02-17T05:50:59.861+0000] {processor.py:830} INFO - Processing file /opt/airflow/dags/etl_dag.py for tasks to queue
[2026-02-17T05:50:59.862+0000] {logging_mixin.py:188} INFO - [2026-02-17T05:50:59.861+0000] {dagbag.py:538} INFO - Filling up the DagBag from /opt/airflow/dags/etl_dag.py
[2026-02-17T05:50:59.906+0000] {logging_mixin.py:188} INFO - Warning: Your Kaggle API key is readable by other users on this system! To fix this, you can run 'chmod 600 /home/airflow/.kaggle/kaggle.json'
[2026-02-17T05:51:00.063+0000] {logging_mixin.py:188} WARNING - /home/airflow/.local/lib/python3.8/site-packages/airflow/models/baseoperator.py:437 AirflowProviderDeprecationWarning: `exists_ok` parameter is deprecated, please use `if_exists`
[2026-02-17T05:51:00.072+0000] {processor.py:840} INFO - DAG(s) 'ecommerce_etl_v2' retrieved from /opt/airflow/dags/etl_dag.py
[2026-02-17T05:51:00.088+0000] {logging_mixin.py:188} INFO - [2026-02-17T05:51:00.088+0000] {dag.py:3036} INFO - Sync 1 DAGs
[2026-02-17T05:51:00.097+0000] {logging_mixin.py:188} INFO - [2026-02-17T05:51:00.097+0000] {dag.py:3823} INFO - Setting next_dagrun for ecommerce_etl_v2 to 2026-02-16 13:00:00+00:00, run_after=2026-02-17 13:00:00+00:00
[2026-02-17T05:51:00.105+0000] {processor.py:183} INFO - Processing /opt/airflow/dags/etl_dag.py took 0.250 seconds
[2026-02-17T05:51:30.437+0000] {processor.py:161} INFO - Started process (PID=55185) to work on /opt/airflow/dags/etl_dag.py
[2026-02-17T05:51:30.438+0000] {processor.py:830} INFO - Processing file /opt/airflow/dags/etl_dag.py for tasks to queue
[2026-02-17T05:51:30.439+0000] {logging_mixin.py:188} INFO - [2026-02-17T05:51:30.438+0000] {dagbag.py:538} INFO - Filling up the DagBag from /opt/airflow/dags/etl_dag.py
[2026-02-17T05:51:30.484+0000] {logging_mixin.py:188} INFO - Warning: Your Kaggle API key is readable by other users on this system! To fix this, you can run 'chmod 600 /home/airflow/.kaggle/kaggle.json'
[2026-02-17T05:51:30.543+0000] {logging_mixin.py:188} WARNING - /home/airflow/.local/lib/python3.8/site-packages/airflow/models/baseoperator.py:437 AirflowProviderDeprecationWarning: `exists_ok` parameter is deprecated, please use `if_exists`
[2026-02-17T05:51:30.552+0000] {processor.py:840} INFO - DAG(s) 'ecommerce_etl_v2' retrieved from /opt/airflow/dags/etl_dag.py
[2026-02-17T05:51:30.570+0000] {logging_mixin.py:188} INFO - [2026-02-17T05:51:30.570+0000] {dag.py:3036} INFO - Sync 1 DAGs
[2026-02-17T05:51:30.674+0000] {logging_mixin.py:188} INFO - [2026-02-17T05:51:30.673+0000] {dag.py:3823} INFO - Setting next_dagrun for ecommerce_etl_v2 to 2026-02-16 13:00:00+00:00, run_after=2026-02-17 13:00:00+00:00
[2026-02-17T05:51:30.682+0000] {processor.py:183} INFO - Processing /opt/airflow/dags/etl_dag.py took 0.249 seconds
[2026-02-17T05:52:00.811+0000] {processor.py:161} INFO - Started process (PID=55216) to work on /opt/airflow/dags/etl_dag.py
[2026-02-17T05:52:00.812+0000] {processor.py:830} INFO - Processing file /opt/airflow/dags/etl_dag.py for tasks to queue
[2026-02-17T05:52:00.813+0000] {logging_mixin.py:188} INFO - [2026-02-17T05:52:00.813+0000] {dagbag.py:538} INFO - Filling up the DagBag from /opt/airflow/dags/etl_dag.py
[2026-02-17T05:52:00.859+0000] {logging_mixin.py:188} INFO - Warning: Your Kaggle API key is readable by other users on this system! To fix this, you can run 'chmod 600 /home/airflow/.kaggle/kaggle.json'
[2026-02-17T05:52:01.017+0000] {logging_mixin.py:188} WARNING - /home/airflow/.local/lib/python3.8/site-packages/airflow/models/baseoperator.py:437 AirflowProviderDeprecationWarning: `exists_ok` parameter is deprecated, please use `if_exists`
[2026-02-17T05:52:01.025+0000] {processor.py:840} INFO - DAG(s) 'ecommerce_etl_v2' retrieved from /opt/airflow/dags/etl_dag.py
[2026-02-17T05:52:01.042+0000] {logging_mixin.py:188} INFO - [2026-02-17T05:52:01.041+0000] {dag.py:3036} INFO - Sync 1 DAGs
[2026-02-17T05:52:01.051+0000] {logging_mixin.py:188} INFO - [2026-02-17T05:52:01.051+0000] {dag.py:3823} INFO - Setting next_dagrun for ecommerce_etl_v2 to 2026-02-16 13:00:00+00:00, run_after=2026-02-17 13:00:00+00:00
[2026-02-17T05:52:01.058+0000] {processor.py:183} INFO - Processing /opt/airflow/dags/etl_dag.py took 0.252 seconds
[2026-02-17T05:52:31.301+0000] {processor.py:161} INFO - Started process (PID=55247) to work on /opt/airflow/dags/etl_dag.py
[2026-02-17T05:52:31.302+0000] {processor.py:830} INFO - Processing file /opt/airflow/dags/etl_dag.py for tasks to queue
[2026-02-17T05:52:31.302+0000] {logging_mixin.py:188} INFO - [2026-02-17T05:52:31.302+0000] {dagbag.py:538} INFO - Filling up the DagBag from /opt/airflow/dags/etl_dag.py
[2026-02-17T05:52:31.345+0000] {logging_mixin.py:188} INFO - Warning: Your Kaggle API key is readable by other users on this system! To fix this, you can run 'chmod 600 /home/airflow/.kaggle/kaggle.json'
[2026-02-17T05:52:31.404+0000] {logging_mixin.py:188} WARNING - /home/airflow/.local/lib/python3.8/site-packages/airflow/models/baseoperator.py:437 AirflowProviderDeprecationWarning: `exists_ok` parameter is deprecated, please use `if_exists`
[2026-02-17T05:52:31.414+0000] {processor.py:840} INFO - DAG(s) 'ecommerce_etl_v2' retrieved from /opt/airflow/dags/etl_dag.py
[2026-02-17T05:52:31.432+0000] {logging_mixin.py:188} INFO - [2026-02-17T05:52:31.432+0000] {dag.py:3036} INFO - Sync 1 DAGs
[2026-02-17T05:52:31.537+0000] {logging_mixin.py:188} INFO - [2026-02-17T05:52:31.536+0000] {dag.py:3823} INFO - Setting next_dagrun for ecommerce_etl_v2 to 2026-02-16 13:00:00+00:00, run_after=2026-02-17 13:00:00+00:00
[2026-02-17T05:52:31.544+0000] {processor.py:183} INFO - Processing /opt/airflow/dags/etl_dag.py took 0.247 seconds
[2026-02-17T05:53:01.583+0000] {processor.py:161} INFO - Started process (PID=55278) to work on /opt/airflow/dags/etl_dag.py
[2026-02-17T05:53:01.584+0000] {processor.py:830} INFO - Processing file /opt/airflow/dags/etl_dag.py for tasks to queue
[2026-02-17T05:53:01.584+0000] {logging_mixin.py:188} INFO - [2026-02-17T05:53:01.584+0000] {dagbag.py:538} INFO - Filling up the DagBag from /opt/airflow/dags/etl_dag.py
[2026-02-17T05:53:01.626+0000] {logging_mixin.py:188} INFO - Warning: Your Kaggle API key is readable by other users on this system! To fix this, you can run 'chmod 600 /home/airflow/.kaggle/kaggle.json'
[2026-02-17T05:53:01.784+0000] {logging_mixin.py:188} WARNING - /home/airflow/.local/lib/python3.8/site-packages/airflow/models/baseoperator.py:437 AirflowProviderDeprecationWarning: `exists_ok` parameter is deprecated, please use `if_exists`
[2026-02-17T05:53:01.792+0000] {processor.py:840} INFO - DAG(s) 'ecommerce_etl_v2' retrieved from /opt/airflow/dags/etl_dag.py
[2026-02-17T05:53:01.808+0000] {logging_mixin.py:188} INFO - [2026-02-17T05:53:01.808+0000] {dag.py:3036} INFO - Sync 1 DAGs
[2026-02-17T05:53:01.817+0000] {logging_mixin.py:188} INFO - [2026-02-17T05:53:01.817+0000] {dag.py:3823} INFO - Setting next_dagrun for ecommerce_etl_v2 to 2026-02-16 13:00:00+00:00, run_after=2026-02-17 13:00:00+00:00
[2026-02-17T05:53:01.825+0000] {processor.py:183} INFO - Processing /opt/airflow/dags/etl_dag.py took 0.246 seconds
[2026-02-17T05:53:32.100+0000] {processor.py:161} INFO - Started process (PID=55309) to work on /opt/airflow/dags/etl_dag.py
[2026-02-17T05:53:32.101+0000] {processor.py:830} INFO - Processing file /opt/airflow/dags/etl_dag.py for tasks to queue
[2026-02-17T05:53:32.102+0000] {logging_mixin.py:188} INFO - [2026-02-17T05:53:32.102+0000] {dagbag.py:538} INFO - Filling up the DagBag from /opt/airflow/dags/etl_dag.py
[2026-02-17T05:53:32.148+0000] {logging_mixin.py:188} INFO - Warning: Your Kaggle API key is readable by other users on this system! To fix this, you can run 'chmod 600 /home/airflow/.kaggle/kaggle.json'
[2026-02-17T05:53:32.306+0000] {logging_mixin.py:188} WARNING - /home/airflow/.local/lib/python3.8/site-packages/airflow/models/baseoperator.py:437 AirflowProviderDeprecationWarning: `exists_ok` parameter is deprecated, please use `if_exists`
[2026-02-17T05:53:32.314+0000] {processor.py:840} INFO - DAG(s) 'ecommerce_etl_v2' retrieved from /opt/airflow/dags/etl_dag.py
[2026-02-17T05:53:32.330+0000] {logging_mixin.py:188} INFO - [2026-02-17T05:53:32.330+0000] {dag.py:3036} INFO - Sync 1 DAGs
[2026-02-17T05:53:32.340+0000] {logging_mixin.py:188} INFO - [2026-02-17T05:53:32.340+0000] {dag.py:3823} INFO - Setting next_dagrun for ecommerce_etl_v2 to 2026-02-16 13:00:00+00:00, run_after=2026-02-17 13:00:00+00:00
[2026-02-17T05:53:32.347+0000] {processor.py:183} INFO - Processing /opt/airflow/dags/etl_dag.py took 0.251 seconds
[2026-02-17T05:54:02.408+0000] {processor.py:161} INFO - Started process (PID=55340) to work on /opt/airflow/dags/etl_dag.py
[2026-02-17T05:54:02.409+0000] {processor.py:830} INFO - Processing file /opt/airflow/dags/etl_dag.py for tasks to queue
[2026-02-17T05:54:02.410+0000] {logging_mixin.py:188} INFO - [2026-02-17T05:54:02.410+0000] {dagbag.py:538} INFO - Filling up the DagBag from /opt/airflow/dags/etl_dag.py
[2026-02-17T05:54:02.455+0000] {logging_mixin.py:188} INFO - Warning: Your Kaggle API key is readable by other users on this system! To fix this, you can run 'chmod 600 /home/airflow/.kaggle/kaggle.json'
[2026-02-17T05:54:02.610+0000] {logging_mixin.py:188} WARNING - /home/airflow/.local/lib/python3.8/site-packages/airflow/models/baseoperator.py:437 AirflowProviderDeprecationWarning: `exists_ok` parameter is deprecated, please use `if_exists`
[2026-02-17T05:54:02.619+0000] {processor.py:840} INFO - DAG(s) 'ecommerce_etl_v2' retrieved from /opt/airflow/dags/etl_dag.py
[2026-02-17T05:54:02.635+0000] {logging_mixin.py:188} INFO - [2026-02-17T05:54:02.635+0000] {dag.py:3036} INFO - Sync 1 DAGs
[2026-02-17T05:54:02.644+0000] {logging_mixin.py:188} INFO - [2026-02-17T05:54:02.644+0000] {dag.py:3823} INFO - Setting next_dagrun for ecommerce_etl_v2 to 2026-02-16 13:00:00+00:00, run_after=2026-02-17 13:00:00+00:00
[2026-02-17T05:54:02.652+0000] {processor.py:183} INFO - Processing /opt/airflow/dags/etl_dag.py took 0.249 seconds
[2026-02-17T05:54:32.907+0000] {processor.py:161} INFO - Started process (PID=55371) to work on /opt/airflow/dags/etl_dag.py
[2026-02-17T05:54:32.909+0000] {processor.py:830} INFO - Processing file /opt/airflow/dags/etl_dag.py for tasks to queue
[2026-02-17T05:54:32.909+0000] {logging_mixin.py:188} INFO - [2026-02-17T05:54:32.909+0000] {dagbag.py:538} INFO - Filling up the DagBag from /opt/airflow/dags/etl_dag.py
[2026-02-17T05:54:32.956+0000] {logging_mixin.py:188} INFO - Warning: Your Kaggle API key is readable by other users on this system! To fix this, you can run 'chmod 600 /home/airflow/.kaggle/kaggle.json'
[2026-02-17T05:54:33.111+0000] {logging_mixin.py:188} WARNING - /home/airflow/.local/lib/python3.8/site-packages/airflow/models/baseoperator.py:437 AirflowProviderDeprecationWarning: `exists_ok` parameter is deprecated, please use `if_exists`
[2026-02-17T05:54:33.120+0000] {processor.py:840} INFO - DAG(s) 'ecommerce_etl_v2' retrieved from /opt/airflow/dags/etl_dag.py
[2026-02-17T05:54:33.136+0000] {logging_mixin.py:188} INFO - [2026-02-17T05:54:33.136+0000] {dag.py:3036} INFO - Sync 1 DAGs
[2026-02-17T05:54:33.145+0000] {logging_mixin.py:188} INFO - [2026-02-17T05:54:33.145+0000] {dag.py:3823} INFO - Setting next_dagrun for ecommerce_etl_v2 to 2026-02-16 13:00:00+00:00, run_after=2026-02-17 13:00:00+00:00
[2026-02-17T05:54:33.154+0000] {processor.py:183} INFO - Processing /opt/airflow/dags/etl_dag.py took 0.250 seconds
[2026-02-17T05:55:03.242+0000] {processor.py:161} INFO - Started process (PID=55402) to work on /opt/airflow/dags/etl_dag.py
[2026-02-17T05:55:03.243+0000] {processor.py:830} INFO - Processing file /opt/airflow/dags/etl_dag.py for tasks to queue
[2026-02-17T05:55:03.243+0000] {logging_mixin.py:188} INFO - [2026-02-17T05:55:03.243+0000] {dagbag.py:538} INFO - Filling up the DagBag from /opt/airflow/dags/etl_dag.py
[2026-02-17T05:55:03.285+0000] {logging_mixin.py:188} INFO - Warning: Your Kaggle API key is readable by other users on this system! To fix this, you can run 'chmod 600 /home/airflow/.kaggle/kaggle.json'
[2026-02-17T05:55:03.440+0000] {logging_mixin.py:188} WARNING - /home/airflow/.local/lib/python3.8/site-packages/airflow/models/baseoperator.py:437 AirflowProviderDeprecationWarning: `exists_ok` parameter is deprecated, please use `if_exists`
[2026-02-17T05:55:03.450+0000] {processor.py:840} INFO - DAG(s) 'ecommerce_etl_v2' retrieved from /opt/airflow/dags/etl_dag.py
[2026-02-17T05:55:03.466+0000] {logging_mixin.py:188} INFO - [2026-02-17T05:55:03.466+0000] {dag.py:3036} INFO - Sync 1 DAGs
[2026-02-17T05:55:03.475+0000] {logging_mixin.py:188} INFO - [2026-02-17T05:55:03.475+0000] {dag.py:3823} INFO - Setting next_dagrun for ecommerce_etl_v2 to 2026-02-16 13:00:00+00:00, run_after=2026-02-17 13:00:00+00:00
[2026-02-17T05:55:03.483+0000] {processor.py:183} INFO - Processing /opt/airflow/dags/etl_dag.py took 0.243 seconds
[2026-02-17T05:55:33.716+0000] {processor.py:161} INFO - Started process (PID=55433) to work on /opt/airflow/dags/etl_dag.py
[2026-02-17T05:55:33.716+0000] {processor.py:830} INFO - Processing file /opt/airflow/dags/etl_dag.py for tasks to queue
[2026-02-17T05:55:33.717+0000] {logging_mixin.py:188} INFO - [2026-02-17T05:55:33.717+0000] {dagbag.py:538} INFO - Filling up the DagBag from /opt/airflow/dags/etl_dag.py
[2026-02-17T05:55:33.756+0000] {logging_mixin.py:188} INFO - Warning: Your Kaggle API key is readable by other users on this system! To fix this, you can run 'chmod 600 /home/airflow/.kaggle/kaggle.json'
[2026-02-17T05:55:33.915+0000] {logging_mixin.py:188} WARNING - /home/airflow/.local/lib/python3.8/site-packages/airflow/models/baseoperator.py:437 AirflowProviderDeprecationWarning: `exists_ok` parameter is deprecated, please use `if_exists`
[2026-02-17T05:55:33.924+0000] {processor.py:840} INFO - DAG(s) 'ecommerce_etl_v2' retrieved from /opt/airflow/dags/etl_dag.py
[2026-02-17T05:55:33.940+0000] {logging_mixin.py:188} INFO - [2026-02-17T05:55:33.940+0000] {dag.py:3036} INFO - Sync 1 DAGs
[2026-02-17T05:55:33.950+0000] {logging_mixin.py:188} INFO - [2026-02-17T05:55:33.950+0000] {dag.py:3823} INFO - Setting next_dagrun for ecommerce_etl_v2 to 2026-02-16 13:00:00+00:00, run_after=2026-02-17 13:00:00+00:00
[2026-02-17T05:55:33.957+0000] {processor.py:183} INFO - Processing /opt/airflow/dags/etl_dag.py took 0.244 seconds
[2026-02-17T05:56:04.015+0000] {processor.py:161} INFO - Started process (PID=55464) to work on /opt/airflow/dags/etl_dag.py
[2026-02-17T05:56:04.016+0000] {processor.py:830} INFO - Processing file /opt/airflow/dags/etl_dag.py for tasks to queue
[2026-02-17T05:56:04.017+0000] {logging_mixin.py:188} INFO - [2026-02-17T05:56:04.017+0000] {dagbag.py:538} INFO - Filling up the DagBag from /opt/airflow/dags/etl_dag.py
[2026-02-17T05:56:04.059+0000] {logging_mixin.py:188} INFO - Warning: Your Kaggle API key is readable by other users on this system! To fix this, you can run 'chmod 600 /home/airflow/.kaggle/kaggle.json'
[2026-02-17T05:56:04.223+0000] {logging_mixin.py:188} WARNING - /home/airflow/.local/lib/python3.8/site-packages/airflow/models/baseoperator.py:437 AirflowProviderDeprecationWarning: `exists_ok` parameter is deprecated, please use `if_exists`
[2026-02-17T05:56:04.232+0000] {processor.py:840} INFO - DAG(s) 'ecommerce_etl_v2' retrieved from /opt/airflow/dags/etl_dag.py
[2026-02-17T05:56:04.248+0000] {logging_mixin.py:188} INFO - [2026-02-17T05:56:04.248+0000] {dag.py:3036} INFO - Sync 1 DAGs
[2026-02-17T05:56:04.257+0000] {logging_mixin.py:188} INFO - [2026-02-17T05:56:04.257+0000] {dag.py:3823} INFO - Setting next_dagrun for ecommerce_etl_v2 to 2026-02-16 13:00:00+00:00, run_after=2026-02-17 13:00:00+00:00
[2026-02-17T05:56:04.265+0000] {processor.py:183} INFO - Processing /opt/airflow/dags/etl_dag.py took 0.254 seconds
[2026-02-17T05:56:34.535+0000] {processor.py:161} INFO - Started process (PID=55495) to work on /opt/airflow/dags/etl_dag.py
[2026-02-17T05:56:34.535+0000] {processor.py:830} INFO - Processing file /opt/airflow/dags/etl_dag.py for tasks to queue
[2026-02-17T05:56:34.536+0000] {logging_mixin.py:188} INFO - [2026-02-17T05:56:34.536+0000] {dagbag.py:538} INFO - Filling up the DagBag from /opt/airflow/dags/etl_dag.py
[2026-02-17T05:56:34.573+0000] {logging_mixin.py:188} INFO - Warning: Your Kaggle API key is readable by other users on this system! To fix this, you can run 'chmod 600 /home/airflow/.kaggle/kaggle.json'
[2026-02-17T05:56:34.728+0000] {logging_mixin.py:188} WARNING - /home/airflow/.local/lib/python3.8/site-packages/airflow/models/baseoperator.py:437 AirflowProviderDeprecationWarning: `exists_ok` parameter is deprecated, please use `if_exists`
[2026-02-17T05:56:34.737+0000] {processor.py:840} INFO - DAG(s) 'ecommerce_etl_v2' retrieved from /opt/airflow/dags/etl_dag.py
[2026-02-17T05:56:34.753+0000] {logging_mixin.py:188} INFO - [2026-02-17T05:56:34.753+0000] {dag.py:3036} INFO - Sync 1 DAGs
[2026-02-17T05:56:34.762+0000] {logging_mixin.py:188} INFO - [2026-02-17T05:56:34.762+0000] {dag.py:3823} INFO - Setting next_dagrun for ecommerce_etl_v2 to 2026-02-16 13:00:00+00:00, run_after=2026-02-17 13:00:00+00:00
[2026-02-17T05:56:34.770+0000] {processor.py:183} INFO - Processing /opt/airflow/dags/etl_dag.py took 0.237 seconds
[2026-02-17T05:57:04.994+0000] {processor.py:161} INFO - Started process (PID=55526) to work on /opt/airflow/dags/etl_dag.py
[2026-02-17T05:57:04.995+0000] {processor.py:830} INFO - Processing file /opt/airflow/dags/etl_dag.py for tasks to queue
[2026-02-17T05:57:04.995+0000] {logging_mixin.py:188} INFO - [2026-02-17T05:57:04.995+0000] {dagbag.py:538} INFO - Filling up the DagBag from /opt/airflow/dags/etl_dag.py
[2026-02-17T05:57:05.032+0000] {logging_mixin.py:188} INFO - Warning: Your Kaggle API key is readable by other users on this system! To fix this, you can run 'chmod 600 /home/airflow/.kaggle/kaggle.json'
[2026-02-17T05:57:05.189+0000] {logging_mixin.py:188} WARNING - /home/airflow/.local/lib/python3.8/site-packages/airflow/models/baseoperator.py:437 AirflowProviderDeprecationWarning: `exists_ok` parameter is deprecated, please use `if_exists`
[2026-02-17T05:57:05.197+0000] {processor.py:840} INFO - DAG(s) 'ecommerce_etl_v2' retrieved from /opt/airflow/dags/etl_dag.py
[2026-02-17T05:57:05.214+0000] {logging_mixin.py:188} INFO - [2026-02-17T05:57:05.214+0000] {dag.py:3036} INFO - Sync 1 DAGs
[2026-02-17T05:57:05.225+0000] {logging_mixin.py:188} INFO - [2026-02-17T05:57:05.225+0000] {dag.py:3823} INFO - Setting next_dagrun for ecommerce_etl_v2 to 2026-02-16 13:00:00+00:00, run_after=2026-02-17 13:00:00+00:00
[2026-02-17T05:57:05.232+0000] {processor.py:183} INFO - Processing /opt/airflow/dags/etl_dag.py took 0.240 seconds
[2026-02-17T05:57:35.339+0000] {processor.py:161} INFO - Started process (PID=55557) to work on /opt/airflow/dags/etl_dag.py
[2026-02-17T05:57:35.340+0000] {processor.py:830} INFO - Processing file /opt/airflow/dags/etl_dag.py for tasks to queue
[2026-02-17T05:57:35.341+0000] {logging_mixin.py:188} INFO - [2026-02-17T05:57:35.340+0000] {dagbag.py:538} INFO - Filling up the DagBag from /opt/airflow/dags/etl_dag.py
[2026-02-17T05:57:35.388+0000] {logging_mixin.py:188} INFO - Warning: Your Kaggle API key is readable by other users on this system! To fix this, you can run 'chmod 600 /home/airflow/.kaggle/kaggle.json'
[2026-02-17T05:57:35.549+0000] {logging_mixin.py:188} WARNING - /home/airflow/.local/lib/python3.8/site-packages/airflow/models/baseoperator.py:437 AirflowProviderDeprecationWarning: `exists_ok` parameter is deprecated, please use `if_exists`
[2026-02-17T05:57:35.561+0000] {processor.py:840} INFO - DAG(s) 'ecommerce_etl_v2' retrieved from /opt/airflow/dags/etl_dag.py
[2026-02-17T05:57:35.578+0000] {logging_mixin.py:188} INFO - [2026-02-17T05:57:35.578+0000] {dag.py:3036} INFO - Sync 1 DAGs
[2026-02-17T05:57:35.588+0000] {logging_mixin.py:188} INFO - [2026-02-17T05:57:35.588+0000] {dag.py:3823} INFO - Setting next_dagrun for ecommerce_etl_v2 to 2026-02-16 13:00:00+00:00, run_after=2026-02-17 13:00:00+00:00
[2026-02-17T05:57:35.595+0000] {processor.py:183} INFO - Processing /opt/airflow/dags/etl_dag.py took 0.261 seconds
[2026-02-17T05:58:05.749+0000] {processor.py:161} INFO - Started process (PID=55588) to work on /opt/airflow/dags/etl_dag.py
[2026-02-17T05:58:05.749+0000] {processor.py:830} INFO - Processing file /opt/airflow/dags/etl_dag.py for tasks to queue
[2026-02-17T05:58:05.750+0000] {logging_mixin.py:188} INFO - [2026-02-17T05:58:05.750+0000] {dagbag.py:538} INFO - Filling up the DagBag from /opt/airflow/dags/etl_dag.py
[2026-02-17T05:58:05.797+0000] {logging_mixin.py:188} INFO - Warning: Your Kaggle API key is readable by other users on this system! To fix this, you can run 'chmod 600 /home/airflow/.kaggle/kaggle.json'
[2026-02-17T05:58:05.870+0000] {logging_mixin.py:188} WARNING - /home/airflow/.local/lib/python3.8/site-packages/airflow/models/baseoperator.py:437 AirflowProviderDeprecationWarning: `exists_ok` parameter is deprecated, please use `if_exists`
[2026-02-17T05:58:05.982+0000] {processor.py:840} INFO - DAG(s) 'ecommerce_etl_v2' retrieved from /opt/airflow/dags/etl_dag.py
[2026-02-17T05:58:06.000+0000] {logging_mixin.py:188} INFO - [2026-02-17T05:58:06.000+0000] {dag.py:3036} INFO - Sync 1 DAGs
[2026-02-17T05:58:06.010+0000] {logging_mixin.py:188} INFO - [2026-02-17T05:58:06.010+0000] {dag.py:3823} INFO - Setting next_dagrun for ecommerce_etl_v2 to 2026-02-16 13:00:00+00:00, run_after=2026-02-17 13:00:00+00:00
[2026-02-17T05:58:06.020+0000] {processor.py:183} INFO - Processing /opt/airflow/dags/etl_dag.py took 0.273 seconds
[2026-02-17T05:58:36.199+0000] {processor.py:161} INFO - Started process (PID=55619) to work on /opt/airflow/dags/etl_dag.py
[2026-02-17T05:58:36.200+0000] {processor.py:830} INFO - Processing file /opt/airflow/dags/etl_dag.py for tasks to queue
[2026-02-17T05:58:36.201+0000] {logging_mixin.py:188} INFO - [2026-02-17T05:58:36.200+0000] {dagbag.py:538} INFO - Filling up the DagBag from /opt/airflow/dags/etl_dag.py
[2026-02-17T05:58:36.245+0000] {logging_mixin.py:188} INFO - Warning: Your Kaggle API key is readable by other users on this system! To fix this, you can run 'chmod 600 /home/airflow/.kaggle/kaggle.json'
[2026-02-17T05:58:36.403+0000] {logging_mixin.py:188} WARNING - /home/airflow/.local/lib/python3.8/site-packages/airflow/models/baseoperator.py:437 AirflowProviderDeprecationWarning: `exists_ok` parameter is deprecated, please use `if_exists`
[2026-02-17T05:58:36.412+0000] {processor.py:840} INFO - DAG(s) 'ecommerce_etl_v2' retrieved from /opt/airflow/dags/etl_dag.py
[2026-02-17T05:58:36.428+0000] {logging_mixin.py:188} INFO - [2026-02-17T05:58:36.428+0000] {dag.py:3036} INFO - Sync 1 DAGs
[2026-02-17T05:58:36.438+0000] {logging_mixin.py:188} INFO - [2026-02-17T05:58:36.438+0000] {dag.py:3823} INFO - Setting next_dagrun for ecommerce_etl_v2 to 2026-02-16 13:00:00+00:00, run_after=2026-02-17 13:00:00+00:00
[2026-02-17T05:58:36.446+0000] {processor.py:183} INFO - Processing /opt/airflow/dags/etl_dag.py took 0.250 seconds
[2026-02-17T05:59:06.520+0000] {processor.py:161} INFO - Started process (PID=55650) to work on /opt/airflow/dags/etl_dag.py
[2026-02-17T05:59:06.521+0000] {processor.py:830} INFO - Processing file /opt/airflow/dags/etl_dag.py for tasks to queue
[2026-02-17T05:59:06.522+0000] {logging_mixin.py:188} INFO - [2026-02-17T05:59:06.522+0000] {dagbag.py:538} INFO - Filling up the DagBag from /opt/airflow/dags/etl_dag.py
[2026-02-17T05:59:06.574+0000] {logging_mixin.py:188} INFO - Warning: Your Kaggle API key is readable by other users on this system! To fix this, you can run 'chmod 600 /home/airflow/.kaggle/kaggle.json'
[2026-02-17T05:59:06.770+0000] {logging_mixin.py:188} WARNING - /home/airflow/.local/lib/python3.8/site-packages/airflow/models/baseoperator.py:437 AirflowProviderDeprecationWarning: `exists_ok` parameter is deprecated, please use `if_exists`
[2026-02-17T05:59:06.780+0000] {processor.py:840} INFO - DAG(s) 'ecommerce_etl_v2' retrieved from /opt/airflow/dags/etl_dag.py
[2026-02-17T05:59:06.800+0000] {logging_mixin.py:188} INFO - [2026-02-17T05:59:06.800+0000] {dag.py:3036} INFO - Sync 1 DAGs
[2026-02-17T05:59:06.811+0000] {logging_mixin.py:188} INFO - [2026-02-17T05:59:06.811+0000] {dag.py:3823} INFO - Setting next_dagrun for ecommerce_etl_v2 to 2026-02-16 13:00:00+00:00, run_after=2026-02-17 13:00:00+00:00
[2026-02-17T05:59:06.820+0000] {processor.py:183} INFO - Processing /opt/airflow/dags/etl_dag.py took 0.305 seconds
[2026-02-17T05:59:37.049+0000] {processor.py:161} INFO - Started process (PID=55681) to work on /opt/airflow/dags/etl_dag.py
[2026-02-17T05:59:37.050+0000] {processor.py:830} INFO - Processing file /opt/airflow/dags/etl_dag.py for tasks to queue
[2026-02-17T05:59:37.050+0000] {logging_mixin.py:188} INFO - [2026-02-17T05:59:37.050+0000] {dagbag.py:538} INFO - Filling up the DagBag from /opt/airflow/dags/etl_dag.py
[2026-02-17T05:59:37.087+0000] {logging_mixin.py:188} INFO - Warning: Your Kaggle API key is readable by other users on this system! To fix this, you can run 'chmod 600 /home/airflow/.kaggle/kaggle.json'
[2026-02-17T05:59:37.245+0000] {logging_mixin.py:188} WARNING - /home/airflow/.local/lib/python3.8/site-packages/airflow/models/baseoperator.py:437 AirflowProviderDeprecationWarning: `exists_ok` parameter is deprecated, please use `if_exists`
[2026-02-17T05:59:37.254+0000] {processor.py:840} INFO - DAG(s) 'ecommerce_etl_v2' retrieved from /opt/airflow/dags/etl_dag.py
[2026-02-17T05:59:37.271+0000] {logging_mixin.py:188} INFO - [2026-02-17T05:59:37.271+0000] {dag.py:3036} INFO - Sync 1 DAGs
[2026-02-17T05:59:37.280+0000] {logging_mixin.py:188} INFO - [2026-02-17T05:59:37.280+0000] {dag.py:3823} INFO - Setting next_dagrun for ecommerce_etl_v2 to 2026-02-16 13:00:00+00:00, run_after=2026-02-17 13:00:00+00:00
[2026-02-17T05:59:37.288+0000] {processor.py:183} INFO - Processing /opt/airflow/dags/etl_dag.py took 0.241 seconds
[2026-02-17T06:00:07.424+0000] {processor.py:161} INFO - Started process (PID=55712) to work on /opt/airflow/dags/etl_dag.py
[2026-02-17T06:00:07.425+0000] {processor.py:830} INFO - Processing file /opt/airflow/dags/etl_dag.py for tasks to queue
[2026-02-17T06:00:07.426+0000] {logging_mixin.py:188} INFO - [2026-02-17T06:00:07.426+0000] {dagbag.py:538} INFO - Filling up the DagBag from /opt/airflow/dags/etl_dag.py
[2026-02-17T06:00:07.467+0000] {logging_mixin.py:188} INFO - Warning: Your Kaggle API key is readable by other users on this system! To fix this, you can run 'chmod 600 /home/airflow/.kaggle/kaggle.json'
[2026-02-17T06:00:07.625+0000] {logging_mixin.py:188} WARNING - /home/airflow/.local/lib/python3.8/site-packages/airflow/models/baseoperator.py:437 AirflowProviderDeprecationWarning: `exists_ok` parameter is deprecated, please use `if_exists`
[2026-02-17T06:00:07.635+0000] {processor.py:840} INFO - DAG(s) 'ecommerce_etl_v2' retrieved from /opt/airflow/dags/etl_dag.py
[2026-02-17T06:00:07.652+0000] {logging_mixin.py:188} INFO - [2026-02-17T06:00:07.652+0000] {dag.py:3036} INFO - Sync 1 DAGs
[2026-02-17T06:00:07.661+0000] {logging_mixin.py:188} INFO - [2026-02-17T06:00:07.661+0000] {dag.py:3823} INFO - Setting next_dagrun for ecommerce_etl_v2 to 2026-02-16 13:00:00+00:00, run_after=2026-02-17 13:00:00+00:00
[2026-02-17T06:00:07.668+0000] {processor.py:183} INFO - Processing /opt/airflow/dags/etl_dag.py took 0.246 seconds
[2026-02-17T06:00:37.902+0000] {processor.py:161} INFO - Started process (PID=55743) to work on /opt/airflow/dags/etl_dag.py
[2026-02-17T06:00:37.903+0000] {processor.py:830} INFO - Processing file /opt/airflow/dags/etl_dag.py for tasks to queue
[2026-02-17T06:00:37.904+0000] {logging_mixin.py:188} INFO - [2026-02-17T06:00:37.903+0000] {dagbag.py:538} INFO - Filling up the DagBag from /opt/airflow/dags/etl_dag.py
[2026-02-17T06:00:37.944+0000] {logging_mixin.py:188} INFO - Warning: Your Kaggle API key is readable by other users on this system! To fix this, you can run 'chmod 600 /home/airflow/.kaggle/kaggle.json'
[2026-02-17T06:00:38.101+0000] {logging_mixin.py:188} WARNING - /home/airflow/.local/lib/python3.8/site-packages/airflow/models/baseoperator.py:437 AirflowProviderDeprecationWarning: `exists_ok` parameter is deprecated, please use `if_exists`
[2026-02-17T06:00:38.109+0000] {processor.py:840} INFO - DAG(s) 'ecommerce_etl_v2' retrieved from /opt/airflow/dags/etl_dag.py
[2026-02-17T06:00:38.126+0000] {logging_mixin.py:188} INFO - [2026-02-17T06:00:38.126+0000] {dag.py:3036} INFO - Sync 1 DAGs
[2026-02-17T06:00:38.135+0000] {logging_mixin.py:188} INFO - [2026-02-17T06:00:38.135+0000] {dag.py:3823} INFO - Setting next_dagrun for ecommerce_etl_v2 to 2026-02-16 13:00:00+00:00, run_after=2026-02-17 13:00:00+00:00
[2026-02-17T06:00:38.143+0000] {processor.py:183} INFO - Processing /opt/airflow/dags/etl_dag.py took 0.243 seconds
[2026-02-17T06:01:08.272+0000] {processor.py:161} INFO - Started process (PID=55774) to work on /opt/airflow/dags/etl_dag.py
[2026-02-17T06:01:08.273+0000] {processor.py:830} INFO - Processing file /opt/airflow/dags/etl_dag.py for tasks to queue
[2026-02-17T06:01:08.274+0000] {logging_mixin.py:188} INFO - [2026-02-17T06:01:08.274+0000] {dagbag.py:538} INFO - Filling up the DagBag from /opt/airflow/dags/etl_dag.py
[2026-02-17T06:01:08.319+0000] {logging_mixin.py:188} INFO - Warning: Your Kaggle API key is readable by other users on this system! To fix this, you can run 'chmod 600 /home/airflow/.kaggle/kaggle.json'
[2026-02-17T06:01:08.473+0000] {logging_mixin.py:188} WARNING - /home/airflow/.local/lib/python3.8/site-packages/airflow/models/baseoperator.py:437 AirflowProviderDeprecationWarning: `exists_ok` parameter is deprecated, please use `if_exists`
[2026-02-17T06:01:08.481+0000] {processor.py:840} INFO - DAG(s) 'ecommerce_etl_v2' retrieved from /opt/airflow/dags/etl_dag.py
[2026-02-17T06:01:08.498+0000] {logging_mixin.py:188} INFO - [2026-02-17T06:01:08.498+0000] {dag.py:3036} INFO - Sync 1 DAGs
[2026-02-17T06:01:08.508+0000] {logging_mixin.py:188} INFO - [2026-02-17T06:01:08.508+0000] {dag.py:3823} INFO - Setting next_dagrun for ecommerce_etl_v2 to 2026-02-16 13:00:00+00:00, run_after=2026-02-17 13:00:00+00:00
[2026-02-17T06:01:08.516+0000] {processor.py:183} INFO - Processing /opt/airflow/dags/etl_dag.py took 0.249 seconds
[2026-02-17T06:01:38.708+0000] {processor.py:161} INFO - Started process (PID=55805) to work on /opt/airflow/dags/etl_dag.py
[2026-02-17T06:01:38.709+0000] {processor.py:830} INFO - Processing file /opt/airflow/dags/etl_dag.py for tasks to queue
[2026-02-17T06:01:38.710+0000] {logging_mixin.py:188} INFO - [2026-02-17T06:01:38.710+0000] {dagbag.py:538} INFO - Filling up the DagBag from /opt/airflow/dags/etl_dag.py
[2026-02-17T06:01:38.756+0000] {logging_mixin.py:188} INFO - Warning: Your Kaggle API key is readable by other users on this system! To fix this, you can run 'chmod 600 /home/airflow/.kaggle/kaggle.json'
[2026-02-17T06:01:38.916+0000] {logging_mixin.py:188} WARNING - /home/airflow/.local/lib/python3.8/site-packages/airflow/models/baseoperator.py:437 AirflowProviderDeprecationWarning: `exists_ok` parameter is deprecated, please use `if_exists`
[2026-02-17T06:01:38.924+0000] {processor.py:840} INFO - DAG(s) 'ecommerce_etl_v2' retrieved from /opt/airflow/dags/etl_dag.py
[2026-02-17T06:01:38.940+0000] {logging_mixin.py:188} INFO - [2026-02-17T06:01:38.940+0000] {dag.py:3036} INFO - Sync 1 DAGs
[2026-02-17T06:01:38.949+0000] {logging_mixin.py:188} INFO - [2026-02-17T06:01:38.949+0000] {dag.py:3823} INFO - Setting next_dagrun for ecommerce_etl_v2 to 2026-02-16 13:00:00+00:00, run_after=2026-02-17 13:00:00+00:00
[2026-02-17T06:01:38.957+0000] {processor.py:183} INFO - Processing /opt/airflow/dags/etl_dag.py took 0.254 seconds
[2026-02-17T06:02:09.129+0000] {processor.py:161} INFO - Started process (PID=55836) to work on /opt/airflow/dags/etl_dag.py
[2026-02-17T06:02:09.131+0000] {processor.py:830} INFO - Processing file /opt/airflow/dags/etl_dag.py for tasks to queue
[2026-02-17T06:02:09.133+0000] {logging_mixin.py:188} INFO - [2026-02-17T06:02:09.132+0000] {dagbag.py:538} INFO - Filling up the DagBag from /opt/airflow/dags/etl_dag.py
[2026-02-17T06:02:09.186+0000] {logging_mixin.py:188} INFO - Warning: Your Kaggle API key is readable by other users on this system! To fix this, you can run 'chmod 600 /home/airflow/.kaggle/kaggle.json'
[2026-02-17T06:02:09.363+0000] {logging_mixin.py:188} WARNING - /home/airflow/.local/lib/python3.8/site-packages/airflow/models/baseoperator.py:437 AirflowProviderDeprecationWarning: `exists_ok` parameter is deprecated, please use `if_exists`
[2026-02-17T06:02:09.373+0000] {processor.py:840} INFO - DAG(s) 'ecommerce_etl_v2' retrieved from /opt/airflow/dags/etl_dag.py
[2026-02-17T06:02:09.393+0000] {logging_mixin.py:188} INFO - [2026-02-17T06:02:09.393+0000] {dag.py:3036} INFO - Sync 1 DAGs
[2026-02-17T06:02:09.405+0000] {logging_mixin.py:188} INFO - [2026-02-17T06:02:09.405+0000] {dag.py:3823} INFO - Setting next_dagrun for ecommerce_etl_v2 to 2026-02-16 13:00:00+00:00, run_after=2026-02-17 13:00:00+00:00
[2026-02-17T06:02:09.415+0000] {processor.py:183} INFO - Processing /opt/airflow/dags/etl_dag.py took 0.290 seconds
[2026-02-17T06:02:39.586+0000] {processor.py:161} INFO - Started process (PID=55867) to work on /opt/airflow/dags/etl_dag.py
[2026-02-17T06:02:39.587+0000] {processor.py:830} INFO - Processing file /opt/airflow/dags/etl_dag.py for tasks to queue
[2026-02-17T06:02:39.588+0000] {logging_mixin.py:188} INFO - [2026-02-17T06:02:39.587+0000] {dagbag.py:538} INFO - Filling up the DagBag from /opt/airflow/dags/etl_dag.py
[2026-02-17T06:02:39.634+0000] {logging_mixin.py:188} INFO - Warning: Your Kaggle API key is readable by other users on this system! To fix this, you can run 'chmod 600 /home/airflow/.kaggle/kaggle.json'
[2026-02-17T06:02:39.788+0000] {logging_mixin.py:188} WARNING - /home/airflow/.local/lib/python3.8/site-packages/airflow/models/baseoperator.py:437 AirflowProviderDeprecationWarning: `exists_ok` parameter is deprecated, please use `if_exists`
[2026-02-17T06:02:39.798+0000] {processor.py:840} INFO - DAG(s) 'ecommerce_etl_v2' retrieved from /opt/airflow/dags/etl_dag.py
[2026-02-17T06:02:39.814+0000] {logging_mixin.py:188} INFO - [2026-02-17T06:02:39.814+0000] {dag.py:3036} INFO - Sync 1 DAGs
[2026-02-17T06:02:39.823+0000] {logging_mixin.py:188} INFO - [2026-02-17T06:02:39.823+0000] {dag.py:3823} INFO - Setting next_dagrun for ecommerce_etl_v2 to 2026-02-16 13:00:00+00:00, run_after=2026-02-17 13:00:00+00:00
[2026-02-17T06:02:39.832+0000] {processor.py:183} INFO - Processing /opt/airflow/dags/etl_dag.py took 0.251 seconds
[2026-02-17T06:03:09.987+0000] {processor.py:161} INFO - Started process (PID=55898) to work on /opt/airflow/dags/etl_dag.py
[2026-02-17T06:03:09.988+0000] {processor.py:830} INFO - Processing file /opt/airflow/dags/etl_dag.py for tasks to queue
[2026-02-17T06:03:09.989+0000] {logging_mixin.py:188} INFO - [2026-02-17T06:03:09.989+0000] {dagbag.py:538} INFO - Filling up the DagBag from /opt/airflow/dags/etl_dag.py
[2026-02-17T06:03:10.035+0000] {logging_mixin.py:188} INFO - Warning: Your Kaggle API key is readable by other users on this system! To fix this, you can run 'chmod 600 /home/airflow/.kaggle/kaggle.json'
[2026-02-17T06:03:10.188+0000] {logging_mixin.py:188} WARNING - /home/airflow/.local/lib/python3.8/site-packages/airflow/models/baseoperator.py:437 AirflowProviderDeprecationWarning: `exists_ok` parameter is deprecated, please use `if_exists`
[2026-02-17T06:03:10.197+0000] {processor.py:840} INFO - DAG(s) 'ecommerce_etl_v2' retrieved from /opt/airflow/dags/etl_dag.py
[2026-02-17T06:03:10.216+0000] {logging_mixin.py:188} INFO - [2026-02-17T06:03:10.216+0000] {dag.py:3036} INFO - Sync 1 DAGs
[2026-02-17T06:03:10.226+0000] {logging_mixin.py:188} INFO - [2026-02-17T06:03:10.226+0000] {dag.py:3823} INFO - Setting next_dagrun for ecommerce_etl_v2 to 2026-02-16 13:00:00+00:00, run_after=2026-02-17 13:00:00+00:00
[2026-02-17T06:03:10.234+0000] {processor.py:183} INFO - Processing /opt/airflow/dags/etl_dag.py took 0.252 seconds
[2026-02-17T06:03:40.399+0000] {processor.py:161} INFO - Started process (PID=55929) to work on /opt/airflow/dags/etl_dag.py
[2026-02-17T06:03:40.400+0000] {processor.py:830} INFO - Processing file /opt/airflow/dags/etl_dag.py for tasks to queue
[2026-02-17T06:03:40.401+0000] {logging_mixin.py:188} INFO - [2026-02-17T06:03:40.401+0000] {dagbag.py:538} INFO - Filling up the DagBag from /opt/airflow/dags/etl_dag.py
[2026-02-17T06:03:40.449+0000] {logging_mixin.py:188} INFO - Warning: Your Kaggle API key is readable by other users on this system! To fix this, you can run 'chmod 600 /home/airflow/.kaggle/kaggle.json'
[2026-02-17T06:03:40.606+0000] {logging_mixin.py:188} WARNING - /home/airflow/.local/lib/python3.8/site-packages/airflow/models/baseoperator.py:437 AirflowProviderDeprecationWarning: `exists_ok` parameter is deprecated, please use `if_exists`
[2026-02-17T06:03:40.615+0000] {processor.py:840} INFO - DAG(s) 'ecommerce_etl_v2' retrieved from /opt/airflow/dags/etl_dag.py
[2026-02-17T06:03:40.631+0000] {logging_mixin.py:188} INFO - [2026-02-17T06:03:40.631+0000] {dag.py:3036} INFO - Sync 1 DAGs
[2026-02-17T06:03:40.640+0000] {logging_mixin.py:188} INFO - [2026-02-17T06:03:40.640+0000] {dag.py:3823} INFO - Setting next_dagrun for ecommerce_etl_v2 to 2026-02-16 13:00:00+00:00, run_after=2026-02-17 13:00:00+00:00
[2026-02-17T06:03:40.649+0000] {processor.py:183} INFO - Processing /opt/airflow/dags/etl_dag.py took 0.254 seconds
[2026-02-17T06:04:10.759+0000] {processor.py:161} INFO - Started process (PID=55960) to work on /opt/airflow/dags/etl_dag.py
[2026-02-17T06:04:10.760+0000] {processor.py:830} INFO - Processing file /opt/airflow/dags/etl_dag.py for tasks to queue
[2026-02-17T06:04:10.761+0000] {logging_mixin.py:188} INFO - [2026-02-17T06:04:10.761+0000] {dagbag.py:538} INFO - Filling up the DagBag from /opt/airflow/dags/etl_dag.py
[2026-02-17T06:04:10.800+0000] {logging_mixin.py:188} INFO - Warning: Your Kaggle API key is readable by other users on this system! To fix this, you can run 'chmod 600 /home/airflow/.kaggle/kaggle.json'
[2026-02-17T06:04:10.955+0000] {logging_mixin.py:188} WARNING - /home/airflow/.local/lib/python3.8/site-packages/airflow/models/baseoperator.py:437 AirflowProviderDeprecationWarning: `exists_ok` parameter is deprecated, please use `if_exists`
[2026-02-17T06:04:10.963+0000] {processor.py:840} INFO - DAG(s) 'ecommerce_etl_v2' retrieved from /opt/airflow/dags/etl_dag.py
[2026-02-17T06:04:10.980+0000] {logging_mixin.py:188} INFO - [2026-02-17T06:04:10.980+0000] {dag.py:3036} INFO - Sync 1 DAGs
[2026-02-17T06:04:10.989+0000] {logging_mixin.py:188} INFO - [2026-02-17T06:04:10.989+0000] {dag.py:3823} INFO - Setting next_dagrun for ecommerce_etl_v2 to 2026-02-16 13:00:00+00:00, run_after=2026-02-17 13:00:00+00:00
[2026-02-17T06:04:10.997+0000] {processor.py:183} INFO - Processing /opt/airflow/dags/etl_dag.py took 0.240 seconds
[2026-02-17T06:04:41.218+0000] {processor.py:161} INFO - Started process (PID=55991) to work on /opt/airflow/dags/etl_dag.py
[2026-02-17T06:04:41.219+0000] {processor.py:830} INFO - Processing file /opt/airflow/dags/etl_dag.py for tasks to queue
[2026-02-17T06:04:41.220+0000] {logging_mixin.py:188} INFO - [2026-02-17T06:04:41.220+0000] {dagbag.py:538} INFO - Filling up the DagBag from /opt/airflow/dags/etl_dag.py
[2026-02-17T06:04:41.260+0000] {logging_mixin.py:188} INFO - Warning: Your Kaggle API key is readable by other users on this system! To fix this, you can run 'chmod 600 /home/airflow/.kaggle/kaggle.json'
[2026-02-17T06:04:41.415+0000] {logging_mixin.py:188} WARNING - /home/airflow/.local/lib/python3.8/site-packages/airflow/models/baseoperator.py:437 AirflowProviderDeprecationWarning: `exists_ok` parameter is deprecated, please use `if_exists`
[2026-02-17T06:04:41.424+0000] {processor.py:840} INFO - DAG(s) 'ecommerce_etl_v2' retrieved from /opt/airflow/dags/etl_dag.py
[2026-02-17T06:04:41.440+0000] {logging_mixin.py:188} INFO - [2026-02-17T06:04:41.440+0000] {dag.py:3036} INFO - Sync 1 DAGs
[2026-02-17T06:04:41.449+0000] {logging_mixin.py:188} INFO - [2026-02-17T06:04:41.449+0000] {dag.py:3823} INFO - Setting next_dagrun for ecommerce_etl_v2 to 2026-02-16 13:00:00+00:00, run_after=2026-02-17 13:00:00+00:00
[2026-02-17T06:04:41.458+0000] {processor.py:183} INFO - Processing /opt/airflow/dags/etl_dag.py took 0.242 seconds
[2026-02-17T06:05:11.627+0000] {processor.py:161} INFO - Started process (PID=56022) to work on /opt/airflow/dags/etl_dag.py
[2026-02-17T06:05:11.628+0000] {processor.py:830} INFO - Processing file /opt/airflow/dags/etl_dag.py for tasks to queue
[2026-02-17T06:05:11.629+0000] {logging_mixin.py:188} INFO - [2026-02-17T06:05:11.628+0000] {dagbag.py:538} INFO - Filling up the DagBag from /opt/airflow/dags/etl_dag.py
[2026-02-17T06:05:11.677+0000] {logging_mixin.py:188} INFO - Warning: Your Kaggle API key is readable by other users on this system! To fix this, you can run 'chmod 600 /home/airflow/.kaggle/kaggle.json'
[2026-02-17T06:05:11.833+0000] {logging_mixin.py:188} WARNING - /home/airflow/.local/lib/python3.8/site-packages/airflow/models/baseoperator.py:437 AirflowProviderDeprecationWarning: `exists_ok` parameter is deprecated, please use `if_exists`
[2026-02-17T06:05:11.842+0000] {processor.py:840} INFO - DAG(s) 'ecommerce_etl_v2' retrieved from /opt/airflow/dags/etl_dag.py
[2026-02-17T06:05:11.859+0000] {logging_mixin.py:188} INFO - [2026-02-17T06:05:11.859+0000] {dag.py:3036} INFO - Sync 1 DAGs
[2026-02-17T06:05:11.868+0000] {logging_mixin.py:188} INFO - [2026-02-17T06:05:11.868+0000] {dag.py:3823} INFO - Setting next_dagrun for ecommerce_etl_v2 to 2026-02-16 13:00:00+00:00, run_after=2026-02-17 13:00:00+00:00
[2026-02-17T06:05:11.876+0000] {processor.py:183} INFO - Processing /opt/airflow/dags/etl_dag.py took 0.253 seconds
[2026-02-17T06:05:42.074+0000] {processor.py:161} INFO - Started process (PID=56053) to work on /opt/airflow/dags/etl_dag.py
[2026-02-17T06:05:42.076+0000] {processor.py:830} INFO - Processing file /opt/airflow/dags/etl_dag.py for tasks to queue
[2026-02-17T06:05:42.077+0000] {logging_mixin.py:188} INFO - [2026-02-17T06:05:42.076+0000] {dagbag.py:538} INFO - Filling up the DagBag from /opt/airflow/dags/etl_dag.py
[2026-02-17T06:05:42.122+0000] {logging_mixin.py:188} INFO - Warning: Your Kaggle API key is readable by other users on this system! To fix this, you can run 'chmod 600 /home/airflow/.kaggle/kaggle.json'
[2026-02-17T06:05:42.278+0000] {logging_mixin.py:188} WARNING - /home/airflow/.local/lib/python3.8/site-packages/airflow/models/baseoperator.py:437 AirflowProviderDeprecationWarning: `exists_ok` parameter is deprecated, please use `if_exists`
[2026-02-17T06:05:42.287+0000] {processor.py:840} INFO - DAG(s) 'ecommerce_etl_v2' retrieved from /opt/airflow/dags/etl_dag.py
[2026-02-17T06:05:42.303+0000] {logging_mixin.py:188} INFO - [2026-02-17T06:05:42.303+0000] {dag.py:3036} INFO - Sync 1 DAGs
[2026-02-17T06:05:42.312+0000] {logging_mixin.py:188} INFO - [2026-02-17T06:05:42.312+0000] {dag.py:3823} INFO - Setting next_dagrun for ecommerce_etl_v2 to 2026-02-16 13:00:00+00:00, run_after=2026-02-17 13:00:00+00:00
[2026-02-17T06:05:42.320+0000] {processor.py:183} INFO - Processing /opt/airflow/dags/etl_dag.py took 0.250 seconds
[2026-02-17T06:06:12.431+0000] {processor.py:161} INFO - Started process (PID=56084) to work on /opt/airflow/dags/etl_dag.py
[2026-02-17T06:06:12.432+0000] {processor.py:830} INFO - Processing file /opt/airflow/dags/etl_dag.py for tasks to queue
[2026-02-17T06:06:12.432+0000] {logging_mixin.py:188} INFO - [2026-02-17T06:06:12.432+0000] {dagbag.py:538} INFO - Filling up the DagBag from /opt/airflow/dags/etl_dag.py
[2026-02-17T06:06:12.475+0000] {logging_mixin.py:188} INFO - Warning: Your Kaggle API key is readable by other users on this system! To fix this, you can run 'chmod 600 /home/airflow/.kaggle/kaggle.json'
[2026-02-17T06:06:12.647+0000] {logging_mixin.py:188} WARNING - /home/airflow/.local/lib/python3.8/site-packages/airflow/models/baseoperator.py:437 AirflowProviderDeprecationWarning: `exists_ok` parameter is deprecated, please use `if_exists`
[2026-02-17T06:06:12.659+0000] {processor.py:840} INFO - DAG(s) 'ecommerce_etl_v2' retrieved from /opt/airflow/dags/etl_dag.py
[2026-02-17T06:06:12.678+0000] {logging_mixin.py:188} INFO - [2026-02-17T06:06:12.678+0000] {dag.py:3036} INFO - Sync 1 DAGs
[2026-02-17T06:06:12.691+0000] {logging_mixin.py:188} INFO - [2026-02-17T06:06:12.691+0000] {dag.py:3823} INFO - Setting next_dagrun for ecommerce_etl_v2 to 2026-02-16 13:00:00+00:00, run_after=2026-02-17 13:00:00+00:00
[2026-02-17T06:06:12.702+0000] {processor.py:183} INFO - Processing /opt/airflow/dags/etl_dag.py took 0.274 seconds
[2026-02-17T06:06:42.805+0000] {processor.py:161} INFO - Started process (PID=56115) to work on /opt/airflow/dags/etl_dag.py
[2026-02-17T06:06:42.806+0000] {processor.py:830} INFO - Processing file /opt/airflow/dags/etl_dag.py for tasks to queue
[2026-02-17T06:06:42.807+0000] {logging_mixin.py:188} INFO - [2026-02-17T06:06:42.807+0000] {dagbag.py:538} INFO - Filling up the DagBag from /opt/airflow/dags/etl_dag.py
[2026-02-17T06:06:42.860+0000] {logging_mixin.py:188} INFO - Warning: Your Kaggle API key is readable by other users on this system! To fix this, you can run 'chmod 600 /home/airflow/.kaggle/kaggle.json'
[2026-02-17T06:06:43.037+0000] {logging_mixin.py:188} WARNING - /home/airflow/.local/lib/python3.8/site-packages/airflow/models/baseoperator.py:437 AirflowProviderDeprecationWarning: `exists_ok` parameter is deprecated, please use `if_exists`
[2026-02-17T06:06:43.047+0000] {processor.py:840} INFO - DAG(s) 'ecommerce_etl_v2' retrieved from /opt/airflow/dags/etl_dag.py
[2026-02-17T06:06:43.065+0000] {logging_mixin.py:188} INFO - [2026-02-17T06:06:43.065+0000] {dag.py:3036} INFO - Sync 1 DAGs
[2026-02-17T06:06:43.075+0000] {logging_mixin.py:188} INFO - [2026-02-17T06:06:43.075+0000] {dag.py:3823} INFO - Setting next_dagrun for ecommerce_etl_v2 to 2026-02-16 13:00:00+00:00, run_after=2026-02-17 13:00:00+00:00
[2026-02-17T06:06:43.085+0000] {processor.py:183} INFO - Processing /opt/airflow/dags/etl_dag.py took 0.284 seconds
[2026-02-17T06:07:13.288+0000] {processor.py:161} INFO - Started process (PID=56146) to work on /opt/airflow/dags/etl_dag.py
[2026-02-17T06:07:13.289+0000] {processor.py:830} INFO - Processing file /opt/airflow/dags/etl_dag.py for tasks to queue
[2026-02-17T06:07:13.290+0000] {logging_mixin.py:188} INFO - [2026-02-17T06:07:13.290+0000] {dagbag.py:538} INFO - Filling up the DagBag from /opt/airflow/dags/etl_dag.py
[2026-02-17T06:07:13.337+0000] {logging_mixin.py:188} INFO - Warning: Your Kaggle API key is readable by other users on this system! To fix this, you can run 'chmod 600 /home/airflow/.kaggle/kaggle.json'
[2026-02-17T06:07:13.494+0000] {logging_mixin.py:188} WARNING - /home/airflow/.local/lib/python3.8/site-packages/airflow/models/baseoperator.py:437 AirflowProviderDeprecationWarning: `exists_ok` parameter is deprecated, please use `if_exists`
[2026-02-17T06:07:13.502+0000] {processor.py:840} INFO - DAG(s) 'ecommerce_etl_v2' retrieved from /opt/airflow/dags/etl_dag.py
[2026-02-17T06:07:13.519+0000] {logging_mixin.py:188} INFO - [2026-02-17T06:07:13.519+0000] {dag.py:3036} INFO - Sync 1 DAGs
[2026-02-17T06:07:13.529+0000] {logging_mixin.py:188} INFO - [2026-02-17T06:07:13.528+0000] {dag.py:3823} INFO - Setting next_dagrun for ecommerce_etl_v2 to 2026-02-16 13:00:00+00:00, run_after=2026-02-17 13:00:00+00:00
[2026-02-17T06:07:13.537+0000] {processor.py:183} INFO - Processing /opt/airflow/dags/etl_dag.py took 0.253 seconds
[2026-02-17T06:07:43.659+0000] {processor.py:161} INFO - Started process (PID=56177) to work on /opt/airflow/dags/etl_dag.py
[2026-02-17T06:07:43.660+0000] {processor.py:830} INFO - Processing file /opt/airflow/dags/etl_dag.py for tasks to queue
[2026-02-17T06:07:43.661+0000] {logging_mixin.py:188} INFO - [2026-02-17T06:07:43.661+0000] {dagbag.py:538} INFO - Filling up the DagBag from /opt/airflow/dags/etl_dag.py
[2026-02-17T06:07:43.706+0000] {logging_mixin.py:188} INFO - Warning: Your Kaggle API key is readable by other users on this system! To fix this, you can run 'chmod 600 /home/airflow/.kaggle/kaggle.json'
[2026-02-17T06:07:43.861+0000] {logging_mixin.py:188} WARNING - /home/airflow/.local/lib/python3.8/site-packages/airflow/models/baseoperator.py:437 AirflowProviderDeprecationWarning: `exists_ok` parameter is deprecated, please use `if_exists`
[2026-02-17T06:07:43.873+0000] {processor.py:840} INFO - DAG(s) 'ecommerce_etl_v2' retrieved from /opt/airflow/dags/etl_dag.py
[2026-02-17T06:07:43.890+0000] {logging_mixin.py:188} INFO - [2026-02-17T06:07:43.890+0000] {dag.py:3036} INFO - Sync 1 DAGs
[2026-02-17T06:07:43.900+0000] {logging_mixin.py:188} INFO - [2026-02-17T06:07:43.900+0000] {dag.py:3823} INFO - Setting next_dagrun for ecommerce_etl_v2 to 2026-02-16 13:00:00+00:00, run_after=2026-02-17 13:00:00+00:00
[2026-02-17T06:07:43.909+0000] {processor.py:183} INFO - Processing /opt/airflow/dags/etl_dag.py took 0.253 seconds
[2026-02-17T06:08:14.091+0000] {processor.py:161} INFO - Started process (PID=56208) to work on /opt/airflow/dags/etl_dag.py
[2026-02-17T06:08:14.092+0000] {processor.py:830} INFO - Processing file /opt/airflow/dags/etl_dag.py for tasks to queue
[2026-02-17T06:08:14.093+0000] {logging_mixin.py:188} INFO - [2026-02-17T06:08:14.093+0000] {dagbag.py:538} INFO - Filling up the DagBag from /opt/airflow/dags/etl_dag.py
[2026-02-17T06:08:14.140+0000] {logging_mixin.py:188} INFO - Warning: Your Kaggle API key is readable by other users on this system! To fix this, you can run 'chmod 600 /home/airflow/.kaggle/kaggle.json'
[2026-02-17T06:08:14.294+0000] {logging_mixin.py:188} WARNING - /home/airflow/.local/lib/python3.8/site-packages/airflow/models/baseoperator.py:437 AirflowProviderDeprecationWarning: `exists_ok` parameter is deprecated, please use `if_exists`
[2026-02-17T06:08:14.302+0000] {processor.py:840} INFO - DAG(s) 'ecommerce_etl_v2' retrieved from /opt/airflow/dags/etl_dag.py
[2026-02-17T06:08:14.319+0000] {logging_mixin.py:188} INFO - [2026-02-17T06:08:14.319+0000] {dag.py:3036} INFO - Sync 1 DAGs
[2026-02-17T06:08:14.328+0000] {logging_mixin.py:188} INFO - [2026-02-17T06:08:14.328+0000] {dag.py:3823} INFO - Setting next_dagrun for ecommerce_etl_v2 to 2026-02-16 13:00:00+00:00, run_after=2026-02-17 13:00:00+00:00
[2026-02-17T06:08:14.335+0000] {processor.py:183} INFO - Processing /opt/airflow/dags/etl_dag.py took 0.249 seconds
[2026-02-17T06:08:44.466+0000] {processor.py:161} INFO - Started process (PID=56239) to work on /opt/airflow/dags/etl_dag.py
[2026-02-17T06:08:44.467+0000] {processor.py:830} INFO - Processing file /opt/airflow/dags/etl_dag.py for tasks to queue
[2026-02-17T06:08:44.468+0000] {logging_mixin.py:188} INFO - [2026-02-17T06:08:44.467+0000] {dagbag.py:538} INFO - Filling up the DagBag from /opt/airflow/dags/etl_dag.py
[2026-02-17T06:08:44.514+0000] {logging_mixin.py:188} INFO - Warning: Your Kaggle API key is readable by other users on this system! To fix this, you can run 'chmod 600 /home/airflow/.kaggle/kaggle.json'
[2026-02-17T06:08:44.670+0000] {logging_mixin.py:188} WARNING - /home/airflow/.local/lib/python3.8/site-packages/airflow/models/baseoperator.py:437 AirflowProviderDeprecationWarning: `exists_ok` parameter is deprecated, please use `if_exists`
[2026-02-17T06:08:44.679+0000] {processor.py:840} INFO - DAG(s) 'ecommerce_etl_v2' retrieved from /opt/airflow/dags/etl_dag.py
[2026-02-17T06:08:44.697+0000] {logging_mixin.py:188} INFO - [2026-02-17T06:08:44.697+0000] {dag.py:3036} INFO - Sync 1 DAGs
[2026-02-17T06:08:44.706+0000] {logging_mixin.py:188} INFO - [2026-02-17T06:08:44.706+0000] {dag.py:3823} INFO - Setting next_dagrun for ecommerce_etl_v2 to 2026-02-16 13:00:00+00:00, run_after=2026-02-17 13:00:00+00:00
[2026-02-17T06:08:44.715+0000] {processor.py:183} INFO - Processing /opt/airflow/dags/etl_dag.py took 0.254 seconds
[2026-02-17T06:09:14.858+0000] {processor.py:161} INFO - Started process (PID=56270) to work on /opt/airflow/dags/etl_dag.py
[2026-02-17T06:09:14.859+0000] {processor.py:830} INFO - Processing file /opt/airflow/dags/etl_dag.py for tasks to queue
[2026-02-17T06:09:14.860+0000] {logging_mixin.py:188} INFO - [2026-02-17T06:09:14.860+0000] {dagbag.py:538} INFO - Filling up the DagBag from /opt/airflow/dags/etl_dag.py
[2026-02-17T06:09:14.904+0000] {logging_mixin.py:188} INFO - Warning: Your Kaggle API key is readable by other users on this system! To fix this, you can run 'chmod 600 /home/airflow/.kaggle/kaggle.json'
[2026-02-17T06:09:15.062+0000] {logging_mixin.py:188} WARNING - /home/airflow/.local/lib/python3.8/site-packages/airflow/models/baseoperator.py:437 AirflowProviderDeprecationWarning: `exists_ok` parameter is deprecated, please use `if_exists`
[2026-02-17T06:09:15.070+0000] {processor.py:840} INFO - DAG(s) 'ecommerce_etl_v2' retrieved from /opt/airflow/dags/etl_dag.py
[2026-02-17T06:09:15.086+0000] {logging_mixin.py:188} INFO - [2026-02-17T06:09:15.086+0000] {dag.py:3036} INFO - Sync 1 DAGs
[2026-02-17T06:09:15.095+0000] {logging_mixin.py:188} INFO - [2026-02-17T06:09:15.095+0000] {dag.py:3823} INFO - Setting next_dagrun for ecommerce_etl_v2 to 2026-02-16 13:00:00+00:00, run_after=2026-02-17 13:00:00+00:00
[2026-02-17T06:09:15.103+0000] {processor.py:183} INFO - Processing /opt/airflow/dags/etl_dag.py took 0.250 seconds
[2026-02-17T06:09:45.167+0000] {processor.py:161} INFO - Started process (PID=56301) to work on /opt/airflow/dags/etl_dag.py
[2026-02-17T06:09:45.168+0000] {processor.py:830} INFO - Processing file /opt/airflow/dags/etl_dag.py for tasks to queue
[2026-02-17T06:09:45.169+0000] {logging_mixin.py:188} INFO - [2026-02-17T06:09:45.168+0000] {dagbag.py:538} INFO - Filling up the DagBag from /opt/airflow/dags/etl_dag.py
[2026-02-17T06:09:45.213+0000] {logging_mixin.py:188} INFO - Warning: Your Kaggle API key is readable by other users on this system! To fix this, you can run 'chmod 600 /home/airflow/.kaggle/kaggle.json'
[2026-02-17T06:09:45.369+0000] {logging_mixin.py:188} WARNING - /home/airflow/.local/lib/python3.8/site-packages/airflow/models/baseoperator.py:437 AirflowProviderDeprecationWarning: `exists_ok` parameter is deprecated, please use `if_exists`
[2026-02-17T06:09:45.378+0000] {processor.py:840} INFO - DAG(s) 'ecommerce_etl_v2' retrieved from /opt/airflow/dags/etl_dag.py
[2026-02-17T06:09:45.394+0000] {logging_mixin.py:188} INFO - [2026-02-17T06:09:45.394+0000] {dag.py:3036} INFO - Sync 1 DAGs
[2026-02-17T06:09:45.403+0000] {logging_mixin.py:188} INFO - [2026-02-17T06:09:45.403+0000] {dag.py:3823} INFO - Setting next_dagrun for ecommerce_etl_v2 to 2026-02-16 13:00:00+00:00, run_after=2026-02-17 13:00:00+00:00
[2026-02-17T06:09:45.412+0000] {processor.py:183} INFO - Processing /opt/airflow/dags/etl_dag.py took 0.249 seconds
[2026-02-17T06:10:15.718+0000] {processor.py:161} INFO - Started process (PID=56332) to work on /opt/airflow/dags/etl_dag.py
[2026-02-17T06:10:15.719+0000] {processor.py:830} INFO - Processing file /opt/airflow/dags/etl_dag.py for tasks to queue
[2026-02-17T06:10:15.720+0000] {logging_mixin.py:188} INFO - [2026-02-17T06:10:15.720+0000] {dagbag.py:538} INFO - Filling up the DagBag from /opt/airflow/dags/etl_dag.py
[2026-02-17T06:10:15.768+0000] {logging_mixin.py:188} INFO - Warning: Your Kaggle API key is readable by other users on this system! To fix this, you can run 'chmod 600 /home/airflow/.kaggle/kaggle.json'
[2026-02-17T06:10:15.921+0000] {logging_mixin.py:188} WARNING - /home/airflow/.local/lib/python3.8/site-packages/airflow/models/baseoperator.py:437 AirflowProviderDeprecationWarning: `exists_ok` parameter is deprecated, please use `if_exists`
[2026-02-17T06:10:15.930+0000] {processor.py:840} INFO - DAG(s) 'ecommerce_etl_v2' retrieved from /opt/airflow/dags/etl_dag.py
[2026-02-17T06:10:15.947+0000] {logging_mixin.py:188} INFO - [2026-02-17T06:10:15.947+0000] {dag.py:3036} INFO - Sync 1 DAGs
[2026-02-17T06:10:15.956+0000] {logging_mixin.py:188} INFO - [2026-02-17T06:10:15.956+0000] {dag.py:3823} INFO - Setting next_dagrun for ecommerce_etl_v2 to 2026-02-16 13:00:00+00:00, run_after=2026-02-17 13:00:00+00:00
[2026-02-17T06:10:15.963+0000] {processor.py:183} INFO - Processing /opt/airflow/dags/etl_dag.py took 0.249 seconds
[2026-02-17T06:10:46.076+0000] {processor.py:161} INFO - Started process (PID=56363) to work on /opt/airflow/dags/etl_dag.py
[2026-02-17T06:10:46.077+0000] {processor.py:830} INFO - Processing file /opt/airflow/dags/etl_dag.py for tasks to queue
[2026-02-17T06:10:46.079+0000] {logging_mixin.py:188} INFO - [2026-02-17T06:10:46.079+0000] {dagbag.py:538} INFO - Filling up the DagBag from /opt/airflow/dags/etl_dag.py
[2026-02-17T06:10:46.124+0000] {logging_mixin.py:188} INFO - Warning: Your Kaggle API key is readable by other users on this system! To fix this, you can run 'chmod 600 /home/airflow/.kaggle/kaggle.json'
[2026-02-17T06:10:46.278+0000] {logging_mixin.py:188} WARNING - /home/airflow/.local/lib/python3.8/site-packages/airflow/models/baseoperator.py:437 AirflowProviderDeprecationWarning: `exists_ok` parameter is deprecated, please use `if_exists`
[2026-02-17T06:10:46.286+0000] {processor.py:840} INFO - DAG(s) 'ecommerce_etl_v2' retrieved from /opt/airflow/dags/etl_dag.py
[2026-02-17T06:10:46.303+0000] {logging_mixin.py:188} INFO - [2026-02-17T06:10:46.303+0000] {dag.py:3036} INFO - Sync 1 DAGs
[2026-02-17T06:10:46.312+0000] {logging_mixin.py:188} INFO - [2026-02-17T06:10:46.312+0000] {dag.py:3823} INFO - Setting next_dagrun for ecommerce_etl_v2 to 2026-02-16 13:00:00+00:00, run_after=2026-02-17 13:00:00+00:00
[2026-02-17T06:10:46.320+0000] {processor.py:183} INFO - Processing /opt/airflow/dags/etl_dag.py took 0.249 seconds
[2026-02-17T06:11:16.540+0000] {processor.py:161} INFO - Started process (PID=56394) to work on /opt/airflow/dags/etl_dag.py
[2026-02-17T06:11:16.541+0000] {processor.py:830} INFO - Processing file /opt/airflow/dags/etl_dag.py for tasks to queue
[2026-02-17T06:11:16.543+0000] {logging_mixin.py:188} INFO - [2026-02-17T06:11:16.542+0000] {dagbag.py:538} INFO - Filling up the DagBag from /opt/airflow/dags/etl_dag.py
[2026-02-17T06:11:16.589+0000] {logging_mixin.py:188} INFO - Warning: Your Kaggle API key is readable by other users on this system! To fix this, you can run 'chmod 600 /home/airflow/.kaggle/kaggle.json'
[2026-02-17T06:11:16.747+0000] {logging_mixin.py:188} WARNING - /home/airflow/.local/lib/python3.8/site-packages/airflow/models/baseoperator.py:437 AirflowProviderDeprecationWarning: `exists_ok` parameter is deprecated, please use `if_exists`
[2026-02-17T06:11:16.755+0000] {processor.py:840} INFO - DAG(s) 'ecommerce_etl_v2' retrieved from /opt/airflow/dags/etl_dag.py
[2026-02-17T06:11:16.772+0000] {logging_mixin.py:188} INFO - [2026-02-17T06:11:16.772+0000] {dag.py:3036} INFO - Sync 1 DAGs
[2026-02-17T06:11:16.781+0000] {logging_mixin.py:188} INFO - [2026-02-17T06:11:16.781+0000] {dag.py:3823} INFO - Setting next_dagrun for ecommerce_etl_v2 to 2026-02-16 13:00:00+00:00, run_after=2026-02-17 13:00:00+00:00
[2026-02-17T06:11:16.788+0000] {processor.py:183} INFO - Processing /opt/airflow/dags/etl_dag.py took 0.252 seconds
[2026-02-17T06:11:46.847+0000] {processor.py:161} INFO - Started process (PID=56425) to work on /opt/airflow/dags/etl_dag.py
[2026-02-17T06:11:46.848+0000] {processor.py:830} INFO - Processing file /opt/airflow/dags/etl_dag.py for tasks to queue
[2026-02-17T06:11:46.849+0000] {logging_mixin.py:188} INFO - [2026-02-17T06:11:46.849+0000] {dagbag.py:538} INFO - Filling up the DagBag from /opt/airflow/dags/etl_dag.py
[2026-02-17T06:11:46.896+0000] {logging_mixin.py:188} INFO - Warning: Your Kaggle API key is readable by other users on this system! To fix this, you can run 'chmod 600 /home/airflow/.kaggle/kaggle.json'
[2026-02-17T06:11:47.061+0000] {logging_mixin.py:188} WARNING - /home/airflow/.local/lib/python3.8/site-packages/airflow/models/baseoperator.py:437 AirflowProviderDeprecationWarning: `exists_ok` parameter is deprecated, please use `if_exists`
[2026-02-17T06:11:47.070+0000] {processor.py:840} INFO - DAG(s) 'ecommerce_etl_v2' retrieved from /opt/airflow/dags/etl_dag.py
[2026-02-17T06:11:47.086+0000] {logging_mixin.py:188} INFO - [2026-02-17T06:11:47.086+0000] {dag.py:3036} INFO - Sync 1 DAGs
[2026-02-17T06:11:47.095+0000] {logging_mixin.py:188} INFO - [2026-02-17T06:11:47.095+0000] {dag.py:3823} INFO - Setting next_dagrun for ecommerce_etl_v2 to 2026-02-16 13:00:00+00:00, run_after=2026-02-17 13:00:00+00:00
[2026-02-17T06:11:47.103+0000] {processor.py:183} INFO - Processing /opt/airflow/dags/etl_dag.py took 0.260 seconds
[2026-02-17T06:12:17.278+0000] {processor.py:161} INFO - Started process (PID=56456) to work on /opt/airflow/dags/etl_dag.py
[2026-02-17T06:12:17.279+0000] {processor.py:830} INFO - Processing file /opt/airflow/dags/etl_dag.py for tasks to queue
[2026-02-17T06:12:17.280+0000] {logging_mixin.py:188} INFO - [2026-02-17T06:12:17.279+0000] {dagbag.py:538} INFO - Filling up the DagBag from /opt/airflow/dags/etl_dag.py
[2026-02-17T06:12:17.321+0000] {logging_mixin.py:188} INFO - Warning: Your Kaggle API key is readable by other users on this system! To fix this, you can run 'chmod 600 /home/airflow/.kaggle/kaggle.json'
[2026-02-17T06:12:17.485+0000] {logging_mixin.py:188} WARNING - /home/airflow/.local/lib/python3.8/site-packages/airflow/models/baseoperator.py:437 AirflowProviderDeprecationWarning: `exists_ok` parameter is deprecated, please use `if_exists`
[2026-02-17T06:12:17.493+0000] {processor.py:840} INFO - DAG(s) 'ecommerce_etl_v2' retrieved from /opt/airflow/dags/etl_dag.py
[2026-02-17T06:12:17.510+0000] {logging_mixin.py:188} INFO - [2026-02-17T06:12:17.509+0000] {dag.py:3036} INFO - Sync 1 DAGs
[2026-02-17T06:12:17.519+0000] {logging_mixin.py:188} INFO - [2026-02-17T06:12:17.518+0000] {dag.py:3823} INFO - Setting next_dagrun for ecommerce_etl_v2 to 2026-02-16 13:00:00+00:00, run_after=2026-02-17 13:00:00+00:00
[2026-02-17T06:12:17.527+0000] {processor.py:183} INFO - Processing /opt/airflow/dags/etl_dag.py took 0.251 seconds
[2026-02-17T06:12:47.675+0000] {processor.py:161} INFO - Started process (PID=56487) to work on /opt/airflow/dags/etl_dag.py
[2026-02-17T06:12:47.676+0000] {processor.py:830} INFO - Processing file /opt/airflow/dags/etl_dag.py for tasks to queue
[2026-02-17T06:12:47.677+0000] {logging_mixin.py:188} INFO - [2026-02-17T06:12:47.677+0000] {dagbag.py:538} INFO - Filling up the DagBag from /opt/airflow/dags/etl_dag.py
[2026-02-17T06:12:47.723+0000] {logging_mixin.py:188} INFO - Warning: Your Kaggle API key is readable by other users on this system! To fix this, you can run 'chmod 600 /home/airflow/.kaggle/kaggle.json'
[2026-02-17T06:12:47.876+0000] {logging_mixin.py:188} WARNING - /home/airflow/.local/lib/python3.8/site-packages/airflow/models/baseoperator.py:437 AirflowProviderDeprecationWarning: `exists_ok` parameter is deprecated, please use `if_exists`
[2026-02-17T06:12:47.885+0000] {processor.py:840} INFO - DAG(s) 'ecommerce_etl_v2' retrieved from /opt/airflow/dags/etl_dag.py
[2026-02-17T06:12:47.901+0000] {logging_mixin.py:188} INFO - [2026-02-17T06:12:47.901+0000] {dag.py:3036} INFO - Sync 1 DAGs
[2026-02-17T06:12:47.910+0000] {logging_mixin.py:188} INFO - [2026-02-17T06:12:47.910+0000] {dag.py:3823} INFO - Setting next_dagrun for ecommerce_etl_v2 to 2026-02-16 13:00:00+00:00, run_after=2026-02-17 13:00:00+00:00
[2026-02-17T06:12:47.919+0000] {processor.py:183} INFO - Processing /opt/airflow/dags/etl_dag.py took 0.249 seconds
[2026-02-17T06:13:18.146+0000] {processor.py:161} INFO - Started process (PID=56518) to work on /opt/airflow/dags/etl_dag.py
[2026-02-17T06:13:18.147+0000] {processor.py:830} INFO - Processing file /opt/airflow/dags/etl_dag.py for tasks to queue
[2026-02-17T06:13:18.148+0000] {logging_mixin.py:188} INFO - [2026-02-17T06:13:18.148+0000] {dagbag.py:538} INFO - Filling up the DagBag from /opt/airflow/dags/etl_dag.py
[2026-02-17T06:13:18.195+0000] {logging_mixin.py:188} INFO - Warning: Your Kaggle API key is readable by other users on this system! To fix this, you can run 'chmod 600 /home/airflow/.kaggle/kaggle.json'
[2026-02-17T06:13:18.373+0000] {logging_mixin.py:188} WARNING - /home/airflow/.local/lib/python3.8/site-packages/airflow/models/baseoperator.py:437 AirflowProviderDeprecationWarning: `exists_ok` parameter is deprecated, please use `if_exists`
[2026-02-17T06:13:18.383+0000] {processor.py:840} INFO - DAG(s) 'ecommerce_etl_v2' retrieved from /opt/airflow/dags/etl_dag.py
[2026-02-17T06:13:18.402+0000] {logging_mixin.py:188} INFO - [2026-02-17T06:13:18.402+0000] {dag.py:3036} INFO - Sync 1 DAGs
[2026-02-17T06:13:18.412+0000] {logging_mixin.py:188} INFO - [2026-02-17T06:13:18.412+0000] {dag.py:3823} INFO - Setting next_dagrun for ecommerce_etl_v2 to 2026-02-16 13:00:00+00:00, run_after=2026-02-17 13:00:00+00:00
[2026-02-17T06:13:18.422+0000] {processor.py:183} INFO - Processing /opt/airflow/dags/etl_dag.py took 0.278 seconds
[2026-02-17T06:13:48.477+0000] {processor.py:161} INFO - Started process (PID=56549) to work on /opt/airflow/dags/etl_dag.py
[2026-02-17T06:13:48.479+0000] {processor.py:830} INFO - Processing file /opt/airflow/dags/etl_dag.py for tasks to queue
[2026-02-17T06:13:48.480+0000] {logging_mixin.py:188} INFO - [2026-02-17T06:13:48.480+0000] {dagbag.py:538} INFO - Filling up the DagBag from /opt/airflow/dags/etl_dag.py
[2026-02-17T06:13:48.527+0000] {logging_mixin.py:188} INFO - Warning: Your Kaggle API key is readable by other users on this system! To fix this, you can run 'chmod 600 /home/airflow/.kaggle/kaggle.json'
[2026-02-17T06:13:48.681+0000] {logging_mixin.py:188} WARNING - /home/airflow/.local/lib/python3.8/site-packages/airflow/models/baseoperator.py:437 AirflowProviderDeprecationWarning: `exists_ok` parameter is deprecated, please use `if_exists`
[2026-02-17T06:13:48.690+0000] {processor.py:840} INFO - DAG(s) 'ecommerce_etl_v2' retrieved from /opt/airflow/dags/etl_dag.py
[2026-02-17T06:13:48.706+0000] {logging_mixin.py:188} INFO - [2026-02-17T06:13:48.706+0000] {dag.py:3036} INFO - Sync 1 DAGs
[2026-02-17T06:13:48.715+0000] {logging_mixin.py:188} INFO - [2026-02-17T06:13:48.715+0000] {dag.py:3823} INFO - Setting next_dagrun for ecommerce_etl_v2 to 2026-02-16 13:00:00+00:00, run_after=2026-02-17 13:00:00+00:00
[2026-02-17T06:13:48.723+0000] {processor.py:183} INFO - Processing /opt/airflow/dags/etl_dag.py took 0.250 seconds
[2026-02-17T06:14:19.002+0000] {processor.py:161} INFO - Started process (PID=56580) to work on /opt/airflow/dags/etl_dag.py
[2026-02-17T06:14:19.004+0000] {processor.py:830} INFO - Processing file /opt/airflow/dags/etl_dag.py for tasks to queue
[2026-02-17T06:14:19.005+0000] {logging_mixin.py:188} INFO - [2026-02-17T06:14:19.005+0000] {dagbag.py:538} INFO - Filling up the DagBag from /opt/airflow/dags/etl_dag.py
[2026-02-17T06:14:19.055+0000] {logging_mixin.py:188} INFO - Warning: Your Kaggle API key is readable by other users on this system! To fix this, you can run 'chmod 600 /home/airflow/.kaggle/kaggle.json'
[2026-02-17T06:14:19.226+0000] {logging_mixin.py:188} WARNING - /home/airflow/.local/lib/python3.8/site-packages/airflow/models/baseoperator.py:437 AirflowProviderDeprecationWarning: `exists_ok` parameter is deprecated, please use `if_exists`
[2026-02-17T06:14:19.234+0000] {processor.py:840} INFO - DAG(s) 'ecommerce_etl_v2' retrieved from /opt/airflow/dags/etl_dag.py
[2026-02-17T06:14:19.251+0000] {logging_mixin.py:188} INFO - [2026-02-17T06:14:19.251+0000] {dag.py:3036} INFO - Sync 1 DAGs
[2026-02-17T06:14:19.261+0000] {logging_mixin.py:188} INFO - [2026-02-17T06:14:19.260+0000] {dag.py:3823} INFO - Setting next_dagrun for ecommerce_etl_v2 to 2026-02-16 13:00:00+00:00, run_after=2026-02-17 13:00:00+00:00
[2026-02-17T06:14:19.268+0000] {processor.py:183} INFO - Processing /opt/airflow/dags/etl_dag.py took 0.271 seconds
[2026-02-17T06:14:49.307+0000] {processor.py:161} INFO - Started process (PID=56611) to work on /opt/airflow/dags/etl_dag.py
[2026-02-17T06:14:49.308+0000] {processor.py:830} INFO - Processing file /opt/airflow/dags/etl_dag.py for tasks to queue
[2026-02-17T06:14:49.309+0000] {logging_mixin.py:188} INFO - [2026-02-17T06:14:49.309+0000] {dagbag.py:538} INFO - Filling up the DagBag from /opt/airflow/dags/etl_dag.py
[2026-02-17T06:14:49.355+0000] {logging_mixin.py:188} INFO - Warning: Your Kaggle API key is readable by other users on this system! To fix this, you can run 'chmod 600 /home/airflow/.kaggle/kaggle.json'
[2026-02-17T06:14:49.510+0000] {logging_mixin.py:188} WARNING - /home/airflow/.local/lib/python3.8/site-packages/airflow/models/baseoperator.py:437 AirflowProviderDeprecationWarning: `exists_ok` parameter is deprecated, please use `if_exists`
[2026-02-17T06:14:49.519+0000] {processor.py:840} INFO - DAG(s) 'ecommerce_etl_v2' retrieved from /opt/airflow/dags/etl_dag.py
[2026-02-17T06:14:49.535+0000] {logging_mixin.py:188} INFO - [2026-02-17T06:14:49.535+0000] {dag.py:3036} INFO - Sync 1 DAGs
[2026-02-17T06:14:49.544+0000] {logging_mixin.py:188} INFO - [2026-02-17T06:14:49.544+0000] {dag.py:3823} INFO - Setting next_dagrun for ecommerce_etl_v2 to 2026-02-16 13:00:00+00:00, run_after=2026-02-17 13:00:00+00:00
[2026-02-17T06:14:49.553+0000] {processor.py:183} INFO - Processing /opt/airflow/dags/etl_dag.py took 0.251 seconds
[2026-02-17T06:15:19.936+0000] {processor.py:161} INFO - Started process (PID=56642) to work on /opt/airflow/dags/etl_dag.py
[2026-02-17T06:15:19.937+0000] {processor.py:830} INFO - Processing file /opt/airflow/dags/etl_dag.py for tasks to queue
[2026-02-17T06:15:19.938+0000] {logging_mixin.py:188} INFO - [2026-02-17T06:15:19.938+0000] {dagbag.py:538} INFO - Filling up the DagBag from /opt/airflow/dags/etl_dag.py
[2026-02-17T06:15:19.988+0000] {logging_mixin.py:188} INFO - Warning: Your Kaggle API key is readable by other users on this system! To fix this, you can run 'chmod 600 /home/airflow/.kaggle/kaggle.json'
[2026-02-17T06:15:20.147+0000] {logging_mixin.py:188} WARNING - /home/airflow/.local/lib/python3.8/site-packages/airflow/models/baseoperator.py:437 AirflowProviderDeprecationWarning: `exists_ok` parameter is deprecated, please use `if_exists`
[2026-02-17T06:15:20.157+0000] {processor.py:840} INFO - DAG(s) 'ecommerce_etl_v2' retrieved from /opt/airflow/dags/etl_dag.py
[2026-02-17T06:15:20.174+0000] {logging_mixin.py:188} INFO - [2026-02-17T06:15:20.174+0000] {dag.py:3036} INFO - Sync 1 DAGs
[2026-02-17T06:15:20.183+0000] {logging_mixin.py:188} INFO - [2026-02-17T06:15:20.183+0000] {dag.py:3823} INFO - Setting next_dagrun for ecommerce_etl_v2 to 2026-02-16 13:00:00+00:00, run_after=2026-02-17 13:00:00+00:00
[2026-02-17T06:15:20.190+0000] {processor.py:183} INFO - Processing /opt/airflow/dags/etl_dag.py took 0.258 seconds
[2026-02-17T06:15:50.272+0000] {processor.py:161} INFO - Started process (PID=56673) to work on /opt/airflow/dags/etl_dag.py
[2026-02-17T06:15:50.273+0000] {processor.py:830} INFO - Processing file /opt/airflow/dags/etl_dag.py for tasks to queue
[2026-02-17T06:15:50.274+0000] {logging_mixin.py:188} INFO - [2026-02-17T06:15:50.274+0000] {dagbag.py:538} INFO - Filling up the DagBag from /opt/airflow/dags/etl_dag.py
[2026-02-17T06:15:50.321+0000] {logging_mixin.py:188} INFO - Warning: Your Kaggle API key is readable by other users on this system! To fix this, you can run 'chmod 600 /home/airflow/.kaggle/kaggle.json'
[2026-02-17T06:15:50.479+0000] {logging_mixin.py:188} WARNING - /home/airflow/.local/lib/python3.8/site-packages/airflow/models/baseoperator.py:437 AirflowProviderDeprecationWarning: `exists_ok` parameter is deprecated, please use `if_exists`
[2026-02-17T06:15:50.487+0000] {processor.py:840} INFO - DAG(s) 'ecommerce_etl_v2' retrieved from /opt/airflow/dags/etl_dag.py
[2026-02-17T06:15:50.504+0000] {logging_mixin.py:188} INFO - [2026-02-17T06:15:50.503+0000] {dag.py:3036} INFO - Sync 1 DAGs
[2026-02-17T06:15:50.513+0000] {logging_mixin.py:188} INFO - [2026-02-17T06:15:50.513+0000] {dag.py:3823} INFO - Setting next_dagrun for ecommerce_etl_v2 to 2026-02-16 13:00:00+00:00, run_after=2026-02-17 13:00:00+00:00
[2026-02-17T06:15:50.521+0000] {processor.py:183} INFO - Processing /opt/airflow/dags/etl_dag.py took 0.253 seconds
[2026-02-17T06:16:20.840+0000] {processor.py:161} INFO - Started process (PID=56704) to work on /opt/airflow/dags/etl_dag.py
[2026-02-17T06:16:20.841+0000] {processor.py:830} INFO - Processing file /opt/airflow/dags/etl_dag.py for tasks to queue
[2026-02-17T06:16:20.842+0000] {logging_mixin.py:188} INFO - [2026-02-17T06:16:20.842+0000] {dagbag.py:538} INFO - Filling up the DagBag from /opt/airflow/dags/etl_dag.py
[2026-02-17T06:16:20.890+0000] {logging_mixin.py:188} INFO - Warning: Your Kaggle API key is readable by other users on this system! To fix this, you can run 'chmod 600 /home/airflow/.kaggle/kaggle.json'
[2026-02-17T06:16:21.051+0000] {logging_mixin.py:188} WARNING - /home/airflow/.local/lib/python3.8/site-packages/airflow/models/baseoperator.py:437 AirflowProviderDeprecationWarning: `exists_ok` parameter is deprecated, please use `if_exists`
[2026-02-17T06:16:21.059+0000] {processor.py:840} INFO - DAG(s) 'ecommerce_etl_v2' retrieved from /opt/airflow/dags/etl_dag.py
[2026-02-17T06:16:21.076+0000] {logging_mixin.py:188} INFO - [2026-02-17T06:16:21.076+0000] {dag.py:3036} INFO - Sync 1 DAGs
[2026-02-17T06:16:21.086+0000] {logging_mixin.py:188} INFO - [2026-02-17T06:16:21.085+0000] {dag.py:3823} INFO - Setting next_dagrun for ecommerce_etl_v2 to 2026-02-16 13:00:00+00:00, run_after=2026-02-17 13:00:00+00:00
[2026-02-17T06:16:21.094+0000] {processor.py:183} INFO - Processing /opt/airflow/dags/etl_dag.py took 0.258 seconds
[2026-02-17T06:16:51.184+0000] {processor.py:161} INFO - Started process (PID=56735) to work on /opt/airflow/dags/etl_dag.py
[2026-02-17T06:16:51.185+0000] {processor.py:830} INFO - Processing file /opt/airflow/dags/etl_dag.py for tasks to queue
[2026-02-17T06:16:51.186+0000] {logging_mixin.py:188} INFO - [2026-02-17T06:16:51.186+0000] {dagbag.py:538} INFO - Filling up the DagBag from /opt/airflow/dags/etl_dag.py
[2026-02-17T06:16:51.235+0000] {logging_mixin.py:188} INFO - Warning: Your Kaggle API key is readable by other users on this system! To fix this, you can run 'chmod 600 /home/airflow/.kaggle/kaggle.json'
[2026-02-17T06:16:51.403+0000] {logging_mixin.py:188} WARNING - /home/airflow/.local/lib/python3.8/site-packages/airflow/models/baseoperator.py:437 AirflowProviderDeprecationWarning: `exists_ok` parameter is deprecated, please use `if_exists`
[2026-02-17T06:16:51.412+0000] {processor.py:840} INFO - DAG(s) 'ecommerce_etl_v2' retrieved from /opt/airflow/dags/etl_dag.py
[2026-02-17T06:16:51.428+0000] {logging_mixin.py:188} INFO - [2026-02-17T06:16:51.428+0000] {dag.py:3036} INFO - Sync 1 DAGs
[2026-02-17T06:16:51.438+0000] {logging_mixin.py:188} INFO - [2026-02-17T06:16:51.437+0000] {dag.py:3823} INFO - Setting next_dagrun for ecommerce_etl_v2 to 2026-02-16 13:00:00+00:00, run_after=2026-02-17 13:00:00+00:00
[2026-02-17T06:16:51.446+0000] {processor.py:183} INFO - Processing /opt/airflow/dags/etl_dag.py took 0.267 seconds
[2026-02-17T06:17:21.627+0000] {processor.py:161} INFO - Started process (PID=56766) to work on /opt/airflow/dags/etl_dag.py
[2026-02-17T06:17:21.629+0000] {processor.py:830} INFO - Processing file /opt/airflow/dags/etl_dag.py for tasks to queue
[2026-02-17T06:17:21.629+0000] {logging_mixin.py:188} INFO - [2026-02-17T06:17:21.629+0000] {dagbag.py:538} INFO - Filling up the DagBag from /opt/airflow/dags/etl_dag.py
[2026-02-17T06:17:21.676+0000] {logging_mixin.py:188} INFO - Warning: Your Kaggle API key is readable by other users on this system! To fix this, you can run 'chmod 600 /home/airflow/.kaggle/kaggle.json'
[2026-02-17T06:17:21.840+0000] {logging_mixin.py:188} WARNING - /home/airflow/.local/lib/python3.8/site-packages/airflow/models/baseoperator.py:437 AirflowProviderDeprecationWarning: `exists_ok` parameter is deprecated, please use `if_exists`
[2026-02-17T06:17:21.849+0000] {processor.py:840} INFO - DAG(s) 'ecommerce_etl_v2' retrieved from /opt/airflow/dags/etl_dag.py
[2026-02-17T06:17:21.865+0000] {logging_mixin.py:188} INFO - [2026-02-17T06:17:21.865+0000] {dag.py:3036} INFO - Sync 1 DAGs
[2026-02-17T06:17:21.875+0000] {logging_mixin.py:188} INFO - [2026-02-17T06:17:21.875+0000] {dag.py:3823} INFO - Setting next_dagrun for ecommerce_etl_v2 to 2026-02-16 13:00:00+00:00, run_after=2026-02-17 13:00:00+00:00
[2026-02-17T06:17:21.883+0000] {processor.py:183} INFO - Processing /opt/airflow/dags/etl_dag.py took 0.261 seconds
[2026-02-17T06:17:52.080+0000] {processor.py:161} INFO - Started process (PID=56797) to work on /opt/airflow/dags/etl_dag.py
[2026-02-17T06:17:52.082+0000] {processor.py:830} INFO - Processing file /opt/airflow/dags/etl_dag.py for tasks to queue
[2026-02-17T06:17:52.083+0000] {logging_mixin.py:188} INFO - [2026-02-17T06:17:52.082+0000] {dagbag.py:538} INFO - Filling up the DagBag from /opt/airflow/dags/etl_dag.py
[2026-02-17T06:17:52.129+0000] {logging_mixin.py:188} INFO - Warning: Your Kaggle API key is readable by other users on this system! To fix this, you can run 'chmod 600 /home/airflow/.kaggle/kaggle.json'
[2026-02-17T06:17:52.288+0000] {logging_mixin.py:188} WARNING - /home/airflow/.local/lib/python3.8/site-packages/airflow/models/baseoperator.py:437 AirflowProviderDeprecationWarning: `exists_ok` parameter is deprecated, please use `if_exists`
[2026-02-17T06:17:52.300+0000] {processor.py:840} INFO - DAG(s) 'ecommerce_etl_v2' retrieved from /opt/airflow/dags/etl_dag.py
[2026-02-17T06:17:52.316+0000] {logging_mixin.py:188} INFO - [2026-02-17T06:17:52.316+0000] {dag.py:3036} INFO - Sync 1 DAGs
[2026-02-17T06:17:52.325+0000] {logging_mixin.py:188} INFO - [2026-02-17T06:17:52.325+0000] {dag.py:3823} INFO - Setting next_dagrun for ecommerce_etl_v2 to 2026-02-16 13:00:00+00:00, run_after=2026-02-17 13:00:00+00:00
[2026-02-17T06:17:52.333+0000] {processor.py:183} INFO - Processing /opt/airflow/dags/etl_dag.py took 0.257 seconds
[2026-02-17T06:18:22.518+0000] {processor.py:161} INFO - Started process (PID=56828) to work on /opt/airflow/dags/etl_dag.py
[2026-02-17T06:18:22.520+0000] {processor.py:830} INFO - Processing file /opt/airflow/dags/etl_dag.py for tasks to queue
[2026-02-17T06:18:22.520+0000] {logging_mixin.py:188} INFO - [2026-02-17T06:18:22.520+0000] {dagbag.py:538} INFO - Filling up the DagBag from /opt/airflow/dags/etl_dag.py
[2026-02-17T06:18:22.567+0000] {logging_mixin.py:188} INFO - Warning: Your Kaggle API key is readable by other users on this system! To fix this, you can run 'chmod 600 /home/airflow/.kaggle/kaggle.json'
[2026-02-17T06:18:22.723+0000] {logging_mixin.py:188} WARNING - /home/airflow/.local/lib/python3.8/site-packages/airflow/models/baseoperator.py:437 AirflowProviderDeprecationWarning: `exists_ok` parameter is deprecated, please use `if_exists`
[2026-02-17T06:18:22.731+0000] {processor.py:840} INFO - DAG(s) 'ecommerce_etl_v2' retrieved from /opt/airflow/dags/etl_dag.py
[2026-02-17T06:18:22.749+0000] {logging_mixin.py:188} INFO - [2026-02-17T06:18:22.748+0000] {dag.py:3036} INFO - Sync 1 DAGs
[2026-02-17T06:18:22.758+0000] {logging_mixin.py:188} INFO - [2026-02-17T06:18:22.758+0000] {dag.py:3823} INFO - Setting next_dagrun for ecommerce_etl_v2 to 2026-02-16 13:00:00+00:00, run_after=2026-02-17 13:00:00+00:00
[2026-02-17T06:18:22.767+0000] {processor.py:183} INFO - Processing /opt/airflow/dags/etl_dag.py took 0.254 seconds
[2026-02-17T06:18:52.977+0000] {processor.py:161} INFO - Started process (PID=56859) to work on /opt/airflow/dags/etl_dag.py
[2026-02-17T06:18:52.979+0000] {processor.py:830} INFO - Processing file /opt/airflow/dags/etl_dag.py for tasks to queue
[2026-02-17T06:18:52.979+0000] {logging_mixin.py:188} INFO - [2026-02-17T06:18:52.979+0000] {dagbag.py:538} INFO - Filling up the DagBag from /opt/airflow/dags/etl_dag.py
[2026-02-17T06:18:53.027+0000] {logging_mixin.py:188} INFO - Warning: Your Kaggle API key is readable by other users on this system! To fix this, you can run 'chmod 600 /home/airflow/.kaggle/kaggle.json'
[2026-02-17T06:18:53.183+0000] {logging_mixin.py:188} WARNING - /home/airflow/.local/lib/python3.8/site-packages/airflow/models/baseoperator.py:437 AirflowProviderDeprecationWarning: `exists_ok` parameter is deprecated, please use `if_exists`
[2026-02-17T06:18:53.193+0000] {processor.py:840} INFO - DAG(s) 'ecommerce_etl_v2' retrieved from /opt/airflow/dags/etl_dag.py
[2026-02-17T06:18:53.209+0000] {logging_mixin.py:188} INFO - [2026-02-17T06:18:53.209+0000] {dag.py:3036} INFO - Sync 1 DAGs
[2026-02-17T06:18:53.219+0000] {logging_mixin.py:188} INFO - [2026-02-17T06:18:53.219+0000] {dag.py:3823} INFO - Setting next_dagrun for ecommerce_etl_v2 to 2026-02-16 13:00:00+00:00, run_after=2026-02-17 13:00:00+00:00
[2026-02-17T06:18:53.227+0000] {processor.py:183} INFO - Processing /opt/airflow/dags/etl_dag.py took 0.254 seconds
[2026-02-17T06:19:23.352+0000] {processor.py:161} INFO - Started process (PID=56890) to work on /opt/airflow/dags/etl_dag.py
[2026-02-17T06:19:23.353+0000] {processor.py:830} INFO - Processing file /opt/airflow/dags/etl_dag.py for tasks to queue
[2026-02-17T06:19:23.354+0000] {logging_mixin.py:188} INFO - [2026-02-17T06:19:23.353+0000] {dagbag.py:538} INFO - Filling up the DagBag from /opt/airflow/dags/etl_dag.py
[2026-02-17T06:19:23.398+0000] {logging_mixin.py:188} INFO - Warning: Your Kaggle API key is readable by other users on this system! To fix this, you can run 'chmod 600 /home/airflow/.kaggle/kaggle.json'
[2026-02-17T06:19:23.561+0000] {logging_mixin.py:188} WARNING - /home/airflow/.local/lib/python3.8/site-packages/airflow/models/baseoperator.py:437 AirflowProviderDeprecationWarning: `exists_ok` parameter is deprecated, please use `if_exists`
[2026-02-17T06:19:23.570+0000] {processor.py:840} INFO - DAG(s) 'ecommerce_etl_v2' retrieved from /opt/airflow/dags/etl_dag.py
[2026-02-17T06:19:23.587+0000] {logging_mixin.py:188} INFO - [2026-02-17T06:19:23.587+0000] {dag.py:3036} INFO - Sync 1 DAGs
[2026-02-17T06:19:23.596+0000] {logging_mixin.py:188} INFO - [2026-02-17T06:19:23.596+0000] {dag.py:3823} INFO - Setting next_dagrun for ecommerce_etl_v2 to 2026-02-16 13:00:00+00:00, run_after=2026-02-17 13:00:00+00:00
[2026-02-17T06:19:23.604+0000] {processor.py:183} INFO - Processing /opt/airflow/dags/etl_dag.py took 0.256 seconds
[2026-02-17T06:19:53.803+0000] {processor.py:161} INFO - Started process (PID=56921) to work on /opt/airflow/dags/etl_dag.py
[2026-02-17T06:19:53.804+0000] {processor.py:830} INFO - Processing file /opt/airflow/dags/etl_dag.py for tasks to queue
[2026-02-17T06:19:53.805+0000] {logging_mixin.py:188} INFO - [2026-02-17T06:19:53.805+0000] {dagbag.py:538} INFO - Filling up the DagBag from /opt/airflow/dags/etl_dag.py
[2026-02-17T06:19:53.852+0000] {logging_mixin.py:188} INFO - Warning: Your Kaggle API key is readable by other users on this system! To fix this, you can run 'chmod 600 /home/airflow/.kaggle/kaggle.json'
[2026-02-17T06:19:54.006+0000] {logging_mixin.py:188} WARNING - /home/airflow/.local/lib/python3.8/site-packages/airflow/models/baseoperator.py:437 AirflowProviderDeprecationWarning: `exists_ok` parameter is deprecated, please use `if_exists`
[2026-02-17T06:19:54.015+0000] {processor.py:840} INFO - DAG(s) 'ecommerce_etl_v2' retrieved from /opt/airflow/dags/etl_dag.py
[2026-02-17T06:19:54.032+0000] {logging_mixin.py:188} INFO - [2026-02-17T06:19:54.032+0000] {dag.py:3036} INFO - Sync 1 DAGs
[2026-02-17T06:19:54.041+0000] {logging_mixin.py:188} INFO - [2026-02-17T06:19:54.041+0000] {dag.py:3823} INFO - Setting next_dagrun for ecommerce_etl_v2 to 2026-02-16 13:00:00+00:00, run_after=2026-02-17 13:00:00+00:00
[2026-02-17T06:19:54.050+0000] {processor.py:183} INFO - Processing /opt/airflow/dags/etl_dag.py took 0.252 seconds
[2026-02-17T06:20:24.210+0000] {processor.py:161} INFO - Started process (PID=56952) to work on /opt/airflow/dags/etl_dag.py
[2026-02-17T06:20:24.211+0000] {processor.py:830} INFO - Processing file /opt/airflow/dags/etl_dag.py for tasks to queue
[2026-02-17T06:20:24.212+0000] {logging_mixin.py:188} INFO - [2026-02-17T06:20:24.211+0000] {dagbag.py:538} INFO - Filling up the DagBag from /opt/airflow/dags/etl_dag.py
[2026-02-17T06:20:24.265+0000] {logging_mixin.py:188} INFO - Warning: Your Kaggle API key is readable by other users on this system! To fix this, you can run 'chmod 600 /home/airflow/.kaggle/kaggle.json'
[2026-02-17T06:20:24.436+0000] {logging_mixin.py:188} WARNING - /home/airflow/.local/lib/python3.8/site-packages/airflow/models/baseoperator.py:437 AirflowProviderDeprecationWarning: `exists_ok` parameter is deprecated, please use `if_exists`
[2026-02-17T06:20:24.447+0000] {processor.py:840} INFO - DAG(s) 'ecommerce_etl_v2' retrieved from /opt/airflow/dags/etl_dag.py
[2026-02-17T06:20:24.466+0000] {logging_mixin.py:188} INFO - [2026-02-17T06:20:24.466+0000] {dag.py:3036} INFO - Sync 1 DAGs
[2026-02-17T06:20:24.476+0000] {logging_mixin.py:188} INFO - [2026-02-17T06:20:24.476+0000] {dag.py:3823} INFO - Setting next_dagrun for ecommerce_etl_v2 to 2026-02-16 13:00:00+00:00, run_after=2026-02-17 13:00:00+00:00
[2026-02-17T06:20:24.484+0000] {processor.py:183} INFO - Processing /opt/airflow/dags/etl_dag.py took 0.277 seconds
[2026-02-17T06:20:54.634+0000] {processor.py:161} INFO - Started process (PID=56983) to work on /opt/airflow/dags/etl_dag.py
[2026-02-17T06:20:54.637+0000] {processor.py:830} INFO - Processing file /opt/airflow/dags/etl_dag.py for tasks to queue
[2026-02-17T06:20:54.638+0000] {logging_mixin.py:188} INFO - [2026-02-17T06:20:54.638+0000] {dagbag.py:538} INFO - Filling up the DagBag from /opt/airflow/dags/etl_dag.py
[2026-02-17T06:20:54.685+0000] {logging_mixin.py:188} INFO - Warning: Your Kaggle API key is readable by other users on this system! To fix this, you can run 'chmod 600 /home/airflow/.kaggle/kaggle.json'
[2026-02-17T06:20:54.844+0000] {logging_mixin.py:188} WARNING - /home/airflow/.local/lib/python3.8/site-packages/airflow/models/baseoperator.py:437 AirflowProviderDeprecationWarning: `exists_ok` parameter is deprecated, please use `if_exists`
[2026-02-17T06:20:54.852+0000] {processor.py:840} INFO - DAG(s) 'ecommerce_etl_v2' retrieved from /opt/airflow/dags/etl_dag.py
[2026-02-17T06:20:54.869+0000] {logging_mixin.py:188} INFO - [2026-02-17T06:20:54.869+0000] {dag.py:3036} INFO - Sync 1 DAGs
[2026-02-17T06:20:54.878+0000] {logging_mixin.py:188} INFO - [2026-02-17T06:20:54.878+0000] {dag.py:3823} INFO - Setting next_dagrun for ecommerce_etl_v2 to 2026-02-16 13:00:00+00:00, run_after=2026-02-17 13:00:00+00:00
[2026-02-17T06:20:54.887+0000] {processor.py:183} INFO - Processing /opt/airflow/dags/etl_dag.py took 0.258 seconds
[2026-02-17T06:21:25.042+0000] {processor.py:161} INFO - Started process (PID=57014) to work on /opt/airflow/dags/etl_dag.py
[2026-02-17T06:21:25.043+0000] {processor.py:830} INFO - Processing file /opt/airflow/dags/etl_dag.py for tasks to queue
[2026-02-17T06:21:25.044+0000] {logging_mixin.py:188} INFO - [2026-02-17T06:21:25.044+0000] {dagbag.py:538} INFO - Filling up the DagBag from /opt/airflow/dags/etl_dag.py
[2026-02-17T06:21:25.083+0000] {logging_mixin.py:188} INFO - Warning: Your Kaggle API key is readable by other users on this system! To fix this, you can run 'chmod 600 /home/airflow/.kaggle/kaggle.json'
[2026-02-17T06:21:25.239+0000] {logging_mixin.py:188} WARNING - /home/airflow/.local/lib/python3.8/site-packages/airflow/models/baseoperator.py:437 AirflowProviderDeprecationWarning: `exists_ok` parameter is deprecated, please use `if_exists`
[2026-02-17T06:21:25.247+0000] {processor.py:840} INFO - DAG(s) 'ecommerce_etl_v2' retrieved from /opt/airflow/dags/etl_dag.py
[2026-02-17T06:21:25.264+0000] {logging_mixin.py:188} INFO - [2026-02-17T06:21:25.264+0000] {dag.py:3036} INFO - Sync 1 DAGs
[2026-02-17T06:21:25.273+0000] {logging_mixin.py:188} INFO - [2026-02-17T06:21:25.273+0000] {dag.py:3823} INFO - Setting next_dagrun for ecommerce_etl_v2 to 2026-02-16 13:00:00+00:00, run_after=2026-02-17 13:00:00+00:00
[2026-02-17T06:21:25.281+0000] {processor.py:183} INFO - Processing /opt/airflow/dags/etl_dag.py took 0.241 seconds
[2026-02-17T06:21:55.412+0000] {processor.py:161} INFO - Started process (PID=57045) to work on /opt/airflow/dags/etl_dag.py
[2026-02-17T06:21:55.413+0000] {processor.py:830} INFO - Processing file /opt/airflow/dags/etl_dag.py for tasks to queue
[2026-02-17T06:21:55.413+0000] {logging_mixin.py:188} INFO - [2026-02-17T06:21:55.413+0000] {dagbag.py:538} INFO - Filling up the DagBag from /opt/airflow/dags/etl_dag.py
[2026-02-17T06:21:55.458+0000] {logging_mixin.py:188} INFO - Warning: Your Kaggle API key is readable by other users on this system! To fix this, you can run 'chmod 600 /home/airflow/.kaggle/kaggle.json'
[2026-02-17T06:21:55.612+0000] {logging_mixin.py:188} WARNING - /home/airflow/.local/lib/python3.8/site-packages/airflow/models/baseoperator.py:437 AirflowProviderDeprecationWarning: `exists_ok` parameter is deprecated, please use `if_exists`
[2026-02-17T06:21:55.620+0000] {processor.py:840} INFO - DAG(s) 'ecommerce_etl_v2' retrieved from /opt/airflow/dags/etl_dag.py
[2026-02-17T06:21:55.637+0000] {logging_mixin.py:188} INFO - [2026-02-17T06:21:55.637+0000] {dag.py:3036} INFO - Sync 1 DAGs
[2026-02-17T06:21:55.646+0000] {logging_mixin.py:188} INFO - [2026-02-17T06:21:55.646+0000] {dag.py:3823} INFO - Setting next_dagrun for ecommerce_etl_v2 to 2026-02-16 13:00:00+00:00, run_after=2026-02-17 13:00:00+00:00
[2026-02-17T06:21:55.654+0000] {processor.py:183} INFO - Processing /opt/airflow/dags/etl_dag.py took 0.245 seconds
[2026-02-17T06:22:25.862+0000] {processor.py:161} INFO - Started process (PID=57076) to work on /opt/airflow/dags/etl_dag.py
[2026-02-17T06:22:25.863+0000] {processor.py:830} INFO - Processing file /opt/airflow/dags/etl_dag.py for tasks to queue
[2026-02-17T06:22:25.864+0000] {logging_mixin.py:188} INFO - [2026-02-17T06:22:25.864+0000] {dagbag.py:538} INFO - Filling up the DagBag from /opt/airflow/dags/etl_dag.py
[2026-02-17T06:22:25.909+0000] {logging_mixin.py:188} INFO - Warning: Your Kaggle API key is readable by other users on this system! To fix this, you can run 'chmod 600 /home/airflow/.kaggle/kaggle.json'
[2026-02-17T06:22:26.073+0000] {logging_mixin.py:188} WARNING - /home/airflow/.local/lib/python3.8/site-packages/airflow/models/baseoperator.py:437 AirflowProviderDeprecationWarning: `exists_ok` parameter is deprecated, please use `if_exists`
[2026-02-17T06:22:26.081+0000] {processor.py:840} INFO - DAG(s) 'ecommerce_etl_v2' retrieved from /opt/airflow/dags/etl_dag.py
[2026-02-17T06:22:26.098+0000] {logging_mixin.py:188} INFO - [2026-02-17T06:22:26.098+0000] {dag.py:3036} INFO - Sync 1 DAGs
[2026-02-17T06:22:26.108+0000] {logging_mixin.py:188} INFO - [2026-02-17T06:22:26.108+0000] {dag.py:3823} INFO - Setting next_dagrun for ecommerce_etl_v2 to 2026-02-16 13:00:00+00:00, run_after=2026-02-17 13:00:00+00:00
[2026-02-17T06:22:26.116+0000] {processor.py:183} INFO - Processing /opt/airflow/dags/etl_dag.py took 0.257 seconds
[2026-02-17T06:22:56.265+0000] {processor.py:161} INFO - Started process (PID=57107) to work on /opt/airflow/dags/etl_dag.py
[2026-02-17T06:22:56.266+0000] {processor.py:830} INFO - Processing file /opt/airflow/dags/etl_dag.py for tasks to queue
[2026-02-17T06:22:56.267+0000] {logging_mixin.py:188} INFO - [2026-02-17T06:22:56.266+0000] {dagbag.py:538} INFO - Filling up the DagBag from /opt/airflow/dags/etl_dag.py
[2026-02-17T06:22:56.311+0000] {logging_mixin.py:188} INFO - Warning: Your Kaggle API key is readable by other users on this system! To fix this, you can run 'chmod 600 /home/airflow/.kaggle/kaggle.json'
[2026-02-17T06:22:56.495+0000] {logging_mixin.py:188} WARNING - /home/airflow/.local/lib/python3.8/site-packages/airflow/models/baseoperator.py:437 AirflowProviderDeprecationWarning: `exists_ok` parameter is deprecated, please use `if_exists`
[2026-02-17T06:22:56.504+0000] {processor.py:840} INFO - DAG(s) 'ecommerce_etl_v2' retrieved from /opt/airflow/dags/etl_dag.py
[2026-02-17T06:22:56.521+0000] {logging_mixin.py:188} INFO - [2026-02-17T06:22:56.520+0000] {dag.py:3036} INFO - Sync 1 DAGs
[2026-02-17T06:22:56.530+0000] {logging_mixin.py:188} INFO - [2026-02-17T06:22:56.530+0000] {dag.py:3823} INFO - Setting next_dagrun for ecommerce_etl_v2 to 2026-02-16 13:00:00+00:00, run_after=2026-02-17 13:00:00+00:00
[2026-02-17T06:22:56.539+0000] {processor.py:183} INFO - Processing /opt/airflow/dags/etl_dag.py took 0.278 seconds
[2026-02-17T06:23:26.719+0000] {processor.py:161} INFO - Started process (PID=57138) to work on /opt/airflow/dags/etl_dag.py
[2026-02-17T06:23:26.719+0000] {processor.py:830} INFO - Processing file /opt/airflow/dags/etl_dag.py for tasks to queue
[2026-02-17T06:23:26.720+0000] {logging_mixin.py:188} INFO - [2026-02-17T06:23:26.720+0000] {dagbag.py:538} INFO - Filling up the DagBag from /opt/airflow/dags/etl_dag.py
[2026-02-17T06:23:26.757+0000] {logging_mixin.py:188} INFO - Warning: Your Kaggle API key is readable by other users on this system! To fix this, you can run 'chmod 600 /home/airflow/.kaggle/kaggle.json'
[2026-02-17T06:23:26.918+0000] {logging_mixin.py:188} WARNING - /home/airflow/.local/lib/python3.8/site-packages/airflow/models/baseoperator.py:437 AirflowProviderDeprecationWarning: `exists_ok` parameter is deprecated, please use `if_exists`
[2026-02-17T06:23:26.927+0000] {processor.py:840} INFO - DAG(s) 'ecommerce_etl_v2' retrieved from /opt/airflow/dags/etl_dag.py
[2026-02-17T06:23:26.944+0000] {logging_mixin.py:188} INFO - [2026-02-17T06:23:26.944+0000] {dag.py:3036} INFO - Sync 1 DAGs
[2026-02-17T06:23:26.954+0000] {logging_mixin.py:188} INFO - [2026-02-17T06:23:26.954+0000] {dag.py:3823} INFO - Setting next_dagrun for ecommerce_etl_v2 to 2026-02-16 13:00:00+00:00, run_after=2026-02-17 13:00:00+00:00
[2026-02-17T06:23:26.962+0000] {processor.py:183} INFO - Processing /opt/airflow/dags/etl_dag.py took 0.245 seconds
[2026-02-17T06:23:57.199+0000] {processor.py:161} INFO - Started process (PID=57169) to work on /opt/airflow/dags/etl_dag.py
[2026-02-17T06:23:57.200+0000] {processor.py:830} INFO - Processing file /opt/airflow/dags/etl_dag.py for tasks to queue
[2026-02-17T06:23:57.200+0000] {logging_mixin.py:188} INFO - [2026-02-17T06:23:57.200+0000] {dagbag.py:538} INFO - Filling up the DagBag from /opt/airflow/dags/etl_dag.py
[2026-02-17T06:23:57.244+0000] {logging_mixin.py:188} INFO - Warning: Your Kaggle API key is readable by other users on this system! To fix this, you can run 'chmod 600 /home/airflow/.kaggle/kaggle.json'
[2026-02-17T06:23:57.418+0000] {logging_mixin.py:188} WARNING - /home/airflow/.local/lib/python3.8/site-packages/airflow/models/baseoperator.py:437 AirflowProviderDeprecationWarning: `exists_ok` parameter is deprecated, please use `if_exists`
[2026-02-17T06:23:57.426+0000] {processor.py:840} INFO - DAG(s) 'ecommerce_etl_v2' retrieved from /opt/airflow/dags/etl_dag.py
[2026-02-17T06:23:57.443+0000] {logging_mixin.py:188} INFO - [2026-02-17T06:23:57.443+0000] {dag.py:3036} INFO - Sync 1 DAGs
[2026-02-17T06:23:57.453+0000] {logging_mixin.py:188} INFO - [2026-02-17T06:23:57.453+0000] {dag.py:3823} INFO - Setting next_dagrun for ecommerce_etl_v2 to 2026-02-16 13:00:00+00:00, run_after=2026-02-17 13:00:00+00:00
[2026-02-17T06:23:57.463+0000] {processor.py:183} INFO - Processing /opt/airflow/dags/etl_dag.py took 0.268 seconds
[2026-02-17T06:24:27.760+0000] {processor.py:161} INFO - Started process (PID=57200) to work on /opt/airflow/dags/etl_dag.py
[2026-02-17T06:24:27.762+0000] {processor.py:830} INFO - Processing file /opt/airflow/dags/etl_dag.py for tasks to queue
[2026-02-17T06:24:27.763+0000] {logging_mixin.py:188} INFO - [2026-02-17T06:24:27.762+0000] {dagbag.py:538} INFO - Filling up the DagBag from /opt/airflow/dags/etl_dag.py
[2026-02-17T06:24:27.811+0000] {logging_mixin.py:188} INFO - Warning: Your Kaggle API key is readable by other users on this system! To fix this, you can run 'chmod 600 /home/airflow/.kaggle/kaggle.json'
[2026-02-17T06:24:27.988+0000] {logging_mixin.py:188} WARNING - /home/airflow/.local/lib/python3.8/site-packages/airflow/models/baseoperator.py:437 AirflowProviderDeprecationWarning: `exists_ok` parameter is deprecated, please use `if_exists`
[2026-02-17T06:24:27.998+0000] {processor.py:840} INFO - DAG(s) 'ecommerce_etl_v2' retrieved from /opt/airflow/dags/etl_dag.py
[2026-02-17T06:24:28.018+0000] {logging_mixin.py:188} INFO - [2026-02-17T06:24:28.018+0000] {dag.py:3036} INFO - Sync 1 DAGs
[2026-02-17T06:24:28.030+0000] {logging_mixin.py:188} INFO - [2026-02-17T06:24:28.030+0000] {dag.py:3823} INFO - Setting next_dagrun for ecommerce_etl_v2 to 2026-02-16 13:00:00+00:00, run_after=2026-02-17 13:00:00+00:00
[2026-02-17T06:24:28.040+0000] {processor.py:183} INFO - Processing /opt/airflow/dags/etl_dag.py took 0.285 seconds
[2026-02-17T06:24:58.095+0000] {processor.py:161} INFO - Started process (PID=57231) to work on /opt/airflow/dags/etl_dag.py
[2026-02-17T06:24:58.097+0000] {processor.py:830} INFO - Processing file /opt/airflow/dags/etl_dag.py for tasks to queue
[2026-02-17T06:24:58.098+0000] {logging_mixin.py:188} INFO - [2026-02-17T06:24:58.097+0000] {dagbag.py:538} INFO - Filling up the DagBag from /opt/airflow/dags/etl_dag.py
[2026-02-17T06:24:58.142+0000] {logging_mixin.py:188} INFO - Warning: Your Kaggle API key is readable by other users on this system! To fix this, you can run 'chmod 600 /home/airflow/.kaggle/kaggle.json'
[2026-02-17T06:24:58.298+0000] {logging_mixin.py:188} WARNING - /home/airflow/.local/lib/python3.8/site-packages/airflow/models/baseoperator.py:437 AirflowProviderDeprecationWarning: `exists_ok` parameter is deprecated, please use `if_exists`
[2026-02-17T06:24:58.307+0000] {processor.py:840} INFO - DAG(s) 'ecommerce_etl_v2' retrieved from /opt/airflow/dags/etl_dag.py
[2026-02-17T06:24:58.323+0000] {logging_mixin.py:188} INFO - [2026-02-17T06:24:58.323+0000] {dag.py:3036} INFO - Sync 1 DAGs
[2026-02-17T06:24:58.332+0000] {logging_mixin.py:188} INFO - [2026-02-17T06:24:58.332+0000] {dag.py:3823} INFO - Setting next_dagrun for ecommerce_etl_v2 to 2026-02-16 13:00:00+00:00, run_after=2026-02-17 13:00:00+00:00
[2026-02-17T06:24:58.340+0000] {processor.py:183} INFO - Processing /opt/airflow/dags/etl_dag.py took 0.250 seconds
[2026-02-17T06:25:28.682+0000] {processor.py:161} INFO - Started process (PID=57262) to work on /opt/airflow/dags/etl_dag.py
[2026-02-17T06:25:28.684+0000] {processor.py:830} INFO - Processing file /opt/airflow/dags/etl_dag.py for tasks to queue
[2026-02-17T06:25:28.684+0000] {logging_mixin.py:188} INFO - [2026-02-17T06:25:28.684+0000] {dagbag.py:538} INFO - Filling up the DagBag from /opt/airflow/dags/etl_dag.py
[2026-02-17T06:25:28.732+0000] {logging_mixin.py:188} INFO - Warning: Your Kaggle API key is readable by other users on this system! To fix this, you can run 'chmod 600 /home/airflow/.kaggle/kaggle.json'
[2026-02-17T06:25:28.882+0000] {logging_mixin.py:188} WARNING - /home/airflow/.local/lib/python3.8/site-packages/airflow/models/baseoperator.py:437 AirflowProviderDeprecationWarning: `exists_ok` parameter is deprecated, please use `if_exists`
[2026-02-17T06:25:28.890+0000] {processor.py:840} INFO - DAG(s) 'ecommerce_etl_v2' retrieved from /opt/airflow/dags/etl_dag.py
[2026-02-17T06:25:28.907+0000] {logging_mixin.py:188} INFO - [2026-02-17T06:25:28.907+0000] {dag.py:3036} INFO - Sync 1 DAGs
[2026-02-17T06:25:28.916+0000] {logging_mixin.py:188} INFO - [2026-02-17T06:25:28.916+0000] {dag.py:3823} INFO - Setting next_dagrun for ecommerce_etl_v2 to 2026-02-16 13:00:00+00:00, run_after=2026-02-17 13:00:00+00:00
[2026-02-17T06:25:28.923+0000] {processor.py:183} INFO - Processing /opt/airflow/dags/etl_dag.py took 0.245 seconds
[2026-02-17T06:25:59.026+0000] {processor.py:161} INFO - Started process (PID=57293) to work on /opt/airflow/dags/etl_dag.py
[2026-02-17T06:25:59.029+0000] {processor.py:830} INFO - Processing file /opt/airflow/dags/etl_dag.py for tasks to queue
[2026-02-17T06:25:59.030+0000] {logging_mixin.py:188} INFO - [2026-02-17T06:25:59.030+0000] {dagbag.py:538} INFO - Filling up the DagBag from /opt/airflow/dags/etl_dag.py
[2026-02-17T06:25:59.086+0000] {logging_mixin.py:188} INFO - Warning: Your Kaggle API key is readable by other users on this system! To fix this, you can run 'chmod 600 /home/airflow/.kaggle/kaggle.json'
[2026-02-17T06:25:59.301+0000] {logging_mixin.py:188} WARNING - /home/airflow/.local/lib/python3.8/site-packages/airflow/models/baseoperator.py:437 AirflowProviderDeprecationWarning: `exists_ok` parameter is deprecated, please use `if_exists`
[2026-02-17T06:25:59.315+0000] {processor.py:840} INFO - DAG(s) 'ecommerce_etl_v2' retrieved from /opt/airflow/dags/etl_dag.py
[2026-02-17T06:25:59.335+0000] {logging_mixin.py:188} INFO - [2026-02-17T06:25:59.335+0000] {dag.py:3036} INFO - Sync 1 DAGs
[2026-02-17T06:25:59.349+0000] {logging_mixin.py:188} INFO - [2026-02-17T06:25:59.349+0000] {dag.py:3823} INFO - Setting next_dagrun for ecommerce_etl_v2 to 2026-02-16 13:00:00+00:00, run_after=2026-02-17 13:00:00+00:00
[2026-02-17T06:25:59.361+0000] {processor.py:183} INFO - Processing /opt/airflow/dags/etl_dag.py took 0.341 seconds
[2026-02-17T06:26:29.495+0000] {processor.py:161} INFO - Started process (PID=57324) to work on /opt/airflow/dags/etl_dag.py
[2026-02-17T06:26:29.496+0000] {processor.py:830} INFO - Processing file /opt/airflow/dags/etl_dag.py for tasks to queue
[2026-02-17T06:26:29.497+0000] {logging_mixin.py:188} INFO - [2026-02-17T06:26:29.497+0000] {dagbag.py:538} INFO - Filling up the DagBag from /opt/airflow/dags/etl_dag.py
[2026-02-17T06:26:29.553+0000] {logging_mixin.py:188} INFO - Warning: Your Kaggle API key is readable by other users on this system! To fix this, you can run 'chmod 600 /home/airflow/.kaggle/kaggle.json'
[2026-02-17T06:26:29.731+0000] {logging_mixin.py:188} WARNING - /home/airflow/.local/lib/python3.8/site-packages/airflow/models/baseoperator.py:437 AirflowProviderDeprecationWarning: `exists_ok` parameter is deprecated, please use `if_exists`
[2026-02-17T06:26:29.740+0000] {processor.py:840} INFO - DAG(s) 'ecommerce_etl_v2' retrieved from /opt/airflow/dags/etl_dag.py
[2026-02-17T06:26:29.760+0000] {logging_mixin.py:188} INFO - [2026-02-17T06:26:29.760+0000] {dag.py:3036} INFO - Sync 1 DAGs
[2026-02-17T06:26:29.770+0000] {logging_mixin.py:188} INFO - [2026-02-17T06:26:29.770+0000] {dag.py:3823} INFO - Setting next_dagrun for ecommerce_etl_v2 to 2026-02-16 13:00:00+00:00, run_after=2026-02-17 13:00:00+00:00
[2026-02-17T06:26:29.780+0000] {processor.py:183} INFO - Processing /opt/airflow/dags/etl_dag.py took 0.290 seconds
[2026-02-17T06:26:59.866+0000] {processor.py:161} INFO - Started process (PID=57355) to work on /opt/airflow/dags/etl_dag.py
[2026-02-17T06:26:59.868+0000] {processor.py:830} INFO - Processing file /opt/airflow/dags/etl_dag.py for tasks to queue
[2026-02-17T06:26:59.869+0000] {logging_mixin.py:188} INFO - [2026-02-17T06:26:59.868+0000] {dagbag.py:538} INFO - Filling up the DagBag from /opt/airflow/dags/etl_dag.py
[2026-02-17T06:26:59.915+0000] {logging_mixin.py:188} INFO - Warning: Your Kaggle API key is readable by other users on this system! To fix this, you can run 'chmod 600 /home/airflow/.kaggle/kaggle.json'
[2026-02-17T06:27:00.073+0000] {logging_mixin.py:188} WARNING - /home/airflow/.local/lib/python3.8/site-packages/airflow/models/baseoperator.py:437 AirflowProviderDeprecationWarning: `exists_ok` parameter is deprecated, please use `if_exists`
[2026-02-17T06:27:00.081+0000] {processor.py:840} INFO - DAG(s) 'ecommerce_etl_v2' retrieved from /opt/airflow/dags/etl_dag.py
[2026-02-17T06:27:00.097+0000] {logging_mixin.py:188} INFO - [2026-02-17T06:27:00.097+0000] {dag.py:3036} INFO - Sync 1 DAGs
[2026-02-17T06:27:00.106+0000] {logging_mixin.py:188} INFO - [2026-02-17T06:27:00.106+0000] {dag.py:3823} INFO - Setting next_dagrun for ecommerce_etl_v2 to 2026-02-16 13:00:00+00:00, run_after=2026-02-17 13:00:00+00:00
[2026-02-17T06:27:00.114+0000] {processor.py:183} INFO - Processing /opt/airflow/dags/etl_dag.py took 0.253 seconds
[2026-02-17T06:27:30.326+0000] {processor.py:161} INFO - Started process (PID=57386) to work on /opt/airflow/dags/etl_dag.py
[2026-02-17T06:27:30.327+0000] {processor.py:830} INFO - Processing file /opt/airflow/dags/etl_dag.py for tasks to queue
[2026-02-17T06:27:30.328+0000] {logging_mixin.py:188} INFO - [2026-02-17T06:27:30.328+0000] {dagbag.py:538} INFO - Filling up the DagBag from /opt/airflow/dags/etl_dag.py
[2026-02-17T06:27:30.374+0000] {logging_mixin.py:188} INFO - Warning: Your Kaggle API key is readable by other users on this system! To fix this, you can run 'chmod 600 /home/airflow/.kaggle/kaggle.json'
[2026-02-17T06:27:30.528+0000] {logging_mixin.py:188} WARNING - /home/airflow/.local/lib/python3.8/site-packages/airflow/models/baseoperator.py:437 AirflowProviderDeprecationWarning: `exists_ok` parameter is deprecated, please use `if_exists`
[2026-02-17T06:27:30.537+0000] {processor.py:840} INFO - DAG(s) 'ecommerce_etl_v2' retrieved from /opt/airflow/dags/etl_dag.py
[2026-02-17T06:27:30.554+0000] {logging_mixin.py:188} INFO - [2026-02-17T06:27:30.554+0000] {dag.py:3036} INFO - Sync 1 DAGs
[2026-02-17T06:27:30.563+0000] {logging_mixin.py:188} INFO - [2026-02-17T06:27:30.563+0000] {dag.py:3823} INFO - Setting next_dagrun for ecommerce_etl_v2 to 2026-02-16 13:00:00+00:00, run_after=2026-02-17 13:00:00+00:00
[2026-02-17T06:27:30.572+0000] {processor.py:183} INFO - Processing /opt/airflow/dags/etl_dag.py took 0.249 seconds
[2026-02-17T06:28:00.858+0000] {processor.py:161} INFO - Started process (PID=57417) to work on /opt/airflow/dags/etl_dag.py
[2026-02-17T06:28:00.859+0000] {processor.py:830} INFO - Processing file /opt/airflow/dags/etl_dag.py for tasks to queue
[2026-02-17T06:28:00.860+0000] {logging_mixin.py:188} INFO - [2026-02-17T06:28:00.860+0000] {dagbag.py:538} INFO - Filling up the DagBag from /opt/airflow/dags/etl_dag.py
[2026-02-17T06:28:00.907+0000] {logging_mixin.py:188} INFO - Warning: Your Kaggle API key is readable by other users on this system! To fix this, you can run 'chmod 600 /home/airflow/.kaggle/kaggle.json'
[2026-02-17T06:28:01.064+0000] {logging_mixin.py:188} WARNING - /home/airflow/.local/lib/python3.8/site-packages/airflow/models/baseoperator.py:437 AirflowProviderDeprecationWarning: `exists_ok` parameter is deprecated, please use `if_exists`
[2026-02-17T06:28:01.075+0000] {processor.py:840} INFO - DAG(s) 'ecommerce_etl_v2' retrieved from /opt/airflow/dags/etl_dag.py
[2026-02-17T06:28:01.092+0000] {logging_mixin.py:188} INFO - [2026-02-17T06:28:01.091+0000] {dag.py:3036} INFO - Sync 1 DAGs
[2026-02-17T06:28:01.100+0000] {logging_mixin.py:188} INFO - [2026-02-17T06:28:01.100+0000] {dag.py:3823} INFO - Setting next_dagrun for ecommerce_etl_v2 to 2026-02-16 13:00:00+00:00, run_after=2026-02-17 13:00:00+00:00
[2026-02-17T06:28:01.108+0000] {processor.py:183} INFO - Processing /opt/airflow/dags/etl_dag.py took 0.255 seconds
[2026-02-17T06:28:31.143+0000] {processor.py:161} INFO - Started process (PID=57448) to work on /opt/airflow/dags/etl_dag.py
[2026-02-17T06:28:31.144+0000] {processor.py:830} INFO - Processing file /opt/airflow/dags/etl_dag.py for tasks to queue
[2026-02-17T06:28:31.145+0000] {logging_mixin.py:188} INFO - [2026-02-17T06:28:31.145+0000] {dagbag.py:538} INFO - Filling up the DagBag from /opt/airflow/dags/etl_dag.py
[2026-02-17T06:28:31.182+0000] {logging_mixin.py:188} INFO - Warning: Your Kaggle API key is readable by other users on this system! To fix this, you can run 'chmod 600 /home/airflow/.kaggle/kaggle.json'
[2026-02-17T06:28:31.336+0000] {logging_mixin.py:188} WARNING - /home/airflow/.local/lib/python3.8/site-packages/airflow/models/baseoperator.py:437 AirflowProviderDeprecationWarning: `exists_ok` parameter is deprecated, please use `if_exists`
[2026-02-17T06:28:31.345+0000] {processor.py:840} INFO - DAG(s) 'ecommerce_etl_v2' retrieved from /opt/airflow/dags/etl_dag.py
[2026-02-17T06:28:31.362+0000] {logging_mixin.py:188} INFO - [2026-02-17T06:28:31.361+0000] {dag.py:3036} INFO - Sync 1 DAGs
[2026-02-17T06:28:31.371+0000] {logging_mixin.py:188} INFO - [2026-02-17T06:28:31.371+0000] {dag.py:3823} INFO - Setting next_dagrun for ecommerce_etl_v2 to 2026-02-16 13:00:00+00:00, run_after=2026-02-17 13:00:00+00:00
[2026-02-17T06:28:31.379+0000] {processor.py:183} INFO - Processing /opt/airflow/dags/etl_dag.py took 0.238 seconds
[2026-02-17T06:29:01.697+0000] {processor.py:161} INFO - Started process (PID=57479) to work on /opt/airflow/dags/etl_dag.py
[2026-02-17T06:29:01.698+0000] {processor.py:830} INFO - Processing file /opt/airflow/dags/etl_dag.py for tasks to queue
[2026-02-17T06:29:01.699+0000] {logging_mixin.py:188} INFO - [2026-02-17T06:29:01.698+0000] {dagbag.py:538} INFO - Filling up the DagBag from /opt/airflow/dags/etl_dag.py
[2026-02-17T06:29:01.840+0000] {logging_mixin.py:188} INFO - Warning: Your Kaggle API key is readable by other users on this system! To fix this, you can run 'chmod 600 /home/airflow/.kaggle/kaggle.json'
[2026-02-17T06:29:01.899+0000] {logging_mixin.py:188} WARNING - /home/airflow/.local/lib/python3.8/site-packages/airflow/models/baseoperator.py:437 AirflowProviderDeprecationWarning: `exists_ok` parameter is deprecated, please use `if_exists`
[2026-02-17T06:29:01.907+0000] {processor.py:840} INFO - DAG(s) 'ecommerce_etl_v2' retrieved from /opt/airflow/dags/etl_dag.py
[2026-02-17T06:29:01.925+0000] {logging_mixin.py:188} INFO - [2026-02-17T06:29:01.925+0000] {dag.py:3036} INFO - Sync 1 DAGs
[2026-02-17T06:29:01.934+0000] {logging_mixin.py:188} INFO - [2026-02-17T06:29:01.934+0000] {dag.py:3823} INFO - Setting next_dagrun for ecommerce_etl_v2 to 2026-02-16 13:00:00+00:00, run_after=2026-02-17 13:00:00+00:00
[2026-02-17T06:29:01.942+0000] {processor.py:183} INFO - Processing /opt/airflow/dags/etl_dag.py took 0.248 seconds
[2026-02-17T06:29:32.017+0000] {processor.py:161} INFO - Started process (PID=57510) to work on /opt/airflow/dags/etl_dag.py
[2026-02-17T06:29:32.019+0000] {processor.py:830} INFO - Processing file /opt/airflow/dags/etl_dag.py for tasks to queue
[2026-02-17T06:29:32.020+0000] {logging_mixin.py:188} INFO - [2026-02-17T06:29:32.020+0000] {dagbag.py:538} INFO - Filling up the DagBag from /opt/airflow/dags/etl_dag.py
[2026-02-17T06:29:32.159+0000] {logging_mixin.py:188} INFO - Warning: Your Kaggle API key is readable by other users on this system! To fix this, you can run 'chmod 600 /home/airflow/.kaggle/kaggle.json'
[2026-02-17T06:29:32.217+0000] {logging_mixin.py:188} WARNING - /home/airflow/.local/lib/python3.8/site-packages/airflow/models/baseoperator.py:437 AirflowProviderDeprecationWarning: `exists_ok` parameter is deprecated, please use `if_exists`
[2026-02-17T06:29:32.226+0000] {processor.py:840} INFO - DAG(s) 'ecommerce_etl_v2' retrieved from /opt/airflow/dags/etl_dag.py
[2026-02-17T06:29:32.242+0000] {logging_mixin.py:188} INFO - [2026-02-17T06:29:32.242+0000] {dag.py:3036} INFO - Sync 1 DAGs
[2026-02-17T06:29:32.252+0000] {logging_mixin.py:188} INFO - [2026-02-17T06:29:32.252+0000] {dag.py:3823} INFO - Setting next_dagrun for ecommerce_etl_v2 to 2026-02-16 13:00:00+00:00, run_after=2026-02-17 13:00:00+00:00
[2026-02-17T06:29:32.260+0000] {processor.py:183} INFO - Processing /opt/airflow/dags/etl_dag.py took 0.247 seconds
[2026-02-17T06:30:02.434+0000] {processor.py:161} INFO - Started process (PID=57541) to work on /opt/airflow/dags/etl_dag.py
[2026-02-17T06:30:02.436+0000] {processor.py:830} INFO - Processing file /opt/airflow/dags/etl_dag.py for tasks to queue
[2026-02-17T06:30:02.437+0000] {logging_mixin.py:188} INFO - [2026-02-17T06:30:02.436+0000] {dagbag.py:538} INFO - Filling up the DagBag from /opt/airflow/dags/etl_dag.py
[2026-02-17T06:30:02.585+0000] {logging_mixin.py:188} INFO - Warning: Your Kaggle API key is readable by other users on this system! To fix this, you can run 'chmod 600 /home/airflow/.kaggle/kaggle.json'
[2026-02-17T06:30:02.642+0000] {logging_mixin.py:188} WARNING - /home/airflow/.local/lib/python3.8/site-packages/airflow/models/baseoperator.py:437 AirflowProviderDeprecationWarning: `exists_ok` parameter is deprecated, please use `if_exists`
[2026-02-17T06:30:02.650+0000] {processor.py:840} INFO - DAG(s) 'ecommerce_etl_v2' retrieved from /opt/airflow/dags/etl_dag.py
[2026-02-17T06:30:02.667+0000] {logging_mixin.py:188} INFO - [2026-02-17T06:30:02.666+0000] {dag.py:3036} INFO - Sync 1 DAGs
[2026-02-17T06:30:02.676+0000] {logging_mixin.py:188} INFO - [2026-02-17T06:30:02.676+0000] {dag.py:3823} INFO - Setting next_dagrun for ecommerce_etl_v2 to 2026-02-16 13:00:00+00:00, run_after=2026-02-17 13:00:00+00:00
[2026-02-17T06:30:02.684+0000] {processor.py:183} INFO - Processing /opt/airflow/dags/etl_dag.py took 0.254 seconds
[2026-02-17T06:30:32.935+0000] {processor.py:161} INFO - Started process (PID=57572) to work on /opt/airflow/dags/etl_dag.py
[2026-02-17T06:30:32.935+0000] {processor.py:830} INFO - Processing file /opt/airflow/dags/etl_dag.py for tasks to queue
[2026-02-17T06:30:32.936+0000] {logging_mixin.py:188} INFO - [2026-02-17T06:30:32.936+0000] {dagbag.py:538} INFO - Filling up the DagBag from /opt/airflow/dags/etl_dag.py
[2026-02-17T06:30:32.987+0000] {logging_mixin.py:188} INFO - Warning: Your Kaggle API key is readable by other users on this system! To fix this, you can run 'chmod 600 /home/airflow/.kaggle/kaggle.json'
[2026-02-17T06:30:33.051+0000] {logging_mixin.py:188} WARNING - /home/airflow/.local/lib/python3.8/site-packages/airflow/models/baseoperator.py:437 AirflowProviderDeprecationWarning: `exists_ok` parameter is deprecated, please use `if_exists`
[2026-02-17T06:30:33.061+0000] {processor.py:840} INFO - DAG(s) 'ecommerce_etl_v2' retrieved from /opt/airflow/dags/etl_dag.py
[2026-02-17T06:30:33.083+0000] {logging_mixin.py:188} INFO - [2026-02-17T06:30:33.083+0000] {dag.py:3036} INFO - Sync 1 DAGs
[2026-02-17T06:30:33.097+0000] {logging_mixin.py:188} INFO - [2026-02-17T06:30:33.097+0000] {dag.py:3823} INFO - Setting next_dagrun for ecommerce_etl_v2 to 2026-02-16 13:00:00+00:00, run_after=2026-02-17 13:00:00+00:00
[2026-02-17T06:30:33.106+0000] {processor.py:183} INFO - Processing /opt/airflow/dags/etl_dag.py took 0.174 seconds
[2026-02-17T06:31:03.257+0000] {processor.py:161} INFO - Started process (PID=57603) to work on /opt/airflow/dags/etl_dag.py
[2026-02-17T06:31:03.258+0000] {processor.py:830} INFO - Processing file /opt/airflow/dags/etl_dag.py for tasks to queue
[2026-02-17T06:31:03.259+0000] {logging_mixin.py:188} INFO - [2026-02-17T06:31:03.259+0000] {dagbag.py:538} INFO - Filling up the DagBag from /opt/airflow/dags/etl_dag.py
[2026-02-17T06:31:03.308+0000] {logging_mixin.py:188} INFO - Warning: Your Kaggle API key is readable by other users on this system! To fix this, you can run 'chmod 600 /home/airflow/.kaggle/kaggle.json'
[2026-02-17T06:31:03.370+0000] {logging_mixin.py:188} WARNING - /home/airflow/.local/lib/python3.8/site-packages/airflow/models/baseoperator.py:437 AirflowProviderDeprecationWarning: `exists_ok` parameter is deprecated, please use `if_exists`
[2026-02-17T06:31:03.379+0000] {processor.py:840} INFO - DAG(s) 'ecommerce_etl_v2' retrieved from /opt/airflow/dags/etl_dag.py
[2026-02-17T06:31:03.398+0000] {logging_mixin.py:188} INFO - [2026-02-17T06:31:03.398+0000] {dag.py:3036} INFO - Sync 1 DAGs
[2026-02-17T06:31:03.409+0000] {logging_mixin.py:188} INFO - [2026-02-17T06:31:03.409+0000] {dag.py:3823} INFO - Setting next_dagrun for ecommerce_etl_v2 to 2026-02-16 13:00:00+00:00, run_after=2026-02-17 13:00:00+00:00
[2026-02-17T06:31:03.418+0000] {processor.py:183} INFO - Processing /opt/airflow/dags/etl_dag.py took 0.166 seconds
[2026-02-17T06:31:33.725+0000] {processor.py:161} INFO - Started process (PID=57634) to work on /opt/airflow/dags/etl_dag.py
[2026-02-17T06:31:33.727+0000] {processor.py:830} INFO - Processing file /opt/airflow/dags/etl_dag.py for tasks to queue
[2026-02-17T06:31:33.728+0000] {logging_mixin.py:188} INFO - [2026-02-17T06:31:33.727+0000] {dagbag.py:538} INFO - Filling up the DagBag from /opt/airflow/dags/etl_dag.py
[2026-02-17T06:31:33.775+0000] {logging_mixin.py:188} INFO - Warning: Your Kaggle API key is readable by other users on this system! To fix this, you can run 'chmod 600 /home/airflow/.kaggle/kaggle.json'
[2026-02-17T06:31:33.835+0000] {logging_mixin.py:188} WARNING - /home/airflow/.local/lib/python3.8/site-packages/airflow/models/baseoperator.py:437 AirflowProviderDeprecationWarning: `exists_ok` parameter is deprecated, please use `if_exists`
[2026-02-17T06:31:33.844+0000] {processor.py:840} INFO - DAG(s) 'ecommerce_etl_v2' retrieved from /opt/airflow/dags/etl_dag.py
[2026-02-17T06:31:33.863+0000] {logging_mixin.py:188} INFO - [2026-02-17T06:31:33.863+0000] {dag.py:3036} INFO - Sync 1 DAGs
[2026-02-17T06:31:33.875+0000] {logging_mixin.py:188} INFO - [2026-02-17T06:31:33.875+0000] {dag.py:3823} INFO - Setting next_dagrun for ecommerce_etl_v2 to 2026-02-16 13:00:00+00:00, run_after=2026-02-17 13:00:00+00:00
[2026-02-17T06:31:33.883+0000] {processor.py:183} INFO - Processing /opt/airflow/dags/etl_dag.py took 0.162 seconds
[2026-02-17T06:32:04.064+0000] {processor.py:161} INFO - Started process (PID=57665) to work on /opt/airflow/dags/etl_dag.py
[2026-02-17T06:32:04.065+0000] {processor.py:830} INFO - Processing file /opt/airflow/dags/etl_dag.py for tasks to queue
[2026-02-17T06:32:04.066+0000] {logging_mixin.py:188} INFO - [2026-02-17T06:32:04.066+0000] {dagbag.py:538} INFO - Filling up the DagBag from /opt/airflow/dags/etl_dag.py
[2026-02-17T06:32:04.112+0000] {logging_mixin.py:188} INFO - Warning: Your Kaggle API key is readable by other users on this system! To fix this, you can run 'chmod 600 /home/airflow/.kaggle/kaggle.json'
[2026-02-17T06:32:04.172+0000] {logging_mixin.py:188} WARNING - /home/airflow/.local/lib/python3.8/site-packages/airflow/models/baseoperator.py:437 AirflowProviderDeprecationWarning: `exists_ok` parameter is deprecated, please use `if_exists`
[2026-02-17T06:32:04.181+0000] {processor.py:840} INFO - DAG(s) 'ecommerce_etl_v2' retrieved from /opt/airflow/dags/etl_dag.py
[2026-02-17T06:32:04.200+0000] {logging_mixin.py:188} INFO - [2026-02-17T06:32:04.200+0000] {dag.py:3036} INFO - Sync 1 DAGs
[2026-02-17T06:32:04.211+0000] {logging_mixin.py:188} INFO - [2026-02-17T06:32:04.211+0000] {dag.py:3823} INFO - Setting next_dagrun for ecommerce_etl_v2 to 2026-02-16 13:00:00+00:00, run_after=2026-02-17 13:00:00+00:00
[2026-02-17T06:32:04.220+0000] {processor.py:183} INFO - Processing /opt/airflow/dags/etl_dag.py took 0.161 seconds
[2026-02-17T06:32:34.405+0000] {processor.py:161} INFO - Started process (PID=57696) to work on /opt/airflow/dags/etl_dag.py
[2026-02-17T06:32:34.406+0000] {processor.py:830} INFO - Processing file /opt/airflow/dags/etl_dag.py for tasks to queue
[2026-02-17T06:32:34.407+0000] {logging_mixin.py:188} INFO - [2026-02-17T06:32:34.406+0000] {dagbag.py:538} INFO - Filling up the DagBag from /opt/airflow/dags/etl_dag.py
[2026-02-17T06:32:34.445+0000] {logging_mixin.py:188} INFO - Warning: Your Kaggle API key is readable by other users on this system! To fix this, you can run 'chmod 600 /home/airflow/.kaggle/kaggle.json'
[2026-02-17T06:32:34.505+0000] {logging_mixin.py:188} WARNING - /home/airflow/.local/lib/python3.8/site-packages/airflow/models/baseoperator.py:437 AirflowProviderDeprecationWarning: `exists_ok` parameter is deprecated, please use `if_exists`
[2026-02-17T06:32:34.514+0000] {processor.py:840} INFO - DAG(s) 'ecommerce_etl_v2' retrieved from /opt/airflow/dags/etl_dag.py
[2026-02-17T06:32:34.533+0000] {logging_mixin.py:188} INFO - [2026-02-17T06:32:34.532+0000] {dag.py:3036} INFO - Sync 1 DAGs
[2026-02-17T06:32:34.544+0000] {logging_mixin.py:188} INFO - [2026-02-17T06:32:34.543+0000] {dag.py:3823} INFO - Setting next_dagrun for ecommerce_etl_v2 to 2026-02-16 13:00:00+00:00, run_after=2026-02-17 13:00:00+00:00
[2026-02-17T06:32:34.552+0000] {processor.py:183} INFO - Processing /opt/airflow/dags/etl_dag.py took 0.149 seconds
[2026-02-17T06:33:04.688+0000] {processor.py:161} INFO - Started process (PID=57727) to work on /opt/airflow/dags/etl_dag.py
[2026-02-17T06:33:04.689+0000] {processor.py:830} INFO - Processing file /opt/airflow/dags/etl_dag.py for tasks to queue
[2026-02-17T06:33:04.691+0000] {logging_mixin.py:188} INFO - [2026-02-17T06:33:04.690+0000] {dagbag.py:538} INFO - Filling up the DagBag from /opt/airflow/dags/etl_dag.py
[2026-02-17T06:33:04.737+0000] {logging_mixin.py:188} INFO - Warning: Your Kaggle API key is readable by other users on this system! To fix this, you can run 'chmod 600 /home/airflow/.kaggle/kaggle.json'
[2026-02-17T06:33:04.797+0000] {logging_mixin.py:188} WARNING - /home/airflow/.local/lib/python3.8/site-packages/airflow/models/baseoperator.py:437 AirflowProviderDeprecationWarning: `exists_ok` parameter is deprecated, please use `if_exists`
[2026-02-17T06:33:04.808+0000] {processor.py:840} INFO - DAG(s) 'ecommerce_etl_v2' retrieved from /opt/airflow/dags/etl_dag.py
[2026-02-17T06:33:04.827+0000] {logging_mixin.py:188} INFO - [2026-02-17T06:33:04.826+0000] {dag.py:3036} INFO - Sync 1 DAGs
[2026-02-17T06:33:04.837+0000] {logging_mixin.py:188} INFO - [2026-02-17T06:33:04.837+0000] {dag.py:3823} INFO - Setting next_dagrun for ecommerce_etl_v2 to 2026-02-16 13:00:00+00:00, run_after=2026-02-17 13:00:00+00:00
[2026-02-17T06:33:04.845+0000] {processor.py:183} INFO - Processing /opt/airflow/dags/etl_dag.py took 0.161 seconds
[2026-02-17T06:33:35.085+0000] {processor.py:161} INFO - Started process (PID=57758) to work on /opt/airflow/dags/etl_dag.py
[2026-02-17T06:33:35.086+0000] {processor.py:830} INFO - Processing file /opt/airflow/dags/etl_dag.py for tasks to queue
[2026-02-17T06:33:35.087+0000] {logging_mixin.py:188} INFO - [2026-02-17T06:33:35.087+0000] {dagbag.py:538} INFO - Filling up the DagBag from /opt/airflow/dags/etl_dag.py
[2026-02-17T06:33:35.132+0000] {logging_mixin.py:188} INFO - Warning: Your Kaggle API key is readable by other users on this system! To fix this, you can run 'chmod 600 /home/airflow/.kaggle/kaggle.json'
[2026-02-17T06:33:35.192+0000] {logging_mixin.py:188} WARNING - /home/airflow/.local/lib/python3.8/site-packages/airflow/models/baseoperator.py:437 AirflowProviderDeprecationWarning: `exists_ok` parameter is deprecated, please use `if_exists`
[2026-02-17T06:33:35.200+0000] {processor.py:840} INFO - DAG(s) 'ecommerce_etl_v2' retrieved from /opt/airflow/dags/etl_dag.py
[2026-02-17T06:33:35.219+0000] {logging_mixin.py:188} INFO - [2026-02-17T06:33:35.219+0000] {dag.py:3036} INFO - Sync 1 DAGs
[2026-02-17T06:33:35.230+0000] {logging_mixin.py:188} INFO - [2026-02-17T06:33:35.230+0000] {dag.py:3823} INFO - Setting next_dagrun for ecommerce_etl_v2 to 2026-02-16 13:00:00+00:00, run_after=2026-02-17 13:00:00+00:00
[2026-02-17T06:33:35.239+0000] {processor.py:183} INFO - Processing /opt/airflow/dags/etl_dag.py took 0.159 seconds
[2026-02-17T06:34:05.454+0000] {processor.py:161} INFO - Started process (PID=57789) to work on /opt/airflow/dags/etl_dag.py
[2026-02-17T06:34:05.455+0000] {processor.py:830} INFO - Processing file /opt/airflow/dags/etl_dag.py for tasks to queue
[2026-02-17T06:34:05.456+0000] {logging_mixin.py:188} INFO - [2026-02-17T06:34:05.456+0000] {dagbag.py:538} INFO - Filling up the DagBag from /opt/airflow/dags/etl_dag.py
[2026-02-17T06:34:05.501+0000] {logging_mixin.py:188} INFO - Warning: Your Kaggle API key is readable by other users on this system! To fix this, you can run 'chmod 600 /home/airflow/.kaggle/kaggle.json'
[2026-02-17T06:34:05.560+0000] {logging_mixin.py:188} WARNING - /home/airflow/.local/lib/python3.8/site-packages/airflow/models/baseoperator.py:437 AirflowProviderDeprecationWarning: `exists_ok` parameter is deprecated, please use `if_exists`
[2026-02-17T06:34:05.570+0000] {processor.py:840} INFO - DAG(s) 'ecommerce_etl_v2' retrieved from /opt/airflow/dags/etl_dag.py
[2026-02-17T06:34:05.588+0000] {logging_mixin.py:188} INFO - [2026-02-17T06:34:05.588+0000] {dag.py:3036} INFO - Sync 1 DAGs
[2026-02-17T06:34:05.598+0000] {logging_mixin.py:188} INFO - [2026-02-17T06:34:05.598+0000] {dag.py:3823} INFO - Setting next_dagrun for ecommerce_etl_v2 to 2026-02-16 13:00:00+00:00, run_after=2026-02-17 13:00:00+00:00
[2026-02-17T06:34:05.606+0000] {processor.py:183} INFO - Processing /opt/airflow/dags/etl_dag.py took 0.157 seconds
[2026-02-17T06:34:35.777+0000] {processor.py:161} INFO - Started process (PID=57820) to work on /opt/airflow/dags/etl_dag.py
[2026-02-17T06:34:35.778+0000] {processor.py:830} INFO - Processing file /opt/airflow/dags/etl_dag.py for tasks to queue
[2026-02-17T06:34:35.779+0000] {logging_mixin.py:188} INFO - [2026-02-17T06:34:35.778+0000] {dagbag.py:538} INFO - Filling up the DagBag from /opt/airflow/dags/etl_dag.py
[2026-02-17T06:34:35.827+0000] {logging_mixin.py:188} INFO - Warning: Your Kaggle API key is readable by other users on this system! To fix this, you can run 'chmod 600 /home/airflow/.kaggle/kaggle.json'
[2026-02-17T06:34:35.887+0000] {logging_mixin.py:188} WARNING - /home/airflow/.local/lib/python3.8/site-packages/airflow/models/baseoperator.py:437 AirflowProviderDeprecationWarning: `exists_ok` parameter is deprecated, please use `if_exists`
[2026-02-17T06:34:35.895+0000] {processor.py:840} INFO - DAG(s) 'ecommerce_etl_v2' retrieved from /opt/airflow/dags/etl_dag.py
[2026-02-17T06:34:35.913+0000] {logging_mixin.py:188} INFO - [2026-02-17T06:34:35.913+0000] {dag.py:3036} INFO - Sync 1 DAGs
[2026-02-17T06:34:35.924+0000] {logging_mixin.py:188} INFO - [2026-02-17T06:34:35.924+0000] {dag.py:3823} INFO - Setting next_dagrun for ecommerce_etl_v2 to 2026-02-16 13:00:00+00:00, run_after=2026-02-17 13:00:00+00:00
[2026-02-17T06:34:35.933+0000] {processor.py:183} INFO - Processing /opt/airflow/dags/etl_dag.py took 0.160 seconds
[2026-02-17T06:35:06.161+0000] {processor.py:161} INFO - Started process (PID=57851) to work on /opt/airflow/dags/etl_dag.py
[2026-02-17T06:35:06.162+0000] {processor.py:830} INFO - Processing file /opt/airflow/dags/etl_dag.py for tasks to queue
[2026-02-17T06:35:06.163+0000] {logging_mixin.py:188} INFO - [2026-02-17T06:35:06.163+0000] {dagbag.py:538} INFO - Filling up the DagBag from /opt/airflow/dags/etl_dag.py
[2026-02-17T06:35:06.207+0000] {logging_mixin.py:188} INFO - Warning: Your Kaggle API key is readable by other users on this system! To fix this, you can run 'chmod 600 /home/airflow/.kaggle/kaggle.json'
[2026-02-17T06:35:06.267+0000] {logging_mixin.py:188} WARNING - /home/airflow/.local/lib/python3.8/site-packages/airflow/models/baseoperator.py:437 AirflowProviderDeprecationWarning: `exists_ok` parameter is deprecated, please use `if_exists`
[2026-02-17T06:35:06.276+0000] {processor.py:840} INFO - DAG(s) 'ecommerce_etl_v2' retrieved from /opt/airflow/dags/etl_dag.py
[2026-02-17T06:35:06.294+0000] {logging_mixin.py:188} INFO - [2026-02-17T06:35:06.294+0000] {dag.py:3036} INFO - Sync 1 DAGs
[2026-02-17T06:35:06.305+0000] {logging_mixin.py:188} INFO - [2026-02-17T06:35:06.304+0000] {dag.py:3823} INFO - Setting next_dagrun for ecommerce_etl_v2 to 2026-02-16 13:00:00+00:00, run_after=2026-02-17 13:00:00+00:00
[2026-02-17T06:35:06.313+0000] {processor.py:183} INFO - Processing /opt/airflow/dags/etl_dag.py took 0.157 seconds
[2026-02-17T06:35:36.513+0000] {processor.py:161} INFO - Started process (PID=57882) to work on /opt/airflow/dags/etl_dag.py
[2026-02-17T06:35:36.514+0000] {processor.py:830} INFO - Processing file /opt/airflow/dags/etl_dag.py for tasks to queue
[2026-02-17T06:35:36.515+0000] {logging_mixin.py:188} INFO - [2026-02-17T06:35:36.514+0000] {dagbag.py:538} INFO - Filling up the DagBag from /opt/airflow/dags/etl_dag.py
[2026-02-17T06:35:36.553+0000] {logging_mixin.py:188} INFO - Warning: Your Kaggle API key is readable by other users on this system! To fix this, you can run 'chmod 600 /home/airflow/.kaggle/kaggle.json'
[2026-02-17T06:35:36.614+0000] {logging_mixin.py:188} WARNING - /home/airflow/.local/lib/python3.8/site-packages/airflow/models/baseoperator.py:437 AirflowProviderDeprecationWarning: `exists_ok` parameter is deprecated, please use `if_exists`
[2026-02-17T06:35:36.622+0000] {processor.py:840} INFO - DAG(s) 'ecommerce_etl_v2' retrieved from /opt/airflow/dags/etl_dag.py
[2026-02-17T06:35:36.640+0000] {logging_mixin.py:188} INFO - [2026-02-17T06:35:36.640+0000] {dag.py:3036} INFO - Sync 1 DAGs
[2026-02-17T06:35:36.651+0000] {logging_mixin.py:188} INFO - [2026-02-17T06:35:36.651+0000] {dag.py:3823} INFO - Setting next_dagrun for ecommerce_etl_v2 to 2026-02-16 13:00:00+00:00, run_after=2026-02-17 13:00:00+00:00
[2026-02-17T06:35:36.661+0000] {processor.py:183} INFO - Processing /opt/airflow/dags/etl_dag.py took 0.150 seconds
[2026-02-17T06:36:06.864+0000] {processor.py:161} INFO - Started process (PID=57913) to work on /opt/airflow/dags/etl_dag.py
[2026-02-17T06:36:06.864+0000] {processor.py:830} INFO - Processing file /opt/airflow/dags/etl_dag.py for tasks to queue
[2026-02-17T06:36:06.865+0000] {logging_mixin.py:188} INFO - [2026-02-17T06:36:06.865+0000] {dagbag.py:538} INFO - Filling up the DagBag from /opt/airflow/dags/etl_dag.py
[2026-02-17T06:36:06.909+0000] {logging_mixin.py:188} INFO - Warning: Your Kaggle API key is readable by other users on this system! To fix this, you can run 'chmod 600 /home/airflow/.kaggle/kaggle.json'
[2026-02-17T06:36:06.969+0000] {logging_mixin.py:188} WARNING - /home/airflow/.local/lib/python3.8/site-packages/airflow/models/baseoperator.py:437 AirflowProviderDeprecationWarning: `exists_ok` parameter is deprecated, please use `if_exists`
[2026-02-17T06:36:06.978+0000] {processor.py:840} INFO - DAG(s) 'ecommerce_etl_v2' retrieved from /opt/airflow/dags/etl_dag.py
[2026-02-17T06:36:06.996+0000] {logging_mixin.py:188} INFO - [2026-02-17T06:36:06.996+0000] {dag.py:3036} INFO - Sync 1 DAGs
[2026-02-17T06:36:07.006+0000] {logging_mixin.py:188} INFO - [2026-02-17T06:36:07.006+0000] {dag.py:3823} INFO - Setting next_dagrun for ecommerce_etl_v2 to 2026-02-16 13:00:00+00:00, run_after=2026-02-17 13:00:00+00:00
[2026-02-17T06:36:07.014+0000] {processor.py:183} INFO - Processing /opt/airflow/dags/etl_dag.py took 0.154 seconds
[2026-02-17T06:36:37.266+0000] {processor.py:161} INFO - Started process (PID=57944) to work on /opt/airflow/dags/etl_dag.py
[2026-02-17T06:36:37.267+0000] {processor.py:830} INFO - Processing file /opt/airflow/dags/etl_dag.py for tasks to queue
[2026-02-17T06:36:37.268+0000] {logging_mixin.py:188} INFO - [2026-02-17T06:36:37.267+0000] {dagbag.py:538} INFO - Filling up the DagBag from /opt/airflow/dags/etl_dag.py
[2026-02-17T06:36:37.315+0000] {logging_mixin.py:188} INFO - Warning: Your Kaggle API key is readable by other users on this system! To fix this, you can run 'chmod 600 /home/airflow/.kaggle/kaggle.json'
[2026-02-17T06:36:37.377+0000] {logging_mixin.py:188} WARNING - /home/airflow/.local/lib/python3.8/site-packages/airflow/models/baseoperator.py:437 AirflowProviderDeprecationWarning: `exists_ok` parameter is deprecated, please use `if_exists`
[2026-02-17T06:36:37.385+0000] {processor.py:840} INFO - DAG(s) 'ecommerce_etl_v2' retrieved from /opt/airflow/dags/etl_dag.py
[2026-02-17T06:36:37.404+0000] {logging_mixin.py:188} INFO - [2026-02-17T06:36:37.404+0000] {dag.py:3036} INFO - Sync 1 DAGs
[2026-02-17T06:36:37.414+0000] {logging_mixin.py:188} INFO - [2026-02-17T06:36:37.414+0000] {dag.py:3823} INFO - Setting next_dagrun for ecommerce_etl_v2 to 2026-02-16 13:00:00+00:00, run_after=2026-02-17 13:00:00+00:00
[2026-02-17T06:36:37.424+0000] {processor.py:183} INFO - Processing /opt/airflow/dags/etl_dag.py took 0.161 seconds
[2026-02-17T06:37:07.611+0000] {processor.py:161} INFO - Started process (PID=57975) to work on /opt/airflow/dags/etl_dag.py
[2026-02-17T06:37:07.612+0000] {processor.py:830} INFO - Processing file /opt/airflow/dags/etl_dag.py for tasks to queue
[2026-02-17T06:37:07.613+0000] {logging_mixin.py:188} INFO - [2026-02-17T06:37:07.612+0000] {dagbag.py:538} INFO - Filling up the DagBag from /opt/airflow/dags/etl_dag.py
[2026-02-17T06:37:07.650+0000] {logging_mixin.py:188} INFO - Warning: Your Kaggle API key is readable by other users on this system! To fix this, you can run 'chmod 600 /home/airflow/.kaggle/kaggle.json'
[2026-02-17T06:37:07.709+0000] {logging_mixin.py:188} WARNING - /home/airflow/.local/lib/python3.8/site-packages/airflow/models/baseoperator.py:437 AirflowProviderDeprecationWarning: `exists_ok` parameter is deprecated, please use `if_exists`
[2026-02-17T06:37:07.718+0000] {processor.py:840} INFO - DAG(s) 'ecommerce_etl_v2' retrieved from /opt/airflow/dags/etl_dag.py
[2026-02-17T06:37:07.739+0000] {logging_mixin.py:188} INFO - [2026-02-17T06:37:07.739+0000] {dag.py:3036} INFO - Sync 1 DAGs
[2026-02-17T06:37:07.750+0000] {logging_mixin.py:188} INFO - [2026-02-17T06:37:07.750+0000] {dag.py:3823} INFO - Setting next_dagrun for ecommerce_etl_v2 to 2026-02-16 13:00:00+00:00, run_after=2026-02-17 13:00:00+00:00
[2026-02-17T06:37:07.760+0000] {processor.py:183} INFO - Processing /opt/airflow/dags/etl_dag.py took 0.151 seconds
[2026-02-17T06:37:38.017+0000] {processor.py:161} INFO - Started process (PID=58006) to work on /opt/airflow/dags/etl_dag.py
[2026-02-17T06:37:38.019+0000] {processor.py:830} INFO - Processing file /opt/airflow/dags/etl_dag.py for tasks to queue
[2026-02-17T06:37:38.020+0000] {logging_mixin.py:188} INFO - [2026-02-17T06:37:38.019+0000] {dagbag.py:538} INFO - Filling up the DagBag from /opt/airflow/dags/etl_dag.py
[2026-02-17T06:37:38.065+0000] {logging_mixin.py:188} INFO - Warning: Your Kaggle API key is readable by other users on this system! To fix this, you can run 'chmod 600 /home/airflow/.kaggle/kaggle.json'
[2026-02-17T06:37:38.124+0000] {logging_mixin.py:188} WARNING - /home/airflow/.local/lib/python3.8/site-packages/airflow/models/baseoperator.py:437 AirflowProviderDeprecationWarning: `exists_ok` parameter is deprecated, please use `if_exists`
[2026-02-17T06:37:38.132+0000] {processor.py:840} INFO - DAG(s) 'ecommerce_etl_v2' retrieved from /opt/airflow/dags/etl_dag.py
[2026-02-17T06:37:38.151+0000] {logging_mixin.py:188} INFO - [2026-02-17T06:37:38.151+0000] {dag.py:3036} INFO - Sync 1 DAGs
[2026-02-17T06:37:38.161+0000] {logging_mixin.py:188} INFO - [2026-02-17T06:37:38.161+0000] {dag.py:3823} INFO - Setting next_dagrun for ecommerce_etl_v2 to 2026-02-16 13:00:00+00:00, run_after=2026-02-17 13:00:00+00:00
[2026-02-17T06:37:38.171+0000] {processor.py:183} INFO - Processing /opt/airflow/dags/etl_dag.py took 0.157 seconds
[2026-02-17T06:38:08.369+0000] {processor.py:161} INFO - Started process (PID=58037) to work on /opt/airflow/dags/etl_dag.py
[2026-02-17T06:38:08.370+0000] {processor.py:830} INFO - Processing file /opt/airflow/dags/etl_dag.py for tasks to queue
[2026-02-17T06:38:08.371+0000] {logging_mixin.py:188} INFO - [2026-02-17T06:38:08.371+0000] {dagbag.py:538} INFO - Filling up the DagBag from /opt/airflow/dags/etl_dag.py
[2026-02-17T06:38:08.418+0000] {logging_mixin.py:188} INFO - Warning: Your Kaggle API key is readable by other users on this system! To fix this, you can run 'chmod 600 /home/airflow/.kaggle/kaggle.json'
[2026-02-17T06:38:08.477+0000] {logging_mixin.py:188} WARNING - /home/airflow/.local/lib/python3.8/site-packages/airflow/models/baseoperator.py:437 AirflowProviderDeprecationWarning: `exists_ok` parameter is deprecated, please use `if_exists`
[2026-02-17T06:38:08.488+0000] {processor.py:840} INFO - DAG(s) 'ecommerce_etl_v2' retrieved from /opt/airflow/dags/etl_dag.py
[2026-02-17T06:38:08.508+0000] {logging_mixin.py:188} INFO - [2026-02-17T06:38:08.507+0000] {dag.py:3036} INFO - Sync 1 DAGs
[2026-02-17T06:38:08.518+0000] {logging_mixin.py:188} INFO - [2026-02-17T06:38:08.518+0000] {dag.py:3823} INFO - Setting next_dagrun for ecommerce_etl_v2 to 2026-02-16 13:00:00+00:00, run_after=2026-02-17 13:00:00+00:00
[2026-02-17T06:38:08.526+0000] {processor.py:183} INFO - Processing /opt/airflow/dags/etl_dag.py took 0.161 seconds
[2026-02-17T06:38:38.745+0000] {processor.py:161} INFO - Started process (PID=58068) to work on /opt/airflow/dags/etl_dag.py
[2026-02-17T06:38:38.746+0000] {processor.py:830} INFO - Processing file /opt/airflow/dags/etl_dag.py for tasks to queue
[2026-02-17T06:38:38.747+0000] {logging_mixin.py:188} INFO - [2026-02-17T06:38:38.747+0000] {dagbag.py:538} INFO - Filling up the DagBag from /opt/airflow/dags/etl_dag.py
[2026-02-17T06:38:38.793+0000] {logging_mixin.py:188} INFO - Warning: Your Kaggle API key is readable by other users on this system! To fix this, you can run 'chmod 600 /home/airflow/.kaggle/kaggle.json'
[2026-02-17T06:38:38.853+0000] {logging_mixin.py:188} WARNING - /home/airflow/.local/lib/python3.8/site-packages/airflow/models/baseoperator.py:437 AirflowProviderDeprecationWarning: `exists_ok` parameter is deprecated, please use `if_exists`
[2026-02-17T06:38:38.861+0000] {processor.py:840} INFO - DAG(s) 'ecommerce_etl_v2' retrieved from /opt/airflow/dags/etl_dag.py
[2026-02-17T06:38:38.880+0000] {logging_mixin.py:188} INFO - [2026-02-17T06:38:38.880+0000] {dag.py:3036} INFO - Sync 1 DAGs
[2026-02-17T06:38:38.890+0000] {logging_mixin.py:188} INFO - [2026-02-17T06:38:38.890+0000] {dag.py:3823} INFO - Setting next_dagrun for ecommerce_etl_v2 to 2026-02-16 13:00:00+00:00, run_after=2026-02-17 13:00:00+00:00
[2026-02-17T06:38:38.899+0000] {processor.py:183} INFO - Processing /opt/airflow/dags/etl_dag.py took 0.158 seconds
[2026-02-17T06:39:09.030+0000] {processor.py:161} INFO - Started process (PID=58099) to work on /opt/airflow/dags/etl_dag.py
[2026-02-17T06:39:09.031+0000] {processor.py:830} INFO - Processing file /opt/airflow/dags/etl_dag.py for tasks to queue
[2026-02-17T06:39:09.032+0000] {logging_mixin.py:188} INFO - [2026-02-17T06:39:09.032+0000] {dagbag.py:538} INFO - Filling up the DagBag from /opt/airflow/dags/etl_dag.py
[2026-02-17T06:39:09.074+0000] {logging_mixin.py:188} INFO - Warning: Your Kaggle API key is readable by other users on this system! To fix this, you can run 'chmod 600 /home/airflow/.kaggle/kaggle.json'
[2026-02-17T06:39:09.133+0000] {logging_mixin.py:188} WARNING - /home/airflow/.local/lib/python3.8/site-packages/airflow/models/baseoperator.py:437 AirflowProviderDeprecationWarning: `exists_ok` parameter is deprecated, please use `if_exists`
[2026-02-17T06:39:09.142+0000] {processor.py:840} INFO - DAG(s) 'ecommerce_etl_v2' retrieved from /opt/airflow/dags/etl_dag.py
[2026-02-17T06:39:09.161+0000] {logging_mixin.py:188} INFO - [2026-02-17T06:39:09.161+0000] {dag.py:3036} INFO - Sync 1 DAGs
[2026-02-17T06:39:09.171+0000] {logging_mixin.py:188} INFO - [2026-02-17T06:39:09.171+0000] {dag.py:3823} INFO - Setting next_dagrun for ecommerce_etl_v2 to 2026-02-16 13:00:00+00:00, run_after=2026-02-17 13:00:00+00:00
[2026-02-17T06:39:09.179+0000] {processor.py:183} INFO - Processing /opt/airflow/dags/etl_dag.py took 0.153 seconds
[2026-02-17T06:39:39.495+0000] {processor.py:161} INFO - Started process (PID=58130) to work on /opt/airflow/dags/etl_dag.py
[2026-02-17T06:39:39.496+0000] {processor.py:830} INFO - Processing file /opt/airflow/dags/etl_dag.py for tasks to queue
[2026-02-17T06:39:39.497+0000] {logging_mixin.py:188} INFO - [2026-02-17T06:39:39.497+0000] {dagbag.py:538} INFO - Filling up the DagBag from /opt/airflow/dags/etl_dag.py
[2026-02-17T06:39:39.544+0000] {logging_mixin.py:188} INFO - Warning: Your Kaggle API key is readable by other users on this system! To fix this, you can run 'chmod 600 /home/airflow/.kaggle/kaggle.json'
[2026-02-17T06:39:39.603+0000] {logging_mixin.py:188} WARNING - /home/airflow/.local/lib/python3.8/site-packages/airflow/models/baseoperator.py:437 AirflowProviderDeprecationWarning: `exists_ok` parameter is deprecated, please use `if_exists`
[2026-02-17T06:39:39.612+0000] {processor.py:840} INFO - DAG(s) 'ecommerce_etl_v2' retrieved from /opt/airflow/dags/etl_dag.py
[2026-02-17T06:39:39.630+0000] {logging_mixin.py:188} INFO - [2026-02-17T06:39:39.630+0000] {dag.py:3036} INFO - Sync 1 DAGs
[2026-02-17T06:39:39.643+0000] {logging_mixin.py:188} INFO - [2026-02-17T06:39:39.643+0000] {dag.py:3823} INFO - Setting next_dagrun for ecommerce_etl_v2 to 2026-02-16 13:00:00+00:00, run_after=2026-02-17 13:00:00+00:00
[2026-02-17T06:39:39.654+0000] {processor.py:183} INFO - Processing /opt/airflow/dags/etl_dag.py took 0.163 seconds
[2026-02-17T06:40:09.828+0000] {processor.py:161} INFO - Started process (PID=58161) to work on /opt/airflow/dags/etl_dag.py
[2026-02-17T06:40:09.829+0000] {processor.py:830} INFO - Processing file /opt/airflow/dags/etl_dag.py for tasks to queue
[2026-02-17T06:40:09.830+0000] {logging_mixin.py:188} INFO - [2026-02-17T06:40:09.830+0000] {dagbag.py:538} INFO - Filling up the DagBag from /opt/airflow/dags/etl_dag.py
[2026-02-17T06:40:09.873+0000] {logging_mixin.py:188} INFO - Warning: Your Kaggle API key is readable by other users on this system! To fix this, you can run 'chmod 600 /home/airflow/.kaggle/kaggle.json'
[2026-02-17T06:40:09.933+0000] {logging_mixin.py:188} WARNING - /home/airflow/.local/lib/python3.8/site-packages/airflow/models/baseoperator.py:437 AirflowProviderDeprecationWarning: `exists_ok` parameter is deprecated, please use `if_exists`
[2026-02-17T06:40:09.941+0000] {processor.py:840} INFO - DAG(s) 'ecommerce_etl_v2' retrieved from /opt/airflow/dags/etl_dag.py
[2026-02-17T06:40:09.959+0000] {logging_mixin.py:188} INFO - [2026-02-17T06:40:09.959+0000] {dag.py:3036} INFO - Sync 1 DAGs
[2026-02-17T06:40:09.970+0000] {logging_mixin.py:188} INFO - [2026-02-17T06:40:09.969+0000] {dag.py:3823} INFO - Setting next_dagrun for ecommerce_etl_v2 to 2026-02-16 13:00:00+00:00, run_after=2026-02-17 13:00:00+00:00
[2026-02-17T06:40:09.979+0000] {processor.py:183} INFO - Processing /opt/airflow/dags/etl_dag.py took 0.153 seconds
[2026-02-17T06:40:40.198+0000] {processor.py:161} INFO - Started process (PID=58192) to work on /opt/airflow/dags/etl_dag.py
[2026-02-17T06:40:40.200+0000] {processor.py:830} INFO - Processing file /opt/airflow/dags/etl_dag.py for tasks to queue
[2026-02-17T06:40:40.201+0000] {logging_mixin.py:188} INFO - [2026-02-17T06:40:40.200+0000] {dagbag.py:538} INFO - Filling up the DagBag from /opt/airflow/dags/etl_dag.py
[2026-02-17T06:40:40.248+0000] {logging_mixin.py:188} INFO - Warning: Your Kaggle API key is readable by other users on this system! To fix this, you can run 'chmod 600 /home/airflow/.kaggle/kaggle.json'
[2026-02-17T06:40:40.308+0000] {logging_mixin.py:188} WARNING - /home/airflow/.local/lib/python3.8/site-packages/airflow/models/baseoperator.py:437 AirflowProviderDeprecationWarning: `exists_ok` parameter is deprecated, please use `if_exists`
[2026-02-17T06:40:40.319+0000] {processor.py:840} INFO - DAG(s) 'ecommerce_etl_v2' retrieved from /opt/airflow/dags/etl_dag.py
[2026-02-17T06:40:40.339+0000] {logging_mixin.py:188} INFO - [2026-02-17T06:40:40.339+0000] {dag.py:3036} INFO - Sync 1 DAGs
[2026-02-17T06:40:40.350+0000] {logging_mixin.py:188} INFO - [2026-02-17T06:40:40.350+0000] {dag.py:3823} INFO - Setting next_dagrun for ecommerce_etl_v2 to 2026-02-16 13:00:00+00:00, run_after=2026-02-17 13:00:00+00:00
[2026-02-17T06:40:40.360+0000] {processor.py:183} INFO - Processing /opt/airflow/dags/etl_dag.py took 0.165 seconds
[2026-02-17T06:41:10.533+0000] {processor.py:161} INFO - Started process (PID=58223) to work on /opt/airflow/dags/etl_dag.py
[2026-02-17T06:41:10.535+0000] {processor.py:830} INFO - Processing file /opt/airflow/dags/etl_dag.py for tasks to queue
[2026-02-17T06:41:10.536+0000] {logging_mixin.py:188} INFO - [2026-02-17T06:41:10.536+0000] {dagbag.py:538} INFO - Filling up the DagBag from /opt/airflow/dags/etl_dag.py
[2026-02-17T06:41:10.580+0000] {logging_mixin.py:188} INFO - Warning: Your Kaggle API key is readable by other users on this system! To fix this, you can run 'chmod 600 /home/airflow/.kaggle/kaggle.json'
[2026-02-17T06:41:10.639+0000] {logging_mixin.py:188} WARNING - /home/airflow/.local/lib/python3.8/site-packages/airflow/models/baseoperator.py:437 AirflowProviderDeprecationWarning: `exists_ok` parameter is deprecated, please use `if_exists`
[2026-02-17T06:41:10.648+0000] {processor.py:840} INFO - DAG(s) 'ecommerce_etl_v2' retrieved from /opt/airflow/dags/etl_dag.py
[2026-02-17T06:41:10.667+0000] {logging_mixin.py:188} INFO - [2026-02-17T06:41:10.666+0000] {dag.py:3036} INFO - Sync 1 DAGs
[2026-02-17T06:41:10.677+0000] {logging_mixin.py:188} INFO - [2026-02-17T06:41:10.677+0000] {dag.py:3823} INFO - Setting next_dagrun for ecommerce_etl_v2 to 2026-02-16 13:00:00+00:00, run_after=2026-02-17 13:00:00+00:00
[2026-02-17T06:41:10.685+0000] {processor.py:183} INFO - Processing /opt/airflow/dags/etl_dag.py took 0.156 seconds
[2026-02-17T06:41:40.950+0000] {processor.py:161} INFO - Started process (PID=58254) to work on /opt/airflow/dags/etl_dag.py
[2026-02-17T06:41:40.951+0000] {processor.py:830} INFO - Processing file /opt/airflow/dags/etl_dag.py for tasks to queue
[2026-02-17T06:41:40.952+0000] {logging_mixin.py:188} INFO - [2026-02-17T06:41:40.952+0000] {dagbag.py:538} INFO - Filling up the DagBag from /opt/airflow/dags/etl_dag.py
[2026-02-17T06:41:40.999+0000] {logging_mixin.py:188} INFO - Warning: Your Kaggle API key is readable by other users on this system! To fix this, you can run 'chmod 600 /home/airflow/.kaggle/kaggle.json'
[2026-02-17T06:41:41.057+0000] {logging_mixin.py:188} WARNING - /home/airflow/.local/lib/python3.8/site-packages/airflow/models/baseoperator.py:437 AirflowProviderDeprecationWarning: `exists_ok` parameter is deprecated, please use `if_exists`
[2026-02-17T06:41:41.065+0000] {processor.py:840} INFO - DAG(s) 'ecommerce_etl_v2' retrieved from /opt/airflow/dags/etl_dag.py
[2026-02-17T06:41:41.084+0000] {logging_mixin.py:188} INFO - [2026-02-17T06:41:41.084+0000] {dag.py:3036} INFO - Sync 1 DAGs
[2026-02-17T06:41:41.094+0000] {logging_mixin.py:188} INFO - [2026-02-17T06:41:41.094+0000] {dag.py:3823} INFO - Setting next_dagrun for ecommerce_etl_v2 to 2026-02-16 13:00:00+00:00, run_after=2026-02-17 13:00:00+00:00
[2026-02-17T06:41:41.104+0000] {processor.py:183} INFO - Processing /opt/airflow/dags/etl_dag.py took 0.158 seconds
[2026-02-17T06:42:11.295+0000] {processor.py:161} INFO - Started process (PID=58285) to work on /opt/airflow/dags/etl_dag.py
[2026-02-17T06:42:11.298+0000] {processor.py:830} INFO - Processing file /opt/airflow/dags/etl_dag.py for tasks to queue
[2026-02-17T06:42:11.299+0000] {logging_mixin.py:188} INFO - [2026-02-17T06:42:11.298+0000] {dagbag.py:538} INFO - Filling up the DagBag from /opt/airflow/dags/etl_dag.py
[2026-02-17T06:42:11.345+0000] {logging_mixin.py:188} INFO - Warning: Your Kaggle API key is readable by other users on this system! To fix this, you can run 'chmod 600 /home/airflow/.kaggle/kaggle.json'
[2026-02-17T06:42:11.405+0000] {logging_mixin.py:188} WARNING - /home/airflow/.local/lib/python3.8/site-packages/airflow/models/baseoperator.py:437 AirflowProviderDeprecationWarning: `exists_ok` parameter is deprecated, please use `if_exists`
[2026-02-17T06:42:11.413+0000] {processor.py:840} INFO - DAG(s) 'ecommerce_etl_v2' retrieved from /opt/airflow/dags/etl_dag.py
[2026-02-17T06:42:11.431+0000] {logging_mixin.py:188} INFO - [2026-02-17T06:42:11.431+0000] {dag.py:3036} INFO - Sync 1 DAGs
[2026-02-17T06:42:11.442+0000] {logging_mixin.py:188} INFO - [2026-02-17T06:42:11.441+0000] {dag.py:3823} INFO - Setting next_dagrun for ecommerce_etl_v2 to 2026-02-16 13:00:00+00:00, run_after=2026-02-17 13:00:00+00:00
[2026-02-17T06:42:11.450+0000] {processor.py:183} INFO - Processing /opt/airflow/dags/etl_dag.py took 0.160 seconds
[2026-02-17T06:42:41.690+0000] {processor.py:161} INFO - Started process (PID=58316) to work on /opt/airflow/dags/etl_dag.py
[2026-02-17T06:42:41.692+0000] {processor.py:830} INFO - Processing file /opt/airflow/dags/etl_dag.py for tasks to queue
[2026-02-17T06:42:41.693+0000] {logging_mixin.py:188} INFO - [2026-02-17T06:42:41.692+0000] {dagbag.py:538} INFO - Filling up the DagBag from /opt/airflow/dags/etl_dag.py
[2026-02-17T06:42:41.741+0000] {logging_mixin.py:188} INFO - Warning: Your Kaggle API key is readable by other users on this system! To fix this, you can run 'chmod 600 /home/airflow/.kaggle/kaggle.json'
[2026-02-17T06:42:41.801+0000] {logging_mixin.py:188} WARNING - /home/airflow/.local/lib/python3.8/site-packages/airflow/models/baseoperator.py:437 AirflowProviderDeprecationWarning: `exists_ok` parameter is deprecated, please use `if_exists`
[2026-02-17T06:42:41.810+0000] {processor.py:840} INFO - DAG(s) 'ecommerce_etl_v2' retrieved from /opt/airflow/dags/etl_dag.py
[2026-02-17T06:42:41.828+0000] {logging_mixin.py:188} INFO - [2026-02-17T06:42:41.828+0000] {dag.py:3036} INFO - Sync 1 DAGs
[2026-02-17T06:42:41.838+0000] {logging_mixin.py:188} INFO - [2026-02-17T06:42:41.838+0000] {dag.py:3823} INFO - Setting next_dagrun for ecommerce_etl_v2 to 2026-02-16 13:00:00+00:00, run_after=2026-02-17 13:00:00+00:00
[2026-02-17T06:42:41.847+0000] {processor.py:183} INFO - Processing /opt/airflow/dags/etl_dag.py took 0.161 seconds
[2026-02-17T06:43:12.006+0000] {processor.py:161} INFO - Started process (PID=58347) to work on /opt/airflow/dags/etl_dag.py
[2026-02-17T06:43:12.007+0000] {processor.py:830} INFO - Processing file /opt/airflow/dags/etl_dag.py for tasks to queue
[2026-02-17T06:43:12.008+0000] {logging_mixin.py:188} INFO - [2026-02-17T06:43:12.008+0000] {dagbag.py:538} INFO - Filling up the DagBag from /opt/airflow/dags/etl_dag.py
[2026-02-17T06:43:12.055+0000] {logging_mixin.py:188} INFO - Warning: Your Kaggle API key is readable by other users on this system! To fix this, you can run 'chmod 600 /home/airflow/.kaggle/kaggle.json'
[2026-02-17T06:43:12.114+0000] {logging_mixin.py:188} WARNING - /home/airflow/.local/lib/python3.8/site-packages/airflow/models/baseoperator.py:437 AirflowProviderDeprecationWarning: `exists_ok` parameter is deprecated, please use `if_exists`
[2026-02-17T06:43:12.126+0000] {processor.py:840} INFO - DAG(s) 'ecommerce_etl_v2' retrieved from /opt/airflow/dags/etl_dag.py
[2026-02-17T06:43:12.145+0000] {logging_mixin.py:188} INFO - [2026-02-17T06:43:12.144+0000] {dag.py:3036} INFO - Sync 1 DAGs
[2026-02-17T06:43:12.155+0000] {logging_mixin.py:188} INFO - [2026-02-17T06:43:12.155+0000] {dag.py:3823} INFO - Setting next_dagrun for ecommerce_etl_v2 to 2026-02-16 13:00:00+00:00, run_after=2026-02-17 13:00:00+00:00
[2026-02-17T06:43:12.163+0000] {processor.py:183} INFO - Processing /opt/airflow/dags/etl_dag.py took 0.161 seconds
[2026-02-17T06:43:42.426+0000] {processor.py:161} INFO - Started process (PID=58378) to work on /opt/airflow/dags/etl_dag.py
[2026-02-17T06:43:42.427+0000] {processor.py:830} INFO - Processing file /opt/airflow/dags/etl_dag.py for tasks to queue
[2026-02-17T06:43:42.428+0000] {logging_mixin.py:188} INFO - [2026-02-17T06:43:42.428+0000] {dagbag.py:538} INFO - Filling up the DagBag from /opt/airflow/dags/etl_dag.py
[2026-02-17T06:43:42.476+0000] {logging_mixin.py:188} INFO - Warning: Your Kaggle API key is readable by other users on this system! To fix this, you can run 'chmod 600 /home/airflow/.kaggle/kaggle.json'
[2026-02-17T06:43:42.535+0000] {logging_mixin.py:188} WARNING - /home/airflow/.local/lib/python3.8/site-packages/airflow/models/baseoperator.py:437 AirflowProviderDeprecationWarning: `exists_ok` parameter is deprecated, please use `if_exists`
[2026-02-17T06:43:42.544+0000] {processor.py:840} INFO - DAG(s) 'ecommerce_etl_v2' retrieved from /opt/airflow/dags/etl_dag.py
[2026-02-17T06:43:42.563+0000] {logging_mixin.py:188} INFO - [2026-02-17T06:43:42.563+0000] {dag.py:3036} INFO - Sync 1 DAGs
[2026-02-17T06:43:42.573+0000] {logging_mixin.py:188} INFO - [2026-02-17T06:43:42.573+0000] {dag.py:3823} INFO - Setting next_dagrun for ecommerce_etl_v2 to 2026-02-16 13:00:00+00:00, run_after=2026-02-17 13:00:00+00:00
[2026-02-17T06:43:42.583+0000] {processor.py:183} INFO - Processing /opt/airflow/dags/etl_dag.py took 0.161 seconds
[2026-02-17T06:44:12.716+0000] {processor.py:161} INFO - Started process (PID=58409) to work on /opt/airflow/dags/etl_dag.py
[2026-02-17T06:44:12.717+0000] {processor.py:830} INFO - Processing file /opt/airflow/dags/etl_dag.py for tasks to queue
[2026-02-17T06:44:12.719+0000] {logging_mixin.py:188} INFO - [2026-02-17T06:44:12.718+0000] {dagbag.py:538} INFO - Filling up the DagBag from /opt/airflow/dags/etl_dag.py
[2026-02-17T06:44:12.765+0000] {logging_mixin.py:188} INFO - Warning: Your Kaggle API key is readable by other users on this system! To fix this, you can run 'chmod 600 /home/airflow/.kaggle/kaggle.json'
[2026-02-17T06:44:12.827+0000] {logging_mixin.py:188} WARNING - /home/airflow/.local/lib/python3.8/site-packages/airflow/models/baseoperator.py:437 AirflowProviderDeprecationWarning: `exists_ok` parameter is deprecated, please use `if_exists`
[2026-02-17T06:44:12.836+0000] {processor.py:840} INFO - DAG(s) 'ecommerce_etl_v2' retrieved from /opt/airflow/dags/etl_dag.py
[2026-02-17T06:44:12.855+0000] {logging_mixin.py:188} INFO - [2026-02-17T06:44:12.855+0000] {dag.py:3036} INFO - Sync 1 DAGs
[2026-02-17T06:44:12.865+0000] {logging_mixin.py:188} INFO - [2026-02-17T06:44:12.865+0000] {dag.py:3823} INFO - Setting next_dagrun for ecommerce_etl_v2 to 2026-02-16 13:00:00+00:00, run_after=2026-02-17 13:00:00+00:00
[2026-02-17T06:44:12.873+0000] {processor.py:183} INFO - Processing /opt/airflow/dags/etl_dag.py took 0.162 seconds
[2026-02-17T06:44:43.159+0000] {processor.py:161} INFO - Started process (PID=58440) to work on /opt/airflow/dags/etl_dag.py
[2026-02-17T06:44:43.160+0000] {processor.py:830} INFO - Processing file /opt/airflow/dags/etl_dag.py for tasks to queue
[2026-02-17T06:44:43.161+0000] {logging_mixin.py:188} INFO - [2026-02-17T06:44:43.161+0000] {dagbag.py:538} INFO - Filling up the DagBag from /opt/airflow/dags/etl_dag.py
[2026-02-17T06:44:43.207+0000] {logging_mixin.py:188} INFO - Warning: Your Kaggle API key is readable by other users on this system! To fix this, you can run 'chmod 600 /home/airflow/.kaggle/kaggle.json'
[2026-02-17T06:44:43.268+0000] {logging_mixin.py:188} WARNING - /home/airflow/.local/lib/python3.8/site-packages/airflow/models/baseoperator.py:437 AirflowProviderDeprecationWarning: `exists_ok` parameter is deprecated, please use `if_exists`
[2026-02-17T06:44:43.277+0000] {processor.py:840} INFO - DAG(s) 'ecommerce_etl_v2' retrieved from /opt/airflow/dags/etl_dag.py
[2026-02-17T06:44:43.295+0000] {logging_mixin.py:188} INFO - [2026-02-17T06:44:43.295+0000] {dag.py:3036} INFO - Sync 1 DAGs
[2026-02-17T06:44:43.305+0000] {logging_mixin.py:188} INFO - [2026-02-17T06:44:43.305+0000] {dag.py:3823} INFO - Setting next_dagrun for ecommerce_etl_v2 to 2026-02-16 13:00:00+00:00, run_after=2026-02-17 13:00:00+00:00
[2026-02-17T06:44:43.315+0000] {processor.py:183} INFO - Processing /opt/airflow/dags/etl_dag.py took 0.159 seconds
[2026-02-17T06:45:13.485+0000] {processor.py:161} INFO - Started process (PID=58471) to work on /opt/airflow/dags/etl_dag.py
[2026-02-17T06:45:13.486+0000] {processor.py:830} INFO - Processing file /opt/airflow/dags/etl_dag.py for tasks to queue
[2026-02-17T06:45:13.488+0000] {logging_mixin.py:188} INFO - [2026-02-17T06:45:13.488+0000] {dagbag.py:538} INFO - Filling up the DagBag from /opt/airflow/dags/etl_dag.py
[2026-02-17T06:45:13.534+0000] {logging_mixin.py:188} INFO - Warning: Your Kaggle API key is readable by other users on this system! To fix this, you can run 'chmod 600 /home/airflow/.kaggle/kaggle.json'
[2026-02-17T06:45:13.594+0000] {logging_mixin.py:188} WARNING - /home/airflow/.local/lib/python3.8/site-packages/airflow/models/baseoperator.py:437 AirflowProviderDeprecationWarning: `exists_ok` parameter is deprecated, please use `if_exists`
[2026-02-17T06:45:13.603+0000] {processor.py:840} INFO - DAG(s) 'ecommerce_etl_v2' retrieved from /opt/airflow/dags/etl_dag.py
[2026-02-17T06:45:13.621+0000] {logging_mixin.py:188} INFO - [2026-02-17T06:45:13.621+0000] {dag.py:3036} INFO - Sync 1 DAGs
[2026-02-17T06:45:13.632+0000] {logging_mixin.py:188} INFO - [2026-02-17T06:45:13.632+0000] {dag.py:3823} INFO - Setting next_dagrun for ecommerce_etl_v2 to 2026-02-16 13:00:00+00:00, run_after=2026-02-17 13:00:00+00:00
[2026-02-17T06:45:13.641+0000] {processor.py:183} INFO - Processing /opt/airflow/dags/etl_dag.py took 0.161 seconds
[2026-02-17T06:45:43.904+0000] {processor.py:161} INFO - Started process (PID=58502) to work on /opt/airflow/dags/etl_dag.py
[2026-02-17T06:45:43.905+0000] {processor.py:830} INFO - Processing file /opt/airflow/dags/etl_dag.py for tasks to queue
[2026-02-17T06:45:43.906+0000] {logging_mixin.py:188} INFO - [2026-02-17T06:45:43.905+0000] {dagbag.py:538} INFO - Filling up the DagBag from /opt/airflow/dags/etl_dag.py
[2026-02-17T06:45:43.951+0000] {logging_mixin.py:188} INFO - Warning: Your Kaggle API key is readable by other users on this system! To fix this, you can run 'chmod 600 /home/airflow/.kaggle/kaggle.json'
[2026-02-17T06:45:44.010+0000] {logging_mixin.py:188} WARNING - /home/airflow/.local/lib/python3.8/site-packages/airflow/models/baseoperator.py:437 AirflowProviderDeprecationWarning: `exists_ok` parameter is deprecated, please use `if_exists`
[2026-02-17T06:45:44.019+0000] {processor.py:840} INFO - DAG(s) 'ecommerce_etl_v2' retrieved from /opt/airflow/dags/etl_dag.py
[2026-02-17T06:45:44.038+0000] {logging_mixin.py:188} INFO - [2026-02-17T06:45:44.037+0000] {dag.py:3036} INFO - Sync 1 DAGs
[2026-02-17T06:45:44.048+0000] {logging_mixin.py:188} INFO - [2026-02-17T06:45:44.048+0000] {dag.py:3823} INFO - Setting next_dagrun for ecommerce_etl_v2 to 2026-02-16 13:00:00+00:00, run_after=2026-02-17 13:00:00+00:00
[2026-02-17T06:45:44.057+0000] {processor.py:183} INFO - Processing /opt/airflow/dags/etl_dag.py took 0.157 seconds
[2026-02-17T06:46:14.258+0000] {processor.py:161} INFO - Started process (PID=58533) to work on /opt/airflow/dags/etl_dag.py
[2026-02-17T06:46:14.259+0000] {processor.py:830} INFO - Processing file /opt/airflow/dags/etl_dag.py for tasks to queue
[2026-02-17T06:46:14.261+0000] {logging_mixin.py:188} INFO - [2026-02-17T06:46:14.260+0000] {dagbag.py:538} INFO - Filling up the DagBag from /opt/airflow/dags/etl_dag.py
[2026-02-17T06:46:14.312+0000] {logging_mixin.py:188} INFO - Warning: Your Kaggle API key is readable by other users on this system! To fix this, you can run 'chmod 600 /home/airflow/.kaggle/kaggle.json'
[2026-02-17T06:46:14.377+0000] {logging_mixin.py:188} WARNING - /home/airflow/.local/lib/python3.8/site-packages/airflow/models/baseoperator.py:437 AirflowProviderDeprecationWarning: `exists_ok` parameter is deprecated, please use `if_exists`
[2026-02-17T06:46:14.387+0000] {processor.py:840} INFO - DAG(s) 'ecommerce_etl_v2' retrieved from /opt/airflow/dags/etl_dag.py
[2026-02-17T06:46:14.408+0000] {logging_mixin.py:188} INFO - [2026-02-17T06:46:14.408+0000] {dag.py:3036} INFO - Sync 1 DAGs
[2026-02-17T06:46:14.419+0000] {logging_mixin.py:188} INFO - [2026-02-17T06:46:14.419+0000] {dag.py:3823} INFO - Setting next_dagrun for ecommerce_etl_v2 to 2026-02-16 13:00:00+00:00, run_after=2026-02-17 13:00:00+00:00
[2026-02-17T06:46:14.429+0000] {processor.py:183} INFO - Processing /opt/airflow/dags/etl_dag.py took 0.176 seconds
[2026-02-17T06:46:44.733+0000] {processor.py:161} INFO - Started process (PID=58564) to work on /opt/airflow/dags/etl_dag.py
[2026-02-17T06:46:44.734+0000] {processor.py:830} INFO - Processing file /opt/airflow/dags/etl_dag.py for tasks to queue
[2026-02-17T06:46:44.735+0000] {logging_mixin.py:188} INFO - [2026-02-17T06:46:44.734+0000] {dagbag.py:538} INFO - Filling up the DagBag from /opt/airflow/dags/etl_dag.py
[2026-02-17T06:46:44.782+0000] {logging_mixin.py:188} INFO - Warning: Your Kaggle API key is readable by other users on this system! To fix this, you can run 'chmod 600 /home/airflow/.kaggle/kaggle.json'
[2026-02-17T06:46:44.842+0000] {logging_mixin.py:188} WARNING - /home/airflow/.local/lib/python3.8/site-packages/airflow/models/baseoperator.py:437 AirflowProviderDeprecationWarning: `exists_ok` parameter is deprecated, please use `if_exists`
[2026-02-17T06:46:44.851+0000] {processor.py:840} INFO - DAG(s) 'ecommerce_etl_v2' retrieved from /opt/airflow/dags/etl_dag.py
[2026-02-17T06:46:44.869+0000] {logging_mixin.py:188} INFO - [2026-02-17T06:46:44.869+0000] {dag.py:3036} INFO - Sync 1 DAGs
[2026-02-17T06:46:44.879+0000] {logging_mixin.py:188} INFO - [2026-02-17T06:46:44.879+0000] {dag.py:3823} INFO - Setting next_dagrun for ecommerce_etl_v2 to 2026-02-16 13:00:00+00:00, run_after=2026-02-17 13:00:00+00:00
[2026-02-17T06:46:44.888+0000] {processor.py:183} INFO - Processing /opt/airflow/dags/etl_dag.py took 0.159 seconds
[2026-02-17T06:47:15.038+0000] {processor.py:161} INFO - Started process (PID=58595) to work on /opt/airflow/dags/etl_dag.py
[2026-02-17T06:47:15.039+0000] {processor.py:830} INFO - Processing file /opt/airflow/dags/etl_dag.py for tasks to queue
[2026-02-17T06:47:15.040+0000] {logging_mixin.py:188} INFO - [2026-02-17T06:47:15.040+0000] {dagbag.py:538} INFO - Filling up the DagBag from /opt/airflow/dags/etl_dag.py
[2026-02-17T06:47:15.089+0000] {logging_mixin.py:188} INFO - Warning: Your Kaggle API key is readable by other users on this system! To fix this, you can run 'chmod 600 /home/airflow/.kaggle/kaggle.json'
[2026-02-17T06:47:15.151+0000] {logging_mixin.py:188} WARNING - /home/airflow/.local/lib/python3.8/site-packages/airflow/models/baseoperator.py:437 AirflowProviderDeprecationWarning: `exists_ok` parameter is deprecated, please use `if_exists`
[2026-02-17T06:47:15.160+0000] {processor.py:840} INFO - DAG(s) 'ecommerce_etl_v2' retrieved from /opt/airflow/dags/etl_dag.py
[2026-02-17T06:47:15.180+0000] {logging_mixin.py:188} INFO - [2026-02-17T06:47:15.179+0000] {dag.py:3036} INFO - Sync 1 DAGs
[2026-02-17T06:47:15.190+0000] {logging_mixin.py:188} INFO - [2026-02-17T06:47:15.190+0000] {dag.py:3823} INFO - Setting next_dagrun for ecommerce_etl_v2 to 2026-02-16 13:00:00+00:00, run_after=2026-02-17 13:00:00+00:00
[2026-02-17T06:47:15.199+0000] {processor.py:183} INFO - Processing /opt/airflow/dags/etl_dag.py took 0.167 seconds
[2026-02-17T06:47:45.474+0000] {processor.py:161} INFO - Started process (PID=58626) to work on /opt/airflow/dags/etl_dag.py
[2026-02-17T06:47:45.475+0000] {processor.py:830} INFO - Processing file /opt/airflow/dags/etl_dag.py for tasks to queue
[2026-02-17T06:47:45.476+0000] {logging_mixin.py:188} INFO - [2026-02-17T06:47:45.476+0000] {dagbag.py:538} INFO - Filling up the DagBag from /opt/airflow/dags/etl_dag.py
[2026-02-17T06:47:45.521+0000] {logging_mixin.py:188} INFO - Warning: Your Kaggle API key is readable by other users on this system! To fix this, you can run 'chmod 600 /home/airflow/.kaggle/kaggle.json'
[2026-02-17T06:47:45.580+0000] {logging_mixin.py:188} WARNING - /home/airflow/.local/lib/python3.8/site-packages/airflow/models/baseoperator.py:437 AirflowProviderDeprecationWarning: `exists_ok` parameter is deprecated, please use `if_exists`
[2026-02-17T06:47:45.589+0000] {processor.py:840} INFO - DAG(s) 'ecommerce_etl_v2' retrieved from /opt/airflow/dags/etl_dag.py
[2026-02-17T06:47:45.607+0000] {logging_mixin.py:188} INFO - [2026-02-17T06:47:45.607+0000] {dag.py:3036} INFO - Sync 1 DAGs
[2026-02-17T06:47:45.618+0000] {logging_mixin.py:188} INFO - [2026-02-17T06:47:45.618+0000] {dag.py:3823} INFO - Setting next_dagrun for ecommerce_etl_v2 to 2026-02-16 13:00:00+00:00, run_after=2026-02-17 13:00:00+00:00
[2026-02-17T06:47:45.628+0000] {processor.py:183} INFO - Processing /opt/airflow/dags/etl_dag.py took 0.158 seconds
[2026-02-17T06:48:15.760+0000] {processor.py:161} INFO - Started process (PID=58657) to work on /opt/airflow/dags/etl_dag.py
[2026-02-17T06:48:15.761+0000] {processor.py:830} INFO - Processing file /opt/airflow/dags/etl_dag.py for tasks to queue
[2026-02-17T06:48:15.762+0000] {logging_mixin.py:188} INFO - [2026-02-17T06:48:15.762+0000] {dagbag.py:538} INFO - Filling up the DagBag from /opt/airflow/dags/etl_dag.py
[2026-02-17T06:48:15.806+0000] {logging_mixin.py:188} INFO - Warning: Your Kaggle API key is readable by other users on this system! To fix this, you can run 'chmod 600 /home/airflow/.kaggle/kaggle.json'
[2026-02-17T06:48:15.866+0000] {logging_mixin.py:188} WARNING - /home/airflow/.local/lib/python3.8/site-packages/airflow/models/baseoperator.py:437 AirflowProviderDeprecationWarning: `exists_ok` parameter is deprecated, please use `if_exists`
[2026-02-17T06:48:15.876+0000] {processor.py:840} INFO - DAG(s) 'ecommerce_etl_v2' retrieved from /opt/airflow/dags/etl_dag.py
[2026-02-17T06:48:15.895+0000] {logging_mixin.py:188} INFO - [2026-02-17T06:48:15.895+0000] {dag.py:3036} INFO - Sync 1 DAGs
[2026-02-17T06:48:15.905+0000] {logging_mixin.py:188} INFO - [2026-02-17T06:48:15.905+0000] {dag.py:3823} INFO - Setting next_dagrun for ecommerce_etl_v2 to 2026-02-16 13:00:00+00:00, run_after=2026-02-17 13:00:00+00:00
[2026-02-17T06:48:15.914+0000] {processor.py:183} INFO - Processing /opt/airflow/dags/etl_dag.py took 0.157 seconds
[2026-02-17T06:48:46.129+0000] {processor.py:161} INFO - Started process (PID=58688) to work on /opt/airflow/dags/etl_dag.py
[2026-02-17T06:48:46.129+0000] {processor.py:830} INFO - Processing file /opt/airflow/dags/etl_dag.py for tasks to queue
[2026-02-17T06:48:46.130+0000] {logging_mixin.py:188} INFO - [2026-02-17T06:48:46.130+0000] {dagbag.py:538} INFO - Filling up the DagBag from /opt/airflow/dags/etl_dag.py
[2026-02-17T06:48:46.168+0000] {logging_mixin.py:188} INFO - Warning: Your Kaggle API key is readable by other users on this system! To fix this, you can run 'chmod 600 /home/airflow/.kaggle/kaggle.json'
[2026-02-17T06:48:46.228+0000] {logging_mixin.py:188} WARNING - /home/airflow/.local/lib/python3.8/site-packages/airflow/models/baseoperator.py:437 AirflowProviderDeprecationWarning: `exists_ok` parameter is deprecated, please use `if_exists`
[2026-02-17T06:48:46.237+0000] {processor.py:840} INFO - DAG(s) 'ecommerce_etl_v2' retrieved from /opt/airflow/dags/etl_dag.py
[2026-02-17T06:48:46.255+0000] {logging_mixin.py:188} INFO - [2026-02-17T06:48:46.255+0000] {dag.py:3036} INFO - Sync 1 DAGs
[2026-02-17T06:48:46.266+0000] {logging_mixin.py:188} INFO - [2026-02-17T06:48:46.266+0000] {dag.py:3823} INFO - Setting next_dagrun for ecommerce_etl_v2 to 2026-02-16 13:00:00+00:00, run_after=2026-02-17 13:00:00+00:00
[2026-02-17T06:48:46.275+0000] {processor.py:183} INFO - Processing /opt/airflow/dags/etl_dag.py took 0.148 seconds
[2026-02-17T06:49:16.433+0000] {processor.py:161} INFO - Started process (PID=58719) to work on /opt/airflow/dags/etl_dag.py
[2026-02-17T06:49:16.435+0000] {processor.py:830} INFO - Processing file /opt/airflow/dags/etl_dag.py for tasks to queue
[2026-02-17T06:49:16.436+0000] {logging_mixin.py:188} INFO - [2026-02-17T06:49:16.436+0000] {dagbag.py:538} INFO - Filling up the DagBag from /opt/airflow/dags/etl_dag.py
[2026-02-17T06:49:16.490+0000] {logging_mixin.py:188} INFO - Warning: Your Kaggle API key is readable by other users on this system! To fix this, you can run 'chmod 600 /home/airflow/.kaggle/kaggle.json'
[2026-02-17T06:49:16.553+0000] {logging_mixin.py:188} WARNING - /home/airflow/.local/lib/python3.8/site-packages/airflow/models/baseoperator.py:437 AirflowProviderDeprecationWarning: `exists_ok` parameter is deprecated, please use `if_exists`
[2026-02-17T06:49:16.562+0000] {processor.py:840} INFO - DAG(s) 'ecommerce_etl_v2' retrieved from /opt/airflow/dags/etl_dag.py
[2026-02-17T06:49:16.582+0000] {logging_mixin.py:188} INFO - [2026-02-17T06:49:16.582+0000] {dag.py:3036} INFO - Sync 1 DAGs
[2026-02-17T06:49:16.593+0000] {logging_mixin.py:188} INFO - [2026-02-17T06:49:16.593+0000] {dag.py:3823} INFO - Setting next_dagrun for ecommerce_etl_v2 to 2026-02-16 13:00:00+00:00, run_after=2026-02-17 13:00:00+00:00
[2026-02-17T06:49:16.602+0000] {processor.py:183} INFO - Processing /opt/airflow/dags/etl_dag.py took 0.173 seconds
[2026-02-17T06:49:46.901+0000] {processor.py:161} INFO - Started process (PID=58750) to work on /opt/airflow/dags/etl_dag.py
[2026-02-17T06:49:46.902+0000] {processor.py:830} INFO - Processing file /opt/airflow/dags/etl_dag.py for tasks to queue
[2026-02-17T06:49:46.903+0000] {logging_mixin.py:188} INFO - [2026-02-17T06:49:46.903+0000] {dagbag.py:538} INFO - Filling up the DagBag from /opt/airflow/dags/etl_dag.py
[2026-02-17T06:49:46.947+0000] {logging_mixin.py:188} INFO - Warning: Your Kaggle API key is readable by other users on this system! To fix this, you can run 'chmod 600 /home/airflow/.kaggle/kaggle.json'
[2026-02-17T06:49:47.006+0000] {logging_mixin.py:188} WARNING - /home/airflow/.local/lib/python3.8/site-packages/airflow/models/baseoperator.py:437 AirflowProviderDeprecationWarning: `exists_ok` parameter is deprecated, please use `if_exists`
[2026-02-17T06:49:47.015+0000] {processor.py:840} INFO - DAG(s) 'ecommerce_etl_v2' retrieved from /opt/airflow/dags/etl_dag.py
[2026-02-17T06:49:47.033+0000] {logging_mixin.py:188} INFO - [2026-02-17T06:49:47.033+0000] {dag.py:3036} INFO - Sync 1 DAGs
[2026-02-17T06:49:47.043+0000] {logging_mixin.py:188} INFO - [2026-02-17T06:49:47.043+0000] {dag.py:3823} INFO - Setting next_dagrun for ecommerce_etl_v2 to 2026-02-16 13:00:00+00:00, run_after=2026-02-17 13:00:00+00:00
[2026-02-17T06:49:47.053+0000] {processor.py:183} INFO - Processing /opt/airflow/dags/etl_dag.py took 0.155 seconds
[2026-02-17T06:50:17.231+0000] {processor.py:161} INFO - Started process (PID=58781) to work on /opt/airflow/dags/etl_dag.py
[2026-02-17T06:50:17.233+0000] {processor.py:830} INFO - Processing file /opt/airflow/dags/etl_dag.py for tasks to queue
[2026-02-17T06:50:17.234+0000] {logging_mixin.py:188} INFO - [2026-02-17T06:50:17.234+0000] {dagbag.py:538} INFO - Filling up the DagBag from /opt/airflow/dags/etl_dag.py
[2026-02-17T06:50:17.280+0000] {logging_mixin.py:188} INFO - Warning: Your Kaggle API key is readable by other users on this system! To fix this, you can run 'chmod 600 /home/airflow/.kaggle/kaggle.json'
[2026-02-17T06:50:17.339+0000] {logging_mixin.py:188} WARNING - /home/airflow/.local/lib/python3.8/site-packages/airflow/models/baseoperator.py:437 AirflowProviderDeprecationWarning: `exists_ok` parameter is deprecated, please use `if_exists`
[2026-02-17T06:50:17.348+0000] {processor.py:840} INFO - DAG(s) 'ecommerce_etl_v2' retrieved from /opt/airflow/dags/etl_dag.py
[2026-02-17T06:50:17.366+0000] {logging_mixin.py:188} INFO - [2026-02-17T06:50:17.366+0000] {dag.py:3036} INFO - Sync 1 DAGs
[2026-02-17T06:50:17.377+0000] {logging_mixin.py:188} INFO - [2026-02-17T06:50:17.377+0000] {dag.py:3823} INFO - Setting next_dagrun for ecommerce_etl_v2 to 2026-02-16 13:00:00+00:00, run_after=2026-02-17 13:00:00+00:00
[2026-02-17T06:50:17.386+0000] {processor.py:183} INFO - Processing /opt/airflow/dags/etl_dag.py took 0.159 seconds
[2026-02-17T06:50:47.618+0000] {processor.py:161} INFO - Started process (PID=58812) to work on /opt/airflow/dags/etl_dag.py
[2026-02-17T06:50:47.619+0000] {processor.py:830} INFO - Processing file /opt/airflow/dags/etl_dag.py for tasks to queue
[2026-02-17T06:50:47.620+0000] {logging_mixin.py:188} INFO - [2026-02-17T06:50:47.620+0000] {dagbag.py:538} INFO - Filling up the DagBag from /opt/airflow/dags/etl_dag.py
[2026-02-17T06:50:47.668+0000] {logging_mixin.py:188} INFO - Warning: Your Kaggle API key is readable by other users on this system! To fix this, you can run 'chmod 600 /home/airflow/.kaggle/kaggle.json'
[2026-02-17T06:50:47.727+0000] {logging_mixin.py:188} WARNING - /home/airflow/.local/lib/python3.8/site-packages/airflow/models/baseoperator.py:437 AirflowProviderDeprecationWarning: `exists_ok` parameter is deprecated, please use `if_exists`
[2026-02-17T06:50:47.737+0000] {processor.py:840} INFO - DAG(s) 'ecommerce_etl_v2' retrieved from /opt/airflow/dags/etl_dag.py
[2026-02-17T06:50:47.755+0000] {logging_mixin.py:188} INFO - [2026-02-17T06:50:47.755+0000] {dag.py:3036} INFO - Sync 1 DAGs
[2026-02-17T06:50:47.766+0000] {logging_mixin.py:188} INFO - [2026-02-17T06:50:47.766+0000] {dag.py:3823} INFO - Setting next_dagrun for ecommerce_etl_v2 to 2026-02-16 13:00:00+00:00, run_after=2026-02-17 13:00:00+00:00
[2026-02-17T06:50:47.774+0000] {processor.py:183} INFO - Processing /opt/airflow/dags/etl_dag.py took 0.161 seconds
[2026-02-17T06:51:17.959+0000] {processor.py:161} INFO - Started process (PID=58843) to work on /opt/airflow/dags/etl_dag.py
[2026-02-17T06:51:17.959+0000] {processor.py:830} INFO - Processing file /opt/airflow/dags/etl_dag.py for tasks to queue
[2026-02-17T06:51:17.960+0000] {logging_mixin.py:188} INFO - [2026-02-17T06:51:17.960+0000] {dagbag.py:538} INFO - Filling up the DagBag from /opt/airflow/dags/etl_dag.py
[2026-02-17T06:51:17.996+0000] {logging_mixin.py:188} INFO - Warning: Your Kaggle API key is readable by other users on this system! To fix this, you can run 'chmod 600 /home/airflow/.kaggle/kaggle.json'
[2026-02-17T06:51:18.057+0000] {logging_mixin.py:188} WARNING - /home/airflow/.local/lib/python3.8/site-packages/airflow/models/baseoperator.py:437 AirflowProviderDeprecationWarning: `exists_ok` parameter is deprecated, please use `if_exists`
[2026-02-17T06:51:18.067+0000] {processor.py:840} INFO - DAG(s) 'ecommerce_etl_v2' retrieved from /opt/airflow/dags/etl_dag.py
[2026-02-17T06:51:18.089+0000] {logging_mixin.py:188} INFO - [2026-02-17T06:51:18.089+0000] {dag.py:3036} INFO - Sync 1 DAGs
[2026-02-17T06:51:18.101+0000] {logging_mixin.py:188} INFO - [2026-02-17T06:51:18.101+0000] {dag.py:3823} INFO - Setting next_dagrun for ecommerce_etl_v2 to 2026-02-16 13:00:00+00:00, run_after=2026-02-17 13:00:00+00:00
[2026-02-17T06:51:18.110+0000] {processor.py:183} INFO - Processing /opt/airflow/dags/etl_dag.py took 0.153 seconds
[2026-02-17T06:51:48.316+0000] {processor.py:161} INFO - Started process (PID=58874) to work on /opt/airflow/dags/etl_dag.py
[2026-02-17T06:51:48.317+0000] {processor.py:830} INFO - Processing file /opt/airflow/dags/etl_dag.py for tasks to queue
[2026-02-17T06:51:48.318+0000] {logging_mixin.py:188} INFO - [2026-02-17T06:51:48.317+0000] {dagbag.py:538} INFO - Filling up the DagBag from /opt/airflow/dags/etl_dag.py
[2026-02-17T06:51:48.364+0000] {logging_mixin.py:188} INFO - Warning: Your Kaggle API key is readable by other users on this system! To fix this, you can run 'chmod 600 /home/airflow/.kaggle/kaggle.json'
[2026-02-17T06:51:48.424+0000] {logging_mixin.py:188} WARNING - /home/airflow/.local/lib/python3.8/site-packages/airflow/models/baseoperator.py:437 AirflowProviderDeprecationWarning: `exists_ok` parameter is deprecated, please use `if_exists`
[2026-02-17T06:51:48.433+0000] {processor.py:840} INFO - DAG(s) 'ecommerce_etl_v2' retrieved from /opt/airflow/dags/etl_dag.py
[2026-02-17T06:51:48.452+0000] {logging_mixin.py:188} INFO - [2026-02-17T06:51:48.452+0000] {dag.py:3036} INFO - Sync 1 DAGs
[2026-02-17T06:51:48.463+0000] {logging_mixin.py:188} INFO - [2026-02-17T06:51:48.463+0000] {dag.py:3823} INFO - Setting next_dagrun for ecommerce_etl_v2 to 2026-02-16 13:00:00+00:00, run_after=2026-02-17 13:00:00+00:00
[2026-02-17T06:51:48.472+0000] {processor.py:183} INFO - Processing /opt/airflow/dags/etl_dag.py took 0.161 seconds
[2026-02-17T06:52:18.655+0000] {processor.py:161} INFO - Started process (PID=58905) to work on /opt/airflow/dags/etl_dag.py
[2026-02-17T06:52:18.656+0000] {processor.py:830} INFO - Processing file /opt/airflow/dags/etl_dag.py for tasks to queue
[2026-02-17T06:52:18.657+0000] {logging_mixin.py:188} INFO - [2026-02-17T06:52:18.657+0000] {dagbag.py:538} INFO - Filling up the DagBag from /opt/airflow/dags/etl_dag.py
[2026-02-17T06:52:18.703+0000] {logging_mixin.py:188} INFO - Warning: Your Kaggle API key is readable by other users on this system! To fix this, you can run 'chmod 600 /home/airflow/.kaggle/kaggle.json'
[2026-02-17T06:52:18.763+0000] {logging_mixin.py:188} WARNING - /home/airflow/.local/lib/python3.8/site-packages/airflow/models/baseoperator.py:437 AirflowProviderDeprecationWarning: `exists_ok` parameter is deprecated, please use `if_exists`
[2026-02-17T06:52:18.772+0000] {processor.py:840} INFO - DAG(s) 'ecommerce_etl_v2' retrieved from /opt/airflow/dags/etl_dag.py
[2026-02-17T06:52:18.792+0000] {logging_mixin.py:188} INFO - [2026-02-17T06:52:18.792+0000] {dag.py:3036} INFO - Sync 1 DAGs
[2026-02-17T06:52:18.803+0000] {logging_mixin.py:188} INFO - [2026-02-17T06:52:18.803+0000] {dag.py:3823} INFO - Setting next_dagrun for ecommerce_etl_v2 to 2026-02-16 13:00:00+00:00, run_after=2026-02-17 13:00:00+00:00
[2026-02-17T06:52:18.812+0000] {processor.py:183} INFO - Processing /opt/airflow/dags/etl_dag.py took 0.159 seconds
[2026-02-17T06:52:49.004+0000] {processor.py:161} INFO - Started process (PID=58936) to work on /opt/airflow/dags/etl_dag.py
[2026-02-17T06:52:49.005+0000] {processor.py:830} INFO - Processing file /opt/airflow/dags/etl_dag.py for tasks to queue
[2026-02-17T06:52:49.005+0000] {logging_mixin.py:188} INFO - [2026-02-17T06:52:49.005+0000] {dagbag.py:538} INFO - Filling up the DagBag from /opt/airflow/dags/etl_dag.py
[2026-02-17T06:52:49.050+0000] {logging_mixin.py:188} INFO - Warning: Your Kaggle API key is readable by other users on this system! To fix this, you can run 'chmod 600 /home/airflow/.kaggle/kaggle.json'
[2026-02-17T06:52:49.114+0000] {logging_mixin.py:188} WARNING - /home/airflow/.local/lib/python3.8/site-packages/airflow/models/baseoperator.py:437 AirflowProviderDeprecationWarning: `exists_ok` parameter is deprecated, please use `if_exists`
[2026-02-17T06:52:49.124+0000] {processor.py:840} INFO - DAG(s) 'ecommerce_etl_v2' retrieved from /opt/airflow/dags/etl_dag.py
[2026-02-17T06:52:49.145+0000] {logging_mixin.py:188} INFO - [2026-02-17T06:52:49.145+0000] {dag.py:3036} INFO - Sync 1 DAGs
[2026-02-17T06:52:49.158+0000] {logging_mixin.py:188} INFO - [2026-02-17T06:52:49.157+0000] {dag.py:3823} INFO - Setting next_dagrun for ecommerce_etl_v2 to 2026-02-16 13:00:00+00:00, run_after=2026-02-17 13:00:00+00:00
[2026-02-17T06:52:49.168+0000] {processor.py:183} INFO - Processing /opt/airflow/dags/etl_dag.py took 0.166 seconds
[2026-02-17T06:53:19.309+0000] {processor.py:161} INFO - Started process (PID=58967) to work on /opt/airflow/dags/etl_dag.py
[2026-02-17T06:53:19.310+0000] {processor.py:830} INFO - Processing file /opt/airflow/dags/etl_dag.py for tasks to queue
[2026-02-17T06:53:19.312+0000] {logging_mixin.py:188} INFO - [2026-02-17T06:53:19.311+0000] {dagbag.py:538} INFO - Filling up the DagBag from /opt/airflow/dags/etl_dag.py
[2026-02-17T06:53:19.354+0000] {logging_mixin.py:188} INFO - Warning: Your Kaggle API key is readable by other users on this system! To fix this, you can run 'chmod 600 /home/airflow/.kaggle/kaggle.json'
[2026-02-17T06:53:19.414+0000] {logging_mixin.py:188} WARNING - /home/airflow/.local/lib/python3.8/site-packages/airflow/models/baseoperator.py:437 AirflowProviderDeprecationWarning: `exists_ok` parameter is deprecated, please use `if_exists`
[2026-02-17T06:53:19.425+0000] {processor.py:840} INFO - DAG(s) 'ecommerce_etl_v2' retrieved from /opt/airflow/dags/etl_dag.py
[2026-02-17T06:53:19.444+0000] {logging_mixin.py:188} INFO - [2026-02-17T06:53:19.444+0000] {dag.py:3036} INFO - Sync 1 DAGs
[2026-02-17T06:53:19.454+0000] {logging_mixin.py:188} INFO - [2026-02-17T06:53:19.454+0000] {dag.py:3823} INFO - Setting next_dagrun for ecommerce_etl_v2 to 2026-02-16 13:00:00+00:00, run_after=2026-02-17 13:00:00+00:00
[2026-02-17T06:53:19.463+0000] {processor.py:183} INFO - Processing /opt/airflow/dags/etl_dag.py took 0.158 seconds
[2026-02-17T06:53:49.814+0000] {processor.py:161} INFO - Started process (PID=58998) to work on /opt/airflow/dags/etl_dag.py
[2026-02-17T06:53:49.815+0000] {processor.py:830} INFO - Processing file /opt/airflow/dags/etl_dag.py for tasks to queue
[2026-02-17T06:53:49.816+0000] {logging_mixin.py:188} INFO - [2026-02-17T06:53:49.816+0000] {dagbag.py:538} INFO - Filling up the DagBag from /opt/airflow/dags/etl_dag.py
[2026-02-17T06:53:49.863+0000] {logging_mixin.py:188} INFO - Warning: Your Kaggle API key is readable by other users on this system! To fix this, you can run 'chmod 600 /home/airflow/.kaggle/kaggle.json'
[2026-02-17T06:53:49.922+0000] {logging_mixin.py:188} WARNING - /home/airflow/.local/lib/python3.8/site-packages/airflow/models/baseoperator.py:437 AirflowProviderDeprecationWarning: `exists_ok` parameter is deprecated, please use `if_exists`
[2026-02-17T06:53:49.931+0000] {processor.py:840} INFO - DAG(s) 'ecommerce_etl_v2' retrieved from /opt/airflow/dags/etl_dag.py
[2026-02-17T06:53:49.951+0000] {logging_mixin.py:188} INFO - [2026-02-17T06:53:49.951+0000] {dag.py:3036} INFO - Sync 1 DAGs
[2026-02-17T06:53:49.961+0000] {logging_mixin.py:188} INFO - [2026-02-17T06:53:49.961+0000] {dag.py:3823} INFO - Setting next_dagrun for ecommerce_etl_v2 to 2026-02-16 13:00:00+00:00, run_after=2026-02-17 13:00:00+00:00
[2026-02-17T06:53:49.970+0000] {processor.py:183} INFO - Processing /opt/airflow/dags/etl_dag.py took 0.160 seconds
[2026-02-17T06:54:20.141+0000] {processor.py:161} INFO - Started process (PID=59029) to work on /opt/airflow/dags/etl_dag.py
[2026-02-17T06:54:20.141+0000] {processor.py:830} INFO - Processing file /opt/airflow/dags/etl_dag.py for tasks to queue
[2026-02-17T06:54:20.142+0000] {logging_mixin.py:188} INFO - [2026-02-17T06:54:20.142+0000] {dagbag.py:538} INFO - Filling up the DagBag from /opt/airflow/dags/etl_dag.py
[2026-02-17T06:54:20.186+0000] {logging_mixin.py:188} INFO - Warning: Your Kaggle API key is readable by other users on this system! To fix this, you can run 'chmod 600 /home/airflow/.kaggle/kaggle.json'
[2026-02-17T06:54:20.246+0000] {logging_mixin.py:188} WARNING - /home/airflow/.local/lib/python3.8/site-packages/airflow/models/baseoperator.py:437 AirflowProviderDeprecationWarning: `exists_ok` parameter is deprecated, please use `if_exists`
[2026-02-17T06:54:20.255+0000] {processor.py:840} INFO - DAG(s) 'ecommerce_etl_v2' retrieved from /opt/airflow/dags/etl_dag.py
[2026-02-17T06:54:20.273+0000] {logging_mixin.py:188} INFO - [2026-02-17T06:54:20.273+0000] {dag.py:3036} INFO - Sync 1 DAGs
[2026-02-17T06:54:20.283+0000] {logging_mixin.py:188} INFO - [2026-02-17T06:54:20.283+0000] {dag.py:3823} INFO - Setting next_dagrun for ecommerce_etl_v2 to 2026-02-16 13:00:00+00:00, run_after=2026-02-17 13:00:00+00:00
[2026-02-17T06:54:20.291+0000] {processor.py:183} INFO - Processing /opt/airflow/dags/etl_dag.py took 0.154 seconds
[2026-02-17T06:54:50.601+0000] {processor.py:161} INFO - Started process (PID=59060) to work on /opt/airflow/dags/etl_dag.py
[2026-02-17T06:54:50.602+0000] {processor.py:830} INFO - Processing file /opt/airflow/dags/etl_dag.py for tasks to queue
[2026-02-17T06:54:50.603+0000] {logging_mixin.py:188} INFO - [2026-02-17T06:54:50.603+0000] {dagbag.py:538} INFO - Filling up the DagBag from /opt/airflow/dags/etl_dag.py
[2026-02-17T06:54:50.648+0000] {logging_mixin.py:188} INFO - Warning: Your Kaggle API key is readable by other users on this system! To fix this, you can run 'chmod 600 /home/airflow/.kaggle/kaggle.json'
[2026-02-17T06:54:50.707+0000] {logging_mixin.py:188} WARNING - /home/airflow/.local/lib/python3.8/site-packages/airflow/models/baseoperator.py:437 AirflowProviderDeprecationWarning: `exists_ok` parameter is deprecated, please use `if_exists`
[2026-02-17T06:54:50.716+0000] {processor.py:840} INFO - DAG(s) 'ecommerce_etl_v2' retrieved from /opt/airflow/dags/etl_dag.py
[2026-02-17T06:54:50.736+0000] {logging_mixin.py:188} INFO - [2026-02-17T06:54:50.736+0000] {dag.py:3036} INFO - Sync 1 DAGs
[2026-02-17T06:54:50.747+0000] {logging_mixin.py:188} INFO - [2026-02-17T06:54:50.747+0000] {dag.py:3823} INFO - Setting next_dagrun for ecommerce_etl_v2 to 2026-02-16 13:00:00+00:00, run_after=2026-02-17 13:00:00+00:00
[2026-02-17T06:54:50.756+0000] {processor.py:183} INFO - Processing /opt/airflow/dags/etl_dag.py took 0.159 seconds
[2026-02-17T06:55:20.971+0000] {processor.py:161} INFO - Started process (PID=59091) to work on /opt/airflow/dags/etl_dag.py
[2026-02-17T06:55:20.973+0000] {processor.py:830} INFO - Processing file /opt/airflow/dags/etl_dag.py for tasks to queue
[2026-02-17T06:55:20.974+0000] {logging_mixin.py:188} INFO - [2026-02-17T06:55:20.973+0000] {dagbag.py:538} INFO - Filling up the DagBag from /opt/airflow/dags/etl_dag.py
[2026-02-17T06:55:21.019+0000] {logging_mixin.py:188} INFO - Warning: Your Kaggle API key is readable by other users on this system! To fix this, you can run 'chmod 600 /home/airflow/.kaggle/kaggle.json'
[2026-02-17T06:55:21.079+0000] {logging_mixin.py:188} WARNING - /home/airflow/.local/lib/python3.8/site-packages/airflow/models/baseoperator.py:437 AirflowProviderDeprecationWarning: `exists_ok` parameter is deprecated, please use `if_exists`
[2026-02-17T06:55:21.088+0000] {processor.py:840} INFO - DAG(s) 'ecommerce_etl_v2' retrieved from /opt/airflow/dags/etl_dag.py
[2026-02-17T06:55:21.107+0000] {logging_mixin.py:188} INFO - [2026-02-17T06:55:21.107+0000] {dag.py:3036} INFO - Sync 1 DAGs
[2026-02-17T06:55:21.118+0000] {logging_mixin.py:188} INFO - [2026-02-17T06:55:21.117+0000] {dag.py:3823} INFO - Setting next_dagrun for ecommerce_etl_v2 to 2026-02-16 13:00:00+00:00, run_after=2026-02-17 13:00:00+00:00
[2026-02-17T06:55:21.127+0000] {processor.py:183} INFO - Processing /opt/airflow/dags/etl_dag.py took 0.160 seconds
[2026-02-17T06:55:51.348+0000] {processor.py:161} INFO - Started process (PID=59122) to work on /opt/airflow/dags/etl_dag.py
[2026-02-17T06:55:51.349+0000] {processor.py:830} INFO - Processing file /opt/airflow/dags/etl_dag.py for tasks to queue
[2026-02-17T06:55:51.350+0000] {logging_mixin.py:188} INFO - [2026-02-17T06:55:51.350+0000] {dagbag.py:538} INFO - Filling up the DagBag from /opt/airflow/dags/etl_dag.py
[2026-02-17T06:55:51.396+0000] {logging_mixin.py:188} INFO - Warning: Your Kaggle API key is readable by other users on this system! To fix this, you can run 'chmod 600 /home/airflow/.kaggle/kaggle.json'
[2026-02-17T06:55:51.455+0000] {logging_mixin.py:188} WARNING - /home/airflow/.local/lib/python3.8/site-packages/airflow/models/baseoperator.py:437 AirflowProviderDeprecationWarning: `exists_ok` parameter is deprecated, please use `if_exists`
[2026-02-17T06:55:51.464+0000] {processor.py:840} INFO - DAG(s) 'ecommerce_etl_v2' retrieved from /opt/airflow/dags/etl_dag.py
[2026-02-17T06:55:51.482+0000] {logging_mixin.py:188} INFO - [2026-02-17T06:55:51.481+0000] {dag.py:3036} INFO - Sync 1 DAGs
[2026-02-17T06:55:51.492+0000] {logging_mixin.py:188} INFO - [2026-02-17T06:55:51.492+0000] {dag.py:3823} INFO - Setting next_dagrun for ecommerce_etl_v2 to 2026-02-16 13:00:00+00:00, run_after=2026-02-17 13:00:00+00:00
[2026-02-17T06:55:51.501+0000] {processor.py:183} INFO - Processing /opt/airflow/dags/etl_dag.py took 0.157 seconds
[2026-02-17T06:56:21.782+0000] {processor.py:161} INFO - Started process (PID=59153) to work on /opt/airflow/dags/etl_dag.py
[2026-02-17T06:56:21.783+0000] {processor.py:830} INFO - Processing file /opt/airflow/dags/etl_dag.py for tasks to queue
[2026-02-17T06:56:21.784+0000] {logging_mixin.py:188} INFO - [2026-02-17T06:56:21.784+0000] {dagbag.py:538} INFO - Filling up the DagBag from /opt/airflow/dags/etl_dag.py
[2026-02-17T06:56:21.832+0000] {logging_mixin.py:188} INFO - Warning: Your Kaggle API key is readable by other users on this system! To fix this, you can run 'chmod 600 /home/airflow/.kaggle/kaggle.json'
[2026-02-17T06:56:21.891+0000] {logging_mixin.py:188} WARNING - /home/airflow/.local/lib/python3.8/site-packages/airflow/models/baseoperator.py:437 AirflowProviderDeprecationWarning: `exists_ok` parameter is deprecated, please use `if_exists`
[2026-02-17T06:56:21.900+0000] {processor.py:840} INFO - DAG(s) 'ecommerce_etl_v2' retrieved from /opt/airflow/dags/etl_dag.py
[2026-02-17T06:56:21.919+0000] {logging_mixin.py:188} INFO - [2026-02-17T06:56:21.918+0000] {dag.py:3036} INFO - Sync 1 DAGs
[2026-02-17T06:56:21.929+0000] {logging_mixin.py:188} INFO - [2026-02-17T06:56:21.929+0000] {dag.py:3823} INFO - Setting next_dagrun for ecommerce_etl_v2 to 2026-02-16 13:00:00+00:00, run_after=2026-02-17 13:00:00+00:00
[2026-02-17T06:56:21.938+0000] {processor.py:183} INFO - Processing /opt/airflow/dags/etl_dag.py took 0.159 seconds
[2026-02-17T06:56:52.112+0000] {processor.py:161} INFO - Started process (PID=59184) to work on /opt/airflow/dags/etl_dag.py
[2026-02-17T06:56:52.113+0000] {processor.py:830} INFO - Processing file /opt/airflow/dags/etl_dag.py for tasks to queue
[2026-02-17T06:56:52.114+0000] {logging_mixin.py:188} INFO - [2026-02-17T06:56:52.113+0000] {dagbag.py:538} INFO - Filling up the DagBag from /opt/airflow/dags/etl_dag.py
[2026-02-17T06:56:52.154+0000] {logging_mixin.py:188} INFO - Warning: Your Kaggle API key is readable by other users on this system! To fix this, you can run 'chmod 600 /home/airflow/.kaggle/kaggle.json'
[2026-02-17T06:56:52.214+0000] {logging_mixin.py:188} WARNING - /home/airflow/.local/lib/python3.8/site-packages/airflow/models/baseoperator.py:437 AirflowProviderDeprecationWarning: `exists_ok` parameter is deprecated, please use `if_exists`
[2026-02-17T06:56:52.223+0000] {processor.py:840} INFO - DAG(s) 'ecommerce_etl_v2' retrieved from /opt/airflow/dags/etl_dag.py
[2026-02-17T06:56:52.242+0000] {logging_mixin.py:188} INFO - [2026-02-17T06:56:52.242+0000] {dag.py:3036} INFO - Sync 1 DAGs
[2026-02-17T06:56:52.252+0000] {logging_mixin.py:188} INFO - [2026-02-17T06:56:52.252+0000] {dag.py:3823} INFO - Setting next_dagrun for ecommerce_etl_v2 to 2026-02-16 13:00:00+00:00, run_after=2026-02-17 13:00:00+00:00
[2026-02-17T06:56:52.261+0000] {processor.py:183} INFO - Processing /opt/airflow/dags/etl_dag.py took 0.151 seconds
[2026-02-17T06:57:22.438+0000] {processor.py:161} INFO - Started process (PID=59215) to work on /opt/airflow/dags/etl_dag.py
[2026-02-17T06:57:22.439+0000] {processor.py:830} INFO - Processing file /opt/airflow/dags/etl_dag.py for tasks to queue
[2026-02-17T06:57:22.440+0000] {logging_mixin.py:188} INFO - [2026-02-17T06:57:22.439+0000] {dagbag.py:538} INFO - Filling up the DagBag from /opt/airflow/dags/etl_dag.py
[2026-02-17T06:57:22.482+0000] {logging_mixin.py:188} INFO - Warning: Your Kaggle API key is readable by other users on this system! To fix this, you can run 'chmod 600 /home/airflow/.kaggle/kaggle.json'
[2026-02-17T06:57:22.542+0000] {logging_mixin.py:188} WARNING - /home/airflow/.local/lib/python3.8/site-packages/airflow/models/baseoperator.py:437 AirflowProviderDeprecationWarning: `exists_ok` parameter is deprecated, please use `if_exists`
[2026-02-17T06:57:22.550+0000] {processor.py:840} INFO - DAG(s) 'ecommerce_etl_v2' retrieved from /opt/airflow/dags/etl_dag.py
[2026-02-17T06:57:22.569+0000] {logging_mixin.py:188} INFO - [2026-02-17T06:57:22.569+0000] {dag.py:3036} INFO - Sync 1 DAGs
[2026-02-17T06:57:22.580+0000] {logging_mixin.py:188} INFO - [2026-02-17T06:57:22.579+0000] {dag.py:3823} INFO - Setting next_dagrun for ecommerce_etl_v2 to 2026-02-16 13:00:00+00:00, run_after=2026-02-17 13:00:00+00:00
[2026-02-17T06:57:22.588+0000] {processor.py:183} INFO - Processing /opt/airflow/dags/etl_dag.py took 0.153 seconds
[2026-02-17T06:57:52.748+0000] {processor.py:161} INFO - Started process (PID=59246) to work on /opt/airflow/dags/etl_dag.py
[2026-02-17T06:57:52.750+0000] {processor.py:830} INFO - Processing file /opt/airflow/dags/etl_dag.py for tasks to queue
[2026-02-17T06:57:52.751+0000] {logging_mixin.py:188} INFO - [2026-02-17T06:57:52.750+0000] {dagbag.py:538} INFO - Filling up the DagBag from /opt/airflow/dags/etl_dag.py
[2026-02-17T06:57:52.793+0000] {logging_mixin.py:188} INFO - Warning: Your Kaggle API key is readable by other users on this system! To fix this, you can run 'chmod 600 /home/airflow/.kaggle/kaggle.json'
[2026-02-17T06:57:52.853+0000] {logging_mixin.py:188} WARNING - /home/airflow/.local/lib/python3.8/site-packages/airflow/models/baseoperator.py:437 AirflowProviderDeprecationWarning: `exists_ok` parameter is deprecated, please use `if_exists`
[2026-02-17T06:57:52.861+0000] {processor.py:840} INFO - DAG(s) 'ecommerce_etl_v2' retrieved from /opt/airflow/dags/etl_dag.py
[2026-02-17T06:57:52.879+0000] {logging_mixin.py:188} INFO - [2026-02-17T06:57:52.879+0000] {dag.py:3036} INFO - Sync 1 DAGs
[2026-02-17T06:57:52.889+0000] {logging_mixin.py:188} INFO - [2026-02-17T06:57:52.889+0000] {dag.py:3823} INFO - Setting next_dagrun for ecommerce_etl_v2 to 2026-02-16 13:00:00+00:00, run_after=2026-02-17 13:00:00+00:00
[2026-02-17T06:57:52.899+0000] {processor.py:183} INFO - Processing /opt/airflow/dags/etl_dag.py took 0.155 seconds
[2026-02-17T06:58:23.168+0000] {processor.py:161} INFO - Started process (PID=59277) to work on /opt/airflow/dags/etl_dag.py
[2026-02-17T06:58:23.169+0000] {processor.py:830} INFO - Processing file /opt/airflow/dags/etl_dag.py for tasks to queue
[2026-02-17T06:58:23.170+0000] {logging_mixin.py:188} INFO - [2026-02-17T06:58:23.170+0000] {dagbag.py:538} INFO - Filling up the DagBag from /opt/airflow/dags/etl_dag.py
[2026-02-17T06:58:23.219+0000] {logging_mixin.py:188} INFO - Warning: Your Kaggle API key is readable by other users on this system! To fix this, you can run 'chmod 600 /home/airflow/.kaggle/kaggle.json'
[2026-02-17T06:58:23.278+0000] {logging_mixin.py:188} WARNING - /home/airflow/.local/lib/python3.8/site-packages/airflow/models/baseoperator.py:437 AirflowProviderDeprecationWarning: `exists_ok` parameter is deprecated, please use `if_exists`
[2026-02-17T06:58:23.287+0000] {processor.py:840} INFO - DAG(s) 'ecommerce_etl_v2' retrieved from /opt/airflow/dags/etl_dag.py
[2026-02-17T06:58:23.306+0000] {logging_mixin.py:188} INFO - [2026-02-17T06:58:23.306+0000] {dag.py:3036} INFO - Sync 1 DAGs
[2026-02-17T06:58:23.316+0000] {logging_mixin.py:188} INFO - [2026-02-17T06:58:23.316+0000] {dag.py:3823} INFO - Setting next_dagrun for ecommerce_etl_v2 to 2026-02-16 13:00:00+00:00, run_after=2026-02-17 13:00:00+00:00
[2026-02-17T06:58:23.325+0000] {processor.py:183} INFO - Processing /opt/airflow/dags/etl_dag.py took 0.161 seconds
[2026-02-17T06:58:53.488+0000] {processor.py:161} INFO - Started process (PID=59308) to work on /opt/airflow/dags/etl_dag.py
[2026-02-17T06:58:53.490+0000] {processor.py:830} INFO - Processing file /opt/airflow/dags/etl_dag.py for tasks to queue
[2026-02-17T06:58:53.491+0000] {logging_mixin.py:188} INFO - [2026-02-17T06:58:53.490+0000] {dagbag.py:538} INFO - Filling up the DagBag from /opt/airflow/dags/etl_dag.py
[2026-02-17T06:58:53.537+0000] {logging_mixin.py:188} INFO - Warning: Your Kaggle API key is readable by other users on this system! To fix this, you can run 'chmod 600 /home/airflow/.kaggle/kaggle.json'
[2026-02-17T06:58:53.596+0000] {logging_mixin.py:188} WARNING - /home/airflow/.local/lib/python3.8/site-packages/airflow/models/baseoperator.py:437 AirflowProviderDeprecationWarning: `exists_ok` parameter is deprecated, please use `if_exists`
[2026-02-17T06:58:53.605+0000] {processor.py:840} INFO - DAG(s) 'ecommerce_etl_v2' retrieved from /opt/airflow/dags/etl_dag.py
[2026-02-17T06:58:53.623+0000] {logging_mixin.py:188} INFO - [2026-02-17T06:58:53.623+0000] {dag.py:3036} INFO - Sync 1 DAGs
[2026-02-17T06:58:53.633+0000] {logging_mixin.py:188} INFO - [2026-02-17T06:58:53.633+0000] {dag.py:3823} INFO - Setting next_dagrun for ecommerce_etl_v2 to 2026-02-16 13:00:00+00:00, run_after=2026-02-17 13:00:00+00:00
[2026-02-17T06:58:53.642+0000] {processor.py:183} INFO - Processing /opt/airflow/dags/etl_dag.py took 0.157 seconds
[2026-02-17T06:59:23.917+0000] {processor.py:161} INFO - Started process (PID=59339) to work on /opt/airflow/dags/etl_dag.py
[2026-02-17T06:59:23.919+0000] {processor.py:830} INFO - Processing file /opt/airflow/dags/etl_dag.py for tasks to queue
[2026-02-17T06:59:23.920+0000] {logging_mixin.py:188} INFO - [2026-02-17T06:59:23.919+0000] {dagbag.py:538} INFO - Filling up the DagBag from /opt/airflow/dags/etl_dag.py
[2026-02-17T06:59:23.965+0000] {logging_mixin.py:188} INFO - Warning: Your Kaggle API key is readable by other users on this system! To fix this, you can run 'chmod 600 /home/airflow/.kaggle/kaggle.json'
[2026-02-17T06:59:24.025+0000] {logging_mixin.py:188} WARNING - /home/airflow/.local/lib/python3.8/site-packages/airflow/models/baseoperator.py:437 AirflowProviderDeprecationWarning: `exists_ok` parameter is deprecated, please use `if_exists`
[2026-02-17T06:59:24.034+0000] {processor.py:840} INFO - DAG(s) 'ecommerce_etl_v2' retrieved from /opt/airflow/dags/etl_dag.py
[2026-02-17T06:59:24.053+0000] {logging_mixin.py:188} INFO - [2026-02-17T06:59:24.053+0000] {dag.py:3036} INFO - Sync 1 DAGs
[2026-02-17T06:59:24.063+0000] {logging_mixin.py:188} INFO - [2026-02-17T06:59:24.063+0000] {dag.py:3823} INFO - Setting next_dagrun for ecommerce_etl_v2 to 2026-02-16 13:00:00+00:00, run_after=2026-02-17 13:00:00+00:00
[2026-02-17T06:59:24.072+0000] {processor.py:183} INFO - Processing /opt/airflow/dags/etl_dag.py took 0.158 seconds
[2026-02-17T06:59:54.246+0000] {processor.py:161} INFO - Started process (PID=59370) to work on /opt/airflow/dags/etl_dag.py
[2026-02-17T06:59:54.247+0000] {processor.py:830} INFO - Processing file /opt/airflow/dags/etl_dag.py for tasks to queue
[2026-02-17T06:59:54.248+0000] {logging_mixin.py:188} INFO - [2026-02-17T06:59:54.248+0000] {dagbag.py:538} INFO - Filling up the DagBag from /opt/airflow/dags/etl_dag.py
[2026-02-17T06:59:54.294+0000] {logging_mixin.py:188} INFO - Warning: Your Kaggle API key is readable by other users on this system! To fix this, you can run 'chmod 600 /home/airflow/.kaggle/kaggle.json'
[2026-02-17T06:59:54.354+0000] {logging_mixin.py:188} WARNING - /home/airflow/.local/lib/python3.8/site-packages/airflow/models/baseoperator.py:437 AirflowProviderDeprecationWarning: `exists_ok` parameter is deprecated, please use `if_exists`
[2026-02-17T06:59:54.362+0000] {processor.py:840} INFO - DAG(s) 'ecommerce_etl_v2' retrieved from /opt/airflow/dags/etl_dag.py
[2026-02-17T06:59:54.380+0000] {logging_mixin.py:188} INFO - [2026-02-17T06:59:54.380+0000] {dag.py:3036} INFO - Sync 1 DAGs
[2026-02-17T06:59:54.390+0000] {logging_mixin.py:188} INFO - [2026-02-17T06:59:54.390+0000] {dag.py:3823} INFO - Setting next_dagrun for ecommerce_etl_v2 to 2026-02-16 13:00:00+00:00, run_after=2026-02-17 13:00:00+00:00
[2026-02-17T06:59:54.400+0000] {processor.py:183} INFO - Processing /opt/airflow/dags/etl_dag.py took 0.158 seconds
[2026-02-17T07:00:24.607+0000] {processor.py:161} INFO - Started process (PID=59401) to work on /opt/airflow/dags/etl_dag.py
[2026-02-17T07:00:24.609+0000] {processor.py:830} INFO - Processing file /opt/airflow/dags/etl_dag.py for tasks to queue
[2026-02-17T07:00:24.610+0000] {logging_mixin.py:188} INFO - [2026-02-17T07:00:24.609+0000] {dagbag.py:538} INFO - Filling up the DagBag from /opt/airflow/dags/etl_dag.py
[2026-02-17T07:00:24.656+0000] {logging_mixin.py:188} INFO - Warning: Your Kaggle API key is readable by other users on this system! To fix this, you can run 'chmod 600 /home/airflow/.kaggle/kaggle.json'
[2026-02-17T07:00:24.715+0000] {logging_mixin.py:188} WARNING - /home/airflow/.local/lib/python3.8/site-packages/airflow/models/baseoperator.py:437 AirflowProviderDeprecationWarning: `exists_ok` parameter is deprecated, please use `if_exists`
[2026-02-17T07:00:24.724+0000] {processor.py:840} INFO - DAG(s) 'ecommerce_etl_v2' retrieved from /opt/airflow/dags/etl_dag.py
[2026-02-17T07:00:24.743+0000] {logging_mixin.py:188} INFO - [2026-02-17T07:00:24.742+0000] {dag.py:3036} INFO - Sync 1 DAGs
[2026-02-17T07:00:24.753+0000] {logging_mixin.py:188} INFO - [2026-02-17T07:00:24.752+0000] {dag.py:3823} INFO - Setting next_dagrun for ecommerce_etl_v2 to 2026-02-16 13:00:00+00:00, run_after=2026-02-17 13:00:00+00:00
[2026-02-17T07:00:24.762+0000] {processor.py:183} INFO - Processing /opt/airflow/dags/etl_dag.py took 0.159 seconds
[2026-02-17T07:00:55.008+0000] {processor.py:161} INFO - Started process (PID=59432) to work on /opt/airflow/dags/etl_dag.py
[2026-02-17T07:00:55.010+0000] {processor.py:830} INFO - Processing file /opt/airflow/dags/etl_dag.py for tasks to queue
[2026-02-17T07:00:55.011+0000] {logging_mixin.py:188} INFO - [2026-02-17T07:00:55.010+0000] {dagbag.py:538} INFO - Filling up the DagBag from /opt/airflow/dags/etl_dag.py
[2026-02-17T07:00:55.055+0000] {logging_mixin.py:188} INFO - Warning: Your Kaggle API key is readable by other users on this system! To fix this, you can run 'chmod 600 /home/airflow/.kaggle/kaggle.json'
[2026-02-17T07:00:55.115+0000] {logging_mixin.py:188} WARNING - /home/airflow/.local/lib/python3.8/site-packages/airflow/models/baseoperator.py:437 AirflowProviderDeprecationWarning: `exists_ok` parameter is deprecated, please use `if_exists`
[2026-02-17T07:00:55.124+0000] {processor.py:840} INFO - DAG(s) 'ecommerce_etl_v2' retrieved from /opt/airflow/dags/etl_dag.py
[2026-02-17T07:00:55.142+0000] {logging_mixin.py:188} INFO - [2026-02-17T07:00:55.142+0000] {dag.py:3036} INFO - Sync 1 DAGs
[2026-02-17T07:00:55.152+0000] {logging_mixin.py:188} INFO - [2026-02-17T07:00:55.152+0000] {dag.py:3823} INFO - Setting next_dagrun for ecommerce_etl_v2 to 2026-02-16 13:00:00+00:00, run_after=2026-02-17 13:00:00+00:00
[2026-02-17T07:00:55.161+0000] {processor.py:183} INFO - Processing /opt/airflow/dags/etl_dag.py took 0.157 seconds
[2026-02-17T07:01:25.387+0000] {processor.py:161} INFO - Started process (PID=59463) to work on /opt/airflow/dags/etl_dag.py
[2026-02-17T07:01:25.388+0000] {processor.py:830} INFO - Processing file /opt/airflow/dags/etl_dag.py for tasks to queue
[2026-02-17T07:01:25.389+0000] {logging_mixin.py:188} INFO - [2026-02-17T07:01:25.389+0000] {dagbag.py:538} INFO - Filling up the DagBag from /opt/airflow/dags/etl_dag.py
[2026-02-17T07:01:25.435+0000] {logging_mixin.py:188} INFO - Warning: Your Kaggle API key is readable by other users on this system! To fix this, you can run 'chmod 600 /home/airflow/.kaggle/kaggle.json'
[2026-02-17T07:01:25.495+0000] {logging_mixin.py:188} WARNING - /home/airflow/.local/lib/python3.8/site-packages/airflow/models/baseoperator.py:437 AirflowProviderDeprecationWarning: `exists_ok` parameter is deprecated, please use `if_exists`
[2026-02-17T07:01:25.503+0000] {processor.py:840} INFO - DAG(s) 'ecommerce_etl_v2' retrieved from /opt/airflow/dags/etl_dag.py
[2026-02-17T07:01:25.521+0000] {logging_mixin.py:188} INFO - [2026-02-17T07:01:25.521+0000] {dag.py:3036} INFO - Sync 1 DAGs
[2026-02-17T07:01:25.531+0000] {logging_mixin.py:188} INFO - [2026-02-17T07:01:25.531+0000] {dag.py:3823} INFO - Setting next_dagrun for ecommerce_etl_v2 to 2026-02-16 13:00:00+00:00, run_after=2026-02-17 13:00:00+00:00
[2026-02-17T07:01:25.540+0000] {processor.py:183} INFO - Processing /opt/airflow/dags/etl_dag.py took 0.156 seconds
[2026-02-17T07:01:55.742+0000] {processor.py:161} INFO - Started process (PID=59494) to work on /opt/airflow/dags/etl_dag.py
[2026-02-17T07:01:55.743+0000] {processor.py:830} INFO - Processing file /opt/airflow/dags/etl_dag.py for tasks to queue
[2026-02-17T07:01:55.744+0000] {logging_mixin.py:188} INFO - [2026-02-17T07:01:55.744+0000] {dagbag.py:538} INFO - Filling up the DagBag from /opt/airflow/dags/etl_dag.py
[2026-02-17T07:01:55.792+0000] {logging_mixin.py:188} INFO - Warning: Your Kaggle API key is readable by other users on this system! To fix this, you can run 'chmod 600 /home/airflow/.kaggle/kaggle.json'
[2026-02-17T07:01:55.854+0000] {logging_mixin.py:188} WARNING - /home/airflow/.local/lib/python3.8/site-packages/airflow/models/baseoperator.py:437 AirflowProviderDeprecationWarning: `exists_ok` parameter is deprecated, please use `if_exists`
[2026-02-17T07:01:55.864+0000] {processor.py:840} INFO - DAG(s) 'ecommerce_etl_v2' retrieved from /opt/airflow/dags/etl_dag.py
[2026-02-17T07:01:55.882+0000] {logging_mixin.py:188} INFO - [2026-02-17T07:01:55.882+0000] {dag.py:3036} INFO - Sync 1 DAGs
[2026-02-17T07:01:55.893+0000] {logging_mixin.py:188} INFO - [2026-02-17T07:01:55.893+0000] {dag.py:3823} INFO - Setting next_dagrun for ecommerce_etl_v2 to 2026-02-16 13:00:00+00:00, run_after=2026-02-17 13:00:00+00:00
[2026-02-17T07:01:55.903+0000] {processor.py:183} INFO - Processing /opt/airflow/dags/etl_dag.py took 0.164 seconds
[2026-02-17T07:02:26.054+0000] {processor.py:161} INFO - Started process (PID=59525) to work on /opt/airflow/dags/etl_dag.py
[2026-02-17T07:02:26.055+0000] {processor.py:830} INFO - Processing file /opt/airflow/dags/etl_dag.py for tasks to queue
[2026-02-17T07:02:26.056+0000] {logging_mixin.py:188} INFO - [2026-02-17T07:02:26.055+0000] {dagbag.py:538} INFO - Filling up the DagBag from /opt/airflow/dags/etl_dag.py
[2026-02-17T07:02:26.099+0000] {logging_mixin.py:188} INFO - Warning: Your Kaggle API key is readable by other users on this system! To fix this, you can run 'chmod 600 /home/airflow/.kaggle/kaggle.json'
[2026-02-17T07:02:26.159+0000] {logging_mixin.py:188} WARNING - /home/airflow/.local/lib/python3.8/site-packages/airflow/models/baseoperator.py:437 AirflowProviderDeprecationWarning: `exists_ok` parameter is deprecated, please use `if_exists`
[2026-02-17T07:02:26.168+0000] {processor.py:840} INFO - DAG(s) 'ecommerce_etl_v2' retrieved from /opt/airflow/dags/etl_dag.py
[2026-02-17T07:02:26.186+0000] {logging_mixin.py:188} INFO - [2026-02-17T07:02:26.186+0000] {dag.py:3036} INFO - Sync 1 DAGs
[2026-02-17T07:02:26.196+0000] {logging_mixin.py:188} INFO - [2026-02-17T07:02:26.196+0000] {dag.py:3823} INFO - Setting next_dagrun for ecommerce_etl_v2 to 2026-02-16 13:00:00+00:00, run_after=2026-02-17 13:00:00+00:00
[2026-02-17T07:02:26.205+0000] {processor.py:183} INFO - Processing /opt/airflow/dags/etl_dag.py took 0.153 seconds
[2026-02-17T07:02:56.481+0000] {processor.py:161} INFO - Started process (PID=59556) to work on /opt/airflow/dags/etl_dag.py
[2026-02-17T07:02:56.483+0000] {processor.py:830} INFO - Processing file /opt/airflow/dags/etl_dag.py for tasks to queue
[2026-02-17T07:02:56.483+0000] {logging_mixin.py:188} INFO - [2026-02-17T07:02:56.483+0000] {dagbag.py:538} INFO - Filling up the DagBag from /opt/airflow/dags/etl_dag.py
[2026-02-17T07:02:56.528+0000] {logging_mixin.py:188} INFO - Warning: Your Kaggle API key is readable by other users on this system! To fix this, you can run 'chmod 600 /home/airflow/.kaggle/kaggle.json'
[2026-02-17T07:02:56.588+0000] {logging_mixin.py:188} WARNING - /home/airflow/.local/lib/python3.8/site-packages/airflow/models/baseoperator.py:437 AirflowProviderDeprecationWarning: `exists_ok` parameter is deprecated, please use `if_exists`
[2026-02-17T07:02:56.597+0000] {processor.py:840} INFO - DAG(s) 'ecommerce_etl_v2' retrieved from /opt/airflow/dags/etl_dag.py
[2026-02-17T07:02:56.616+0000] {logging_mixin.py:188} INFO - [2026-02-17T07:02:56.615+0000] {dag.py:3036} INFO - Sync 1 DAGs
[2026-02-17T07:02:56.626+0000] {logging_mixin.py:188} INFO - [2026-02-17T07:02:56.626+0000] {dag.py:3823} INFO - Setting next_dagrun for ecommerce_etl_v2 to 2026-02-16 13:00:00+00:00, run_after=2026-02-17 13:00:00+00:00
[2026-02-17T07:02:56.634+0000] {processor.py:183} INFO - Processing /opt/airflow/dags/etl_dag.py took 0.157 seconds
[2026-02-17T07:03:26.830+0000] {processor.py:161} INFO - Started process (PID=59587) to work on /opt/airflow/dags/etl_dag.py
[2026-02-17T07:03:26.831+0000] {processor.py:830} INFO - Processing file /opt/airflow/dags/etl_dag.py for tasks to queue
[2026-02-17T07:03:26.832+0000] {logging_mixin.py:188} INFO - [2026-02-17T07:03:26.832+0000] {dagbag.py:538} INFO - Filling up the DagBag from /opt/airflow/dags/etl_dag.py
[2026-02-17T07:03:26.879+0000] {logging_mixin.py:188} INFO - Warning: Your Kaggle API key is readable by other users on this system! To fix this, you can run 'chmod 600 /home/airflow/.kaggle/kaggle.json'
[2026-02-17T07:03:26.938+0000] {logging_mixin.py:188} WARNING - /home/airflow/.local/lib/python3.8/site-packages/airflow/models/baseoperator.py:437 AirflowProviderDeprecationWarning: `exists_ok` parameter is deprecated, please use `if_exists`
[2026-02-17T07:03:26.950+0000] {processor.py:840} INFO - DAG(s) 'ecommerce_etl_v2' retrieved from /opt/airflow/dags/etl_dag.py
[2026-02-17T07:03:26.968+0000] {logging_mixin.py:188} INFO - [2026-02-17T07:03:26.968+0000] {dag.py:3036} INFO - Sync 1 DAGs
[2026-02-17T07:03:26.978+0000] {logging_mixin.py:188} INFO - [2026-02-17T07:03:26.978+0000] {dag.py:3823} INFO - Setting next_dagrun for ecommerce_etl_v2 to 2026-02-16 13:00:00+00:00, run_after=2026-02-17 13:00:00+00:00
[2026-02-17T07:03:26.986+0000] {processor.py:183} INFO - Processing /opt/airflow/dags/etl_dag.py took 0.161 seconds
[2026-02-17T07:03:57.223+0000] {processor.py:161} INFO - Started process (PID=59618) to work on /opt/airflow/dags/etl_dag.py
[2026-02-17T07:03:57.225+0000] {processor.py:830} INFO - Processing file /opt/airflow/dags/etl_dag.py for tasks to queue
[2026-02-17T07:03:57.226+0000] {logging_mixin.py:188} INFO - [2026-02-17T07:03:57.225+0000] {dagbag.py:538} INFO - Filling up the DagBag from /opt/airflow/dags/etl_dag.py
[2026-02-17T07:03:57.278+0000] {logging_mixin.py:188} INFO - Warning: Your Kaggle API key is readable by other users on this system! To fix this, you can run 'chmod 600 /home/airflow/.kaggle/kaggle.json'
[2026-02-17T07:03:57.340+0000] {logging_mixin.py:188} WARNING - /home/airflow/.local/lib/python3.8/site-packages/airflow/models/baseoperator.py:437 AirflowProviderDeprecationWarning: `exists_ok` parameter is deprecated, please use `if_exists`
[2026-02-17T07:03:57.349+0000] {processor.py:840} INFO - DAG(s) 'ecommerce_etl_v2' retrieved from /opt/airflow/dags/etl_dag.py
[2026-02-17T07:03:57.369+0000] {logging_mixin.py:188} INFO - [2026-02-17T07:03:57.369+0000] {dag.py:3036} INFO - Sync 1 DAGs
[2026-02-17T07:03:57.383+0000] {logging_mixin.py:188} INFO - [2026-02-17T07:03:57.383+0000] {dag.py:3823} INFO - Setting next_dagrun for ecommerce_etl_v2 to 2026-02-16 13:00:00+00:00, run_after=2026-02-17 13:00:00+00:00
[2026-02-17T07:03:57.393+0000] {processor.py:183} INFO - Processing /opt/airflow/dags/etl_dag.py took 0.174 seconds
[2026-02-17T07:04:27.509+0000] {processor.py:161} INFO - Started process (PID=59649) to work on /opt/airflow/dags/etl_dag.py
[2026-02-17T07:04:27.510+0000] {processor.py:830} INFO - Processing file /opt/airflow/dags/etl_dag.py for tasks to queue
[2026-02-17T07:04:27.511+0000] {logging_mixin.py:188} INFO - [2026-02-17T07:04:27.511+0000] {dagbag.py:538} INFO - Filling up the DagBag from /opt/airflow/dags/etl_dag.py
[2026-02-17T07:04:27.557+0000] {logging_mixin.py:188} INFO - Warning: Your Kaggle API key is readable by other users on this system! To fix this, you can run 'chmod 600 /home/airflow/.kaggle/kaggle.json'
[2026-02-17T07:04:27.616+0000] {logging_mixin.py:188} WARNING - /home/airflow/.local/lib/python3.8/site-packages/airflow/models/baseoperator.py:437 AirflowProviderDeprecationWarning: `exists_ok` parameter is deprecated, please use `if_exists`
[2026-02-17T07:04:27.626+0000] {processor.py:840} INFO - DAG(s) 'ecommerce_etl_v2' retrieved from /opt/airflow/dags/etl_dag.py
[2026-02-17T07:04:27.646+0000] {logging_mixin.py:188} INFO - [2026-02-17T07:04:27.646+0000] {dag.py:3036} INFO - Sync 1 DAGs
[2026-02-17T07:04:27.657+0000] {logging_mixin.py:188} INFO - [2026-02-17T07:04:27.657+0000] {dag.py:3823} INFO - Setting next_dagrun for ecommerce_etl_v2 to 2026-02-16 13:00:00+00:00, run_after=2026-02-17 13:00:00+00:00
[2026-02-17T07:04:27.665+0000] {processor.py:183} INFO - Processing /opt/airflow/dags/etl_dag.py took 0.161 seconds
[2026-02-17T07:04:57.932+0000] {processor.py:161} INFO - Started process (PID=59680) to work on /opt/airflow/dags/etl_dag.py
[2026-02-17T07:04:57.933+0000] {processor.py:830} INFO - Processing file /opt/airflow/dags/etl_dag.py for tasks to queue
[2026-02-17T07:04:57.935+0000] {logging_mixin.py:188} INFO - [2026-02-17T07:04:57.934+0000] {dagbag.py:538} INFO - Filling up the DagBag from /opt/airflow/dags/etl_dag.py
[2026-02-17T07:04:57.987+0000] {logging_mixin.py:188} INFO - Warning: Your Kaggle API key is readable by other users on this system! To fix this, you can run 'chmod 600 /home/airflow/.kaggle/kaggle.json'
[2026-02-17T07:04:58.051+0000] {logging_mixin.py:188} WARNING - /home/airflow/.local/lib/python3.8/site-packages/airflow/models/baseoperator.py:437 AirflowProviderDeprecationWarning: `exists_ok` parameter is deprecated, please use `if_exists`
[2026-02-17T07:04:58.061+0000] {processor.py:840} INFO - DAG(s) 'ecommerce_etl_v2' retrieved from /opt/airflow/dags/etl_dag.py
[2026-02-17T07:04:58.081+0000] {logging_mixin.py:188} INFO - [2026-02-17T07:04:58.081+0000] {dag.py:3036} INFO - Sync 1 DAGs
[2026-02-17T07:04:58.093+0000] {logging_mixin.py:188} INFO - [2026-02-17T07:04:58.093+0000] {dag.py:3823} INFO - Setting next_dagrun for ecommerce_etl_v2 to 2026-02-16 13:00:00+00:00, run_after=2026-02-17 13:00:00+00:00
[2026-02-17T07:04:58.103+0000] {processor.py:183} INFO - Processing /opt/airflow/dags/etl_dag.py took 0.175 seconds
[2026-02-17T07:05:28.237+0000] {processor.py:161} INFO - Started process (PID=59711) to work on /opt/airflow/dags/etl_dag.py
[2026-02-17T07:05:28.238+0000] {processor.py:830} INFO - Processing file /opt/airflow/dags/etl_dag.py for tasks to queue
[2026-02-17T07:05:28.238+0000] {logging_mixin.py:188} INFO - [2026-02-17T07:05:28.238+0000] {dagbag.py:538} INFO - Filling up the DagBag from /opt/airflow/dags/etl_dag.py
[2026-02-17T07:05:28.283+0000] {logging_mixin.py:188} INFO - Warning: Your Kaggle API key is readable by other users on this system! To fix this, you can run 'chmod 600 /home/airflow/.kaggle/kaggle.json'
[2026-02-17T07:05:28.349+0000] {logging_mixin.py:188} WARNING - /home/airflow/.local/lib/python3.8/site-packages/airflow/models/baseoperator.py:437 AirflowProviderDeprecationWarning: `exists_ok` parameter is deprecated, please use `if_exists`
[2026-02-17T07:05:28.360+0000] {processor.py:840} INFO - DAG(s) 'ecommerce_etl_v2' retrieved from /opt/airflow/dags/etl_dag.py
[2026-02-17T07:05:28.383+0000] {logging_mixin.py:188} INFO - [2026-02-17T07:05:28.382+0000] {dag.py:3036} INFO - Sync 1 DAGs
[2026-02-17T07:05:28.396+0000] {logging_mixin.py:188} INFO - [2026-02-17T07:05:28.396+0000] {dag.py:3823} INFO - Setting next_dagrun for ecommerce_etl_v2 to 2026-02-16 13:00:00+00:00, run_after=2026-02-17 13:00:00+00:00
[2026-02-17T07:05:28.408+0000] {processor.py:183} INFO - Processing /opt/airflow/dags/etl_dag.py took 0.174 seconds
[2026-02-17T07:05:58.596+0000] {processor.py:161} INFO - Started process (PID=59742) to work on /opt/airflow/dags/etl_dag.py
[2026-02-17T07:05:58.597+0000] {processor.py:830} INFO - Processing file /opt/airflow/dags/etl_dag.py for tasks to queue
[2026-02-17T07:05:58.597+0000] {logging_mixin.py:188} INFO - [2026-02-17T07:05:58.597+0000] {dagbag.py:538} INFO - Filling up the DagBag from /opt/airflow/dags/etl_dag.py
[2026-02-17T07:05:58.647+0000] {logging_mixin.py:188} INFO - Warning: Your Kaggle API key is readable by other users on this system! To fix this, you can run 'chmod 600 /home/airflow/.kaggle/kaggle.json'
[2026-02-17T07:05:58.709+0000] {logging_mixin.py:188} WARNING - /home/airflow/.local/lib/python3.8/site-packages/airflow/models/baseoperator.py:437 AirflowProviderDeprecationWarning: `exists_ok` parameter is deprecated, please use `if_exists`
[2026-02-17T07:05:58.719+0000] {processor.py:840} INFO - DAG(s) 'ecommerce_etl_v2' retrieved from /opt/airflow/dags/etl_dag.py
[2026-02-17T07:05:58.738+0000] {logging_mixin.py:188} INFO - [2026-02-17T07:05:58.738+0000] {dag.py:3036} INFO - Sync 1 DAGs
[2026-02-17T07:05:58.749+0000] {logging_mixin.py:188} INFO - [2026-02-17T07:05:58.749+0000] {dag.py:3823} INFO - Setting next_dagrun for ecommerce_etl_v2 to 2026-02-16 13:00:00+00:00, run_after=2026-02-17 13:00:00+00:00
[2026-02-17T07:05:58.757+0000] {processor.py:183} INFO - Processing /opt/airflow/dags/etl_dag.py took 0.165 seconds
[2026-02-17T07:06:28.994+0000] {processor.py:161} INFO - Started process (PID=59773) to work on /opt/airflow/dags/etl_dag.py
[2026-02-17T07:06:28.995+0000] {processor.py:830} INFO - Processing file /opt/airflow/dags/etl_dag.py for tasks to queue
[2026-02-17T07:06:28.996+0000] {logging_mixin.py:188} INFO - [2026-02-17T07:06:28.996+0000] {dagbag.py:538} INFO - Filling up the DagBag from /opt/airflow/dags/etl_dag.py
[2026-02-17T07:06:29.039+0000] {logging_mixin.py:188} INFO - Warning: Your Kaggle API key is readable by other users on this system! To fix this, you can run 'chmod 600 /home/airflow/.kaggle/kaggle.json'
[2026-02-17T07:06:29.099+0000] {logging_mixin.py:188} WARNING - /home/airflow/.local/lib/python3.8/site-packages/airflow/models/baseoperator.py:437 AirflowProviderDeprecationWarning: `exists_ok` parameter is deprecated, please use `if_exists`
[2026-02-17T07:06:29.108+0000] {processor.py:840} INFO - DAG(s) 'ecommerce_etl_v2' retrieved from /opt/airflow/dags/etl_dag.py
[2026-02-17T07:06:29.127+0000] {logging_mixin.py:188} INFO - [2026-02-17T07:06:29.127+0000] {dag.py:3036} INFO - Sync 1 DAGs
[2026-02-17T07:06:29.138+0000] {logging_mixin.py:188} INFO - [2026-02-17T07:06:29.138+0000] {dag.py:3823} INFO - Setting next_dagrun for ecommerce_etl_v2 to 2026-02-16 13:00:00+00:00, run_after=2026-02-17 13:00:00+00:00
[2026-02-17T07:06:29.146+0000] {processor.py:183} INFO - Processing /opt/airflow/dags/etl_dag.py took 0.156 seconds
[2026-02-17T07:06:59.315+0000] {processor.py:161} INFO - Started process (PID=59804) to work on /opt/airflow/dags/etl_dag.py
[2026-02-17T07:06:59.316+0000] {processor.py:830} INFO - Processing file /opt/airflow/dags/etl_dag.py for tasks to queue
[2026-02-17T07:06:59.317+0000] {logging_mixin.py:188} INFO - [2026-02-17T07:06:59.317+0000] {dagbag.py:538} INFO - Filling up the DagBag from /opt/airflow/dags/etl_dag.py
[2026-02-17T07:06:59.360+0000] {logging_mixin.py:188} INFO - Warning: Your Kaggle API key is readable by other users on this system! To fix this, you can run 'chmod 600 /home/airflow/.kaggle/kaggle.json'
[2026-02-17T07:06:59.420+0000] {logging_mixin.py:188} WARNING - /home/airflow/.local/lib/python3.8/site-packages/airflow/models/baseoperator.py:437 AirflowProviderDeprecationWarning: `exists_ok` parameter is deprecated, please use `if_exists`
[2026-02-17T07:06:59.428+0000] {processor.py:840} INFO - DAG(s) 'ecommerce_etl_v2' retrieved from /opt/airflow/dags/etl_dag.py
[2026-02-17T07:06:59.447+0000] {logging_mixin.py:188} INFO - [2026-02-17T07:06:59.447+0000] {dag.py:3036} INFO - Sync 1 DAGs
[2026-02-17T07:06:59.458+0000] {logging_mixin.py:188} INFO - [2026-02-17T07:06:59.457+0000] {dag.py:3823} INFO - Setting next_dagrun for ecommerce_etl_v2 to 2026-02-16 13:00:00+00:00, run_after=2026-02-17 13:00:00+00:00
[2026-02-17T07:06:59.466+0000] {processor.py:183} INFO - Processing /opt/airflow/dags/etl_dag.py took 0.154 seconds
[2026-02-17T07:07:29.595+0000] {processor.py:161} INFO - Started process (PID=59835) to work on /opt/airflow/dags/etl_dag.py
[2026-02-17T07:07:29.597+0000] {processor.py:830} INFO - Processing file /opt/airflow/dags/etl_dag.py for tasks to queue
[2026-02-17T07:07:29.598+0000] {logging_mixin.py:188} INFO - [2026-02-17T07:07:29.597+0000] {dagbag.py:538} INFO - Filling up the DagBag from /opt/airflow/dags/etl_dag.py
[2026-02-17T07:07:29.650+0000] {logging_mixin.py:188} INFO - Warning: Your Kaggle API key is readable by other users on this system! To fix this, you can run 'chmod 600 /home/airflow/.kaggle/kaggle.json'
[2026-02-17T07:07:29.711+0000] {logging_mixin.py:188} WARNING - /home/airflow/.local/lib/python3.8/site-packages/airflow/models/baseoperator.py:437 AirflowProviderDeprecationWarning: `exists_ok` parameter is deprecated, please use `if_exists`
[2026-02-17T07:07:29.720+0000] {processor.py:840} INFO - DAG(s) 'ecommerce_etl_v2' retrieved from /opt/airflow/dags/etl_dag.py
[2026-02-17T07:07:29.740+0000] {logging_mixin.py:188} INFO - [2026-02-17T07:07:29.740+0000] {dag.py:3036} INFO - Sync 1 DAGs
[2026-02-17T07:07:29.750+0000] {logging_mixin.py:188} INFO - [2026-02-17T07:07:29.750+0000] {dag.py:3823} INFO - Setting next_dagrun for ecommerce_etl_v2 to 2026-02-16 13:00:00+00:00, run_after=2026-02-17 13:00:00+00:00
[2026-02-17T07:07:29.758+0000] {processor.py:183} INFO - Processing /opt/airflow/dags/etl_dag.py took 0.168 seconds
[2026-02-17T07:08:00.135+0000] {processor.py:161} INFO - Started process (PID=59866) to work on /opt/airflow/dags/etl_dag.py
[2026-02-17T07:08:00.136+0000] {processor.py:830} INFO - Processing file /opt/airflow/dags/etl_dag.py for tasks to queue
[2026-02-17T07:08:00.137+0000] {logging_mixin.py:188} INFO - [2026-02-17T07:08:00.137+0000] {dagbag.py:538} INFO - Filling up the DagBag from /opt/airflow/dags/etl_dag.py
[2026-02-17T07:08:00.185+0000] {logging_mixin.py:188} INFO - Warning: Your Kaggle API key is readable by other users on this system! To fix this, you can run 'chmod 600 /home/airflow/.kaggle/kaggle.json'
[2026-02-17T07:08:00.245+0000] {logging_mixin.py:188} WARNING - /home/airflow/.local/lib/python3.8/site-packages/airflow/models/baseoperator.py:437 AirflowProviderDeprecationWarning: `exists_ok` parameter is deprecated, please use `if_exists`
[2026-02-17T07:08:00.254+0000] {processor.py:840} INFO - DAG(s) 'ecommerce_etl_v2' retrieved from /opt/airflow/dags/etl_dag.py
[2026-02-17T07:08:00.272+0000] {logging_mixin.py:188} INFO - [2026-02-17T07:08:00.272+0000] {dag.py:3036} INFO - Sync 1 DAGs
[2026-02-17T07:08:00.282+0000] {logging_mixin.py:188} INFO - [2026-02-17T07:08:00.282+0000] {dag.py:3823} INFO - Setting next_dagrun for ecommerce_etl_v2 to 2026-02-16 13:00:00+00:00, run_after=2026-02-17 13:00:00+00:00
[2026-02-17T07:08:00.291+0000] {processor.py:183} INFO - Processing /opt/airflow/dags/etl_dag.py took 0.160 seconds
[2026-02-17T07:08:30.520+0000] {processor.py:161} INFO - Started process (PID=59897) to work on /opt/airflow/dags/etl_dag.py
[2026-02-17T07:08:30.522+0000] {processor.py:830} INFO - Processing file /opt/airflow/dags/etl_dag.py for tasks to queue
[2026-02-17T07:08:30.523+0000] {logging_mixin.py:188} INFO - [2026-02-17T07:08:30.522+0000] {dagbag.py:538} INFO - Filling up the DagBag from /opt/airflow/dags/etl_dag.py
[2026-02-17T07:08:30.597+0000] {logging_mixin.py:188} INFO - Warning: Your Kaggle API key is readable by other users on this system! To fix this, you can run 'chmod 600 /home/airflow/.kaggle/kaggle.json'
[2026-02-17T07:08:30.661+0000] {logging_mixin.py:188} WARNING - /home/airflow/.local/lib/python3.8/site-packages/airflow/models/baseoperator.py:437 AirflowProviderDeprecationWarning: `exists_ok` parameter is deprecated, please use `if_exists`
[2026-02-17T07:08:30.672+0000] {processor.py:840} INFO - DAG(s) 'ecommerce_etl_v2' retrieved from /opt/airflow/dags/etl_dag.py
[2026-02-17T07:08:30.698+0000] {logging_mixin.py:188} INFO - [2026-02-17T07:08:30.698+0000] {dag.py:3036} INFO - Sync 1 DAGs
[2026-02-17T07:08:30.728+0000] {logging_mixin.py:188} INFO - [2026-02-17T07:08:30.728+0000] {dag.py:3823} INFO - Setting next_dagrun for ecommerce_etl_v2 to 2026-02-16 13:00:00+00:00, run_after=2026-02-17 13:00:00+00:00
[2026-02-17T07:08:30.739+0000] {processor.py:183} INFO - Processing /opt/airflow/dags/etl_dag.py took 0.225 seconds
[2026-02-17T07:14:10.814+0000] {processor.py:161} INFO - Started process (PID=59928) to work on /opt/airflow/dags/etl_dag.py
[2026-02-17T07:14:10.815+0000] {processor.py:830} INFO - Processing file /opt/airflow/dags/etl_dag.py for tasks to queue
[2026-02-17T07:14:10.816+0000] {logging_mixin.py:188} INFO - [2026-02-17T07:14:10.816+0000] {dagbag.py:538} INFO - Filling up the DagBag from /opt/airflow/dags/etl_dag.py
[2026-02-17T07:14:10.876+0000] {logging_mixin.py:188} INFO - Warning: Your Kaggle API key is readable by other users on this system! To fix this, you can run 'chmod 600 /home/airflow/.kaggle/kaggle.json'
[2026-02-17T07:14:10.973+0000] {logging_mixin.py:188} WARNING - /home/airflow/.local/lib/python3.8/site-packages/airflow/models/baseoperator.py:437 AirflowProviderDeprecationWarning: `exists_ok` parameter is deprecated, please use `if_exists`
[2026-02-17T07:14:10.987+0000] {processor.py:840} INFO - DAG(s) 'ecommerce_etl_v2' retrieved from /opt/airflow/dags/etl_dag.py
[2026-02-17T07:14:11.014+0000] {logging_mixin.py:188} INFO - [2026-02-17T07:14:11.014+0000] {dag.py:3036} INFO - Sync 1 DAGs
[2026-02-17T07:14:11.031+0000] {logging_mixin.py:188} INFO - [2026-02-17T07:14:11.031+0000] {dag.py:3823} INFO - Setting next_dagrun for ecommerce_etl_v2 to 2026-02-16 13:00:00+00:00, run_after=2026-02-17 13:00:00+00:00
[2026-02-17T07:14:11.049+0000] {processor.py:183} INFO - Processing /opt/airflow/dags/etl_dag.py took 0.238 seconds
[2026-02-17T07:15:09.748+0000] {processor.py:161} INFO - Started process (PID=59963) to work on /opt/airflow/dags/etl_dag.py
[2026-02-17T07:15:09.750+0000] {processor.py:830} INFO - Processing file /opt/airflow/dags/etl_dag.py for tasks to queue
[2026-02-17T07:15:09.751+0000] {logging_mixin.py:188} INFO - [2026-02-17T07:15:09.750+0000] {dagbag.py:538} INFO - Filling up the DagBag from /opt/airflow/dags/etl_dag.py
[2026-02-17T07:15:09.800+0000] {logging_mixin.py:188} INFO - Warning: Your Kaggle API key is readable by other users on this system! To fix this, you can run 'chmod 600 /home/airflow/.kaggle/kaggle.json'
[2026-02-17T07:15:09.861+0000] {logging_mixin.py:188} WARNING - /home/airflow/.local/lib/python3.8/site-packages/airflow/models/baseoperator.py:437 AirflowProviderDeprecationWarning: `exists_ok` parameter is deprecated, please use `if_exists`
[2026-02-17T07:15:09.869+0000] {processor.py:840} INFO - DAG(s) 'ecommerce_etl_v2' retrieved from /opt/airflow/dags/etl_dag.py
[2026-02-17T07:15:09.888+0000] {logging_mixin.py:188} INFO - [2026-02-17T07:15:09.888+0000] {dag.py:3036} INFO - Sync 1 DAGs
[2026-02-17T07:15:09.900+0000] {logging_mixin.py:188} INFO - [2026-02-17T07:15:09.900+0000] {dag.py:3823} INFO - Setting next_dagrun for ecommerce_etl_v2 to 2026-02-16 13:00:00+00:00, run_after=2026-02-17 13:00:00+00:00
[2026-02-17T07:15:09.908+0000] {processor.py:183} INFO - Processing /opt/airflow/dags/etl_dag.py took 0.163 seconds
[2026-02-17T07:15:40.193+0000] {processor.py:161} INFO - Started process (PID=59994) to work on /opt/airflow/dags/etl_dag.py
[2026-02-17T07:15:40.195+0000] {processor.py:830} INFO - Processing file /opt/airflow/dags/etl_dag.py for tasks to queue
[2026-02-17T07:15:40.196+0000] {logging_mixin.py:188} INFO - [2026-02-17T07:15:40.195+0000] {dagbag.py:538} INFO - Filling up the DagBag from /opt/airflow/dags/etl_dag.py
[2026-02-17T07:15:40.244+0000] {logging_mixin.py:188} INFO - Warning: Your Kaggle API key is readable by other users on this system! To fix this, you can run 'chmod 600 /home/airflow/.kaggle/kaggle.json'
[2026-02-17T07:15:40.304+0000] {logging_mixin.py:188} WARNING - /home/airflow/.local/lib/python3.8/site-packages/airflow/models/baseoperator.py:437 AirflowProviderDeprecationWarning: `exists_ok` parameter is deprecated, please use `if_exists`
[2026-02-17T07:15:40.314+0000] {processor.py:840} INFO - DAG(s) 'ecommerce_etl_v2' retrieved from /opt/airflow/dags/etl_dag.py
[2026-02-17T07:15:40.334+0000] {logging_mixin.py:188} INFO - [2026-02-17T07:15:40.334+0000] {dag.py:3036} INFO - Sync 1 DAGs
[2026-02-17T07:15:40.345+0000] {logging_mixin.py:188} INFO - [2026-02-17T07:15:40.345+0000] {dag.py:3823} INFO - Setting next_dagrun for ecommerce_etl_v2 to 2026-02-16 13:00:00+00:00, run_after=2026-02-17 13:00:00+00:00
[2026-02-17T07:15:40.355+0000] {processor.py:183} INFO - Processing /opt/airflow/dags/etl_dag.py took 0.167 seconds
[2026-02-17T07:31:18.282+0000] {processor.py:161} INFO - Started process (PID=60025) to work on /opt/airflow/dags/etl_dag.py
[2026-02-17T07:31:18.283+0000] {processor.py:830} INFO - Processing file /opt/airflow/dags/etl_dag.py for tasks to queue
[2026-02-17T07:31:18.284+0000] {logging_mixin.py:188} INFO - [2026-02-17T07:31:18.284+0000] {dagbag.py:538} INFO - Filling up the DagBag from /opt/airflow/dags/etl_dag.py
[2026-02-17T07:31:18.333+0000] {logging_mixin.py:188} INFO - Warning: Your Kaggle API key is readable by other users on this system! To fix this, you can run 'chmod 600 /home/airflow/.kaggle/kaggle.json'
[2026-02-17T07:31:18.401+0000] {logging_mixin.py:188} WARNING - /home/airflow/.local/lib/python3.8/site-packages/airflow/models/baseoperator.py:437 AirflowProviderDeprecationWarning: `exists_ok` parameter is deprecated, please use `if_exists`
[2026-02-17T07:31:18.412+0000] {processor.py:840} INFO - DAG(s) 'ecommerce_etl_v2' retrieved from /opt/airflow/dags/etl_dag.py
[2026-02-17T07:31:18.431+0000] {logging_mixin.py:188} INFO - [2026-02-17T07:31:18.431+0000] {dag.py:3036} INFO - Sync 1 DAGs
[2026-02-17T07:31:18.442+0000] {logging_mixin.py:188} INFO - [2026-02-17T07:31:18.442+0000] {dag.py:3823} INFO - Setting next_dagrun for ecommerce_etl_v2 to 2026-02-16 13:00:00+00:00, run_after=2026-02-17 13:00:00+00:00
[2026-02-17T07:31:18.452+0000] {processor.py:183} INFO - Processing /opt/airflow/dags/etl_dag.py took 0.178 seconds
[2026-02-17T07:31:48.781+0000] {processor.py:161} INFO - Started process (PID=60056) to work on /opt/airflow/dags/etl_dag.py
[2026-02-17T07:31:48.782+0000] {processor.py:830} INFO - Processing file /opt/airflow/dags/etl_dag.py for tasks to queue
[2026-02-17T07:31:48.783+0000] {logging_mixin.py:188} INFO - [2026-02-17T07:31:48.783+0000] {dagbag.py:538} INFO - Filling up the DagBag from /opt/airflow/dags/etl_dag.py
[2026-02-17T07:31:48.829+0000] {logging_mixin.py:188} INFO - Warning: Your Kaggle API key is readable by other users on this system! To fix this, you can run 'chmod 600 /home/airflow/.kaggle/kaggle.json'
[2026-02-17T07:31:48.889+0000] {logging_mixin.py:188} WARNING - /home/airflow/.local/lib/python3.8/site-packages/airflow/models/baseoperator.py:437 AirflowProviderDeprecationWarning: `exists_ok` parameter is deprecated, please use `if_exists`
[2026-02-17T07:31:48.898+0000] {processor.py:840} INFO - DAG(s) 'ecommerce_etl_v2' retrieved from /opt/airflow/dags/etl_dag.py
[2026-02-17T07:31:48.916+0000] {logging_mixin.py:188} INFO - [2026-02-17T07:31:48.916+0000] {dag.py:3036} INFO - Sync 1 DAGs
[2026-02-17T07:31:48.926+0000] {logging_mixin.py:188} INFO - [2026-02-17T07:31:48.926+0000] {dag.py:3823} INFO - Setting next_dagrun for ecommerce_etl_v2 to 2026-02-16 13:00:00+00:00, run_after=2026-02-17 13:00:00+00:00
[2026-02-17T07:31:48.935+0000] {processor.py:183} INFO - Processing /opt/airflow/dags/etl_dag.py took 0.158 seconds
[2026-02-17T07:47:18.596+0000] {processor.py:161} INFO - Started process (PID=60087) to work on /opt/airflow/dags/etl_dag.py
[2026-02-17T07:47:18.597+0000] {processor.py:830} INFO - Processing file /opt/airflow/dags/etl_dag.py for tasks to queue
[2026-02-17T07:47:18.598+0000] {logging_mixin.py:188} INFO - [2026-02-17T07:47:18.597+0000] {dagbag.py:538} INFO - Filling up the DagBag from /opt/airflow/dags/etl_dag.py
[2026-02-17T07:47:18.647+0000] {logging_mixin.py:188} INFO - Warning: Your Kaggle API key is readable by other users on this system! To fix this, you can run 'chmod 600 /home/airflow/.kaggle/kaggle.json'
[2026-02-17T07:47:18.716+0000] {logging_mixin.py:188} WARNING - /home/airflow/.local/lib/python3.8/site-packages/airflow/models/baseoperator.py:437 AirflowProviderDeprecationWarning: `exists_ok` parameter is deprecated, please use `if_exists`
[2026-02-17T07:47:18.728+0000] {processor.py:840} INFO - DAG(s) 'ecommerce_etl_v2' retrieved from /opt/airflow/dags/etl_dag.py
[2026-02-17T07:47:18.751+0000] {logging_mixin.py:188} INFO - [2026-02-17T07:47:18.750+0000] {dag.py:3036} INFO - Sync 1 DAGs
[2026-02-17T07:47:18.763+0000] {logging_mixin.py:188} INFO - [2026-02-17T07:47:18.763+0000] {dag.py:3823} INFO - Setting next_dagrun for ecommerce_etl_v2 to 2026-02-16 13:00:00+00:00, run_after=2026-02-17 13:00:00+00:00
[2026-02-17T07:47:18.775+0000] {processor.py:183} INFO - Processing /opt/airflow/dags/etl_dag.py took 0.182 seconds
[2026-02-17T07:47:49.003+0000] {processor.py:161} INFO - Started process (PID=60118) to work on /opt/airflow/dags/etl_dag.py
[2026-02-17T07:47:49.004+0000] {processor.py:830} INFO - Processing file /opt/airflow/dags/etl_dag.py for tasks to queue
[2026-02-17T07:47:49.005+0000] {logging_mixin.py:188} INFO - [2026-02-17T07:47:49.005+0000] {dagbag.py:538} INFO - Filling up the DagBag from /opt/airflow/dags/etl_dag.py
[2026-02-17T07:47:49.050+0000] {logging_mixin.py:188} INFO - Warning: Your Kaggle API key is readable by other users on this system! To fix this, you can run 'chmod 600 /home/airflow/.kaggle/kaggle.json'
[2026-02-17T07:47:49.109+0000] {logging_mixin.py:188} WARNING - /home/airflow/.local/lib/python3.8/site-packages/airflow/models/baseoperator.py:437 AirflowProviderDeprecationWarning: `exists_ok` parameter is deprecated, please use `if_exists`
[2026-02-17T07:47:49.117+0000] {processor.py:840} INFO - DAG(s) 'ecommerce_etl_v2' retrieved from /opt/airflow/dags/etl_dag.py
[2026-02-17T07:47:49.136+0000] {logging_mixin.py:188} INFO - [2026-02-17T07:47:49.136+0000] {dag.py:3036} INFO - Sync 1 DAGs
[2026-02-17T07:47:49.146+0000] {logging_mixin.py:188} INFO - [2026-02-17T07:47:49.146+0000] {dag.py:3823} INFO - Setting next_dagrun for ecommerce_etl_v2 to 2026-02-16 13:00:00+00:00, run_after=2026-02-17 13:00:00+00:00
[2026-02-17T07:47:49.155+0000] {processor.py:183} INFO - Processing /opt/airflow/dags/etl_dag.py took 0.155 seconds
[2026-02-17T07:48:19.307+0000] {processor.py:161} INFO - Started process (PID=60149) to work on /opt/airflow/dags/etl_dag.py
[2026-02-17T07:48:19.308+0000] {processor.py:830} INFO - Processing file /opt/airflow/dags/etl_dag.py for tasks to queue
[2026-02-17T07:48:19.309+0000] {logging_mixin.py:188} INFO - [2026-02-17T07:48:19.308+0000] {dagbag.py:538} INFO - Filling up the DagBag from /opt/airflow/dags/etl_dag.py
[2026-02-17T07:48:19.352+0000] {logging_mixin.py:188} INFO - Warning: Your Kaggle API key is readable by other users on this system! To fix this, you can run 'chmod 600 /home/airflow/.kaggle/kaggle.json'
[2026-02-17T07:48:19.412+0000] {logging_mixin.py:188} WARNING - /home/airflow/.local/lib/python3.8/site-packages/airflow/models/baseoperator.py:437 AirflowProviderDeprecationWarning: `exists_ok` parameter is deprecated, please use `if_exists`
[2026-02-17T07:48:19.421+0000] {processor.py:840} INFO - DAG(s) 'ecommerce_etl_v2' retrieved from /opt/airflow/dags/etl_dag.py
[2026-02-17T07:48:19.439+0000] {logging_mixin.py:188} INFO - [2026-02-17T07:48:19.439+0000] {dag.py:3036} INFO - Sync 1 DAGs
[2026-02-17T07:48:19.450+0000] {logging_mixin.py:188} INFO - [2026-02-17T07:48:19.450+0000] {dag.py:3823} INFO - Setting next_dagrun for ecommerce_etl_v2 to 2026-02-16 13:00:00+00:00, run_after=2026-02-17 13:00:00+00:00
[2026-02-17T07:48:19.458+0000] {processor.py:183} INFO - Processing /opt/airflow/dags/etl_dag.py took 0.155 seconds
[2026-02-17T07:48:49.850+0000] {processor.py:161} INFO - Started process (PID=60180) to work on /opt/airflow/dags/etl_dag.py
[2026-02-17T07:48:49.851+0000] {processor.py:830} INFO - Processing file /opt/airflow/dags/etl_dag.py for tasks to queue
[2026-02-17T07:48:49.852+0000] {logging_mixin.py:188} INFO - [2026-02-17T07:48:49.851+0000] {dagbag.py:538} INFO - Filling up the DagBag from /opt/airflow/dags/etl_dag.py
[2026-02-17T07:48:49.898+0000] {logging_mixin.py:188} INFO - Warning: Your Kaggle API key is readable by other users on this system! To fix this, you can run 'chmod 600 /home/airflow/.kaggle/kaggle.json'
[2026-02-17T07:48:49.958+0000] {logging_mixin.py:188} WARNING - /home/airflow/.local/lib/python3.8/site-packages/airflow/models/baseoperator.py:437 AirflowProviderDeprecationWarning: `exists_ok` parameter is deprecated, please use `if_exists`
[2026-02-17T07:48:49.966+0000] {processor.py:840} INFO - DAG(s) 'ecommerce_etl_v2' retrieved from /opt/airflow/dags/etl_dag.py
[2026-02-17T07:48:49.985+0000] {logging_mixin.py:188} INFO - [2026-02-17T07:48:49.985+0000] {dag.py:3036} INFO - Sync 1 DAGs
[2026-02-17T07:48:49.996+0000] {logging_mixin.py:188} INFO - [2026-02-17T07:48:49.996+0000] {dag.py:3823} INFO - Setting next_dagrun for ecommerce_etl_v2 to 2026-02-16 13:00:00+00:00, run_after=2026-02-17 13:00:00+00:00
[2026-02-17T07:48:50.005+0000] {processor.py:183} INFO - Processing /opt/airflow/dags/etl_dag.py took 0.159 seconds
[2026-02-17T07:49:20.245+0000] {processor.py:161} INFO - Started process (PID=60211) to work on /opt/airflow/dags/etl_dag.py
[2026-02-17T07:49:20.246+0000] {processor.py:830} INFO - Processing file /opt/airflow/dags/etl_dag.py for tasks to queue
[2026-02-17T07:49:20.247+0000] {logging_mixin.py:188} INFO - [2026-02-17T07:49:20.247+0000] {dagbag.py:538} INFO - Filling up the DagBag from /opt/airflow/dags/etl_dag.py
[2026-02-17T07:49:20.294+0000] {logging_mixin.py:188} INFO - Warning: Your Kaggle API key is readable by other users on this system! To fix this, you can run 'chmod 600 /home/airflow/.kaggle/kaggle.json'
[2026-02-17T07:49:20.353+0000] {logging_mixin.py:188} WARNING - /home/airflow/.local/lib/python3.8/site-packages/airflow/models/baseoperator.py:437 AirflowProviderDeprecationWarning: `exists_ok` parameter is deprecated, please use `if_exists`
[2026-02-17T07:49:20.362+0000] {processor.py:840} INFO - DAG(s) 'ecommerce_etl_v2' retrieved from /opt/airflow/dags/etl_dag.py
[2026-02-17T07:49:20.380+0000] {logging_mixin.py:188} INFO - [2026-02-17T07:49:20.380+0000] {dag.py:3036} INFO - Sync 1 DAGs
[2026-02-17T07:49:20.391+0000] {logging_mixin.py:188} INFO - [2026-02-17T07:49:20.391+0000] {dag.py:3823} INFO - Setting next_dagrun for ecommerce_etl_v2 to 2026-02-16 13:00:00+00:00, run_after=2026-02-17 13:00:00+00:00
[2026-02-17T07:49:20.400+0000] {processor.py:183} INFO - Processing /opt/airflow/dags/etl_dag.py took 0.160 seconds
[2026-02-17T07:49:50.735+0000] {processor.py:161} INFO - Started process (PID=60242) to work on /opt/airflow/dags/etl_dag.py
[2026-02-17T07:49:50.737+0000] {processor.py:830} INFO - Processing file /opt/airflow/dags/etl_dag.py for tasks to queue
[2026-02-17T07:49:50.737+0000] {logging_mixin.py:188} INFO - [2026-02-17T07:49:50.737+0000] {dagbag.py:538} INFO - Filling up the DagBag from /opt/airflow/dags/etl_dag.py
[2026-02-17T07:49:50.782+0000] {logging_mixin.py:188} INFO - Warning: Your Kaggle API key is readable by other users on this system! To fix this, you can run 'chmod 600 /home/airflow/.kaggle/kaggle.json'
[2026-02-17T07:49:50.842+0000] {logging_mixin.py:188} WARNING - /home/airflow/.local/lib/python3.8/site-packages/airflow/models/baseoperator.py:437 AirflowProviderDeprecationWarning: `exists_ok` parameter is deprecated, please use `if_exists`
[2026-02-17T07:49:50.852+0000] {processor.py:840} INFO - DAG(s) 'ecommerce_etl_v2' retrieved from /opt/airflow/dags/etl_dag.py
[2026-02-17T07:49:50.871+0000] {logging_mixin.py:188} INFO - [2026-02-17T07:49:50.870+0000] {dag.py:3036} INFO - Sync 1 DAGs
[2026-02-17T07:49:50.881+0000] {logging_mixin.py:188} INFO - [2026-02-17T07:49:50.881+0000] {dag.py:3823} INFO - Setting next_dagrun for ecommerce_etl_v2 to 2026-02-16 13:00:00+00:00, run_after=2026-02-17 13:00:00+00:00
[2026-02-17T07:49:50.888+0000] {processor.py:183} INFO - Processing /opt/airflow/dags/etl_dag.py took 0.158 seconds
[2026-02-17T07:50:21.150+0000] {processor.py:161} INFO - Started process (PID=60273) to work on /opt/airflow/dags/etl_dag.py
[2026-02-17T07:50:21.153+0000] {processor.py:830} INFO - Processing file /opt/airflow/dags/etl_dag.py for tasks to queue
[2026-02-17T07:50:21.158+0000] {logging_mixin.py:188} INFO - [2026-02-17T07:50:21.156+0000] {dagbag.py:538} INFO - Filling up the DagBag from /opt/airflow/dags/etl_dag.py
[2026-02-17T07:50:21.212+0000] {logging_mixin.py:188} INFO - Warning: Your Kaggle API key is readable by other users on this system! To fix this, you can run 'chmod 600 /home/airflow/.kaggle/kaggle.json'
[2026-02-17T07:50:21.274+0000] {logging_mixin.py:188} WARNING - /home/airflow/.local/lib/python3.8/site-packages/airflow/models/baseoperator.py:437 AirflowProviderDeprecationWarning: `exists_ok` parameter is deprecated, please use `if_exists`
[2026-02-17T07:50:21.283+0000] {processor.py:840} INFO - DAG(s) 'ecommerce_etl_v2' retrieved from /opt/airflow/dags/etl_dag.py
[2026-02-17T07:50:21.303+0000] {logging_mixin.py:188} INFO - [2026-02-17T07:50:21.303+0000] {dag.py:3036} INFO - Sync 1 DAGs
[2026-02-17T07:50:21.314+0000] {logging_mixin.py:188} INFO - [2026-02-17T07:50:21.314+0000] {dag.py:3823} INFO - Setting next_dagrun for ecommerce_etl_v2 to 2026-02-16 13:00:00+00:00, run_after=2026-02-17 13:00:00+00:00
[2026-02-17T07:50:21.324+0000] {processor.py:183} INFO - Processing /opt/airflow/dags/etl_dag.py took 0.191 seconds
[2026-02-17T07:50:51.569+0000] {processor.py:161} INFO - Started process (PID=60304) to work on /opt/airflow/dags/etl_dag.py
[2026-02-17T07:50:51.571+0000] {processor.py:830} INFO - Processing file /opt/airflow/dags/etl_dag.py for tasks to queue
[2026-02-17T07:50:51.572+0000] {logging_mixin.py:188} INFO - [2026-02-17T07:50:51.571+0000] {dagbag.py:538} INFO - Filling up the DagBag from /opt/airflow/dags/etl_dag.py
[2026-02-17T07:50:51.620+0000] {logging_mixin.py:188} INFO - Warning: Your Kaggle API key is readable by other users on this system! To fix this, you can run 'chmod 600 /home/airflow/.kaggle/kaggle.json'
[2026-02-17T07:50:51.679+0000] {logging_mixin.py:188} WARNING - /home/airflow/.local/lib/python3.8/site-packages/airflow/models/baseoperator.py:437 AirflowProviderDeprecationWarning: `exists_ok` parameter is deprecated, please use `if_exists`
[2026-02-17T07:50:51.688+0000] {processor.py:840} INFO - DAG(s) 'ecommerce_etl_v2' retrieved from /opt/airflow/dags/etl_dag.py
[2026-02-17T07:50:51.707+0000] {logging_mixin.py:188} INFO - [2026-02-17T07:50:51.707+0000] {dag.py:3036} INFO - Sync 1 DAGs
[2026-02-17T07:50:51.717+0000] {logging_mixin.py:188} INFO - [2026-02-17T07:50:51.717+0000] {dag.py:3823} INFO - Setting next_dagrun for ecommerce_etl_v2 to 2026-02-16 13:00:00+00:00, run_after=2026-02-17 13:00:00+00:00
[2026-02-17T07:50:51.726+0000] {processor.py:183} INFO - Processing /opt/airflow/dags/etl_dag.py took 0.161 seconds
[2026-02-17T07:51:21.969+0000] {processor.py:161} INFO - Started process (PID=60335) to work on /opt/airflow/dags/etl_dag.py
[2026-02-17T07:51:21.970+0000] {processor.py:830} INFO - Processing file /opt/airflow/dags/etl_dag.py for tasks to queue
[2026-02-17T07:51:21.971+0000] {logging_mixin.py:188} INFO - [2026-02-17T07:51:21.970+0000] {dagbag.py:538} INFO - Filling up the DagBag from /opt/airflow/dags/etl_dag.py
[2026-02-17T07:51:22.010+0000] {logging_mixin.py:188} INFO - Warning: Your Kaggle API key is readable by other users on this system! To fix this, you can run 'chmod 600 /home/airflow/.kaggle/kaggle.json'
[2026-02-17T07:51:22.070+0000] {logging_mixin.py:188} WARNING - /home/airflow/.local/lib/python3.8/site-packages/airflow/models/baseoperator.py:437 AirflowProviderDeprecationWarning: `exists_ok` parameter is deprecated, please use `if_exists`
[2026-02-17T07:51:22.079+0000] {processor.py:840} INFO - DAG(s) 'ecommerce_etl_v2' retrieved from /opt/airflow/dags/etl_dag.py
[2026-02-17T07:51:22.099+0000] {logging_mixin.py:188} INFO - [2026-02-17T07:51:22.099+0000] {dag.py:3036} INFO - Sync 1 DAGs
[2026-02-17T07:51:22.110+0000] {logging_mixin.py:188} INFO - [2026-02-17T07:51:22.109+0000] {dag.py:3823} INFO - Setting next_dagrun for ecommerce_etl_v2 to 2026-02-16 13:00:00+00:00, run_after=2026-02-17 13:00:00+00:00
[2026-02-17T07:51:22.119+0000] {processor.py:183} INFO - Processing /opt/airflow/dags/etl_dag.py took 0.152 seconds
[2026-02-17T08:00:49.474+0000] {processor.py:161} INFO - Started process (PID=60367) to work on /opt/airflow/dags/etl_dag.py
[2026-02-17T08:00:49.474+0000] {processor.py:830} INFO - Processing file /opt/airflow/dags/etl_dag.py for tasks to queue
[2026-02-17T08:00:49.475+0000] {logging_mixin.py:188} INFO - [2026-02-17T08:00:49.475+0000] {dagbag.py:538} INFO - Filling up the DagBag from /opt/airflow/dags/etl_dag.py
[2026-02-17T08:00:49.521+0000] {logging_mixin.py:188} INFO - Warning: Your Kaggle API key is readable by other users on this system! To fix this, you can run 'chmod 600 /home/airflow/.kaggle/kaggle.json'
[2026-02-17T08:00:49.583+0000] {logging_mixin.py:188} WARNING - /home/airflow/.local/lib/python3.8/site-packages/airflow/models/baseoperator.py:437 AirflowProviderDeprecationWarning: `exists_ok` parameter is deprecated, please use `if_exists`
[2026-02-17T08:00:49.593+0000] {processor.py:840} INFO - DAG(s) 'ecommerce_etl_v2' retrieved from /opt/airflow/dags/etl_dag.py
[2026-02-17T08:00:49.616+0000] {logging_mixin.py:188} INFO - [2026-02-17T08:00:49.616+0000] {dag.py:3036} INFO - Sync 1 DAGs
[2026-02-17T08:00:49.628+0000] {logging_mixin.py:188} INFO - [2026-02-17T08:00:49.628+0000] {dag.py:3823} INFO - Setting next_dagrun for ecommerce_etl_v2 to 2026-02-16 13:00:00+00:00, run_after=2026-02-17 13:00:00+00:00
[2026-02-17T08:00:49.642+0000] {processor.py:183} INFO - Processing /opt/airflow/dags/etl_dag.py took 0.170 seconds
[2026-02-17T08:39:58.226+0000] {processor.py:161} INFO - Started process (PID=60399) to work on /opt/airflow/dags/etl_dag.py
[2026-02-17T08:39:58.227+0000] {processor.py:830} INFO - Processing file /opt/airflow/dags/etl_dag.py for tasks to queue
[2026-02-17T08:39:58.228+0000] {logging_mixin.py:188} INFO - [2026-02-17T08:39:58.227+0000] {dagbag.py:538} INFO - Filling up the DagBag from /opt/airflow/dags/etl_dag.py
[2026-02-17T08:39:58.274+0000] {logging_mixin.py:188} INFO - Warning: Your Kaggle API key is readable by other users on this system! To fix this, you can run 'chmod 600 /home/airflow/.kaggle/kaggle.json'
[2026-02-17T08:39:58.341+0000] {logging_mixin.py:188} WARNING - /home/airflow/.local/lib/python3.8/site-packages/airflow/models/baseoperator.py:437 AirflowProviderDeprecationWarning: `exists_ok` parameter is deprecated, please use `if_exists`
[2026-02-17T08:39:58.354+0000] {processor.py:840} INFO - DAG(s) 'ecommerce_etl_v2' retrieved from /opt/airflow/dags/etl_dag.py
[2026-02-17T08:39:58.379+0000] {logging_mixin.py:188} INFO - [2026-02-17T08:39:58.379+0000] {dag.py:3036} INFO - Sync 1 DAGs
[2026-02-17T08:39:58.394+0000] {logging_mixin.py:188} INFO - [2026-02-17T08:39:58.393+0000] {dag.py:3823} INFO - Setting next_dagrun for ecommerce_etl_v2 to 2026-02-16 13:00:00+00:00, run_after=2026-02-17 13:00:00+00:00
[2026-02-17T08:39:58.410+0000] {processor.py:183} INFO - Processing /opt/airflow/dags/etl_dag.py took 0.186 seconds
[2026-02-17T09:29:13.316+0000] {processor.py:161} INFO - Started process (PID=60430) to work on /opt/airflow/dags/etl_dag.py
[2026-02-17T09:29:13.318+0000] {processor.py:830} INFO - Processing file /opt/airflow/dags/etl_dag.py for tasks to queue
[2026-02-17T09:29:13.320+0000] {logging_mixin.py:188} INFO - [2026-02-17T09:29:13.319+0000] {dagbag.py:538} INFO - Filling up the DagBag from /opt/airflow/dags/etl_dag.py
[2026-02-17T09:29:13.387+0000] {logging_mixin.py:188} INFO - Warning: Your Kaggle API key is readable by other users on this system! To fix this, you can run 'chmod 600 /home/airflow/.kaggle/kaggle.json'
[2026-02-17T09:29:13.513+0000] {logging_mixin.py:188} WARNING - /home/airflow/.local/lib/python3.8/site-packages/airflow/models/baseoperator.py:437 AirflowProviderDeprecationWarning: `exists_ok` parameter is deprecated, please use `if_exists`
[2026-02-17T09:29:13.530+0000] {processor.py:840} INFO - DAG(s) 'ecommerce_etl_v2' retrieved from /opt/airflow/dags/etl_dag.py
[2026-02-17T09:29:13.566+0000] {logging_mixin.py:188} INFO - [2026-02-17T09:29:13.566+0000] {dag.py:3036} INFO - Sync 1 DAGs
[2026-02-17T09:29:13.586+0000] {logging_mixin.py:188} INFO - [2026-02-17T09:29:13.586+0000] {dag.py:3823} INFO - Setting next_dagrun for ecommerce_etl_v2 to 2026-02-16 13:00:00+00:00, run_after=2026-02-17 13:00:00+00:00
[2026-02-17T09:29:13.601+0000] {processor.py:183} INFO - Processing /opt/airflow/dags/etl_dag.py took 0.291 seconds
[2026-02-17T09:35:33.496+0000] {processor.py:161} INFO - Started process (PID=60461) to work on /opt/airflow/dags/etl_dag.py
[2026-02-17T09:35:33.497+0000] {processor.py:830} INFO - Processing file /opt/airflow/dags/etl_dag.py for tasks to queue
[2026-02-17T09:35:33.498+0000] {logging_mixin.py:188} INFO - [2026-02-17T09:35:33.498+0000] {dagbag.py:538} INFO - Filling up the DagBag from /opt/airflow/dags/etl_dag.py
[2026-02-17T09:35:33.557+0000] {logging_mixin.py:188} INFO - Warning: Your Kaggle API key is readable by other users on this system! To fix this, you can run 'chmod 600 /home/airflow/.kaggle/kaggle.json'
[2026-02-17T09:35:33.633+0000] {logging_mixin.py:188} WARNING - /home/airflow/.local/lib/python3.8/site-packages/airflow/models/baseoperator.py:437 AirflowProviderDeprecationWarning: `exists_ok` parameter is deprecated, please use `if_exists`
[2026-02-17T09:35:33.647+0000] {processor.py:840} INFO - DAG(s) 'ecommerce_etl_v2' retrieved from /opt/airflow/dags/etl_dag.py
[2026-02-17T09:35:33.674+0000] {logging_mixin.py:188} INFO - [2026-02-17T09:35:33.674+0000] {dag.py:3036} INFO - Sync 1 DAGs
[2026-02-17T09:35:33.691+0000] {logging_mixin.py:188} INFO - [2026-02-17T09:35:33.691+0000] {dag.py:3823} INFO - Setting next_dagrun for ecommerce_etl_v2 to 2026-02-16 13:00:00+00:00, run_after=2026-02-17 13:00:00+00:00
[2026-02-17T09:35:33.707+0000] {processor.py:183} INFO - Processing /opt/airflow/dags/etl_dag.py took 0.215 seconds
[2026-02-17T09:36:03.993+0000] {processor.py:161} INFO - Started process (PID=60492) to work on /opt/airflow/dags/etl_dag.py
[2026-02-17T09:36:03.994+0000] {processor.py:830} INFO - Processing file /opt/airflow/dags/etl_dag.py for tasks to queue
[2026-02-17T09:36:03.995+0000] {logging_mixin.py:188} INFO - [2026-02-17T09:36:03.994+0000] {dagbag.py:538} INFO - Filling up the DagBag from /opt/airflow/dags/etl_dag.py
[2026-02-17T09:36:04.038+0000] {logging_mixin.py:188} INFO - Warning: Your Kaggle API key is readable by other users on this system! To fix this, you can run 'chmod 600 /home/airflow/.kaggle/kaggle.json'
[2026-02-17T09:36:04.100+0000] {logging_mixin.py:188} WARNING - /home/airflow/.local/lib/python3.8/site-packages/airflow/models/baseoperator.py:437 AirflowProviderDeprecationWarning: `exists_ok` parameter is deprecated, please use `if_exists`
[2026-02-17T09:36:04.110+0000] {processor.py:840} INFO - DAG(s) 'ecommerce_etl_v2' retrieved from /opt/airflow/dags/etl_dag.py
[2026-02-17T09:36:04.131+0000] {logging_mixin.py:188} INFO - [2026-02-17T09:36:04.131+0000] {dag.py:3036} INFO - Sync 1 DAGs
[2026-02-17T09:36:04.144+0000] {logging_mixin.py:188} INFO - [2026-02-17T09:36:04.143+0000] {dag.py:3823} INFO - Setting next_dagrun for ecommerce_etl_v2 to 2026-02-16 13:00:00+00:00, run_after=2026-02-17 13:00:00+00:00
[2026-02-17T09:36:04.153+0000] {processor.py:183} INFO - Processing /opt/airflow/dags/etl_dag.py took 0.163 seconds
[2026-02-17T09:36:34.314+0000] {processor.py:161} INFO - Started process (PID=60523) to work on /opt/airflow/dags/etl_dag.py
[2026-02-17T09:36:34.315+0000] {processor.py:830} INFO - Processing file /opt/airflow/dags/etl_dag.py for tasks to queue
[2026-02-17T09:36:34.316+0000] {logging_mixin.py:188} INFO - [2026-02-17T09:36:34.316+0000] {dagbag.py:538} INFO - Filling up the DagBag from /opt/airflow/dags/etl_dag.py
[2026-02-17T09:36:34.360+0000] {logging_mixin.py:188} INFO - Warning: Your Kaggle API key is readable by other users on this system! To fix this, you can run 'chmod 600 /home/airflow/.kaggle/kaggle.json'
[2026-02-17T09:36:34.420+0000] {logging_mixin.py:188} WARNING - /home/airflow/.local/lib/python3.8/site-packages/airflow/models/baseoperator.py:437 AirflowProviderDeprecationWarning: `exists_ok` parameter is deprecated, please use `if_exists`
[2026-02-17T09:36:34.429+0000] {processor.py:840} INFO - DAG(s) 'ecommerce_etl_v2' retrieved from /opt/airflow/dags/etl_dag.py
[2026-02-17T09:36:34.449+0000] {logging_mixin.py:188} INFO - [2026-02-17T09:36:34.448+0000] {dag.py:3036} INFO - Sync 1 DAGs
[2026-02-17T09:36:34.460+0000] {logging_mixin.py:188} INFO - [2026-02-17T09:36:34.460+0000] {dag.py:3823} INFO - Setting next_dagrun for ecommerce_etl_v2 to 2026-02-16 13:00:00+00:00, run_after=2026-02-17 13:00:00+00:00
[2026-02-17T09:36:34.469+0000] {processor.py:183} INFO - Processing /opt/airflow/dags/etl_dag.py took 0.158 seconds
[2026-02-17T09:37:04.692+0000] {processor.py:161} INFO - Started process (PID=60554) to work on /opt/airflow/dags/etl_dag.py
[2026-02-17T09:37:04.693+0000] {processor.py:830} INFO - Processing file /opt/airflow/dags/etl_dag.py for tasks to queue
[2026-02-17T09:37:04.693+0000] {logging_mixin.py:188} INFO - [2026-02-17T09:37:04.693+0000] {dagbag.py:538} INFO - Filling up the DagBag from /opt/airflow/dags/etl_dag.py
[2026-02-17T09:37:04.737+0000] {logging_mixin.py:188} INFO - Warning: Your Kaggle API key is readable by other users on this system! To fix this, you can run 'chmod 600 /home/airflow/.kaggle/kaggle.json'
[2026-02-17T09:37:04.798+0000] {logging_mixin.py:188} WARNING - /home/airflow/.local/lib/python3.8/site-packages/airflow/models/baseoperator.py:437 AirflowProviderDeprecationWarning: `exists_ok` parameter is deprecated, please use `if_exists`
[2026-02-17T09:37:04.807+0000] {processor.py:840} INFO - DAG(s) 'ecommerce_etl_v2' retrieved from /opt/airflow/dags/etl_dag.py
[2026-02-17T09:37:04.827+0000] {logging_mixin.py:188} INFO - [2026-02-17T09:37:04.827+0000] {dag.py:3036} INFO - Sync 1 DAGs
[2026-02-17T09:37:04.838+0000] {logging_mixin.py:188} INFO - [2026-02-17T09:37:04.838+0000] {dag.py:3823} INFO - Setting next_dagrun for ecommerce_etl_v2 to 2026-02-16 13:00:00+00:00, run_after=2026-02-17 13:00:00+00:00
[2026-02-17T09:37:04.847+0000] {processor.py:183} INFO - Processing /opt/airflow/dags/etl_dag.py took 0.157 seconds
[2026-02-17T09:37:35.001+0000] {processor.py:161} INFO - Started process (PID=60585) to work on /opt/airflow/dags/etl_dag.py
[2026-02-17T09:37:35.002+0000] {processor.py:830} INFO - Processing file /opt/airflow/dags/etl_dag.py for tasks to queue
[2026-02-17T09:37:35.003+0000] {logging_mixin.py:188} INFO - [2026-02-17T09:37:35.003+0000] {dagbag.py:538} INFO - Filling up the DagBag from /opt/airflow/dags/etl_dag.py
[2026-02-17T09:37:35.054+0000] {logging_mixin.py:188} INFO - Warning: Your Kaggle API key is readable by other users on this system! To fix this, you can run 'chmod 600 /home/airflow/.kaggle/kaggle.json'
[2026-02-17T09:37:35.118+0000] {logging_mixin.py:188} WARNING - /home/airflow/.local/lib/python3.8/site-packages/airflow/models/baseoperator.py:437 AirflowProviderDeprecationWarning: `exists_ok` parameter is deprecated, please use `if_exists`
[2026-02-17T09:37:35.130+0000] {processor.py:840} INFO - DAG(s) 'ecommerce_etl_v2' retrieved from /opt/airflow/dags/etl_dag.py
[2026-02-17T09:37:35.153+0000] {logging_mixin.py:188} INFO - [2026-02-17T09:37:35.153+0000] {dag.py:3036} INFO - Sync 1 DAGs
[2026-02-17T09:37:35.168+0000] {logging_mixin.py:188} INFO - [2026-02-17T09:37:35.168+0000] {dag.py:3823} INFO - Setting next_dagrun for ecommerce_etl_v2 to 2026-02-16 13:00:00+00:00, run_after=2026-02-17 13:00:00+00:00
[2026-02-17T09:37:35.181+0000] {processor.py:183} INFO - Processing /opt/airflow/dags/etl_dag.py took 0.186 seconds
[2026-02-17T09:38:05.283+0000] {processor.py:161} INFO - Started process (PID=60616) to work on /opt/airflow/dags/etl_dag.py
[2026-02-17T09:38:05.285+0000] {processor.py:830} INFO - Processing file /opt/airflow/dags/etl_dag.py for tasks to queue
[2026-02-17T09:38:05.286+0000] {logging_mixin.py:188} INFO - [2026-02-17T09:38:05.285+0000] {dagbag.py:538} INFO - Filling up the DagBag from /opt/airflow/dags/etl_dag.py
[2026-02-17T09:38:05.332+0000] {logging_mixin.py:188} INFO - Warning: Your Kaggle API key is readable by other users on this system! To fix this, you can run 'chmod 600 /home/airflow/.kaggle/kaggle.json'
[2026-02-17T09:38:05.395+0000] {logging_mixin.py:188} WARNING - /home/airflow/.local/lib/python3.8/site-packages/airflow/models/baseoperator.py:437 AirflowProviderDeprecationWarning: `exists_ok` parameter is deprecated, please use `if_exists`
[2026-02-17T09:38:05.406+0000] {processor.py:840} INFO - DAG(s) 'ecommerce_etl_v2' retrieved from /opt/airflow/dags/etl_dag.py
[2026-02-17T09:38:05.427+0000] {logging_mixin.py:188} INFO - [2026-02-17T09:38:05.427+0000] {dag.py:3036} INFO - Sync 1 DAGs
[2026-02-17T09:38:05.440+0000] {logging_mixin.py:188} INFO - [2026-02-17T09:38:05.440+0000] {dag.py:3823} INFO - Setting next_dagrun for ecommerce_etl_v2 to 2026-02-16 13:00:00+00:00, run_after=2026-02-17 13:00:00+00:00
[2026-02-17T09:38:05.449+0000] {processor.py:183} INFO - Processing /opt/airflow/dags/etl_dag.py took 0.170 seconds
[2026-02-17T09:38:35.717+0000] {processor.py:161} INFO - Started process (PID=60647) to work on /opt/airflow/dags/etl_dag.py
[2026-02-17T09:38:35.718+0000] {processor.py:830} INFO - Processing file /opt/airflow/dags/etl_dag.py for tasks to queue
[2026-02-17T09:38:35.719+0000] {logging_mixin.py:188} INFO - [2026-02-17T09:38:35.718+0000] {dagbag.py:538} INFO - Filling up the DagBag from /opt/airflow/dags/etl_dag.py
[2026-02-17T09:38:35.766+0000] {logging_mixin.py:188} INFO - Warning: Your Kaggle API key is readable by other users on this system! To fix this, you can run 'chmod 600 /home/airflow/.kaggle/kaggle.json'
[2026-02-17T09:38:35.831+0000] {logging_mixin.py:188} WARNING - /home/airflow/.local/lib/python3.8/site-packages/airflow/models/baseoperator.py:437 AirflowProviderDeprecationWarning: `exists_ok` parameter is deprecated, please use `if_exists`
[2026-02-17T09:38:35.846+0000] {processor.py:840} INFO - DAG(s) 'ecommerce_etl_v2' retrieved from /opt/airflow/dags/etl_dag.py
[2026-02-17T09:38:35.869+0000] {logging_mixin.py:188} INFO - [2026-02-17T09:38:35.869+0000] {dag.py:3036} INFO - Sync 1 DAGs
[2026-02-17T09:38:35.883+0000] {logging_mixin.py:188} INFO - [2026-02-17T09:38:35.883+0000] {dag.py:3823} INFO - Setting next_dagrun for ecommerce_etl_v2 to 2026-02-16 13:00:00+00:00, run_after=2026-02-17 13:00:00+00:00
[2026-02-17T09:38:35.897+0000] {processor.py:183} INFO - Processing /opt/airflow/dags/etl_dag.py took 0.184 seconds
[2026-02-17T10:58:49.413+0000] {processor.py:161} INFO - Started process (PID=60680) to work on /opt/airflow/dags/etl_dag.py
[2026-02-17T10:58:49.414+0000] {processor.py:830} INFO - Processing file /opt/airflow/dags/etl_dag.py for tasks to queue
[2026-02-17T10:58:49.415+0000] {logging_mixin.py:188} INFO - [2026-02-17T10:58:49.414+0000] {dagbag.py:538} INFO - Filling up the DagBag from /opt/airflow/dags/etl_dag.py
[2026-02-17T10:58:49.456+0000] {logging_mixin.py:188} INFO - Warning: Your Kaggle API key is readable by other users on this system! To fix this, you can run 'chmod 600 /home/airflow/.kaggle/kaggle.json'
[2026-02-17T10:58:49.515+0000] {logging_mixin.py:188} WARNING - /home/airflow/.local/lib/python3.8/site-packages/airflow/models/baseoperator.py:437 AirflowProviderDeprecationWarning: `exists_ok` parameter is deprecated, please use `if_exists`
[2026-02-17T10:58:49.525+0000] {processor.py:840} INFO - DAG(s) 'ecommerce_etl_v2' retrieved from /opt/airflow/dags/etl_dag.py
[2026-02-17T10:58:49.547+0000] {logging_mixin.py:188} INFO - [2026-02-17T10:58:49.547+0000] {dag.py:3036} INFO - Sync 1 DAGs
[2026-02-17T10:58:49.559+0000] {logging_mixin.py:188} INFO - [2026-02-17T10:58:49.559+0000] {dag.py:3823} INFO - Setting next_dagrun for ecommerce_etl_v2 to 2026-02-16 13:00:00+00:00, run_after=2026-02-17 13:00:00+00:00
[2026-02-17T10:58:49.569+0000] {processor.py:183} INFO - Processing /opt/airflow/dags/etl_dag.py took 0.160 seconds
[2026-02-17T12:00:59.107+0000] {processor.py:161} INFO - Started process (PID=60711) to work on /opt/airflow/dags/etl_dag.py
[2026-02-17T12:00:59.108+0000] {processor.py:830} INFO - Processing file /opt/airflow/dags/etl_dag.py for tasks to queue
[2026-02-17T12:00:59.108+0000] {logging_mixin.py:188} INFO - [2026-02-17T12:00:59.108+0000] {dagbag.py:538} INFO - Filling up the DagBag from /opt/airflow/dags/etl_dag.py
[2026-02-17T12:00:59.146+0000] {logging_mixin.py:188} INFO - Warning: Your Kaggle API key is readable by other users on this system! To fix this, you can run 'chmod 600 /home/airflow/.kaggle/kaggle.json'
[2026-02-17T12:00:59.216+0000] {logging_mixin.py:188} WARNING - /home/airflow/.local/lib/python3.8/site-packages/airflow/models/baseoperator.py:437 AirflowProviderDeprecationWarning: `exists_ok` parameter is deprecated, please use `if_exists`
[2026-02-17T12:00:59.229+0000] {processor.py:840} INFO - DAG(s) 'ecommerce_etl_v2' retrieved from /opt/airflow/dags/etl_dag.py
[2026-02-17T12:00:59.258+0000] {logging_mixin.py:188} INFO - [2026-02-17T12:00:59.258+0000] {dag.py:3036} INFO - Sync 1 DAGs
[2026-02-17T12:00:59.274+0000] {logging_mixin.py:188} INFO - [2026-02-17T12:00:59.273+0000] {dag.py:3823} INFO - Setting next_dagrun for ecommerce_etl_v2 to 2026-02-16 13:00:00+00:00, run_after=2026-02-17 13:00:00+00:00
[2026-02-17T12:00:59.287+0000] {processor.py:183} INFO - Processing /opt/airflow/dags/etl_dag.py took 0.182 seconds
[2026-02-17T12:49:20.510+0000] {processor.py:161} INFO - Started process (PID=60742) to work on /opt/airflow/dags/etl_dag.py
[2026-02-17T12:49:20.512+0000] {processor.py:830} INFO - Processing file /opt/airflow/dags/etl_dag.py for tasks to queue
[2026-02-17T12:49:20.513+0000] {logging_mixin.py:188} INFO - [2026-02-17T12:49:20.512+0000] {dagbag.py:538} INFO - Filling up the DagBag from /opt/airflow/dags/etl_dag.py
[2026-02-17T12:49:20.567+0000] {logging_mixin.py:188} INFO - Warning: Your Kaggle API key is readable by other users on this system! To fix this, you can run 'chmod 600 /home/airflow/.kaggle/kaggle.json'
[2026-02-17T12:49:20.634+0000] {logging_mixin.py:188} WARNING - /home/airflow/.local/lib/python3.8/site-packages/airflow/models/baseoperator.py:437 AirflowProviderDeprecationWarning: `exists_ok` parameter is deprecated, please use `if_exists`
[2026-02-17T12:49:20.645+0000] {processor.py:840} INFO - DAG(s) 'ecommerce_etl_v2' retrieved from /opt/airflow/dags/etl_dag.py
[2026-02-17T12:49:20.669+0000] {logging_mixin.py:188} INFO - [2026-02-17T12:49:20.668+0000] {dag.py:3036} INFO - Sync 1 DAGs
[2026-02-17T12:49:20.681+0000] {logging_mixin.py:188} INFO - [2026-02-17T12:49:20.681+0000] {dag.py:3823} INFO - Setting next_dagrun for ecommerce_etl_v2 to 2026-02-16 13:00:00+00:00, run_after=2026-02-17 13:00:00+00:00
[2026-02-17T12:49:20.692+0000] {processor.py:183} INFO - Processing /opt/airflow/dags/etl_dag.py took 0.185 seconds
[2026-02-17T12:49:50.848+0000] {processor.py:161} INFO - Started process (PID=60773) to work on /opt/airflow/dags/etl_dag.py
[2026-02-17T12:49:50.850+0000] {processor.py:830} INFO - Processing file /opt/airflow/dags/etl_dag.py for tasks to queue
[2026-02-17T12:49:50.851+0000] {logging_mixin.py:188} INFO - [2026-02-17T12:49:50.850+0000] {dagbag.py:538} INFO - Filling up the DagBag from /opt/airflow/dags/etl_dag.py
[2026-02-17T12:49:50.906+0000] {logging_mixin.py:188} INFO - Warning: Your Kaggle API key is readable by other users on this system! To fix this, you can run 'chmod 600 /home/airflow/.kaggle/kaggle.json'
[2026-02-17T12:49:50.969+0000] {logging_mixin.py:188} WARNING - /home/airflow/.local/lib/python3.8/site-packages/airflow/models/baseoperator.py:437 AirflowProviderDeprecationWarning: `exists_ok` parameter is deprecated, please use `if_exists`
[2026-02-17T12:49:50.979+0000] {processor.py:840} INFO - DAG(s) 'ecommerce_etl_v2' retrieved from /opt/airflow/dags/etl_dag.py
[2026-02-17T12:49:51.002+0000] {logging_mixin.py:188} INFO - [2026-02-17T12:49:51.002+0000] {dag.py:3036} INFO - Sync 1 DAGs
[2026-02-17T12:49:51.013+0000] {logging_mixin.py:188} INFO - [2026-02-17T12:49:51.013+0000] {dag.py:3823} INFO - Setting next_dagrun for ecommerce_etl_v2 to 2026-02-16 13:00:00+00:00, run_after=2026-02-17 13:00:00+00:00
[2026-02-17T12:49:51.023+0000] {processor.py:183} INFO - Processing /opt/airflow/dags/etl_dag.py took 0.182 seconds
[2026-02-17T12:50:21.261+0000] {processor.py:161} INFO - Started process (PID=60804) to work on /opt/airflow/dags/etl_dag.py
[2026-02-17T12:50:21.262+0000] {processor.py:830} INFO - Processing file /opt/airflow/dags/etl_dag.py for tasks to queue
[2026-02-17T12:50:21.262+0000] {logging_mixin.py:188} INFO - [2026-02-17T12:50:21.262+0000] {dagbag.py:538} INFO - Filling up the DagBag from /opt/airflow/dags/etl_dag.py
[2026-02-17T12:50:21.319+0000] {logging_mixin.py:188} INFO - Warning: Your Kaggle API key is readable by other users on this system! To fix this, you can run 'chmod 600 /home/airflow/.kaggle/kaggle.json'
[2026-02-17T12:50:21.385+0000] {logging_mixin.py:188} WARNING - /home/airflow/.local/lib/python3.8/site-packages/airflow/models/baseoperator.py:437 AirflowProviderDeprecationWarning: `exists_ok` parameter is deprecated, please use `if_exists`
[2026-02-17T12:50:21.394+0000] {processor.py:840} INFO - DAG(s) 'ecommerce_etl_v2' retrieved from /opt/airflow/dags/etl_dag.py
[2026-02-17T12:50:21.415+0000] {logging_mixin.py:188} INFO - [2026-02-17T12:50:21.415+0000] {dag.py:3036} INFO - Sync 1 DAGs
[2026-02-17T12:50:21.428+0000] {logging_mixin.py:188} INFO - [2026-02-17T12:50:21.428+0000] {dag.py:3823} INFO - Setting next_dagrun for ecommerce_etl_v2 to 2026-02-16 13:00:00+00:00, run_after=2026-02-17 13:00:00+00:00
[2026-02-17T12:50:21.438+0000] {processor.py:183} INFO - Processing /opt/airflow/dags/etl_dag.py took 0.180 seconds
[2026-02-17T12:50:51.621+0000] {processor.py:161} INFO - Started process (PID=60835) to work on /opt/airflow/dags/etl_dag.py
[2026-02-17T12:50:51.622+0000] {processor.py:830} INFO - Processing file /opt/airflow/dags/etl_dag.py for tasks to queue
[2026-02-17T12:50:51.623+0000] {logging_mixin.py:188} INFO - [2026-02-17T12:50:51.623+0000] {dagbag.py:538} INFO - Filling up the DagBag from /opt/airflow/dags/etl_dag.py
[2026-02-17T12:50:51.670+0000] {logging_mixin.py:188} INFO - Warning: Your Kaggle API key is readable by other users on this system! To fix this, you can run 'chmod 600 /home/airflow/.kaggle/kaggle.json'
[2026-02-17T12:50:51.731+0000] {logging_mixin.py:188} WARNING - /home/airflow/.local/lib/python3.8/site-packages/airflow/models/baseoperator.py:437 AirflowProviderDeprecationWarning: `exists_ok` parameter is deprecated, please use `if_exists`
[2026-02-17T12:50:51.740+0000] {processor.py:840} INFO - DAG(s) 'ecommerce_etl_v2' retrieved from /opt/airflow/dags/etl_dag.py
[2026-02-17T12:50:51.760+0000] {logging_mixin.py:188} INFO - [2026-02-17T12:50:51.760+0000] {dag.py:3036} INFO - Sync 1 DAGs
[2026-02-17T12:50:51.771+0000] {logging_mixin.py:188} INFO - [2026-02-17T12:50:51.771+0000] {dag.py:3823} INFO - Setting next_dagrun for ecommerce_etl_v2 to 2026-02-16 13:00:00+00:00, run_after=2026-02-17 13:00:00+00:00
[2026-02-17T12:50:51.781+0000] {processor.py:183} INFO - Processing /opt/airflow/dags/etl_dag.py took 0.163 seconds
[2026-02-17T12:51:22.049+0000] {processor.py:161} INFO - Started process (PID=60866) to work on /opt/airflow/dags/etl_dag.py
[2026-02-17T12:51:22.050+0000] {processor.py:830} INFO - Processing file /opt/airflow/dags/etl_dag.py for tasks to queue
[2026-02-17T12:51:22.051+0000] {logging_mixin.py:188} INFO - [2026-02-17T12:51:22.051+0000] {dagbag.py:538} INFO - Filling up the DagBag from /opt/airflow/dags/etl_dag.py
[2026-02-17T12:51:22.097+0000] {logging_mixin.py:188} INFO - Warning: Your Kaggle API key is readable by other users on this system! To fix this, you can run 'chmod 600 /home/airflow/.kaggle/kaggle.json'
[2026-02-17T12:51:22.156+0000] {logging_mixin.py:188} WARNING - /home/airflow/.local/lib/python3.8/site-packages/airflow/models/baseoperator.py:437 AirflowProviderDeprecationWarning: `exists_ok` parameter is deprecated, please use `if_exists`
[2026-02-17T12:51:22.165+0000] {processor.py:840} INFO - DAG(s) 'ecommerce_etl_v2' retrieved from /opt/airflow/dags/etl_dag.py
[2026-02-17T12:51:22.184+0000] {logging_mixin.py:188} INFO - [2026-02-17T12:51:22.183+0000] {dag.py:3036} INFO - Sync 1 DAGs
[2026-02-17T12:51:22.195+0000] {logging_mixin.py:188} INFO - [2026-02-17T12:51:22.195+0000] {dag.py:3823} INFO - Setting next_dagrun for ecommerce_etl_v2 to 2026-02-16 13:00:00+00:00, run_after=2026-02-17 13:00:00+00:00
[2026-02-17T12:51:22.205+0000] {processor.py:183} INFO - Processing /opt/airflow/dags/etl_dag.py took 0.160 seconds
[2026-02-17T12:51:52.443+0000] {processor.py:161} INFO - Started process (PID=60897) to work on /opt/airflow/dags/etl_dag.py
[2026-02-17T12:51:52.443+0000] {processor.py:830} INFO - Processing file /opt/airflow/dags/etl_dag.py for tasks to queue
[2026-02-17T12:51:52.444+0000] {logging_mixin.py:188} INFO - [2026-02-17T12:51:52.444+0000] {dagbag.py:538} INFO - Filling up the DagBag from /opt/airflow/dags/etl_dag.py
[2026-02-17T12:51:52.487+0000] {logging_mixin.py:188} INFO - Warning: Your Kaggle API key is readable by other users on this system! To fix this, you can run 'chmod 600 /home/airflow/.kaggle/kaggle.json'
[2026-02-17T12:51:52.549+0000] {logging_mixin.py:188} WARNING - /home/airflow/.local/lib/python3.8/site-packages/airflow/models/baseoperator.py:437 AirflowProviderDeprecationWarning: `exists_ok` parameter is deprecated, please use `if_exists`
[2026-02-17T12:51:52.559+0000] {processor.py:840} INFO - DAG(s) 'ecommerce_etl_v2' retrieved from /opt/airflow/dags/etl_dag.py
[2026-02-17T12:51:52.580+0000] {logging_mixin.py:188} INFO - [2026-02-17T12:51:52.580+0000] {dag.py:3036} INFO - Sync 1 DAGs
[2026-02-17T12:51:52.592+0000] {logging_mixin.py:188} INFO - [2026-02-17T12:51:52.592+0000] {dag.py:3823} INFO - Setting next_dagrun for ecommerce_etl_v2 to 2026-02-16 13:00:00+00:00, run_after=2026-02-17 13:00:00+00:00
[2026-02-17T12:51:52.601+0000] {processor.py:183} INFO - Processing /opt/airflow/dags/etl_dag.py took 0.162 seconds
[2026-02-17T12:52:22.850+0000] {processor.py:161} INFO - Started process (PID=60928) to work on /opt/airflow/dags/etl_dag.py
[2026-02-17T12:52:22.852+0000] {processor.py:830} INFO - Processing file /opt/airflow/dags/etl_dag.py for tasks to queue
[2026-02-17T12:52:22.852+0000] {logging_mixin.py:188} INFO - [2026-02-17T12:52:22.852+0000] {dagbag.py:538} INFO - Filling up the DagBag from /opt/airflow/dags/etl_dag.py
[2026-02-17T12:52:22.897+0000] {logging_mixin.py:188} INFO - Warning: Your Kaggle API key is readable by other users on this system! To fix this, you can run 'chmod 600 /home/airflow/.kaggle/kaggle.json'
[2026-02-17T12:52:22.957+0000] {logging_mixin.py:188} WARNING - /home/airflow/.local/lib/python3.8/site-packages/airflow/models/baseoperator.py:437 AirflowProviderDeprecationWarning: `exists_ok` parameter is deprecated, please use `if_exists`
[2026-02-17T12:52:22.967+0000] {processor.py:840} INFO - DAG(s) 'ecommerce_etl_v2' retrieved from /opt/airflow/dags/etl_dag.py
[2026-02-17T12:52:22.988+0000] {logging_mixin.py:188} INFO - [2026-02-17T12:52:22.988+0000] {dag.py:3036} INFO - Sync 1 DAGs
[2026-02-17T12:52:23.001+0000] {logging_mixin.py:188} INFO - [2026-02-17T12:52:23.000+0000] {dag.py:3823} INFO - Setting next_dagrun for ecommerce_etl_v2 to 2026-02-16 13:00:00+00:00, run_after=2026-02-17 13:00:00+00:00
[2026-02-17T12:52:23.010+0000] {processor.py:183} INFO - Processing /opt/airflow/dags/etl_dag.py took 0.164 seconds
[2026-02-17T12:52:53.224+0000] {processor.py:161} INFO - Started process (PID=60959) to work on /opt/airflow/dags/etl_dag.py
[2026-02-17T12:52:53.226+0000] {processor.py:830} INFO - Processing file /opt/airflow/dags/etl_dag.py for tasks to queue
[2026-02-17T12:52:53.227+0000] {logging_mixin.py:188} INFO - [2026-02-17T12:52:53.227+0000] {dagbag.py:538} INFO - Filling up the DagBag from /opt/airflow/dags/etl_dag.py
[2026-02-17T12:52:53.273+0000] {logging_mixin.py:188} INFO - Warning: Your Kaggle API key is readable by other users on this system! To fix this, you can run 'chmod 600 /home/airflow/.kaggle/kaggle.json'
[2026-02-17T12:52:53.333+0000] {logging_mixin.py:188} WARNING - /home/airflow/.local/lib/python3.8/site-packages/airflow/models/baseoperator.py:437 AirflowProviderDeprecationWarning: `exists_ok` parameter is deprecated, please use `if_exists`
[2026-02-17T12:52:53.341+0000] {processor.py:840} INFO - DAG(s) 'ecommerce_etl_v2' retrieved from /opt/airflow/dags/etl_dag.py
[2026-02-17T12:52:53.362+0000] {logging_mixin.py:188} INFO - [2026-02-17T12:52:53.362+0000] {dag.py:3036} INFO - Sync 1 DAGs
[2026-02-17T12:52:53.374+0000] {logging_mixin.py:188} INFO - [2026-02-17T12:52:53.374+0000] {dag.py:3823} INFO - Setting next_dagrun for ecommerce_etl_v2 to 2026-02-16 13:00:00+00:00, run_after=2026-02-17 13:00:00+00:00
[2026-02-17T12:52:53.383+0000] {processor.py:183} INFO - Processing /opt/airflow/dags/etl_dag.py took 0.163 seconds
[2026-02-17T12:53:23.629+0000] {processor.py:161} INFO - Started process (PID=60990) to work on /opt/airflow/dags/etl_dag.py
[2026-02-17T12:53:23.630+0000] {processor.py:830} INFO - Processing file /opt/airflow/dags/etl_dag.py for tasks to queue
[2026-02-17T12:53:23.630+0000] {logging_mixin.py:188} INFO - [2026-02-17T12:53:23.630+0000] {dagbag.py:538} INFO - Filling up the DagBag from /opt/airflow/dags/etl_dag.py
[2026-02-17T12:53:23.671+0000] {logging_mixin.py:188} INFO - Warning: Your Kaggle API key is readable by other users on this system! To fix this, you can run 'chmod 600 /home/airflow/.kaggle/kaggle.json'
[2026-02-17T12:53:23.731+0000] {logging_mixin.py:188} WARNING - /home/airflow/.local/lib/python3.8/site-packages/airflow/models/baseoperator.py:437 AirflowProviderDeprecationWarning: `exists_ok` parameter is deprecated, please use `if_exists`
[2026-02-17T12:53:23.740+0000] {processor.py:840} INFO - DAG(s) 'ecommerce_etl_v2' retrieved from /opt/airflow/dags/etl_dag.py
[2026-02-17T12:53:23.761+0000] {logging_mixin.py:188} INFO - [2026-02-17T12:53:23.760+0000] {dag.py:3036} INFO - Sync 1 DAGs
[2026-02-17T12:53:23.772+0000] {logging_mixin.py:188} INFO - [2026-02-17T12:53:23.772+0000] {dag.py:3823} INFO - Setting next_dagrun for ecommerce_etl_v2 to 2026-02-16 13:00:00+00:00, run_after=2026-02-17 13:00:00+00:00
[2026-02-17T12:53:23.782+0000] {processor.py:183} INFO - Processing /opt/airflow/dags/etl_dag.py took 0.154 seconds
[2026-02-17T12:53:53.936+0000] {processor.py:161} INFO - Started process (PID=61021) to work on /opt/airflow/dags/etl_dag.py
[2026-02-17T12:53:53.938+0000] {processor.py:830} INFO - Processing file /opt/airflow/dags/etl_dag.py for tasks to queue
[2026-02-17T12:53:53.938+0000] {logging_mixin.py:188} INFO - [2026-02-17T12:53:53.938+0000] {dagbag.py:538} INFO - Filling up the DagBag from /opt/airflow/dags/etl_dag.py
[2026-02-17T12:53:53.982+0000] {logging_mixin.py:188} INFO - Warning: Your Kaggle API key is readable by other users on this system! To fix this, you can run 'chmod 600 /home/airflow/.kaggle/kaggle.json'
[2026-02-17T12:53:54.042+0000] {logging_mixin.py:188} WARNING - /home/airflow/.local/lib/python3.8/site-packages/airflow/models/baseoperator.py:437 AirflowProviderDeprecationWarning: `exists_ok` parameter is deprecated, please use `if_exists`
[2026-02-17T12:53:54.050+0000] {processor.py:840} INFO - DAG(s) 'ecommerce_etl_v2' retrieved from /opt/airflow/dags/etl_dag.py
[2026-02-17T12:53:54.068+0000] {logging_mixin.py:188} INFO - [2026-02-17T12:53:54.068+0000] {dag.py:3036} INFO - Sync 1 DAGs
[2026-02-17T12:53:54.078+0000] {logging_mixin.py:188} INFO - [2026-02-17T12:53:54.078+0000] {dag.py:3823} INFO - Setting next_dagrun for ecommerce_etl_v2 to 2026-02-16 13:00:00+00:00, run_after=2026-02-17 13:00:00+00:00
[2026-02-17T12:53:54.087+0000] {processor.py:183} INFO - Processing /opt/airflow/dags/etl_dag.py took 0.156 seconds
[2026-02-17T12:54:24.427+0000] {processor.py:161} INFO - Started process (PID=61052) to work on /opt/airflow/dags/etl_dag.py
[2026-02-17T12:54:24.429+0000] {processor.py:830} INFO - Processing file /opt/airflow/dags/etl_dag.py for tasks to queue
[2026-02-17T12:54:24.430+0000] {logging_mixin.py:188} INFO - [2026-02-17T12:54:24.429+0000] {dagbag.py:538} INFO - Filling up the DagBag from /opt/airflow/dags/etl_dag.py
[2026-02-17T12:54:24.477+0000] {logging_mixin.py:188} INFO - Warning: Your Kaggle API key is readable by other users on this system! To fix this, you can run 'chmod 600 /home/airflow/.kaggle/kaggle.json'
[2026-02-17T12:54:24.537+0000] {logging_mixin.py:188} WARNING - /home/airflow/.local/lib/python3.8/site-packages/airflow/models/baseoperator.py:437 AirflowProviderDeprecationWarning: `exists_ok` parameter is deprecated, please use `if_exists`
[2026-02-17T12:54:24.546+0000] {processor.py:840} INFO - DAG(s) 'ecommerce_etl_v2' retrieved from /opt/airflow/dags/etl_dag.py
[2026-02-17T12:54:24.566+0000] {logging_mixin.py:188} INFO - [2026-02-17T12:54:24.566+0000] {dag.py:3036} INFO - Sync 1 DAGs
[2026-02-17T12:54:24.576+0000] {logging_mixin.py:188} INFO - [2026-02-17T12:54:24.576+0000] {dag.py:3823} INFO - Setting next_dagrun for ecommerce_etl_v2 to 2026-02-16 13:00:00+00:00, run_after=2026-02-17 13:00:00+00:00
[2026-02-17T12:54:24.585+0000] {processor.py:183} INFO - Processing /opt/airflow/dags/etl_dag.py took 0.161 seconds
[2026-02-17T12:54:54.792+0000] {processor.py:161} INFO - Started process (PID=61083) to work on /opt/airflow/dags/etl_dag.py
[2026-02-17T12:54:54.793+0000] {processor.py:830} INFO - Processing file /opt/airflow/dags/etl_dag.py for tasks to queue
[2026-02-17T12:54:54.794+0000] {logging_mixin.py:188} INFO - [2026-02-17T12:54:54.793+0000] {dagbag.py:538} INFO - Filling up the DagBag from /opt/airflow/dags/etl_dag.py
[2026-02-17T12:54:54.844+0000] {logging_mixin.py:188} INFO - Warning: Your Kaggle API key is readable by other users on this system! To fix this, you can run 'chmod 600 /home/airflow/.kaggle/kaggle.json'
[2026-02-17T12:54:54.906+0000] {logging_mixin.py:188} WARNING - /home/airflow/.local/lib/python3.8/site-packages/airflow/models/baseoperator.py:437 AirflowProviderDeprecationWarning: `exists_ok` parameter is deprecated, please use `if_exists`
[2026-02-17T12:54:54.915+0000] {processor.py:840} INFO - DAG(s) 'ecommerce_etl_v2' retrieved from /opt/airflow/dags/etl_dag.py
[2026-02-17T12:54:54.935+0000] {logging_mixin.py:188} INFO - [2026-02-17T12:54:54.934+0000] {dag.py:3036} INFO - Sync 1 DAGs
[2026-02-17T12:54:54.945+0000] {logging_mixin.py:188} INFO - [2026-02-17T12:54:54.945+0000] {dag.py:3823} INFO - Setting next_dagrun for ecommerce_etl_v2 to 2026-02-16 13:00:00+00:00, run_after=2026-02-17 13:00:00+00:00
[2026-02-17T12:54:54.954+0000] {processor.py:183} INFO - Processing /opt/airflow/dags/etl_dag.py took 0.168 seconds
[2026-02-17T12:55:25.125+0000] {processor.py:161} INFO - Started process (PID=61114) to work on /opt/airflow/dags/etl_dag.py
[2026-02-17T12:55:25.125+0000] {processor.py:830} INFO - Processing file /opt/airflow/dags/etl_dag.py for tasks to queue
[2026-02-17T12:55:25.126+0000] {logging_mixin.py:188} INFO - [2026-02-17T12:55:25.126+0000] {dagbag.py:538} INFO - Filling up the DagBag from /opt/airflow/dags/etl_dag.py
[2026-02-17T12:55:25.163+0000] {logging_mixin.py:188} INFO - Warning: Your Kaggle API key is readable by other users on this system! To fix this, you can run 'chmod 600 /home/airflow/.kaggle/kaggle.json'
[2026-02-17T12:55:25.222+0000] {logging_mixin.py:188} WARNING - /home/airflow/.local/lib/python3.8/site-packages/airflow/models/baseoperator.py:437 AirflowProviderDeprecationWarning: `exists_ok` parameter is deprecated, please use `if_exists`
[2026-02-17T12:55:25.231+0000] {processor.py:840} INFO - DAG(s) 'ecommerce_etl_v2' retrieved from /opt/airflow/dags/etl_dag.py
[2026-02-17T12:55:25.251+0000] {logging_mixin.py:188} INFO - [2026-02-17T12:55:25.250+0000] {dag.py:3036} INFO - Sync 1 DAGs
[2026-02-17T12:55:25.261+0000] {logging_mixin.py:188} INFO - [2026-02-17T12:55:25.261+0000] {dag.py:3823} INFO - Setting next_dagrun for ecommerce_etl_v2 to 2026-02-16 13:00:00+00:00, run_after=2026-02-17 13:00:00+00:00
[2026-02-17T12:55:25.270+0000] {processor.py:183} INFO - Processing /opt/airflow/dags/etl_dag.py took 0.147 seconds
[2026-02-17T12:55:55.483+0000] {processor.py:161} INFO - Started process (PID=61145) to work on /opt/airflow/dags/etl_dag.py
[2026-02-17T12:55:55.485+0000] {processor.py:830} INFO - Processing file /opt/airflow/dags/etl_dag.py for tasks to queue
[2026-02-17T12:55:55.485+0000] {logging_mixin.py:188} INFO - [2026-02-17T12:55:55.485+0000] {dagbag.py:538} INFO - Filling up the DagBag from /opt/airflow/dags/etl_dag.py
[2026-02-17T12:55:55.529+0000] {logging_mixin.py:188} INFO - Warning: Your Kaggle API key is readable by other users on this system! To fix this, you can run 'chmod 600 /home/airflow/.kaggle/kaggle.json'
[2026-02-17T12:55:55.588+0000] {logging_mixin.py:188} WARNING - /home/airflow/.local/lib/python3.8/site-packages/airflow/models/baseoperator.py:437 AirflowProviderDeprecationWarning: `exists_ok` parameter is deprecated, please use `if_exists`
[2026-02-17T12:55:55.597+0000] {processor.py:840} INFO - DAG(s) 'ecommerce_etl_v2' retrieved from /opt/airflow/dags/etl_dag.py
[2026-02-17T12:55:55.615+0000] {logging_mixin.py:188} INFO - [2026-02-17T12:55:55.615+0000] {dag.py:3036} INFO - Sync 1 DAGs
[2026-02-17T12:55:55.625+0000] {logging_mixin.py:188} INFO - [2026-02-17T12:55:55.625+0000] {dag.py:3823} INFO - Setting next_dagrun for ecommerce_etl_v2 to 2026-02-16 13:00:00+00:00, run_after=2026-02-17 13:00:00+00:00
[2026-02-17T12:55:55.634+0000] {processor.py:183} INFO - Processing /opt/airflow/dags/etl_dag.py took 0.155 seconds
[2026-02-17T12:56:25.862+0000] {processor.py:161} INFO - Started process (PID=61176) to work on /opt/airflow/dags/etl_dag.py
[2026-02-17T12:56:25.863+0000] {processor.py:830} INFO - Processing file /opt/airflow/dags/etl_dag.py for tasks to queue
[2026-02-17T12:56:25.864+0000] {logging_mixin.py:188} INFO - [2026-02-17T12:56:25.863+0000] {dagbag.py:538} INFO - Filling up the DagBag from /opt/airflow/dags/etl_dag.py
[2026-02-17T12:56:25.909+0000] {logging_mixin.py:188} INFO - Warning: Your Kaggle API key is readable by other users on this system! To fix this, you can run 'chmod 600 /home/airflow/.kaggle/kaggle.json'
[2026-02-17T12:56:25.969+0000] {logging_mixin.py:188} WARNING - /home/airflow/.local/lib/python3.8/site-packages/airflow/models/baseoperator.py:437 AirflowProviderDeprecationWarning: `exists_ok` parameter is deprecated, please use `if_exists`
[2026-02-17T12:56:25.978+0000] {processor.py:840} INFO - DAG(s) 'ecommerce_etl_v2' retrieved from /opt/airflow/dags/etl_dag.py
[2026-02-17T12:56:25.997+0000] {logging_mixin.py:188} INFO - [2026-02-17T12:56:25.996+0000] {dag.py:3036} INFO - Sync 1 DAGs
[2026-02-17T12:56:26.007+0000] {logging_mixin.py:188} INFO - [2026-02-17T12:56:26.006+0000] {dag.py:3823} INFO - Setting next_dagrun for ecommerce_etl_v2 to 2026-02-16 13:00:00+00:00, run_after=2026-02-17 13:00:00+00:00
[2026-02-17T12:56:26.015+0000] {processor.py:183} INFO - Processing /opt/airflow/dags/etl_dag.py took 0.157 seconds
[2026-02-17T12:56:56.220+0000] {processor.py:161} INFO - Started process (PID=61207) to work on /opt/airflow/dags/etl_dag.py
[2026-02-17T12:56:56.221+0000] {processor.py:830} INFO - Processing file /opt/airflow/dags/etl_dag.py for tasks to queue
[2026-02-17T12:56:56.223+0000] {logging_mixin.py:188} INFO - [2026-02-17T12:56:56.222+0000] {dagbag.py:538} INFO - Filling up the DagBag from /opt/airflow/dags/etl_dag.py
[2026-02-17T12:56:56.271+0000] {logging_mixin.py:188} INFO - Warning: Your Kaggle API key is readable by other users on this system! To fix this, you can run 'chmod 600 /home/airflow/.kaggle/kaggle.json'
[2026-02-17T12:56:56.331+0000] {logging_mixin.py:188} WARNING - /home/airflow/.local/lib/python3.8/site-packages/airflow/models/baseoperator.py:437 AirflowProviderDeprecationWarning: `exists_ok` parameter is deprecated, please use `if_exists`
[2026-02-17T12:56:56.343+0000] {processor.py:840} INFO - DAG(s) 'ecommerce_etl_v2' retrieved from /opt/airflow/dags/etl_dag.py
[2026-02-17T12:56:56.365+0000] {logging_mixin.py:188} INFO - [2026-02-17T12:56:56.365+0000] {dag.py:3036} INFO - Sync 1 DAGs
[2026-02-17T12:56:56.378+0000] {logging_mixin.py:188} INFO - [2026-02-17T12:56:56.378+0000] {dag.py:3823} INFO - Setting next_dagrun for ecommerce_etl_v2 to 2026-02-16 13:00:00+00:00, run_after=2026-02-17 13:00:00+00:00
[2026-02-17T12:56:56.388+0000] {processor.py:183} INFO - Processing /opt/airflow/dags/etl_dag.py took 0.173 seconds
[2026-02-17T12:57:26.600+0000] {processor.py:161} INFO - Started process (PID=61238) to work on /opt/airflow/dags/etl_dag.py
[2026-02-17T12:57:26.601+0000] {processor.py:830} INFO - Processing file /opt/airflow/dags/etl_dag.py for tasks to queue
[2026-02-17T12:57:26.603+0000] {logging_mixin.py:188} INFO - [2026-02-17T12:57:26.602+0000] {dagbag.py:538} INFO - Filling up the DagBag from /opt/airflow/dags/etl_dag.py
[2026-02-17T12:57:26.650+0000] {logging_mixin.py:188} INFO - Warning: Your Kaggle API key is readable by other users on this system! To fix this, you can run 'chmod 600 /home/airflow/.kaggle/kaggle.json'
[2026-02-17T12:57:26.711+0000] {logging_mixin.py:188} WARNING - /home/airflow/.local/lib/python3.8/site-packages/airflow/models/baseoperator.py:437 AirflowProviderDeprecationWarning: `exists_ok` parameter is deprecated, please use `if_exists`
[2026-02-17T12:57:26.720+0000] {processor.py:840} INFO - DAG(s) 'ecommerce_etl_v2' retrieved from /opt/airflow/dags/etl_dag.py
[2026-02-17T12:57:26.739+0000] {logging_mixin.py:188} INFO - [2026-02-17T12:57:26.739+0000] {dag.py:3036} INFO - Sync 1 DAGs
[2026-02-17T12:57:26.749+0000] {logging_mixin.py:188} INFO - [2026-02-17T12:57:26.749+0000] {dag.py:3823} INFO - Setting next_dagrun for ecommerce_etl_v2 to 2026-02-16 13:00:00+00:00, run_after=2026-02-17 13:00:00+00:00
[2026-02-17T12:57:26.758+0000] {processor.py:183} INFO - Processing /opt/airflow/dags/etl_dag.py took 0.163 seconds
[2026-02-17T12:57:56.975+0000] {processor.py:161} INFO - Started process (PID=61269) to work on /opt/airflow/dags/etl_dag.py
[2026-02-17T12:57:56.976+0000] {processor.py:830} INFO - Processing file /opt/airflow/dags/etl_dag.py for tasks to queue
[2026-02-17T12:57:56.977+0000] {logging_mixin.py:188} INFO - [2026-02-17T12:57:56.977+0000] {dagbag.py:538} INFO - Filling up the DagBag from /opt/airflow/dags/etl_dag.py
[2026-02-17T12:57:57.021+0000] {logging_mixin.py:188} INFO - Warning: Your Kaggle API key is readable by other users on this system! To fix this, you can run 'chmod 600 /home/airflow/.kaggle/kaggle.json'
[2026-02-17T12:57:57.080+0000] {logging_mixin.py:188} WARNING - /home/airflow/.local/lib/python3.8/site-packages/airflow/models/baseoperator.py:437 AirflowProviderDeprecationWarning: `exists_ok` parameter is deprecated, please use `if_exists`
[2026-02-17T12:57:57.089+0000] {processor.py:840} INFO - DAG(s) 'ecommerce_etl_v2' retrieved from /opt/airflow/dags/etl_dag.py
[2026-02-17T12:57:57.107+0000] {logging_mixin.py:188} INFO - [2026-02-17T12:57:57.107+0000] {dag.py:3036} INFO - Sync 1 DAGs
[2026-02-17T12:57:57.117+0000] {logging_mixin.py:188} INFO - [2026-02-17T12:57:57.117+0000] {dag.py:3823} INFO - Setting next_dagrun for ecommerce_etl_v2 to 2026-02-16 13:00:00+00:00, run_after=2026-02-17 13:00:00+00:00
[2026-02-17T12:57:57.127+0000] {processor.py:183} INFO - Processing /opt/airflow/dags/etl_dag.py took 0.156 seconds
[2026-02-17T12:58:27.298+0000] {processor.py:161} INFO - Started process (PID=61300) to work on /opt/airflow/dags/etl_dag.py
[2026-02-17T12:58:27.299+0000] {processor.py:830} INFO - Processing file /opt/airflow/dags/etl_dag.py for tasks to queue
[2026-02-17T12:58:27.300+0000] {logging_mixin.py:188} INFO - [2026-02-17T12:58:27.300+0000] {dagbag.py:538} INFO - Filling up the DagBag from /opt/airflow/dags/etl_dag.py
[2026-02-17T12:58:27.341+0000] {logging_mixin.py:188} INFO - Warning: Your Kaggle API key is readable by other users on this system! To fix this, you can run 'chmod 600 /home/airflow/.kaggle/kaggle.json'
[2026-02-17T12:58:27.400+0000] {logging_mixin.py:188} WARNING - /home/airflow/.local/lib/python3.8/site-packages/airflow/models/baseoperator.py:437 AirflowProviderDeprecationWarning: `exists_ok` parameter is deprecated, please use `if_exists`
[2026-02-17T12:58:27.409+0000] {processor.py:840} INFO - DAG(s) 'ecommerce_etl_v2' retrieved from /opt/airflow/dags/etl_dag.py
[2026-02-17T12:58:27.427+0000] {logging_mixin.py:188} INFO - [2026-02-17T12:58:27.427+0000] {dag.py:3036} INFO - Sync 1 DAGs
[2026-02-17T12:58:27.438+0000] {logging_mixin.py:188} INFO - [2026-02-17T12:58:27.437+0000] {dag.py:3823} INFO - Setting next_dagrun for ecommerce_etl_v2 to 2026-02-16 13:00:00+00:00, run_after=2026-02-17 13:00:00+00:00
[2026-02-17T12:58:27.447+0000] {processor.py:183} INFO - Processing /opt/airflow/dags/etl_dag.py took 0.152 seconds
[2026-02-17T12:58:57.639+0000] {processor.py:161} INFO - Started process (PID=61331) to work on /opt/airflow/dags/etl_dag.py
[2026-02-17T12:58:57.640+0000] {processor.py:830} INFO - Processing file /opt/airflow/dags/etl_dag.py for tasks to queue
[2026-02-17T12:58:57.641+0000] {logging_mixin.py:188} INFO - [2026-02-17T12:58:57.641+0000] {dagbag.py:538} INFO - Filling up the DagBag from /opt/airflow/dags/etl_dag.py
[2026-02-17T12:58:57.685+0000] {logging_mixin.py:188} INFO - Warning: Your Kaggle API key is readable by other users on this system! To fix this, you can run 'chmod 600 /home/airflow/.kaggle/kaggle.json'
[2026-02-17T12:58:57.745+0000] {logging_mixin.py:188} WARNING - /home/airflow/.local/lib/python3.8/site-packages/airflow/models/baseoperator.py:437 AirflowProviderDeprecationWarning: `exists_ok` parameter is deprecated, please use `if_exists`
[2026-02-17T12:58:57.754+0000] {processor.py:840} INFO - DAG(s) 'ecommerce_etl_v2' retrieved from /opt/airflow/dags/etl_dag.py
[2026-02-17T12:58:57.776+0000] {logging_mixin.py:188} INFO - [2026-02-17T12:58:57.776+0000] {dag.py:3036} INFO - Sync 1 DAGs
[2026-02-17T12:58:57.791+0000] {logging_mixin.py:188} INFO - [2026-02-17T12:58:57.791+0000] {dag.py:3823} INFO - Setting next_dagrun for ecommerce_etl_v2 to 2026-02-16 13:00:00+00:00, run_after=2026-02-17 13:00:00+00:00
[2026-02-17T12:58:57.803+0000] {processor.py:183} INFO - Processing /opt/airflow/dags/etl_dag.py took 0.169 seconds
[2026-02-17T12:59:28.040+0000] {processor.py:161} INFO - Started process (PID=61362) to work on /opt/airflow/dags/etl_dag.py
[2026-02-17T12:59:28.040+0000] {processor.py:830} INFO - Processing file /opt/airflow/dags/etl_dag.py for tasks to queue
[2026-02-17T12:59:28.041+0000] {logging_mixin.py:188} INFO - [2026-02-17T12:59:28.041+0000] {dagbag.py:538} INFO - Filling up the DagBag from /opt/airflow/dags/etl_dag.py
[2026-02-17T12:59:28.083+0000] {logging_mixin.py:188} INFO - Warning: Your Kaggle API key is readable by other users on this system! To fix this, you can run 'chmod 600 /home/airflow/.kaggle/kaggle.json'
[2026-02-17T12:59:28.142+0000] {logging_mixin.py:188} WARNING - /home/airflow/.local/lib/python3.8/site-packages/airflow/models/baseoperator.py:437 AirflowProviderDeprecationWarning: `exists_ok` parameter is deprecated, please use `if_exists`
[2026-02-17T12:59:28.152+0000] {processor.py:840} INFO - DAG(s) 'ecommerce_etl_v2' retrieved from /opt/airflow/dags/etl_dag.py
[2026-02-17T12:59:28.173+0000] {logging_mixin.py:188} INFO - [2026-02-17T12:59:28.173+0000] {dag.py:3036} INFO - Sync 1 DAGs
[2026-02-17T12:59:28.186+0000] {logging_mixin.py:188} INFO - [2026-02-17T12:59:28.186+0000] {dag.py:3823} INFO - Setting next_dagrun for ecommerce_etl_v2 to 2026-02-16 13:00:00+00:00, run_after=2026-02-17 13:00:00+00:00
[2026-02-17T12:59:28.197+0000] {processor.py:183} INFO - Processing /opt/airflow/dags/etl_dag.py took 0.159 seconds
[2026-02-17T12:59:58.391+0000] {processor.py:161} INFO - Started process (PID=61393) to work on /opt/airflow/dags/etl_dag.py
[2026-02-17T12:59:58.392+0000] {processor.py:830} INFO - Processing file /opt/airflow/dags/etl_dag.py for tasks to queue
[2026-02-17T12:59:58.393+0000] {logging_mixin.py:188} INFO - [2026-02-17T12:59:58.393+0000] {dagbag.py:538} INFO - Filling up the DagBag from /opt/airflow/dags/etl_dag.py
[2026-02-17T12:59:58.438+0000] {logging_mixin.py:188} INFO - Warning: Your Kaggle API key is readable by other users on this system! To fix this, you can run 'chmod 600 /home/airflow/.kaggle/kaggle.json'
[2026-02-17T12:59:58.498+0000] {logging_mixin.py:188} WARNING - /home/airflow/.local/lib/python3.8/site-packages/airflow/models/baseoperator.py:437 AirflowProviderDeprecationWarning: `exists_ok` parameter is deprecated, please use `if_exists`
[2026-02-17T12:59:58.507+0000] {processor.py:840} INFO - DAG(s) 'ecommerce_etl_v2' retrieved from /opt/airflow/dags/etl_dag.py
[2026-02-17T12:59:58.524+0000] {logging_mixin.py:188} INFO - [2026-02-17T12:59:58.524+0000] {dag.py:3036} INFO - Sync 1 DAGs
[2026-02-17T12:59:58.534+0000] {logging_mixin.py:188} INFO - [2026-02-17T12:59:58.534+0000] {dag.py:3823} INFO - Setting next_dagrun for ecommerce_etl_v2 to 2026-02-16 13:00:00+00:00, run_after=2026-02-17 13:00:00+00:00
[2026-02-17T12:59:58.544+0000] {processor.py:183} INFO - Processing /opt/airflow/dags/etl_dag.py took 0.157 seconds
[2026-02-17T13:07:41.065+0000] {processor.py:161} INFO - Started process (PID=61627) to work on /opt/airflow/dags/etl_dag.py
[2026-02-17T13:07:41.066+0000] {processor.py:830} INFO - Processing file /opt/airflow/dags/etl_dag.py for tasks to queue
[2026-02-17T13:07:41.067+0000] {logging_mixin.py:188} INFO - [2026-02-17T13:07:41.066+0000] {dagbag.py:538} INFO - Filling up the DagBag from /opt/airflow/dags/etl_dag.py
[2026-02-17T13:07:41.124+0000] {logging_mixin.py:188} INFO - Warning: Your Kaggle API key is readable by other users on this system! To fix this, you can run 'chmod 600 /home/airflow/.kaggle/kaggle.json'
[2026-02-17T13:07:41.188+0000] {logging_mixin.py:188} WARNING - /home/airflow/.local/lib/python3.8/site-packages/airflow/models/baseoperator.py:437 AirflowProviderDeprecationWarning: `exists_ok` parameter is deprecated, please use `if_exists`
[2026-02-17T13:07:41.198+0000] {processor.py:840} INFO - DAG(s) 'ecommerce_etl_v2' retrieved from /opt/airflow/dags/etl_dag.py
[2026-02-17T13:07:41.223+0000] {logging_mixin.py:188} INFO - [2026-02-17T13:07:41.223+0000] {dag.py:3036} INFO - Sync 1 DAGs
[2026-02-17T13:07:41.246+0000] {processor.py:183} INFO - Processing /opt/airflow/dags/etl_dag.py took 0.184 seconds
[2026-02-17T13:08:55.260+0000] {processor.py:161} INFO - Started process (PID=61658) to work on /opt/airflow/dags/etl_dag.py
[2026-02-17T13:08:55.262+0000] {processor.py:830} INFO - Processing file /opt/airflow/dags/etl_dag.py for tasks to queue
[2026-02-17T13:08:55.263+0000] {logging_mixin.py:188} INFO - [2026-02-17T13:08:55.263+0000] {dagbag.py:538} INFO - Filling up the DagBag from /opt/airflow/dags/etl_dag.py
[2026-02-17T13:08:55.320+0000] {logging_mixin.py:188} INFO - Warning: Your Kaggle API key is readable by other users on this system! To fix this, you can run 'chmod 600 /home/airflow/.kaggle/kaggle.json'
[2026-02-17T13:08:55.382+0000] {logging_mixin.py:188} WARNING - /home/airflow/.local/lib/python3.8/site-packages/airflow/models/baseoperator.py:437 AirflowProviderDeprecationWarning: `exists_ok` parameter is deprecated, please use `if_exists`
[2026-02-17T13:08:55.392+0000] {processor.py:840} INFO - DAG(s) 'ecommerce_etl_v2' retrieved from /opt/airflow/dags/etl_dag.py
[2026-02-17T13:08:55.414+0000] {logging_mixin.py:188} INFO - [2026-02-17T13:08:55.414+0000] {dag.py:3036} INFO - Sync 1 DAGs
[2026-02-17T13:08:55.432+0000] {processor.py:183} INFO - Processing /opt/airflow/dags/etl_dag.py took 0.178 seconds
[2026-02-17T13:09:25.627+0000] {processor.py:161} INFO - Started process (PID=61689) to work on /opt/airflow/dags/etl_dag.py
[2026-02-17T13:09:25.629+0000] {processor.py:830} INFO - Processing file /opt/airflow/dags/etl_dag.py for tasks to queue
[2026-02-17T13:09:25.630+0000] {logging_mixin.py:188} INFO - [2026-02-17T13:09:25.629+0000] {dagbag.py:538} INFO - Filling up the DagBag from /opt/airflow/dags/etl_dag.py
[2026-02-17T13:09:25.682+0000] {logging_mixin.py:188} INFO - Warning: Your Kaggle API key is readable by other users on this system! To fix this, you can run 'chmod 600 /home/airflow/.kaggle/kaggle.json'
[2026-02-17T13:09:25.746+0000] {logging_mixin.py:188} WARNING - /home/airflow/.local/lib/python3.8/site-packages/airflow/models/baseoperator.py:437 AirflowProviderDeprecationWarning: `exists_ok` parameter is deprecated, please use `if_exists`
[2026-02-17T13:09:25.757+0000] {processor.py:840} INFO - DAG(s) 'ecommerce_etl_v2' retrieved from /opt/airflow/dags/etl_dag.py
[2026-02-17T13:09:25.778+0000] {logging_mixin.py:188} INFO - [2026-02-17T13:09:25.778+0000] {dag.py:3036} INFO - Sync 1 DAGs
[2026-02-17T13:09:25.802+0000] {processor.py:183} INFO - Processing /opt/airflow/dags/etl_dag.py took 0.179 seconds
[2026-02-17T13:09:56.010+0000] {processor.py:161} INFO - Started process (PID=61720) to work on /opt/airflow/dags/etl_dag.py
[2026-02-17T13:09:56.011+0000] {processor.py:830} INFO - Processing file /opt/airflow/dags/etl_dag.py for tasks to queue
[2026-02-17T13:09:56.012+0000] {logging_mixin.py:188} INFO - [2026-02-17T13:09:56.012+0000] {dagbag.py:538} INFO - Filling up the DagBag from /opt/airflow/dags/etl_dag.py
[2026-02-17T13:09:56.057+0000] {logging_mixin.py:188} INFO - Warning: Your Kaggle API key is readable by other users on this system! To fix this, you can run 'chmod 600 /home/airflow/.kaggle/kaggle.json'
[2026-02-17T13:09:56.117+0000] {logging_mixin.py:188} WARNING - /home/airflow/.local/lib/python3.8/site-packages/airflow/models/baseoperator.py:437 AirflowProviderDeprecationWarning: `exists_ok` parameter is deprecated, please use `if_exists`
[2026-02-17T13:09:56.126+0000] {processor.py:840} INFO - DAG(s) 'ecommerce_etl_v2' retrieved from /opt/airflow/dags/etl_dag.py
[2026-02-17T13:09:56.148+0000] {logging_mixin.py:188} INFO - [2026-02-17T13:09:56.148+0000] {dag.py:3036} INFO - Sync 1 DAGs
[2026-02-17T13:09:56.166+0000] {processor.py:183} INFO - Processing /opt/airflow/dags/etl_dag.py took 0.161 seconds
[2026-02-17T13:10:26.304+0000] {processor.py:161} INFO - Started process (PID=61751) to work on /opt/airflow/dags/etl_dag.py
[2026-02-17T13:10:26.304+0000] {processor.py:830} INFO - Processing file /opt/airflow/dags/etl_dag.py for tasks to queue
[2026-02-17T13:10:26.305+0000] {logging_mixin.py:188} INFO - [2026-02-17T13:10:26.305+0000] {dagbag.py:538} INFO - Filling up the DagBag from /opt/airflow/dags/etl_dag.py
[2026-02-17T13:10:26.349+0000] {logging_mixin.py:188} INFO - Warning: Your Kaggle API key is readable by other users on this system! To fix this, you can run 'chmod 600 /home/airflow/.kaggle/kaggle.json'
[2026-02-17T13:10:26.411+0000] {logging_mixin.py:188} WARNING - /home/airflow/.local/lib/python3.8/site-packages/airflow/models/baseoperator.py:437 AirflowProviderDeprecationWarning: `exists_ok` parameter is deprecated, please use `if_exists`
[2026-02-17T13:10:26.424+0000] {processor.py:840} INFO - DAG(s) 'ecommerce_etl_v2' retrieved from /opt/airflow/dags/etl_dag.py
[2026-02-17T13:10:26.443+0000] {logging_mixin.py:188} INFO - [2026-02-17T13:10:26.443+0000] {dag.py:3036} INFO - Sync 1 DAGs
[2026-02-17T13:10:26.461+0000] {processor.py:183} INFO - Processing /opt/airflow/dags/etl_dag.py took 0.160 seconds
[2026-02-17T13:10:56.793+0000] {processor.py:161} INFO - Started process (PID=61782) to work on /opt/airflow/dags/etl_dag.py
[2026-02-17T13:10:56.794+0000] {processor.py:830} INFO - Processing file /opt/airflow/dags/etl_dag.py for tasks to queue
[2026-02-17T13:10:56.795+0000] {logging_mixin.py:188} INFO - [2026-02-17T13:10:56.795+0000] {dagbag.py:538} INFO - Filling up the DagBag from /opt/airflow/dags/etl_dag.py
[2026-02-17T13:10:56.843+0000] {logging_mixin.py:188} INFO - Warning: Your Kaggle API key is readable by other users on this system! To fix this, you can run 'chmod 600 /home/airflow/.kaggle/kaggle.json'
[2026-02-17T13:10:56.904+0000] {logging_mixin.py:188} WARNING - /home/airflow/.local/lib/python3.8/site-packages/airflow/models/baseoperator.py:437 AirflowProviderDeprecationWarning: `exists_ok` parameter is deprecated, please use `if_exists`
[2026-02-17T13:10:56.913+0000] {processor.py:840} INFO - DAG(s) 'ecommerce_etl_v2' retrieved from /opt/airflow/dags/etl_dag.py
[2026-02-17T13:10:56.932+0000] {logging_mixin.py:188} INFO - [2026-02-17T13:10:56.931+0000] {dag.py:3036} INFO - Sync 1 DAGs
[2026-02-17T13:10:56.950+0000] {processor.py:183} INFO - Processing /opt/airflow/dags/etl_dag.py took 0.160 seconds
[2026-02-17T13:11:27.146+0000] {processor.py:161} INFO - Started process (PID=61813) to work on /opt/airflow/dags/etl_dag.py
[2026-02-17T13:11:27.147+0000] {processor.py:830} INFO - Processing file /opt/airflow/dags/etl_dag.py for tasks to queue
[2026-02-17T13:11:27.148+0000] {logging_mixin.py:188} INFO - [2026-02-17T13:11:27.148+0000] {dagbag.py:538} INFO - Filling up the DagBag from /opt/airflow/dags/etl_dag.py
[2026-02-17T13:11:27.194+0000] {logging_mixin.py:188} INFO - Warning: Your Kaggle API key is readable by other users on this system! To fix this, you can run 'chmod 600 /home/airflow/.kaggle/kaggle.json'
[2026-02-17T13:11:27.254+0000] {logging_mixin.py:188} WARNING - /home/airflow/.local/lib/python3.8/site-packages/airflow/models/baseoperator.py:437 AirflowProviderDeprecationWarning: `exists_ok` parameter is deprecated, please use `if_exists`
[2026-02-17T13:11:27.264+0000] {processor.py:840} INFO - DAG(s) 'ecommerce_etl_v2' retrieved from /opt/airflow/dags/etl_dag.py
[2026-02-17T13:11:27.283+0000] {logging_mixin.py:188} INFO - [2026-02-17T13:11:27.283+0000] {dag.py:3036} INFO - Sync 1 DAGs
[2026-02-17T13:11:27.300+0000] {processor.py:183} INFO - Processing /opt/airflow/dags/etl_dag.py took 0.159 seconds
[2026-02-17T13:11:57.463+0000] {processor.py:161} INFO - Started process (PID=61844) to work on /opt/airflow/dags/etl_dag.py
[2026-02-17T13:11:57.464+0000] {processor.py:830} INFO - Processing file /opt/airflow/dags/etl_dag.py for tasks to queue
[2026-02-17T13:11:57.465+0000] {logging_mixin.py:188} INFO - [2026-02-17T13:11:57.464+0000] {dagbag.py:538} INFO - Filling up the DagBag from /opt/airflow/dags/etl_dag.py
[2026-02-17T13:11:57.511+0000] {logging_mixin.py:188} INFO - Warning: Your Kaggle API key is readable by other users on this system! To fix this, you can run 'chmod 600 /home/airflow/.kaggle/kaggle.json'
[2026-02-17T13:11:57.573+0000] {logging_mixin.py:188} WARNING - /home/airflow/.local/lib/python3.8/site-packages/airflow/models/baseoperator.py:437 AirflowProviderDeprecationWarning: `exists_ok` parameter is deprecated, please use `if_exists`
[2026-02-17T13:11:57.583+0000] {processor.py:840} INFO - DAG(s) 'ecommerce_etl_v2' retrieved from /opt/airflow/dags/etl_dag.py
[2026-02-17T13:11:57.603+0000] {logging_mixin.py:188} INFO - [2026-02-17T13:11:57.603+0000] {dag.py:3036} INFO - Sync 1 DAGs
[2026-02-17T13:11:57.622+0000] {processor.py:183} INFO - Processing /opt/airflow/dags/etl_dag.py took 0.162 seconds
[2026-02-17T13:12:27.883+0000] {processor.py:161} INFO - Started process (PID=61875) to work on /opt/airflow/dags/etl_dag.py
[2026-02-17T13:12:27.884+0000] {processor.py:830} INFO - Processing file /opt/airflow/dags/etl_dag.py for tasks to queue
[2026-02-17T13:12:27.885+0000] {logging_mixin.py:188} INFO - [2026-02-17T13:12:27.885+0000] {dagbag.py:538} INFO - Filling up the DagBag from /opt/airflow/dags/etl_dag.py
[2026-02-17T13:12:27.930+0000] {logging_mixin.py:188} INFO - Warning: Your Kaggle API key is readable by other users on this system! To fix this, you can run 'chmod 600 /home/airflow/.kaggle/kaggle.json'
[2026-02-17T13:12:27.991+0000] {logging_mixin.py:188} WARNING - /home/airflow/.local/lib/python3.8/site-packages/airflow/models/baseoperator.py:437 AirflowProviderDeprecationWarning: `exists_ok` parameter is deprecated, please use `if_exists`
[2026-02-17T13:12:28.000+0000] {processor.py:840} INFO - DAG(s) 'ecommerce_etl_v2' retrieved from /opt/airflow/dags/etl_dag.py
[2026-02-17T13:12:28.019+0000] {logging_mixin.py:188} INFO - [2026-02-17T13:12:28.019+0000] {dag.py:3036} INFO - Sync 1 DAGs
[2026-02-17T13:12:28.037+0000] {processor.py:183} INFO - Processing /opt/airflow/dags/etl_dag.py took 0.158 seconds
[2026-02-17T13:12:58.218+0000] {processor.py:161} INFO - Started process (PID=61962) to work on /opt/airflow/dags/etl_dag.py
[2026-02-17T13:12:58.219+0000] {processor.py:830} INFO - Processing file /opt/airflow/dags/etl_dag.py for tasks to queue
[2026-02-17T13:12:58.220+0000] {logging_mixin.py:188} INFO - [2026-02-17T13:12:58.219+0000] {dagbag.py:538} INFO - Filling up the DagBag from /opt/airflow/dags/etl_dag.py
[2026-02-17T13:12:58.265+0000] {logging_mixin.py:188} INFO - Warning: Your Kaggle API key is readable by other users on this system! To fix this, you can run 'chmod 600 /home/airflow/.kaggle/kaggle.json'
[2026-02-17T13:12:58.328+0000] {logging_mixin.py:188} WARNING - /home/airflow/.local/lib/python3.8/site-packages/airflow/models/baseoperator.py:437 AirflowProviderDeprecationWarning: `exists_ok` parameter is deprecated, please use `if_exists`
[2026-02-17T13:12:58.338+0000] {processor.py:840} INFO - DAG(s) 'ecommerce_etl_v2' retrieved from /opt/airflow/dags/etl_dag.py
[2026-02-17T13:12:58.358+0000] {logging_mixin.py:188} INFO - [2026-02-17T13:12:58.358+0000] {dag.py:3036} INFO - Sync 1 DAGs
[2026-02-17T13:12:58.378+0000] {processor.py:183} INFO - Processing /opt/airflow/dags/etl_dag.py took 0.165 seconds
[2026-02-17T13:13:28.548+0000] {processor.py:161} INFO - Started process (PID=61993) to work on /opt/airflow/dags/etl_dag.py
[2026-02-17T13:13:28.549+0000] {processor.py:830} INFO - Processing file /opt/airflow/dags/etl_dag.py for tasks to queue
[2026-02-17T13:13:28.550+0000] {logging_mixin.py:188} INFO - [2026-02-17T13:13:28.550+0000] {dagbag.py:538} INFO - Filling up the DagBag from /opt/airflow/dags/etl_dag.py
[2026-02-17T13:13:28.597+0000] {logging_mixin.py:188} INFO - Warning: Your Kaggle API key is readable by other users on this system! To fix this, you can run 'chmod 600 /home/airflow/.kaggle/kaggle.json'
[2026-02-17T13:13:28.658+0000] {logging_mixin.py:188} WARNING - /home/airflow/.local/lib/python3.8/site-packages/airflow/models/baseoperator.py:437 AirflowProviderDeprecationWarning: `exists_ok` parameter is deprecated, please use `if_exists`
[2026-02-17T13:13:28.667+0000] {processor.py:840} INFO - DAG(s) 'ecommerce_etl_v2' retrieved from /opt/airflow/dags/etl_dag.py
[2026-02-17T13:13:28.686+0000] {logging_mixin.py:188} INFO - [2026-02-17T13:13:28.686+0000] {dag.py:3036} INFO - Sync 1 DAGs
[2026-02-17T13:13:28.703+0000] {processor.py:183} INFO - Processing /opt/airflow/dags/etl_dag.py took 0.159 seconds
[2026-02-17T13:24:30.665+0000] {processor.py:161} INFO - Started process (PID=62024) to work on /opt/airflow/dags/etl_dag.py
[2026-02-17T13:24:30.667+0000] {processor.py:830} INFO - Processing file /opt/airflow/dags/etl_dag.py for tasks to queue
[2026-02-17T13:24:30.668+0000] {logging_mixin.py:188} INFO - [2026-02-17T13:24:30.668+0000] {dagbag.py:538} INFO - Filling up the DagBag from /opt/airflow/dags/etl_dag.py
[2026-02-17T13:24:30.736+0000] {logging_mixin.py:188} INFO - Warning: Your Kaggle API key is readable by other users on this system! To fix this, you can run 'chmod 600 /home/airflow/.kaggle/kaggle.json'
[2026-02-17T13:24:30.808+0000] {logging_mixin.py:188} WARNING - /home/airflow/.local/lib/python3.8/site-packages/airflow/models/baseoperator.py:437 AirflowProviderDeprecationWarning: `exists_ok` parameter is deprecated, please use `if_exists`
[2026-02-17T13:24:30.820+0000] {processor.py:840} INFO - DAG(s) 'ecommerce_etl_v2' retrieved from /opt/airflow/dags/etl_dag.py
[2026-02-17T13:24:30.849+0000] {logging_mixin.py:188} INFO - [2026-02-17T13:24:30.849+0000] {dag.py:3036} INFO - Sync 1 DAGs
[2026-02-17T13:24:30.882+0000] {processor.py:183} INFO - Processing /opt/airflow/dags/etl_dag.py took 0.224 seconds
[2026-02-17T13:44:05.633+0000] {processor.py:161} INFO - Started process (PID=62111) to work on /opt/airflow/dags/etl_dag.py
[2026-02-17T13:44:05.634+0000] {processor.py:830} INFO - Processing file /opt/airflow/dags/etl_dag.py for tasks to queue
[2026-02-17T13:44:05.635+0000] {logging_mixin.py:188} INFO - [2026-02-17T13:44:05.634+0000] {dagbag.py:538} INFO - Filling up the DagBag from /opt/airflow/dags/etl_dag.py
[2026-02-17T13:44:05.679+0000] {logging_mixin.py:188} INFO - Warning: Your Kaggle API key is readable by other users on this system! To fix this, you can run 'chmod 600 /home/airflow/.kaggle/kaggle.json'
[2026-02-17T13:44:05.978+0000] {logging_mixin.py:188} WARNING - /home/airflow/.local/lib/python3.8/site-packages/airflow/models/baseoperator.py:437 AirflowProviderDeprecationWarning: `exists_ok` parameter is deprecated, please use `if_exists`
[2026-02-17T13:44:05.992+0000] {processor.py:840} INFO - DAG(s) 'ecommerce_etl_v2' retrieved from /opt/airflow/dags/etl_dag.py
[2026-02-17T13:44:06.024+0000] {logging_mixin.py:188} INFO - [2026-02-17T13:44:06.023+0000] {dag.py:3036} INFO - Sync 1 DAGs
[2026-02-17T13:44:06.041+0000] {logging_mixin.py:188} INFO - [2026-02-17T13:44:06.041+0000] {dag.py:3823} INFO - Setting next_dagrun for ecommerce_etl_v2 to 2026-02-17 13:00:00+00:00, run_after=2026-02-18 13:00:00+00:00
[2026-02-17T13:44:06.055+0000] {processor.py:183} INFO - Processing /opt/airflow/dags/etl_dag.py took 0.424 seconds
[2026-02-17T13:48:40.187+0000] {processor.py:161} INFO - Started process (PID=62142) to work on /opt/airflow/dags/etl_dag.py
[2026-02-17T13:48:40.188+0000] {processor.py:830} INFO - Processing file /opt/airflow/dags/etl_dag.py for tasks to queue
[2026-02-17T13:48:40.188+0000] {logging_mixin.py:188} INFO - [2026-02-17T13:48:40.188+0000] {dagbag.py:538} INFO - Filling up the DagBag from /opt/airflow/dags/etl_dag.py
[2026-02-17T13:48:40.230+0000] {logging_mixin.py:188} INFO - Warning: Your Kaggle API key is readable by other users on this system! To fix this, you can run 'chmod 600 /home/airflow/.kaggle/kaggle.json'
[2026-02-17T13:48:40.297+0000] {logging_mixin.py:188} WARNING - /home/airflow/.local/lib/python3.8/site-packages/airflow/models/baseoperator.py:437 AirflowProviderDeprecationWarning: `exists_ok` parameter is deprecated, please use `if_exists`
[2026-02-17T13:48:40.307+0000] {processor.py:840} INFO - DAG(s) 'ecommerce_etl_v2' retrieved from /opt/airflow/dags/etl_dag.py
[2026-02-17T13:48:40.328+0000] {logging_mixin.py:188} INFO - [2026-02-17T13:48:40.328+0000] {dag.py:3036} INFO - Sync 1 DAGs
[2026-02-17T13:48:40.340+0000] {logging_mixin.py:188} INFO - [2026-02-17T13:48:40.340+0000] {dag.py:3823} INFO - Setting next_dagrun for ecommerce_etl_v2 to 2026-02-17 13:00:00+00:00, run_after=2026-02-18 13:00:00+00:00
[2026-02-17T13:48:40.349+0000] {processor.py:183} INFO - Processing /opt/airflow/dags/etl_dag.py took 0.164 seconds
[2026-02-17T14:22:32.530+0000] {processor.py:161} INFO - Started process (PID=62175) to work on /opt/airflow/dags/etl_dag.py
[2026-02-17T14:22:32.532+0000] {processor.py:830} INFO - Processing file /opt/airflow/dags/etl_dag.py for tasks to queue
[2026-02-17T14:22:32.533+0000] {logging_mixin.py:188} INFO - [2026-02-17T14:22:32.532+0000] {dagbag.py:538} INFO - Filling up the DagBag from /opt/airflow/dags/etl_dag.py
[2026-02-17T14:22:32.633+0000] {logging_mixin.py:188} INFO - Warning: Your Kaggle API key is readable by other users on this system! To fix this, you can run 'chmod 600 /home/airflow/.kaggle/kaggle.json'
[2026-02-17T14:22:32.735+0000] {logging_mixin.py:188} WARNING - /home/airflow/.local/lib/python3.8/site-packages/airflow/models/baseoperator.py:437 AirflowProviderDeprecationWarning: `exists_ok` parameter is deprecated, please use `if_exists`
[2026-02-17T14:22:32.752+0000] {processor.py:840} INFO - DAG(s) 'ecommerce_etl_v2' retrieved from /opt/airflow/dags/etl_dag.py
[2026-02-17T14:22:32.785+0000] {logging_mixin.py:188} INFO - [2026-02-17T14:22:32.785+0000] {dag.py:3036} INFO - Sync 1 DAGs
[2026-02-17T14:22:32.800+0000] {logging_mixin.py:188} INFO - [2026-02-17T14:22:32.800+0000] {dag.py:3823} INFO - Setting next_dagrun for ecommerce_etl_v2 to 2026-02-17 13:00:00+00:00, run_after=2026-02-18 13:00:00+00:00
[2026-02-17T14:22:32.814+0000] {processor.py:183} INFO - Processing /opt/airflow/dags/etl_dag.py took 0.289 seconds
[2026-02-17T15:16:57.855+0000] {processor.py:161} INFO - Started process (PID=62206) to work on /opt/airflow/dags/etl_dag.py
[2026-02-17T15:16:57.856+0000] {processor.py:830} INFO - Processing file /opt/airflow/dags/etl_dag.py for tasks to queue
[2026-02-17T15:16:57.856+0000] {logging_mixin.py:188} INFO - [2026-02-17T15:16:57.856+0000] {dagbag.py:538} INFO - Filling up the DagBag from /opt/airflow/dags/etl_dag.py
[2026-02-17T15:16:57.894+0000] {logging_mixin.py:188} INFO - Warning: Your Kaggle API key is readable by other users on this system! To fix this, you can run 'chmod 600 /home/airflow/.kaggle/kaggle.json'
[2026-02-17T15:16:57.954+0000] {logging_mixin.py:188} WARNING - /home/airflow/.local/lib/python3.8/site-packages/airflow/models/baseoperator.py:437 AirflowProviderDeprecationWarning: `exists_ok` parameter is deprecated, please use `if_exists`
[2026-02-17T15:16:57.965+0000] {processor.py:840} INFO - DAG(s) 'ecommerce_etl_v2' retrieved from /opt/airflow/dags/etl_dag.py
[2026-02-17T15:16:57.983+0000] {logging_mixin.py:188} INFO - [2026-02-17T15:16:57.983+0000] {dag.py:3036} INFO - Sync 1 DAGs
[2026-02-17T15:16:57.993+0000] {logging_mixin.py:188} INFO - [2026-02-17T15:16:57.993+0000] {dag.py:3823} INFO - Setting next_dagrun for ecommerce_etl_v2 to 2026-02-17 13:00:00+00:00, run_after=2026-02-18 13:00:00+00:00
[2026-02-17T15:16:58.001+0000] {processor.py:183} INFO - Processing /opt/airflow/dags/etl_dag.py took 0.149 seconds
[2026-02-17T15:57:07.008+0000] {processor.py:161} INFO - Started process (PID=62237) to work on /opt/airflow/dags/etl_dag.py
[2026-02-17T15:57:07.009+0000] {processor.py:830} INFO - Processing file /opt/airflow/dags/etl_dag.py for tasks to queue
[2026-02-17T15:57:07.010+0000] {logging_mixin.py:188} INFO - [2026-02-17T15:57:07.010+0000] {dagbag.py:538} INFO - Filling up the DagBag from /opt/airflow/dags/etl_dag.py
[2026-02-17T15:57:07.055+0000] {logging_mixin.py:188} INFO - Warning: Your Kaggle API key is readable by other users on this system! To fix this, you can run 'chmod 600 /home/airflow/.kaggle/kaggle.json'
[2026-02-17T15:57:07.119+0000] {logging_mixin.py:188} WARNING - /home/airflow/.local/lib/python3.8/site-packages/airflow/models/baseoperator.py:437 AirflowProviderDeprecationWarning: `exists_ok` parameter is deprecated, please use `if_exists`
[2026-02-17T15:57:07.129+0000] {processor.py:840} INFO - DAG(s) 'ecommerce_etl_v2' retrieved from /opt/airflow/dags/etl_dag.py
[2026-02-17T15:57:07.151+0000] {logging_mixin.py:188} INFO - [2026-02-17T15:57:07.151+0000] {dag.py:3036} INFO - Sync 1 DAGs
[2026-02-17T15:57:07.163+0000] {logging_mixin.py:188} INFO - [2026-02-17T15:57:07.163+0000] {dag.py:3823} INFO - Setting next_dagrun for ecommerce_etl_v2 to 2026-02-17 13:00:00+00:00, run_after=2026-02-18 13:00:00+00:00
[2026-02-17T15:57:07.173+0000] {processor.py:183} INFO - Processing /opt/airflow/dags/etl_dag.py took 0.168 seconds
[2026-02-17T16:12:37.239+0000] {processor.py:161} INFO - Started process (PID=62268) to work on /opt/airflow/dags/etl_dag.py
[2026-02-17T16:12:37.240+0000] {processor.py:830} INFO - Processing file /opt/airflow/dags/etl_dag.py for tasks to queue
[2026-02-17T16:12:37.240+0000] {logging_mixin.py:188} INFO - [2026-02-17T16:12:37.240+0000] {dagbag.py:538} INFO - Filling up the DagBag from /opt/airflow/dags/etl_dag.py
[2026-02-17T16:12:37.285+0000] {logging_mixin.py:188} INFO - Warning: Your Kaggle API key is readable by other users on this system! To fix this, you can run 'chmod 600 /home/airflow/.kaggle/kaggle.json'
[2026-02-17T16:12:37.353+0000] {logging_mixin.py:188} WARNING - /home/airflow/.local/lib/python3.8/site-packages/airflow/models/baseoperator.py:437 AirflowProviderDeprecationWarning: `exists_ok` parameter is deprecated, please use `if_exists`
[2026-02-17T16:12:37.367+0000] {processor.py:840} INFO - DAG(s) 'ecommerce_etl_v2' retrieved from /opt/airflow/dags/etl_dag.py
[2026-02-17T16:12:37.395+0000] {logging_mixin.py:188} INFO - [2026-02-17T16:12:37.395+0000] {dag.py:3036} INFO - Sync 1 DAGs
[2026-02-17T16:12:37.414+0000] {logging_mixin.py:188} INFO - [2026-02-17T16:12:37.414+0000] {dag.py:3823} INFO - Setting next_dagrun for ecommerce_etl_v2 to 2026-02-17 13:00:00+00:00, run_after=2026-02-18 13:00:00+00:00
[2026-02-17T16:12:37.427+0000] {processor.py:183} INFO - Processing /opt/airflow/dags/etl_dag.py took 0.191 seconds
[2026-02-17T16:55:17.564+0000] {processor.py:161} INFO - Started process (PID=62300) to work on /opt/airflow/dags/etl_dag.py
[2026-02-17T16:55:17.565+0000] {processor.py:830} INFO - Processing file /opt/airflow/dags/etl_dag.py for tasks to queue
[2026-02-17T16:55:17.565+0000] {logging_mixin.py:188} INFO - [2026-02-17T16:55:17.565+0000] {dagbag.py:538} INFO - Filling up the DagBag from /opt/airflow/dags/etl_dag.py
[2026-02-17T16:55:17.604+0000] {logging_mixin.py:188} INFO - Warning: Your Kaggle API key is readable by other users on this system! To fix this, you can run 'chmod 600 /home/airflow/.kaggle/kaggle.json'
[2026-02-17T16:55:17.665+0000] {logging_mixin.py:188} WARNING - /home/airflow/.local/lib/python3.8/site-packages/airflow/models/baseoperator.py:437 AirflowProviderDeprecationWarning: `exists_ok` parameter is deprecated, please use `if_exists`
[2026-02-17T16:55:17.674+0000] {processor.py:840} INFO - DAG(s) 'ecommerce_etl_v2' retrieved from /opt/airflow/dags/etl_dag.py
[2026-02-17T16:55:17.694+0000] {logging_mixin.py:188} INFO - [2026-02-17T16:55:17.694+0000] {dag.py:3036} INFO - Sync 1 DAGs
[2026-02-17T16:55:17.705+0000] {logging_mixin.py:188} INFO - [2026-02-17T16:55:17.705+0000] {dag.py:3823} INFO - Setting next_dagrun for ecommerce_etl_v2 to 2026-02-17 13:00:00+00:00, run_after=2026-02-18 13:00:00+00:00
[2026-02-17T16:55:17.715+0000] {processor.py:183} INFO - Processing /opt/airflow/dags/etl_dag.py took 0.154 seconds
[2026-02-17T17:22:04.565+0000] {processor.py:161} INFO - Started process (PID=62332) to work on /opt/airflow/dags/etl_dag.py
[2026-02-17T17:22:04.565+0000] {processor.py:830} INFO - Processing file /opt/airflow/dags/etl_dag.py for tasks to queue
[2026-02-17T17:22:04.566+0000] {logging_mixin.py:188} INFO - [2026-02-17T17:22:04.566+0000] {dagbag.py:538} INFO - Filling up the DagBag from /opt/airflow/dags/etl_dag.py
[2026-02-17T17:22:04.610+0000] {logging_mixin.py:188} INFO - Warning: Your Kaggle API key is readable by other users on this system! To fix this, you can run 'chmod 600 /home/airflow/.kaggle/kaggle.json'
[2026-02-17T17:22:04.672+0000] {logging_mixin.py:188} WARNING - /home/airflow/.local/lib/python3.8/site-packages/airflow/models/baseoperator.py:437 AirflowProviderDeprecationWarning: `exists_ok` parameter is deprecated, please use `if_exists`
[2026-02-17T17:22:04.684+0000] {processor.py:840} INFO - DAG(s) 'ecommerce_etl_v2' retrieved from /opt/airflow/dags/etl_dag.py
[2026-02-17T17:22:04.711+0000] {logging_mixin.py:188} INFO - [2026-02-17T17:22:04.711+0000] {dag.py:3036} INFO - Sync 1 DAGs
[2026-02-17T17:22:04.730+0000] {logging_mixin.py:188} INFO - [2026-02-17T17:22:04.730+0000] {dag.py:3823} INFO - Setting next_dagrun for ecommerce_etl_v2 to 2026-02-17 13:00:00+00:00, run_after=2026-02-18 13:00:00+00:00
[2026-02-17T17:22:04.745+0000] {processor.py:183} INFO - Processing /opt/airflow/dags/etl_dag.py took 0.183 seconds
[2026-02-17T17:32:06.042+0000] {processor.py:161} INFO - Started process (PID=62363) to work on /opt/airflow/dags/etl_dag.py
[2026-02-17T17:32:06.043+0000] {processor.py:830} INFO - Processing file /opt/airflow/dags/etl_dag.py for tasks to queue
[2026-02-17T17:32:06.044+0000] {logging_mixin.py:188} INFO - [2026-02-17T17:32:06.043+0000] {dagbag.py:538} INFO - Filling up the DagBag from /opt/airflow/dags/etl_dag.py
[2026-02-17T17:32:06.104+0000] {logging_mixin.py:188} INFO - Warning: Your Kaggle API key is readable by other users on this system! To fix this, you can run 'chmod 600 /home/airflow/.kaggle/kaggle.json'
[2026-02-17T17:32:06.184+0000] {logging_mixin.py:188} WARNING - /home/airflow/.local/lib/python3.8/site-packages/airflow/models/baseoperator.py:437 AirflowProviderDeprecationWarning: `exists_ok` parameter is deprecated, please use `if_exists`
[2026-02-17T17:32:06.196+0000] {processor.py:840} INFO - DAG(s) 'ecommerce_etl_v2' retrieved from /opt/airflow/dags/etl_dag.py
[2026-02-17T17:32:06.220+0000] {logging_mixin.py:188} INFO - [2026-02-17T17:32:06.220+0000] {dag.py:3036} INFO - Sync 1 DAGs
[2026-02-17T17:32:06.236+0000] {logging_mixin.py:188} INFO - [2026-02-17T17:32:06.235+0000] {dag.py:3823} INFO - Setting next_dagrun for ecommerce_etl_v2 to 2026-02-17 13:00:00+00:00, run_after=2026-02-18 13:00:00+00:00
[2026-02-17T17:32:06.249+0000] {processor.py:183} INFO - Processing /opt/airflow/dags/etl_dag.py took 0.210 seconds
[2026-02-17T17:37:38.297+0000] {processor.py:161} INFO - Started process (PID=62394) to work on /opt/airflow/dags/etl_dag.py
[2026-02-17T17:37:38.298+0000] {processor.py:830} INFO - Processing file /opt/airflow/dags/etl_dag.py for tasks to queue
[2026-02-17T17:37:38.299+0000] {logging_mixin.py:188} INFO - [2026-02-17T17:37:38.298+0000] {dagbag.py:538} INFO - Filling up the DagBag from /opt/airflow/dags/etl_dag.py
[2026-02-17T17:37:38.352+0000] {logging_mixin.py:188} INFO - Warning: Your Kaggle API key is readable by other users on this system! To fix this, you can run 'chmod 600 /home/airflow/.kaggle/kaggle.json'
[2026-02-17T17:37:38.422+0000] {logging_mixin.py:188} WARNING - /home/airflow/.local/lib/python3.8/site-packages/airflow/models/baseoperator.py:437 AirflowProviderDeprecationWarning: `exists_ok` parameter is deprecated, please use `if_exists`
[2026-02-17T17:37:38.435+0000] {processor.py:840} INFO - DAG(s) 'ecommerce_etl_v2' retrieved from /opt/airflow/dags/etl_dag.py
[2026-02-17T17:37:38.462+0000] {logging_mixin.py:188} INFO - [2026-02-17T17:37:38.462+0000] {dag.py:3036} INFO - Sync 1 DAGs
[2026-02-17T17:37:38.476+0000] {logging_mixin.py:188} INFO - [2026-02-17T17:37:38.475+0000] {dag.py:3823} INFO - Setting next_dagrun for ecommerce_etl_v2 to 2026-02-17 13:00:00+00:00, run_after=2026-02-18 13:00:00+00:00
[2026-02-17T17:37:38.488+0000] {processor.py:183} INFO - Processing /opt/airflow/dags/etl_dag.py took 0.194 seconds
[2026-02-17T17:42:48.578+0000] {processor.py:161} INFO - Started process (PID=62427) to work on /opt/airflow/dags/etl_dag.py
[2026-02-17T17:42:48.579+0000] {processor.py:830} INFO - Processing file /opt/airflow/dags/etl_dag.py for tasks to queue
[2026-02-17T17:42:48.579+0000] {logging_mixin.py:188} INFO - [2026-02-17T17:42:48.579+0000] {dagbag.py:538} INFO - Filling up the DagBag from /opt/airflow/dags/etl_dag.py
[2026-02-17T17:42:48.624+0000] {logging_mixin.py:188} INFO - Warning: Your Kaggle API key is readable by other users on this system! To fix this, you can run 'chmod 600 /home/airflow/.kaggle/kaggle.json'
[2026-02-17T17:42:48.692+0000] {logging_mixin.py:188} WARNING - /home/airflow/.local/lib/python3.8/site-packages/airflow/models/baseoperator.py:437 AirflowProviderDeprecationWarning: `exists_ok` parameter is deprecated, please use `if_exists`
[2026-02-17T17:42:48.704+0000] {processor.py:840} INFO - DAG(s) 'ecommerce_etl_v2' retrieved from /opt/airflow/dags/etl_dag.py
[2026-02-17T17:42:48.730+0000] {logging_mixin.py:188} INFO - [2026-02-17T17:42:48.729+0000] {dag.py:3036} INFO - Sync 1 DAGs
[2026-02-17T17:42:48.746+0000] {logging_mixin.py:188} INFO - [2026-02-17T17:42:48.746+0000] {dag.py:3823} INFO - Setting next_dagrun for ecommerce_etl_v2 to 2026-02-17 13:00:00+00:00, run_after=2026-02-18 13:00:00+00:00
[2026-02-17T17:42:48.760+0000] {processor.py:183} INFO - Processing /opt/airflow/dags/etl_dag.py took 0.185 seconds
[2026-02-17T18:08:38.735+0000] {processor.py:161} INFO - Started process (PID=62458) to work on /opt/airflow/dags/etl_dag.py
[2026-02-17T18:08:38.736+0000] {processor.py:830} INFO - Processing file /opt/airflow/dags/etl_dag.py for tasks to queue
[2026-02-17T18:08:38.736+0000] {logging_mixin.py:188} INFO - [2026-02-17T18:08:38.736+0000] {dagbag.py:538} INFO - Filling up the DagBag from /opt/airflow/dags/etl_dag.py
[2026-02-17T18:08:38.775+0000] {logging_mixin.py:188} INFO - Warning: Your Kaggle API key is readable by other users on this system! To fix this, you can run 'chmod 600 /home/airflow/.kaggle/kaggle.json'
[2026-02-17T18:08:38.835+0000] {logging_mixin.py:188} WARNING - /home/airflow/.local/lib/python3.8/site-packages/airflow/models/baseoperator.py:437 AirflowProviderDeprecationWarning: `exists_ok` parameter is deprecated, please use `if_exists`
[2026-02-17T18:08:38.844+0000] {processor.py:840} INFO - DAG(s) 'ecommerce_etl_v2' retrieved from /opt/airflow/dags/etl_dag.py
[2026-02-17T18:08:38.862+0000] {logging_mixin.py:188} INFO - [2026-02-17T18:08:38.862+0000] {dag.py:3036} INFO - Sync 1 DAGs
[2026-02-17T18:08:38.873+0000] {logging_mixin.py:188} INFO - [2026-02-17T18:08:38.873+0000] {dag.py:3823} INFO - Setting next_dagrun for ecommerce_etl_v2 to 2026-02-17 13:00:00+00:00, run_after=2026-02-18 13:00:00+00:00
[2026-02-17T18:08:38.881+0000] {processor.py:183} INFO - Processing /opt/airflow/dags/etl_dag.py took 0.149 seconds
[2026-02-17T18:19:45.434+0000] {processor.py:161} INFO - Started process (PID=62489) to work on /opt/airflow/dags/etl_dag.py
[2026-02-17T18:19:45.436+0000] {processor.py:830} INFO - Processing file /opt/airflow/dags/etl_dag.py for tasks to queue
[2026-02-17T18:19:45.437+0000] {logging_mixin.py:188} INFO - [2026-02-17T18:19:45.437+0000] {dagbag.py:538} INFO - Filling up the DagBag from /opt/airflow/dags/etl_dag.py
[2026-02-17T18:19:45.482+0000] {logging_mixin.py:188} INFO - Warning: Your Kaggle API key is readable by other users on this system! To fix this, you can run 'chmod 600 /home/airflow/.kaggle/kaggle.json'
[2026-02-17T18:19:45.551+0000] {logging_mixin.py:188} WARNING - /home/airflow/.local/lib/python3.8/site-packages/airflow/models/baseoperator.py:437 AirflowProviderDeprecationWarning: `exists_ok` parameter is deprecated, please use `if_exists`
[2026-02-17T18:19:45.563+0000] {processor.py:840} INFO - DAG(s) 'ecommerce_etl_v2' retrieved from /opt/airflow/dags/etl_dag.py
[2026-02-17T18:19:45.588+0000] {logging_mixin.py:188} INFO - [2026-02-17T18:19:45.588+0000] {dag.py:3036} INFO - Sync 1 DAGs
[2026-02-17T18:19:45.604+0000] {logging_mixin.py:188} INFO - [2026-02-17T18:19:45.604+0000] {dag.py:3823} INFO - Setting next_dagrun for ecommerce_etl_v2 to 2026-02-17 13:00:00+00:00, run_after=2026-02-18 13:00:00+00:00
[2026-02-17T18:19:45.616+0000] {processor.py:183} INFO - Processing /opt/airflow/dags/etl_dag.py took 0.188 seconds
[2026-02-17T19:04:22.780+0000] {processor.py:161} INFO - Started process (PID=62522) to work on /opt/airflow/dags/etl_dag.py
[2026-02-17T19:04:22.781+0000] {processor.py:830} INFO - Processing file /opt/airflow/dags/etl_dag.py for tasks to queue
[2026-02-17T19:04:22.782+0000] {logging_mixin.py:188} INFO - [2026-02-17T19:04:22.782+0000] {dagbag.py:538} INFO - Filling up the DagBag from /opt/airflow/dags/etl_dag.py
[2026-02-17T19:04:22.829+0000] {logging_mixin.py:188} INFO - Warning: Your Kaggle API key is readable by other users on this system! To fix this, you can run 'chmod 600 /home/airflow/.kaggle/kaggle.json'
[2026-02-17T19:04:22.898+0000] {logging_mixin.py:188} WARNING - /home/airflow/.local/lib/python3.8/site-packages/airflow/models/baseoperator.py:437 AirflowProviderDeprecationWarning: `exists_ok` parameter is deprecated, please use `if_exists`
[2026-02-17T19:04:22.930+0000] {processor.py:840} INFO - DAG(s) 'ecommerce_etl_v2' retrieved from /opt/airflow/dags/etl_dag.py
[2026-02-17T19:04:22.958+0000] {logging_mixin.py:188} INFO - [2026-02-17T19:04:22.958+0000] {dag.py:3036} INFO - Sync 1 DAGs
[2026-02-17T19:04:22.975+0000] {logging_mixin.py:188} INFO - [2026-02-17T19:04:22.975+0000] {dag.py:3823} INFO - Setting next_dagrun for ecommerce_etl_v2 to 2026-02-17 13:00:00+00:00, run_after=2026-02-18 13:00:00+00:00
[2026-02-17T19:04:22.992+0000] {processor.py:183} INFO - Processing /opt/airflow/dags/etl_dag.py took 0.215 seconds
[2026-02-17T19:07:04.153+0000] {processor.py:161} INFO - Started process (PID=62553) to work on /opt/airflow/dags/etl_dag.py
[2026-02-17T19:07:04.154+0000] {processor.py:830} INFO - Processing file /opt/airflow/dags/etl_dag.py for tasks to queue
[2026-02-17T19:07:04.155+0000] {logging_mixin.py:188} INFO - [2026-02-17T19:07:04.155+0000] {dagbag.py:538} INFO - Filling up the DagBag from /opt/airflow/dags/etl_dag.py
[2026-02-17T19:07:04.209+0000] {logging_mixin.py:188} INFO - Warning: Your Kaggle API key is readable by other users on this system! To fix this, you can run 'chmod 600 /home/airflow/.kaggle/kaggle.json'
[2026-02-17T19:07:04.297+0000] {logging_mixin.py:188} WARNING - /home/airflow/.local/lib/python3.8/site-packages/airflow/models/baseoperator.py:437 AirflowProviderDeprecationWarning: `exists_ok` parameter is deprecated, please use `if_exists`
[2026-02-17T19:07:04.312+0000] {processor.py:840} INFO - DAG(s) 'ecommerce_etl_v2' retrieved from /opt/airflow/dags/etl_dag.py
[2026-02-17T19:07:04.337+0000] {logging_mixin.py:188} INFO - [2026-02-17T19:07:04.337+0000] {dag.py:3036} INFO - Sync 1 DAGs
[2026-02-17T19:07:04.352+0000] {logging_mixin.py:188} INFO - [2026-02-17T19:07:04.352+0000] {dag.py:3823} INFO - Setting next_dagrun for ecommerce_etl_v2 to 2026-02-17 13:00:00+00:00, run_after=2026-02-18 13:00:00+00:00
[2026-02-17T19:07:04.365+0000] {processor.py:183} INFO - Processing /opt/airflow/dags/etl_dag.py took 0.216 seconds
[2026-02-17T19:17:10.545+0000] {processor.py:161} INFO - Started process (PID=62584) to work on /opt/airflow/dags/etl_dag.py
[2026-02-17T19:17:10.546+0000] {processor.py:830} INFO - Processing file /opt/airflow/dags/etl_dag.py for tasks to queue
[2026-02-17T19:17:10.546+0000] {logging_mixin.py:188} INFO - [2026-02-17T19:17:10.546+0000] {dagbag.py:538} INFO - Filling up the DagBag from /opt/airflow/dags/etl_dag.py
[2026-02-17T19:17:10.585+0000] {logging_mixin.py:188} INFO - Warning: Your Kaggle API key is readable by other users on this system! To fix this, you can run 'chmod 600 /home/airflow/.kaggle/kaggle.json'
[2026-02-17T19:17:10.645+0000] {logging_mixin.py:188} WARNING - /home/airflow/.local/lib/python3.8/site-packages/airflow/models/baseoperator.py:437 AirflowProviderDeprecationWarning: `exists_ok` parameter is deprecated, please use `if_exists`
[2026-02-17T19:17:10.654+0000] {processor.py:840} INFO - DAG(s) 'ecommerce_etl_v2' retrieved from /opt/airflow/dags/etl_dag.py
[2026-02-17T19:17:10.673+0000] {logging_mixin.py:188} INFO - [2026-02-17T19:17:10.673+0000] {dag.py:3036} INFO - Sync 1 DAGs
[2026-02-17T19:17:10.683+0000] {logging_mixin.py:188} INFO - [2026-02-17T19:17:10.683+0000] {dag.py:3823} INFO - Setting next_dagrun for ecommerce_etl_v2 to 2026-02-17 13:00:00+00:00, run_after=2026-02-18 13:00:00+00:00
[2026-02-17T19:17:10.692+0000] {processor.py:183} INFO - Processing /opt/airflow/dags/etl_dag.py took 0.150 seconds
[2026-02-17T19:36:33.091+0000] {processor.py:161} INFO - Started process (PID=62615) to work on /opt/airflow/dags/etl_dag.py
[2026-02-17T19:36:33.092+0000] {processor.py:830} INFO - Processing file /opt/airflow/dags/etl_dag.py for tasks to queue
[2026-02-17T19:36:33.093+0000] {logging_mixin.py:188} INFO - [2026-02-17T19:36:33.093+0000] {dagbag.py:538} INFO - Filling up the DagBag from /opt/airflow/dags/etl_dag.py
[2026-02-17T19:36:33.155+0000] {logging_mixin.py:188} INFO - Warning: Your Kaggle API key is readable by other users on this system! To fix this, you can run 'chmod 600 /home/airflow/.kaggle/kaggle.json'
[2026-02-17T19:36:33.247+0000] {logging_mixin.py:188} WARNING - /home/airflow/.local/lib/python3.8/site-packages/airflow/models/baseoperator.py:437 AirflowProviderDeprecationWarning: `exists_ok` parameter is deprecated, please use `if_exists`
[2026-02-17T19:36:33.261+0000] {processor.py:840} INFO - DAG(s) 'ecommerce_etl_v2' retrieved from /opt/airflow/dags/etl_dag.py
[2026-02-17T19:36:33.301+0000] {logging_mixin.py:188} INFO - [2026-02-17T19:36:33.298+0000] {dag.py:3036} INFO - Sync 1 DAGs
[2026-02-17T19:36:33.320+0000] {logging_mixin.py:188} INFO - [2026-02-17T19:36:33.320+0000] {dag.py:3823} INFO - Setting next_dagrun for ecommerce_etl_v2 to 2026-02-17 13:00:00+00:00, run_after=2026-02-18 13:00:00+00:00
[2026-02-17T19:36:33.335+0000] {processor.py:183} INFO - Processing /opt/airflow/dags/etl_dag.py took 0.247 seconds
[2026-02-17T20:15:15.436+0000] {processor.py:161} INFO - Started process (PID=62648) to work on /opt/airflow/dags/etl_dag.py
[2026-02-17T20:15:15.437+0000] {processor.py:830} INFO - Processing file /opt/airflow/dags/etl_dag.py for tasks to queue
[2026-02-17T20:15:15.438+0000] {logging_mixin.py:188} INFO - [2026-02-17T20:15:15.438+0000] {dagbag.py:538} INFO - Filling up the DagBag from /opt/airflow/dags/etl_dag.py
[2026-02-17T20:15:15.483+0000] {logging_mixin.py:188} INFO - Warning: Your Kaggle API key is readable by other users on this system! To fix this, you can run 'chmod 600 /home/airflow/.kaggle/kaggle.json'
[2026-02-17T20:15:15.542+0000] {logging_mixin.py:188} WARNING - /home/airflow/.local/lib/python3.8/site-packages/airflow/models/baseoperator.py:437 AirflowProviderDeprecationWarning: `exists_ok` parameter is deprecated, please use `if_exists`
[2026-02-17T20:15:15.552+0000] {processor.py:840} INFO - DAG(s) 'ecommerce_etl_v2' retrieved from /opt/airflow/dags/etl_dag.py
[2026-02-17T20:15:15.571+0000] {logging_mixin.py:188} INFO - [2026-02-17T20:15:15.570+0000] {dag.py:3036} INFO - Sync 1 DAGs
[2026-02-17T20:15:15.581+0000] {logging_mixin.py:188} INFO - [2026-02-17T20:15:15.581+0000] {dag.py:3823} INFO - Setting next_dagrun for ecommerce_etl_v2 to 2026-02-17 13:00:00+00:00, run_after=2026-02-18 13:00:00+00:00
[2026-02-17T20:15:15.589+0000] {processor.py:183} INFO - Processing /opt/airflow/dags/etl_dag.py took 0.156 seconds
[2026-02-17T20:19:36.577+0000] {processor.py:161} INFO - Started process (PID=62679) to work on /opt/airflow/dags/etl_dag.py
[2026-02-17T20:19:36.579+0000] {processor.py:830} INFO - Processing file /opt/airflow/dags/etl_dag.py for tasks to queue
[2026-02-17T20:19:36.579+0000] {logging_mixin.py:188} INFO - [2026-02-17T20:19:36.579+0000] {dagbag.py:538} INFO - Filling up the DagBag from /opt/airflow/dags/etl_dag.py
[2026-02-17T20:19:36.623+0000] {logging_mixin.py:188} INFO - Warning: Your Kaggle API key is readable by other users on this system! To fix this, you can run 'chmod 600 /home/airflow/.kaggle/kaggle.json'
[2026-02-17T20:19:36.685+0000] {logging_mixin.py:188} WARNING - /home/airflow/.local/lib/python3.8/site-packages/airflow/models/baseoperator.py:437 AirflowProviderDeprecationWarning: `exists_ok` parameter is deprecated, please use `if_exists`
[2026-02-17T20:19:36.694+0000] {processor.py:840} INFO - DAG(s) 'ecommerce_etl_v2' retrieved from /opt/airflow/dags/etl_dag.py
[2026-02-17T20:19:36.714+0000] {logging_mixin.py:188} INFO - [2026-02-17T20:19:36.714+0000] {dag.py:3036} INFO - Sync 1 DAGs
[2026-02-17T20:19:36.725+0000] {logging_mixin.py:188} INFO - [2026-02-17T20:19:36.725+0000] {dag.py:3823} INFO - Setting next_dagrun for ecommerce_etl_v2 to 2026-02-17 13:00:00+00:00, run_after=2026-02-18 13:00:00+00:00
[2026-02-17T20:19:36.735+0000] {processor.py:183} INFO - Processing /opt/airflow/dags/etl_dag.py took 0.161 seconds
[2026-02-17T21:20:41.186+0000] {processor.py:161} INFO - Started process (PID=62710) to work on /opt/airflow/dags/etl_dag.py
[2026-02-17T21:20:41.187+0000] {processor.py:830} INFO - Processing file /opt/airflow/dags/etl_dag.py for tasks to queue
[2026-02-17T21:20:41.187+0000] {logging_mixin.py:188} INFO - [2026-02-17T21:20:41.187+0000] {dagbag.py:538} INFO - Filling up the DagBag from /opt/airflow/dags/etl_dag.py
[2026-02-17T21:20:41.225+0000] {logging_mixin.py:188} INFO - Warning: Your Kaggle API key is readable by other users on this system! To fix this, you can run 'chmod 600 /home/airflow/.kaggle/kaggle.json'
[2026-02-17T21:20:41.285+0000] {logging_mixin.py:188} WARNING - /home/airflow/.local/lib/python3.8/site-packages/airflow/models/baseoperator.py:437 AirflowProviderDeprecationWarning: `exists_ok` parameter is deprecated, please use `if_exists`
[2026-02-17T21:20:41.294+0000] {processor.py:840} INFO - DAG(s) 'ecommerce_etl_v2' retrieved from /opt/airflow/dags/etl_dag.py
[2026-02-17T21:20:41.314+0000] {logging_mixin.py:188} INFO - [2026-02-17T21:20:41.313+0000] {dag.py:3036} INFO - Sync 1 DAGs
[2026-02-17T21:20:41.325+0000] {logging_mixin.py:188} INFO - [2026-02-17T21:20:41.325+0000] {dag.py:3823} INFO - Setting next_dagrun for ecommerce_etl_v2 to 2026-02-17 13:00:00+00:00, run_after=2026-02-18 13:00:00+00:00
[2026-02-17T21:20:41.334+0000] {processor.py:183} INFO - Processing /opt/airflow/dags/etl_dag.py took 0.150 seconds
[2026-02-17T21:36:18.239+0000] {processor.py:161} INFO - Started process (PID=62743) to work on /opt/airflow/dags/etl_dag.py
[2026-02-17T21:36:18.240+0000] {processor.py:830} INFO - Processing file /opt/airflow/dags/etl_dag.py for tasks to queue
[2026-02-17T21:36:18.241+0000] {logging_mixin.py:188} INFO - [2026-02-17T21:36:18.241+0000] {dagbag.py:538} INFO - Filling up the DagBag from /opt/airflow/dags/etl_dag.py
[2026-02-17T21:36:18.278+0000] {logging_mixin.py:188} INFO - Warning: Your Kaggle API key is readable by other users on this system! To fix this, you can run 'chmod 600 /home/airflow/.kaggle/kaggle.json'
[2026-02-17T21:36:18.340+0000] {logging_mixin.py:188} WARNING - /home/airflow/.local/lib/python3.8/site-packages/airflow/models/baseoperator.py:437 AirflowProviderDeprecationWarning: `exists_ok` parameter is deprecated, please use `if_exists`
[2026-02-17T21:36:18.352+0000] {processor.py:840} INFO - DAG(s) 'ecommerce_etl_v2' retrieved from /opt/airflow/dags/etl_dag.py
[2026-02-17T21:36:18.380+0000] {logging_mixin.py:188} INFO - [2026-02-17T21:36:18.380+0000] {dag.py:3036} INFO - Sync 1 DAGs
[2026-02-17T21:36:18.398+0000] {logging_mixin.py:188} INFO - [2026-02-17T21:36:18.398+0000] {dag.py:3823} INFO - Setting next_dagrun for ecommerce_etl_v2 to 2026-02-17 13:00:00+00:00, run_after=2026-02-18 13:00:00+00:00
[2026-02-17T21:36:18.414+0000] {processor.py:183} INFO - Processing /opt/airflow/dags/etl_dag.py took 0.177 seconds
[2026-02-17T21:53:49.690+0000] {processor.py:161} INFO - Started process (PID=62774) to work on /opt/airflow/dags/etl_dag.py
[2026-02-17T21:53:49.691+0000] {processor.py:830} INFO - Processing file /opt/airflow/dags/etl_dag.py for tasks to queue
[2026-02-17T21:53:49.692+0000] {logging_mixin.py:188} INFO - [2026-02-17T21:53:49.692+0000] {dagbag.py:538} INFO - Filling up the DagBag from /opt/airflow/dags/etl_dag.py
[2026-02-17T21:53:49.736+0000] {logging_mixin.py:188} INFO - Warning: Your Kaggle API key is readable by other users on this system! To fix this, you can run 'chmod 600 /home/airflow/.kaggle/kaggle.json'
[2026-02-17T21:53:49.800+0000] {logging_mixin.py:188} WARNING - /home/airflow/.local/lib/python3.8/site-packages/airflow/models/baseoperator.py:437 AirflowProviderDeprecationWarning: `exists_ok` parameter is deprecated, please use `if_exists`
[2026-02-17T21:53:49.810+0000] {processor.py:840} INFO - DAG(s) 'ecommerce_etl_v2' retrieved from /opt/airflow/dags/etl_dag.py
[2026-02-17T21:53:49.831+0000] {logging_mixin.py:188} INFO - [2026-02-17T21:53:49.831+0000] {dag.py:3036} INFO - Sync 1 DAGs
[2026-02-17T21:53:49.843+0000] {logging_mixin.py:188} INFO - [2026-02-17T21:53:49.843+0000] {dag.py:3823} INFO - Setting next_dagrun for ecommerce_etl_v2 to 2026-02-17 13:00:00+00:00, run_after=2026-02-18 13:00:00+00:00
[2026-02-17T21:53:49.852+0000] {processor.py:183} INFO - Processing /opt/airflow/dags/etl_dag.py took 0.164 seconds
[2026-02-17T22:21:40.082+0000] {processor.py:161} INFO - Started process (PID=62805) to work on /opt/airflow/dags/etl_dag.py
[2026-02-17T22:21:40.083+0000] {processor.py:830} INFO - Processing file /opt/airflow/dags/etl_dag.py for tasks to queue
[2026-02-17T22:21:40.084+0000] {logging_mixin.py:188} INFO - [2026-02-17T22:21:40.084+0000] {dagbag.py:538} INFO - Filling up the DagBag from /opt/airflow/dags/etl_dag.py
[2026-02-17T22:21:40.127+0000] {logging_mixin.py:188} INFO - Warning: Your Kaggle API key is readable by other users on this system! To fix this, you can run 'chmod 600 /home/airflow/.kaggle/kaggle.json'
[2026-02-17T22:21:40.196+0000] {logging_mixin.py:188} WARNING - /home/airflow/.local/lib/python3.8/site-packages/airflow/models/baseoperator.py:437 AirflowProviderDeprecationWarning: `exists_ok` parameter is deprecated, please use `if_exists`
[2026-02-17T22:21:40.208+0000] {processor.py:840} INFO - DAG(s) 'ecommerce_etl_v2' retrieved from /opt/airflow/dags/etl_dag.py
[2026-02-17T22:21:40.235+0000] {logging_mixin.py:188} INFO - [2026-02-17T22:21:40.235+0000] {dag.py:3036} INFO - Sync 1 DAGs
[2026-02-17T22:21:40.252+0000] {logging_mixin.py:188} INFO - [2026-02-17T22:21:40.252+0000] {dag.py:3823} INFO - Setting next_dagrun for ecommerce_etl_v2 to 2026-02-17 13:00:00+00:00, run_after=2026-02-18 13:00:00+00:00
[2026-02-17T22:21:40.265+0000] {processor.py:183} INFO - Processing /opt/airflow/dags/etl_dag.py took 0.185 seconds
[2026-02-17T23:22:51.660+0000] {processor.py:161} INFO - Started process (PID=62838) to work on /opt/airflow/dags/etl_dag.py
[2026-02-17T23:22:51.661+0000] {processor.py:830} INFO - Processing file /opt/airflow/dags/etl_dag.py for tasks to queue
[2026-02-17T23:22:51.661+0000] {logging_mixin.py:188} INFO - [2026-02-17T23:22:51.661+0000] {dagbag.py:538} INFO - Filling up the DagBag from /opt/airflow/dags/etl_dag.py
[2026-02-17T23:22:51.700+0000] {logging_mixin.py:188} INFO - Warning: Your Kaggle API key is readable by other users on this system! To fix this, you can run 'chmod 600 /home/airflow/.kaggle/kaggle.json'
[2026-02-17T23:22:51.760+0000] {logging_mixin.py:188} WARNING - /home/airflow/.local/lib/python3.8/site-packages/airflow/models/baseoperator.py:437 AirflowProviderDeprecationWarning: `exists_ok` parameter is deprecated, please use `if_exists`
[2026-02-17T23:22:51.769+0000] {processor.py:840} INFO - DAG(s) 'ecommerce_etl_v2' retrieved from /opt/airflow/dags/etl_dag.py
[2026-02-17T23:22:51.788+0000] {logging_mixin.py:188} INFO - [2026-02-17T23:22:51.788+0000] {dag.py:3036} INFO - Sync 1 DAGs
[2026-02-17T23:22:51.798+0000] {logging_mixin.py:188} INFO - [2026-02-17T23:22:51.798+0000] {dag.py:3823} INFO - Setting next_dagrun for ecommerce_etl_v2 to 2026-02-17 13:00:00+00:00, run_after=2026-02-18 13:00:00+00:00
[2026-02-17T23:22:51.806+0000] {processor.py:183} INFO - Processing /opt/airflow/dags/etl_dag.py took 0.148 seconds
