[2026-02-13T00:02:30.432+0000] {processor.py:161} INFO - Started process (PID=13241) to work on /opt/airflow/dags/etl_dag.py
[2026-02-13T00:02:30.432+0000] {processor.py:830} INFO - Processing file /opt/airflow/dags/etl_dag.py for tasks to queue
[2026-02-13T00:02:30.433+0000] {logging_mixin.py:188} INFO - [2026-02-13T00:02:30.433+0000] {dagbag.py:538} INFO - Filling up the DagBag from /opt/airflow/dags/etl_dag.py
[2026-02-13T00:02:30.470+0000] {logging_mixin.py:188} INFO - Warning: Your Kaggle API key is readable by other users on this system! To fix this, you can run 'chmod 600 /home/airflow/.kaggle/kaggle.json'
[2026-02-13T00:02:30.530+0000] {logging_mixin.py:188} WARNING - /home/airflow/.local/lib/python3.8/site-packages/airflow/models/baseoperator.py:437 AirflowProviderDeprecationWarning: `exists_ok` parameter is deprecated, please use `if_exists`
[2026-02-13T00:02:30.539+0000] {processor.py:840} INFO - DAG(s) 'ecommerce_etl_v2' retrieved from /opt/airflow/dags/etl_dag.py
[2026-02-13T00:02:30.557+0000] {logging_mixin.py:188} INFO - [2026-02-13T00:02:30.557+0000] {dag.py:3036} INFO - Sync 1 DAGs
[2026-02-13T00:02:30.568+0000] {logging_mixin.py:188} INFO - [2026-02-13T00:02:30.568+0000] {dag.py:3823} INFO - Setting next_dagrun for ecommerce_etl_v2 to 2026-02-12 13:00:00+00:00, run_after=2026-02-13 13:00:00+00:00
[2026-02-13T00:02:30.577+0000] {processor.py:183} INFO - Processing /opt/airflow/dags/etl_dag.py took 0.147 seconds
[2026-02-13T01:14:40.512+0000] {processor.py:161} INFO - Started process (PID=13272) to work on /opt/airflow/dags/etl_dag.py
[2026-02-13T01:14:40.513+0000] {processor.py:830} INFO - Processing file /opt/airflow/dags/etl_dag.py for tasks to queue
[2026-02-13T01:14:40.514+0000] {logging_mixin.py:188} INFO - [2026-02-13T01:14:40.513+0000] {dagbag.py:538} INFO - Filling up the DagBag from /opt/airflow/dags/etl_dag.py
[2026-02-13T01:14:40.553+0000] {logging_mixin.py:188} INFO - Warning: Your Kaggle API key is readable by other users on this system! To fix this, you can run 'chmod 600 /home/airflow/.kaggle/kaggle.json'
[2026-02-13T01:14:40.618+0000] {logging_mixin.py:188} WARNING - /home/airflow/.local/lib/python3.8/site-packages/airflow/models/baseoperator.py:437 AirflowProviderDeprecationWarning: `exists_ok` parameter is deprecated, please use `if_exists`
[2026-02-13T01:14:40.638+0000] {processor.py:840} INFO - DAG(s) 'ecommerce_etl_v2' retrieved from /opt/airflow/dags/etl_dag.py
[2026-02-13T01:14:40.663+0000] {logging_mixin.py:188} INFO - [2026-02-13T01:14:40.663+0000] {dag.py:3036} INFO - Sync 1 DAGs
[2026-02-13T01:14:40.677+0000] {logging_mixin.py:188} INFO - [2026-02-13T01:14:40.677+0000] {dag.py:3823} INFO - Setting next_dagrun for ecommerce_etl_v2 to 2026-02-12 13:00:00+00:00, run_after=2026-02-13 13:00:00+00:00
[2026-02-13T01:14:40.689+0000] {processor.py:183} INFO - Processing /opt/airflow/dags/etl_dag.py took 0.178 seconds
[2026-02-13T02:35:00.788+0000] {processor.py:161} INFO - Started process (PID=13305) to work on /opt/airflow/dags/etl_dag.py
[2026-02-13T02:35:00.789+0000] {processor.py:830} INFO - Processing file /opt/airflow/dags/etl_dag.py for tasks to queue
[2026-02-13T02:35:00.790+0000] {logging_mixin.py:188} INFO - [2026-02-13T02:35:00.790+0000] {dagbag.py:538} INFO - Filling up the DagBag from /opt/airflow/dags/etl_dag.py
[2026-02-13T02:35:00.840+0000] {logging_mixin.py:188} INFO - Warning: Your Kaggle API key is readable by other users on this system! To fix this, you can run 'chmod 600 /home/airflow/.kaggle/kaggle.json'
[2026-02-13T02:35:00.909+0000] {logging_mixin.py:188} WARNING - /home/airflow/.local/lib/python3.8/site-packages/airflow/models/baseoperator.py:437 AirflowProviderDeprecationWarning: `exists_ok` parameter is deprecated, please use `if_exists`
[2026-02-13T02:35:00.920+0000] {processor.py:840} INFO - DAG(s) 'ecommerce_etl_v2' retrieved from /opt/airflow/dags/etl_dag.py
[2026-02-13T02:35:00.944+0000] {logging_mixin.py:188} INFO - [2026-02-13T02:35:00.944+0000] {dag.py:3036} INFO - Sync 1 DAGs
[2026-02-13T02:35:00.958+0000] {logging_mixin.py:188} INFO - [2026-02-13T02:35:00.958+0000] {dag.py:3823} INFO - Setting next_dagrun for ecommerce_etl_v2 to 2026-02-12 13:00:00+00:00, run_after=2026-02-13 13:00:00+00:00
[2026-02-13T02:35:00.972+0000] {processor.py:183} INFO - Processing /opt/airflow/dags/etl_dag.py took 0.187 seconds
[2026-02-13T03:58:52.394+0000] {processor.py:161} INFO - Started process (PID=13336) to work on /opt/airflow/dags/etl_dag.py
[2026-02-13T03:58:52.395+0000] {processor.py:830} INFO - Processing file /opt/airflow/dags/etl_dag.py for tasks to queue
[2026-02-13T03:58:52.395+0000] {logging_mixin.py:188} INFO - [2026-02-13T03:58:52.395+0000] {dagbag.py:538} INFO - Filling up the DagBag from /opt/airflow/dags/etl_dag.py
[2026-02-13T03:58:52.440+0000] {logging_mixin.py:188} INFO - Warning: Your Kaggle API key is readable by other users on this system! To fix this, you can run 'chmod 600 /home/airflow/.kaggle/kaggle.json'
[2026-02-13T03:58:52.506+0000] {logging_mixin.py:188} WARNING - /home/airflow/.local/lib/python3.8/site-packages/airflow/models/baseoperator.py:437 AirflowProviderDeprecationWarning: `exists_ok` parameter is deprecated, please use `if_exists`
[2026-02-13T03:58:52.518+0000] {processor.py:840} INFO - DAG(s) 'ecommerce_etl_v2' retrieved from /opt/airflow/dags/etl_dag.py
[2026-02-13T03:58:52.543+0000] {logging_mixin.py:188} INFO - [2026-02-13T03:58:52.543+0000] {dag.py:3036} INFO - Sync 1 DAGs
[2026-02-13T03:58:52.559+0000] {logging_mixin.py:188} INFO - [2026-02-13T03:58:52.559+0000] {dag.py:3823} INFO - Setting next_dagrun for ecommerce_etl_v2 to 2026-02-12 13:00:00+00:00, run_after=2026-02-13 13:00:00+00:00
[2026-02-13T03:58:52.573+0000] {processor.py:183} INFO - Processing /opt/airflow/dags/etl_dag.py took 0.182 seconds
[2026-02-13T05:06:23.752+0000] {processor.py:161} INFO - Started process (PID=13367) to work on /opt/airflow/dags/etl_dag.py
[2026-02-13T05:06:23.753+0000] {processor.py:830} INFO - Processing file /opt/airflow/dags/etl_dag.py for tasks to queue
[2026-02-13T05:06:23.754+0000] {logging_mixin.py:188} INFO - [2026-02-13T05:06:23.753+0000] {dagbag.py:538} INFO - Filling up the DagBag from /opt/airflow/dags/etl_dag.py
[2026-02-13T05:06:23.795+0000] {logging_mixin.py:188} INFO - Warning: Your Kaggle API key is readable by other users on this system! To fix this, you can run 'chmod 600 /home/airflow/.kaggle/kaggle.json'
[2026-02-13T05:06:23.854+0000] {logging_mixin.py:188} WARNING - /home/airflow/.local/lib/python3.8/site-packages/airflow/models/baseoperator.py:437 AirflowProviderDeprecationWarning: `exists_ok` parameter is deprecated, please use `if_exists`
[2026-02-13T05:06:23.863+0000] {processor.py:840} INFO - DAG(s) 'ecommerce_etl_v2' retrieved from /opt/airflow/dags/etl_dag.py
[2026-02-13T05:06:23.883+0000] {logging_mixin.py:188} INFO - [2026-02-13T05:06:23.883+0000] {dag.py:3036} INFO - Sync 1 DAGs
[2026-02-13T05:06:23.893+0000] {logging_mixin.py:188} INFO - [2026-02-13T05:06:23.893+0000] {dag.py:3823} INFO - Setting next_dagrun for ecommerce_etl_v2 to 2026-02-12 13:00:00+00:00, run_after=2026-02-13 13:00:00+00:00
[2026-02-13T05:06:23.902+0000] {processor.py:183} INFO - Processing /opt/airflow/dags/etl_dag.py took 0.154 seconds
[2026-02-13T06:11:04.995+0000] {processor.py:161} INFO - Started process (PID=13398) to work on /opt/airflow/dags/etl_dag.py
[2026-02-13T06:11:04.996+0000] {processor.py:830} INFO - Processing file /opt/airflow/dags/etl_dag.py for tasks to queue
[2026-02-13T06:11:04.996+0000] {logging_mixin.py:188} INFO - [2026-02-13T06:11:04.996+0000] {dagbag.py:538} INFO - Filling up the DagBag from /opt/airflow/dags/etl_dag.py
[2026-02-13T06:11:05.038+0000] {logging_mixin.py:188} INFO - Warning: Your Kaggle API key is readable by other users on this system! To fix this, you can run 'chmod 600 /home/airflow/.kaggle/kaggle.json'
[2026-02-13T06:11:05.099+0000] {logging_mixin.py:188} WARNING - /home/airflow/.local/lib/python3.8/site-packages/airflow/models/baseoperator.py:437 AirflowProviderDeprecationWarning: `exists_ok` parameter is deprecated, please use `if_exists`
[2026-02-13T06:11:05.109+0000] {processor.py:840} INFO - DAG(s) 'ecommerce_etl_v2' retrieved from /opt/airflow/dags/etl_dag.py
[2026-02-13T06:11:05.128+0000] {logging_mixin.py:188} INFO - [2026-02-13T06:11:05.128+0000] {dag.py:3036} INFO - Sync 1 DAGs
[2026-02-13T06:11:05.139+0000] {logging_mixin.py:188} INFO - [2026-02-13T06:11:05.138+0000] {dag.py:3823} INFO - Setting next_dagrun for ecommerce_etl_v2 to 2026-02-12 13:00:00+00:00, run_after=2026-02-13 13:00:00+00:00
[2026-02-13T06:11:05.147+0000] {processor.py:183} INFO - Processing /opt/airflow/dags/etl_dag.py took 0.155 seconds
[2026-02-13T07:05:21.051+0000] {processor.py:161} INFO - Started process (PID=13429) to work on /opt/airflow/dags/etl_dag.py
[2026-02-13T07:05:21.052+0000] {processor.py:830} INFO - Processing file /opt/airflow/dags/etl_dag.py for tasks to queue
[2026-02-13T07:05:21.053+0000] {logging_mixin.py:188} INFO - [2026-02-13T07:05:21.053+0000] {dagbag.py:538} INFO - Filling up the DagBag from /opt/airflow/dags/etl_dag.py
[2026-02-13T07:05:21.091+0000] {logging_mixin.py:188} INFO - Warning: Your Kaggle API key is readable by other users on this system! To fix this, you can run 'chmod 600 /home/airflow/.kaggle/kaggle.json'
[2026-02-13T07:05:21.160+0000] {logging_mixin.py:188} WARNING - /home/airflow/.local/lib/python3.8/site-packages/airflow/models/baseoperator.py:437 AirflowProviderDeprecationWarning: `exists_ok` parameter is deprecated, please use `if_exists`
[2026-02-13T07:05:21.172+0000] {processor.py:840} INFO - DAG(s) 'ecommerce_etl_v2' retrieved from /opt/airflow/dags/etl_dag.py
[2026-02-13T07:05:21.197+0000] {logging_mixin.py:188} INFO - [2026-02-13T07:05:21.197+0000] {dag.py:3036} INFO - Sync 1 DAGs
[2026-02-13T07:05:21.211+0000] {logging_mixin.py:188} INFO - [2026-02-13T07:05:21.211+0000] {dag.py:3823} INFO - Setting next_dagrun for ecommerce_etl_v2 to 2026-02-12 13:00:00+00:00, run_after=2026-02-13 13:00:00+00:00
[2026-02-13T07:05:21.223+0000] {processor.py:183} INFO - Processing /opt/airflow/dags/etl_dag.py took 0.174 seconds
[2026-02-13T07:23:48.467+0000] {processor.py:161} INFO - Started process (PID=13460) to work on /opt/airflow/dags/etl_dag.py
[2026-02-13T07:23:48.468+0000] {processor.py:830} INFO - Processing file /opt/airflow/dags/etl_dag.py for tasks to queue
[2026-02-13T07:23:48.469+0000] {logging_mixin.py:188} INFO - [2026-02-13T07:23:48.468+0000] {dagbag.py:538} INFO - Filling up the DagBag from /opt/airflow/dags/etl_dag.py
[2026-02-13T07:23:48.511+0000] {logging_mixin.py:188} INFO - Warning: Your Kaggle API key is readable by other users on this system! To fix this, you can run 'chmod 600 /home/airflow/.kaggle/kaggle.json'
[2026-02-13T07:23:48.570+0000] {logging_mixin.py:188} WARNING - /home/airflow/.local/lib/python3.8/site-packages/airflow/models/baseoperator.py:437 AirflowProviderDeprecationWarning: `exists_ok` parameter is deprecated, please use `if_exists`
[2026-02-13T07:23:48.581+0000] {processor.py:840} INFO - DAG(s) 'ecommerce_etl_v2' retrieved from /opt/airflow/dags/etl_dag.py
[2026-02-13T07:23:48.601+0000] {logging_mixin.py:188} INFO - [2026-02-13T07:23:48.600+0000] {dag.py:3036} INFO - Sync 1 DAGs
[2026-02-13T07:23:48.611+0000] {logging_mixin.py:188} INFO - [2026-02-13T07:23:48.611+0000] {dag.py:3823} INFO - Setting next_dagrun for ecommerce_etl_v2 to 2026-02-12 13:00:00+00:00, run_after=2026-02-13 13:00:00+00:00
[2026-02-13T07:23:48.619+0000] {processor.py:183} INFO - Processing /opt/airflow/dags/etl_dag.py took 0.156 seconds
[2026-02-13T07:46:40.753+0000] {processor.py:161} INFO - Started process (PID=13492) to work on /opt/airflow/dags/etl_dag.py
[2026-02-13T07:46:40.754+0000] {processor.py:830} INFO - Processing file /opt/airflow/dags/etl_dag.py for tasks to queue
[2026-02-13T07:46:40.754+0000] {logging_mixin.py:188} INFO - [2026-02-13T07:46:40.754+0000] {dagbag.py:538} INFO - Filling up the DagBag from /opt/airflow/dags/etl_dag.py
[2026-02-13T07:46:40.794+0000] {logging_mixin.py:188} INFO - Warning: Your Kaggle API key is readable by other users on this system! To fix this, you can run 'chmod 600 /home/airflow/.kaggle/kaggle.json'
[2026-02-13T07:46:40.857+0000] {logging_mixin.py:188} WARNING - /home/airflow/.local/lib/python3.8/site-packages/airflow/models/baseoperator.py:437 AirflowProviderDeprecationWarning: `exists_ok` parameter is deprecated, please use `if_exists`
[2026-02-13T07:46:40.868+0000] {processor.py:840} INFO - DAG(s) 'ecommerce_etl_v2' retrieved from /opt/airflow/dags/etl_dag.py
[2026-02-13T07:46:40.888+0000] {logging_mixin.py:188} INFO - [2026-02-13T07:46:40.888+0000] {dag.py:3036} INFO - Sync 1 DAGs
[2026-02-13T07:46:40.901+0000] {logging_mixin.py:188} INFO - [2026-02-13T07:46:40.901+0000] {dag.py:3823} INFO - Setting next_dagrun for ecommerce_etl_v2 to 2026-02-12 13:00:00+00:00, run_after=2026-02-13 13:00:00+00:00
[2026-02-13T07:46:40.912+0000] {processor.py:183} INFO - Processing /opt/airflow/dags/etl_dag.py took 0.161 seconds
[2026-02-13T07:47:11.063+0000] {processor.py:161} INFO - Started process (PID=13524) to work on /opt/airflow/dags/etl_dag.py
[2026-02-13T07:47:11.064+0000] {processor.py:830} INFO - Processing file /opt/airflow/dags/etl_dag.py for tasks to queue
[2026-02-13T07:47:11.065+0000] {logging_mixin.py:188} INFO - [2026-02-13T07:47:11.065+0000] {dagbag.py:538} INFO - Filling up the DagBag from /opt/airflow/dags/etl_dag.py
[2026-02-13T07:47:11.114+0000] {logging_mixin.py:188} INFO - Warning: Your Kaggle API key is readable by other users on this system! To fix this, you can run 'chmod 600 /home/airflow/.kaggle/kaggle.json'
[2026-02-13T07:47:11.179+0000] {logging_mixin.py:188} WARNING - /home/airflow/.local/lib/python3.8/site-packages/airflow/models/baseoperator.py:437 AirflowProviderDeprecationWarning: `exists_ok` parameter is deprecated, please use `if_exists`
[2026-02-13T07:47:11.189+0000] {processor.py:840} INFO - DAG(s) 'ecommerce_etl_v2' retrieved from /opt/airflow/dags/etl_dag.py
[2026-02-13T07:47:11.210+0000] {logging_mixin.py:188} INFO - [2026-02-13T07:47:11.210+0000] {dag.py:3036} INFO - Sync 1 DAGs
[2026-02-13T07:47:11.221+0000] {logging_mixin.py:188} INFO - [2026-02-13T07:47:11.221+0000] {dag.py:3823} INFO - Setting next_dagrun for ecommerce_etl_v2 to 2026-02-12 13:00:00+00:00, run_after=2026-02-13 13:00:00+00:00
[2026-02-13T07:47:11.232+0000] {processor.py:183} INFO - Processing /opt/airflow/dags/etl_dag.py took 0.173 seconds
[2026-02-13T07:47:41.487+0000] {processor.py:161} INFO - Started process (PID=13555) to work on /opt/airflow/dags/etl_dag.py
[2026-02-13T07:47:41.487+0000] {processor.py:830} INFO - Processing file /opt/airflow/dags/etl_dag.py for tasks to queue
[2026-02-13T07:47:41.488+0000] {logging_mixin.py:188} INFO - [2026-02-13T07:47:41.488+0000] {dagbag.py:538} INFO - Filling up the DagBag from /opt/airflow/dags/etl_dag.py
[2026-02-13T07:47:41.530+0000] {logging_mixin.py:188} INFO - Warning: Your Kaggle API key is readable by other users on this system! To fix this, you can run 'chmod 600 /home/airflow/.kaggle/kaggle.json'
[2026-02-13T07:47:41.591+0000] {logging_mixin.py:188} WARNING - /home/airflow/.local/lib/python3.8/site-packages/airflow/models/baseoperator.py:437 AirflowProviderDeprecationWarning: `exists_ok` parameter is deprecated, please use `if_exists`
[2026-02-13T07:47:41.600+0000] {processor.py:840} INFO - DAG(s) 'ecommerce_etl_v2' retrieved from /opt/airflow/dags/etl_dag.py
[2026-02-13T07:47:41.619+0000] {logging_mixin.py:188} INFO - [2026-02-13T07:47:41.619+0000] {dag.py:3036} INFO - Sync 1 DAGs
[2026-02-13T07:47:41.630+0000] {logging_mixin.py:188} INFO - [2026-02-13T07:47:41.630+0000] {dag.py:3823} INFO - Setting next_dagrun for ecommerce_etl_v2 to 2026-02-12 13:00:00+00:00, run_after=2026-02-13 13:00:00+00:00
[2026-02-13T07:47:41.638+0000] {processor.py:183} INFO - Processing /opt/airflow/dags/etl_dag.py took 0.154 seconds
[2026-02-13T07:48:11.827+0000] {processor.py:161} INFO - Started process (PID=13586) to work on /opt/airflow/dags/etl_dag.py
[2026-02-13T07:48:11.828+0000] {processor.py:830} INFO - Processing file /opt/airflow/dags/etl_dag.py for tasks to queue
[2026-02-13T07:48:11.829+0000] {logging_mixin.py:188} INFO - [2026-02-13T07:48:11.828+0000] {dagbag.py:538} INFO - Filling up the DagBag from /opt/airflow/dags/etl_dag.py
[2026-02-13T07:48:11.874+0000] {logging_mixin.py:188} INFO - Warning: Your Kaggle API key is readable by other users on this system! To fix this, you can run 'chmod 600 /home/airflow/.kaggle/kaggle.json'
[2026-02-13T07:48:11.935+0000] {logging_mixin.py:188} WARNING - /home/airflow/.local/lib/python3.8/site-packages/airflow/models/baseoperator.py:437 AirflowProviderDeprecationWarning: `exists_ok` parameter is deprecated, please use `if_exists`
[2026-02-13T07:48:11.943+0000] {processor.py:840} INFO - DAG(s) 'ecommerce_etl_v2' retrieved from /opt/airflow/dags/etl_dag.py
[2026-02-13T07:48:11.962+0000] {logging_mixin.py:188} INFO - [2026-02-13T07:48:11.962+0000] {dag.py:3036} INFO - Sync 1 DAGs
[2026-02-13T07:48:11.973+0000] {logging_mixin.py:188} INFO - [2026-02-13T07:48:11.973+0000] {dag.py:3823} INFO - Setting next_dagrun for ecommerce_etl_v2 to 2026-02-12 13:00:00+00:00, run_after=2026-02-13 13:00:00+00:00
[2026-02-13T07:48:11.982+0000] {processor.py:183} INFO - Processing /opt/airflow/dags/etl_dag.py took 0.158 seconds
[2026-02-13T07:48:42.105+0000] {processor.py:161} INFO - Started process (PID=13617) to work on /opt/airflow/dags/etl_dag.py
[2026-02-13T07:48:42.106+0000] {processor.py:830} INFO - Processing file /opt/airflow/dags/etl_dag.py for tasks to queue
[2026-02-13T07:48:42.107+0000] {logging_mixin.py:188} INFO - [2026-02-13T07:48:42.106+0000] {dagbag.py:538} INFO - Filling up the DagBag from /opt/airflow/dags/etl_dag.py
[2026-02-13T07:48:42.149+0000] {logging_mixin.py:188} INFO - Warning: Your Kaggle API key is readable by other users on this system! To fix this, you can run 'chmod 600 /home/airflow/.kaggle/kaggle.json'
[2026-02-13T07:48:42.209+0000] {logging_mixin.py:188} WARNING - /home/airflow/.local/lib/python3.8/site-packages/airflow/models/baseoperator.py:437 AirflowProviderDeprecationWarning: `exists_ok` parameter is deprecated, please use `if_exists`
[2026-02-13T07:48:42.218+0000] {processor.py:840} INFO - DAG(s) 'ecommerce_etl_v2' retrieved from /opt/airflow/dags/etl_dag.py
[2026-02-13T07:48:42.236+0000] {logging_mixin.py:188} INFO - [2026-02-13T07:48:42.236+0000] {dag.py:3036} INFO - Sync 1 DAGs
[2026-02-13T07:48:42.246+0000] {logging_mixin.py:188} INFO - [2026-02-13T07:48:42.246+0000] {dag.py:3823} INFO - Setting next_dagrun for ecommerce_etl_v2 to 2026-02-12 13:00:00+00:00, run_after=2026-02-13 13:00:00+00:00
[2026-02-13T07:48:42.255+0000] {processor.py:183} INFO - Processing /opt/airflow/dags/etl_dag.py took 0.154 seconds
[2026-02-13T07:49:12.411+0000] {processor.py:161} INFO - Started process (PID=13648) to work on /opt/airflow/dags/etl_dag.py
[2026-02-13T07:49:12.412+0000] {processor.py:830} INFO - Processing file /opt/airflow/dags/etl_dag.py for tasks to queue
[2026-02-13T07:49:12.413+0000] {logging_mixin.py:188} INFO - [2026-02-13T07:49:12.412+0000] {dagbag.py:538} INFO - Filling up the DagBag from /opt/airflow/dags/etl_dag.py
[2026-02-13T07:49:12.453+0000] {logging_mixin.py:188} INFO - Warning: Your Kaggle API key is readable by other users on this system! To fix this, you can run 'chmod 600 /home/airflow/.kaggle/kaggle.json'
[2026-02-13T07:49:12.513+0000] {logging_mixin.py:188} WARNING - /home/airflow/.local/lib/python3.8/site-packages/airflow/models/baseoperator.py:437 AirflowProviderDeprecationWarning: `exists_ok` parameter is deprecated, please use `if_exists`
[2026-02-13T07:49:12.521+0000] {processor.py:840} INFO - DAG(s) 'ecommerce_etl_v2' retrieved from /opt/airflow/dags/etl_dag.py
[2026-02-13T07:49:12.539+0000] {logging_mixin.py:188} INFO - [2026-02-13T07:49:12.539+0000] {dag.py:3036} INFO - Sync 1 DAGs
[2026-02-13T07:49:12.550+0000] {logging_mixin.py:188} INFO - [2026-02-13T07:49:12.550+0000] {dag.py:3823} INFO - Setting next_dagrun for ecommerce_etl_v2 to 2026-02-12 13:00:00+00:00, run_after=2026-02-13 13:00:00+00:00
[2026-02-13T07:49:12.558+0000] {processor.py:183} INFO - Processing /opt/airflow/dags/etl_dag.py took 0.151 seconds
[2026-02-13T07:49:42.764+0000] {processor.py:161} INFO - Started process (PID=13679) to work on /opt/airflow/dags/etl_dag.py
[2026-02-13T07:49:42.765+0000] {processor.py:830} INFO - Processing file /opt/airflow/dags/etl_dag.py for tasks to queue
[2026-02-13T07:49:42.766+0000] {logging_mixin.py:188} INFO - [2026-02-13T07:49:42.766+0000] {dagbag.py:538} INFO - Filling up the DagBag from /opt/airflow/dags/etl_dag.py
[2026-02-13T07:49:42.825+0000] {logging_mixin.py:188} INFO - Warning: Your Kaggle API key is readable by other users on this system! To fix this, you can run 'chmod 600 /home/airflow/.kaggle/kaggle.json'
[2026-02-13T07:49:42.891+0000] {logging_mixin.py:188} WARNING - /home/airflow/.local/lib/python3.8/site-packages/airflow/models/baseoperator.py:437 AirflowProviderDeprecationWarning: `exists_ok` parameter is deprecated, please use `if_exists`
[2026-02-13T07:49:42.903+0000] {processor.py:840} INFO - DAG(s) 'ecommerce_etl_v2' retrieved from /opt/airflow/dags/etl_dag.py
[2026-02-13T07:49:42.924+0000] {logging_mixin.py:188} INFO - [2026-02-13T07:49:42.924+0000] {dag.py:3036} INFO - Sync 1 DAGs
[2026-02-13T07:49:42.937+0000] {logging_mixin.py:188} INFO - [2026-02-13T07:49:42.936+0000] {dag.py:3823} INFO - Setting next_dagrun for ecommerce_etl_v2 to 2026-02-12 13:00:00+00:00, run_after=2026-02-13 13:00:00+00:00
[2026-02-13T07:49:42.948+0000] {processor.py:183} INFO - Processing /opt/airflow/dags/etl_dag.py took 0.189 seconds
[2026-02-13T07:50:13.163+0000] {processor.py:161} INFO - Started process (PID=13710) to work on /opt/airflow/dags/etl_dag.py
[2026-02-13T07:50:13.164+0000] {processor.py:830} INFO - Processing file /opt/airflow/dags/etl_dag.py for tasks to queue
[2026-02-13T07:50:13.166+0000] {logging_mixin.py:188} INFO - [2026-02-13T07:50:13.166+0000] {dagbag.py:538} INFO - Filling up the DagBag from /opt/airflow/dags/etl_dag.py
[2026-02-13T07:50:13.214+0000] {logging_mixin.py:188} INFO - Warning: Your Kaggle API key is readable by other users on this system! To fix this, you can run 'chmod 600 /home/airflow/.kaggle/kaggle.json'
[2026-02-13T07:50:13.275+0000] {logging_mixin.py:188} WARNING - /home/airflow/.local/lib/python3.8/site-packages/airflow/models/baseoperator.py:437 AirflowProviderDeprecationWarning: `exists_ok` parameter is deprecated, please use `if_exists`
[2026-02-13T07:50:13.284+0000] {processor.py:840} INFO - DAG(s) 'ecommerce_etl_v2' retrieved from /opt/airflow/dags/etl_dag.py
[2026-02-13T07:50:13.303+0000] {logging_mixin.py:188} INFO - [2026-02-13T07:50:13.302+0000] {dag.py:3036} INFO - Sync 1 DAGs
[2026-02-13T07:50:13.313+0000] {logging_mixin.py:188} INFO - [2026-02-13T07:50:13.313+0000] {dag.py:3823} INFO - Setting next_dagrun for ecommerce_etl_v2 to 2026-02-12 13:00:00+00:00, run_after=2026-02-13 13:00:00+00:00
[2026-02-13T07:50:13.322+0000] {processor.py:183} INFO - Processing /opt/airflow/dags/etl_dag.py took 0.164 seconds
[2026-02-13T07:50:43.505+0000] {processor.py:161} INFO - Started process (PID=13741) to work on /opt/airflow/dags/etl_dag.py
[2026-02-13T07:50:43.505+0000] {processor.py:830} INFO - Processing file /opt/airflow/dags/etl_dag.py for tasks to queue
[2026-02-13T07:50:43.506+0000] {logging_mixin.py:188} INFO - [2026-02-13T07:50:43.505+0000] {dagbag.py:538} INFO - Filling up the DagBag from /opt/airflow/dags/etl_dag.py
[2026-02-13T07:50:43.546+0000] {logging_mixin.py:188} INFO - Warning: Your Kaggle API key is readable by other users on this system! To fix this, you can run 'chmod 600 /home/airflow/.kaggle/kaggle.json'
[2026-02-13T07:50:43.611+0000] {logging_mixin.py:188} WARNING - /home/airflow/.local/lib/python3.8/site-packages/airflow/models/baseoperator.py:437 AirflowProviderDeprecationWarning: `exists_ok` parameter is deprecated, please use `if_exists`
[2026-02-13T07:50:43.620+0000] {processor.py:840} INFO - DAG(s) 'ecommerce_etl_v2' retrieved from /opt/airflow/dags/etl_dag.py
[2026-02-13T07:50:43.639+0000] {logging_mixin.py:188} INFO - [2026-02-13T07:50:43.639+0000] {dag.py:3036} INFO - Sync 1 DAGs
[2026-02-13T07:50:43.650+0000] {logging_mixin.py:188} INFO - [2026-02-13T07:50:43.650+0000] {dag.py:3823} INFO - Setting next_dagrun for ecommerce_etl_v2 to 2026-02-12 13:00:00+00:00, run_after=2026-02-13 13:00:00+00:00
[2026-02-13T07:50:43.660+0000] {processor.py:183} INFO - Processing /opt/airflow/dags/etl_dag.py took 0.158 seconds
[2026-02-13T07:51:13.946+0000] {processor.py:161} INFO - Started process (PID=13772) to work on /opt/airflow/dags/etl_dag.py
[2026-02-13T07:51:13.947+0000] {processor.py:830} INFO - Processing file /opt/airflow/dags/etl_dag.py for tasks to queue
[2026-02-13T07:51:13.948+0000] {logging_mixin.py:188} INFO - [2026-02-13T07:51:13.948+0000] {dagbag.py:538} INFO - Filling up the DagBag from /opt/airflow/dags/etl_dag.py
[2026-02-13T07:51:13.994+0000] {logging_mixin.py:188} INFO - Warning: Your Kaggle API key is readable by other users on this system! To fix this, you can run 'chmod 600 /home/airflow/.kaggle/kaggle.json'
[2026-02-13T07:51:14.054+0000] {logging_mixin.py:188} WARNING - /home/airflow/.local/lib/python3.8/site-packages/airflow/models/baseoperator.py:437 AirflowProviderDeprecationWarning: `exists_ok` parameter is deprecated, please use `if_exists`
[2026-02-13T07:51:14.063+0000] {processor.py:840} INFO - DAG(s) 'ecommerce_etl_v2' retrieved from /opt/airflow/dags/etl_dag.py
[2026-02-13T07:51:14.082+0000] {logging_mixin.py:188} INFO - [2026-02-13T07:51:14.082+0000] {dag.py:3036} INFO - Sync 1 DAGs
[2026-02-13T07:51:14.092+0000] {logging_mixin.py:188} INFO - [2026-02-13T07:51:14.092+0000] {dag.py:3823} INFO - Setting next_dagrun for ecommerce_etl_v2 to 2026-02-12 13:00:00+00:00, run_after=2026-02-13 13:00:00+00:00
[2026-02-13T07:51:14.101+0000] {processor.py:183} INFO - Processing /opt/airflow/dags/etl_dag.py took 0.159 seconds
[2026-02-13T07:51:44.288+0000] {processor.py:161} INFO - Started process (PID=13803) to work on /opt/airflow/dags/etl_dag.py
[2026-02-13T07:51:44.290+0000] {processor.py:830} INFO - Processing file /opt/airflow/dags/etl_dag.py for tasks to queue
[2026-02-13T07:51:44.291+0000] {logging_mixin.py:188} INFO - [2026-02-13T07:51:44.290+0000] {dagbag.py:538} INFO - Filling up the DagBag from /opt/airflow/dags/etl_dag.py
[2026-02-13T07:51:44.343+0000] {logging_mixin.py:188} INFO - Warning: Your Kaggle API key is readable by other users on this system! To fix this, you can run 'chmod 600 /home/airflow/.kaggle/kaggle.json'
[2026-02-13T07:51:44.407+0000] {logging_mixin.py:188} WARNING - /home/airflow/.local/lib/python3.8/site-packages/airflow/models/baseoperator.py:437 AirflowProviderDeprecationWarning: `exists_ok` parameter is deprecated, please use `if_exists`
[2026-02-13T07:51:44.417+0000] {processor.py:840} INFO - DAG(s) 'ecommerce_etl_v2' retrieved from /opt/airflow/dags/etl_dag.py
[2026-02-13T07:51:44.438+0000] {logging_mixin.py:188} INFO - [2026-02-13T07:51:44.438+0000] {dag.py:3036} INFO - Sync 1 DAGs
[2026-02-13T07:51:44.449+0000] {logging_mixin.py:188} INFO - [2026-02-13T07:51:44.449+0000] {dag.py:3823} INFO - Setting next_dagrun for ecommerce_etl_v2 to 2026-02-12 13:00:00+00:00, run_after=2026-02-13 13:00:00+00:00
[2026-02-13T07:51:44.458+0000] {processor.py:183} INFO - Processing /opt/airflow/dags/etl_dag.py took 0.174 seconds
[2026-02-13T07:52:14.653+0000] {processor.py:161} INFO - Started process (PID=13834) to work on /opt/airflow/dags/etl_dag.py
[2026-02-13T07:52:14.655+0000] {processor.py:830} INFO - Processing file /opt/airflow/dags/etl_dag.py for tasks to queue
[2026-02-13T07:52:14.656+0000] {logging_mixin.py:188} INFO - [2026-02-13T07:52:14.655+0000] {dagbag.py:538} INFO - Filling up the DagBag from /opt/airflow/dags/etl_dag.py
[2026-02-13T07:52:14.702+0000] {logging_mixin.py:188} INFO - Warning: Your Kaggle API key is readable by other users on this system! To fix this, you can run 'chmod 600 /home/airflow/.kaggle/kaggle.json'
[2026-02-13T07:52:14.763+0000] {logging_mixin.py:188} WARNING - /home/airflow/.local/lib/python3.8/site-packages/airflow/models/baseoperator.py:437 AirflowProviderDeprecationWarning: `exists_ok` parameter is deprecated, please use `if_exists`
[2026-02-13T07:52:14.773+0000] {processor.py:840} INFO - DAG(s) 'ecommerce_etl_v2' retrieved from /opt/airflow/dags/etl_dag.py
[2026-02-13T07:52:14.792+0000] {logging_mixin.py:188} INFO - [2026-02-13T07:52:14.791+0000] {dag.py:3036} INFO - Sync 1 DAGs
[2026-02-13T07:52:14.802+0000] {logging_mixin.py:188} INFO - [2026-02-13T07:52:14.802+0000] {dag.py:3823} INFO - Setting next_dagrun for ecommerce_etl_v2 to 2026-02-12 13:00:00+00:00, run_after=2026-02-13 13:00:00+00:00
[2026-02-13T07:52:14.812+0000] {processor.py:183} INFO - Processing /opt/airflow/dags/etl_dag.py took 0.163 seconds
[2026-02-13T07:52:45.032+0000] {processor.py:161} INFO - Started process (PID=13865) to work on /opt/airflow/dags/etl_dag.py
[2026-02-13T07:52:45.035+0000] {processor.py:830} INFO - Processing file /opt/airflow/dags/etl_dag.py for tasks to queue
[2026-02-13T07:52:45.035+0000] {logging_mixin.py:188} INFO - [2026-02-13T07:52:45.035+0000] {dagbag.py:538} INFO - Filling up the DagBag from /opt/airflow/dags/etl_dag.py
[2026-02-13T07:52:45.082+0000] {logging_mixin.py:188} INFO - Warning: Your Kaggle API key is readable by other users on this system! To fix this, you can run 'chmod 600 /home/airflow/.kaggle/kaggle.json'
[2026-02-13T07:52:45.142+0000] {logging_mixin.py:188} WARNING - /home/airflow/.local/lib/python3.8/site-packages/airflow/models/baseoperator.py:437 AirflowProviderDeprecationWarning: `exists_ok` parameter is deprecated, please use `if_exists`
[2026-02-13T07:52:45.151+0000] {processor.py:840} INFO - DAG(s) 'ecommerce_etl_v2' retrieved from /opt/airflow/dags/etl_dag.py
[2026-02-13T07:52:45.171+0000] {logging_mixin.py:188} INFO - [2026-02-13T07:52:45.170+0000] {dag.py:3036} INFO - Sync 1 DAGs
[2026-02-13T07:52:45.182+0000] {logging_mixin.py:188} INFO - [2026-02-13T07:52:45.182+0000] {dag.py:3823} INFO - Setting next_dagrun for ecommerce_etl_v2 to 2026-02-12 13:00:00+00:00, run_after=2026-02-13 13:00:00+00:00
[2026-02-13T07:52:45.191+0000] {processor.py:183} INFO - Processing /opt/airflow/dags/etl_dag.py took 0.164 seconds
[2026-02-13T07:53:15.305+0000] {processor.py:161} INFO - Started process (PID=13896) to work on /opt/airflow/dags/etl_dag.py
[2026-02-13T07:53:15.306+0000] {processor.py:830} INFO - Processing file /opt/airflow/dags/etl_dag.py for tasks to queue
[2026-02-13T07:53:15.307+0000] {logging_mixin.py:188} INFO - [2026-02-13T07:53:15.307+0000] {dagbag.py:538} INFO - Filling up the DagBag from /opt/airflow/dags/etl_dag.py
[2026-02-13T07:53:15.352+0000] {logging_mixin.py:188} INFO - Warning: Your Kaggle API key is readable by other users on this system! To fix this, you can run 'chmod 600 /home/airflow/.kaggle/kaggle.json'
[2026-02-13T07:53:15.412+0000] {logging_mixin.py:188} WARNING - /home/airflow/.local/lib/python3.8/site-packages/airflow/models/baseoperator.py:437 AirflowProviderDeprecationWarning: `exists_ok` parameter is deprecated, please use `if_exists`
[2026-02-13T07:53:15.422+0000] {processor.py:840} INFO - DAG(s) 'ecommerce_etl_v2' retrieved from /opt/airflow/dags/etl_dag.py
[2026-02-13T07:53:15.441+0000] {logging_mixin.py:188} INFO - [2026-02-13T07:53:15.441+0000] {dag.py:3036} INFO - Sync 1 DAGs
[2026-02-13T07:53:15.453+0000] {logging_mixin.py:188} INFO - [2026-02-13T07:53:15.453+0000] {dag.py:3823} INFO - Setting next_dagrun for ecommerce_etl_v2 to 2026-02-12 13:00:00+00:00, run_after=2026-02-13 13:00:00+00:00
[2026-02-13T07:53:15.462+0000] {processor.py:183} INFO - Processing /opt/airflow/dags/etl_dag.py took 0.161 seconds
[2026-02-13T07:53:45.719+0000] {processor.py:161} INFO - Started process (PID=13927) to work on /opt/airflow/dags/etl_dag.py
[2026-02-13T07:53:45.720+0000] {processor.py:830} INFO - Processing file /opt/airflow/dags/etl_dag.py for tasks to queue
[2026-02-13T07:53:45.721+0000] {logging_mixin.py:188} INFO - [2026-02-13T07:53:45.721+0000] {dagbag.py:538} INFO - Filling up the DagBag from /opt/airflow/dags/etl_dag.py
[2026-02-13T07:53:45.760+0000] {logging_mixin.py:188} INFO - Warning: Your Kaggle API key is readable by other users on this system! To fix this, you can run 'chmod 600 /home/airflow/.kaggle/kaggle.json'
[2026-02-13T07:53:45.819+0000] {logging_mixin.py:188} WARNING - /home/airflow/.local/lib/python3.8/site-packages/airflow/models/baseoperator.py:437 AirflowProviderDeprecationWarning: `exists_ok` parameter is deprecated, please use `if_exists`
[2026-02-13T07:53:45.827+0000] {processor.py:840} INFO - DAG(s) 'ecommerce_etl_v2' retrieved from /opt/airflow/dags/etl_dag.py
[2026-02-13T07:53:45.846+0000] {logging_mixin.py:188} INFO - [2026-02-13T07:53:45.845+0000] {dag.py:3036} INFO - Sync 1 DAGs
[2026-02-13T07:53:45.856+0000] {logging_mixin.py:188} INFO - [2026-02-13T07:53:45.855+0000] {dag.py:3823} INFO - Setting next_dagrun for ecommerce_etl_v2 to 2026-02-12 13:00:00+00:00, run_after=2026-02-13 13:00:00+00:00
[2026-02-13T07:53:45.864+0000] {processor.py:183} INFO - Processing /opt/airflow/dags/etl_dag.py took 0.147 seconds
[2026-02-13T07:54:16.043+0000] {processor.py:161} INFO - Started process (PID=13958) to work on /opt/airflow/dags/etl_dag.py
[2026-02-13T07:54:16.044+0000] {processor.py:830} INFO - Processing file /opt/airflow/dags/etl_dag.py for tasks to queue
[2026-02-13T07:54:16.045+0000] {logging_mixin.py:188} INFO - [2026-02-13T07:54:16.045+0000] {dagbag.py:538} INFO - Filling up the DagBag from /opt/airflow/dags/etl_dag.py
[2026-02-13T07:54:16.086+0000] {logging_mixin.py:188} INFO - Warning: Your Kaggle API key is readable by other users on this system! To fix this, you can run 'chmod 600 /home/airflow/.kaggle/kaggle.json'
[2026-02-13T07:54:16.147+0000] {logging_mixin.py:188} WARNING - /home/airflow/.local/lib/python3.8/site-packages/airflow/models/baseoperator.py:437 AirflowProviderDeprecationWarning: `exists_ok` parameter is deprecated, please use `if_exists`
[2026-02-13T07:54:16.156+0000] {processor.py:840} INFO - DAG(s) 'ecommerce_etl_v2' retrieved from /opt/airflow/dags/etl_dag.py
[2026-02-13T07:54:16.175+0000] {logging_mixin.py:188} INFO - [2026-02-13T07:54:16.175+0000] {dag.py:3036} INFO - Sync 1 DAGs
[2026-02-13T07:54:16.186+0000] {logging_mixin.py:188} INFO - [2026-02-13T07:54:16.186+0000] {dag.py:3823} INFO - Setting next_dagrun for ecommerce_etl_v2 to 2026-02-12 13:00:00+00:00, run_after=2026-02-13 13:00:00+00:00
[2026-02-13T07:54:16.195+0000] {processor.py:183} INFO - Processing /opt/airflow/dags/etl_dag.py took 0.155 seconds
[2026-02-13T07:54:46.462+0000] {processor.py:161} INFO - Started process (PID=13989) to work on /opt/airflow/dags/etl_dag.py
[2026-02-13T07:54:46.463+0000] {processor.py:830} INFO - Processing file /opt/airflow/dags/etl_dag.py for tasks to queue
[2026-02-13T07:54:46.464+0000] {logging_mixin.py:188} INFO - [2026-02-13T07:54:46.464+0000] {dagbag.py:538} INFO - Filling up the DagBag from /opt/airflow/dags/etl_dag.py
[2026-02-13T07:54:46.509+0000] {logging_mixin.py:188} INFO - Warning: Your Kaggle API key is readable by other users on this system! To fix this, you can run 'chmod 600 /home/airflow/.kaggle/kaggle.json'
[2026-02-13T07:54:46.568+0000] {logging_mixin.py:188} WARNING - /home/airflow/.local/lib/python3.8/site-packages/airflow/models/baseoperator.py:437 AirflowProviderDeprecationWarning: `exists_ok` parameter is deprecated, please use `if_exists`
[2026-02-13T07:54:46.577+0000] {processor.py:840} INFO - DAG(s) 'ecommerce_etl_v2' retrieved from /opt/airflow/dags/etl_dag.py
[2026-02-13T07:54:46.595+0000] {logging_mixin.py:188} INFO - [2026-02-13T07:54:46.595+0000] {dag.py:3036} INFO - Sync 1 DAGs
[2026-02-13T07:54:46.605+0000] {logging_mixin.py:188} INFO - [2026-02-13T07:54:46.605+0000] {dag.py:3823} INFO - Setting next_dagrun for ecommerce_etl_v2 to 2026-02-12 13:00:00+00:00, run_after=2026-02-13 13:00:00+00:00
[2026-02-13T07:54:46.615+0000] {processor.py:183} INFO - Processing /opt/airflow/dags/etl_dag.py took 0.157 seconds
[2026-02-13T07:55:16.828+0000] {processor.py:161} INFO - Started process (PID=14020) to work on /opt/airflow/dags/etl_dag.py
[2026-02-13T07:55:16.830+0000] {processor.py:830} INFO - Processing file /opt/airflow/dags/etl_dag.py for tasks to queue
[2026-02-13T07:55:16.830+0000] {logging_mixin.py:188} INFO - [2026-02-13T07:55:16.830+0000] {dagbag.py:538} INFO - Filling up the DagBag from /opt/airflow/dags/etl_dag.py
[2026-02-13T07:55:16.876+0000] {logging_mixin.py:188} INFO - Warning: Your Kaggle API key is readable by other users on this system! To fix this, you can run 'chmod 600 /home/airflow/.kaggle/kaggle.json'
[2026-02-13T07:55:16.936+0000] {logging_mixin.py:188} WARNING - /home/airflow/.local/lib/python3.8/site-packages/airflow/models/baseoperator.py:437 AirflowProviderDeprecationWarning: `exists_ok` parameter is deprecated, please use `if_exists`
[2026-02-13T07:55:16.944+0000] {processor.py:840} INFO - DAG(s) 'ecommerce_etl_v2' retrieved from /opt/airflow/dags/etl_dag.py
[2026-02-13T07:55:16.963+0000] {logging_mixin.py:188} INFO - [2026-02-13T07:55:16.962+0000] {dag.py:3036} INFO - Sync 1 DAGs
[2026-02-13T07:55:16.972+0000] {logging_mixin.py:188} INFO - [2026-02-13T07:55:16.972+0000] {dag.py:3823} INFO - Setting next_dagrun for ecommerce_etl_v2 to 2026-02-12 13:00:00+00:00, run_after=2026-02-13 13:00:00+00:00
[2026-02-13T07:55:16.982+0000] {processor.py:183} INFO - Processing /opt/airflow/dags/etl_dag.py took 0.158 seconds
[2026-02-13T07:55:47.210+0000] {processor.py:161} INFO - Started process (PID=14051) to work on /opt/airflow/dags/etl_dag.py
[2026-02-13T07:55:47.211+0000] {processor.py:830} INFO - Processing file /opt/airflow/dags/etl_dag.py for tasks to queue
[2026-02-13T07:55:47.212+0000] {logging_mixin.py:188} INFO - [2026-02-13T07:55:47.212+0000] {dagbag.py:538} INFO - Filling up the DagBag from /opt/airflow/dags/etl_dag.py
[2026-02-13T07:55:47.257+0000] {logging_mixin.py:188} INFO - Warning: Your Kaggle API key is readable by other users on this system! To fix this, you can run 'chmod 600 /home/airflow/.kaggle/kaggle.json'
[2026-02-13T07:55:47.317+0000] {logging_mixin.py:188} WARNING - /home/airflow/.local/lib/python3.8/site-packages/airflow/models/baseoperator.py:437 AirflowProviderDeprecationWarning: `exists_ok` parameter is deprecated, please use `if_exists`
[2026-02-13T07:55:47.326+0000] {processor.py:840} INFO - DAG(s) 'ecommerce_etl_v2' retrieved from /opt/airflow/dags/etl_dag.py
[2026-02-13T07:55:47.344+0000] {logging_mixin.py:188} INFO - [2026-02-13T07:55:47.344+0000] {dag.py:3036} INFO - Sync 1 DAGs
[2026-02-13T07:55:47.355+0000] {logging_mixin.py:188} INFO - [2026-02-13T07:55:47.355+0000] {dag.py:3823} INFO - Setting next_dagrun for ecommerce_etl_v2 to 2026-02-12 13:00:00+00:00, run_after=2026-02-13 13:00:00+00:00
[2026-02-13T07:55:47.364+0000] {processor.py:183} INFO - Processing /opt/airflow/dags/etl_dag.py took 0.157 seconds
[2026-02-13T07:56:17.518+0000] {processor.py:161} INFO - Started process (PID=14082) to work on /opt/airflow/dags/etl_dag.py
[2026-02-13T07:56:17.519+0000] {processor.py:830} INFO - Processing file /opt/airflow/dags/etl_dag.py for tasks to queue
[2026-02-13T07:56:17.520+0000] {logging_mixin.py:188} INFO - [2026-02-13T07:56:17.519+0000] {dagbag.py:538} INFO - Filling up the DagBag from /opt/airflow/dags/etl_dag.py
[2026-02-13T07:56:17.567+0000] {logging_mixin.py:188} INFO - Warning: Your Kaggle API key is readable by other users on this system! To fix this, you can run 'chmod 600 /home/airflow/.kaggle/kaggle.json'
[2026-02-13T07:56:17.628+0000] {logging_mixin.py:188} WARNING - /home/airflow/.local/lib/python3.8/site-packages/airflow/models/baseoperator.py:437 AirflowProviderDeprecationWarning: `exists_ok` parameter is deprecated, please use `if_exists`
[2026-02-13T07:56:17.637+0000] {processor.py:840} INFO - DAG(s) 'ecommerce_etl_v2' retrieved from /opt/airflow/dags/etl_dag.py
[2026-02-13T07:56:17.656+0000] {logging_mixin.py:188} INFO - [2026-02-13T07:56:17.656+0000] {dag.py:3036} INFO - Sync 1 DAGs
[2026-02-13T07:56:17.666+0000] {logging_mixin.py:188} INFO - [2026-02-13T07:56:17.666+0000] {dag.py:3823} INFO - Setting next_dagrun for ecommerce_etl_v2 to 2026-02-12 13:00:00+00:00, run_after=2026-02-13 13:00:00+00:00
[2026-02-13T07:56:17.677+0000] {processor.py:183} INFO - Processing /opt/airflow/dags/etl_dag.py took 0.164 seconds
[2026-02-13T07:56:47.981+0000] {processor.py:161} INFO - Started process (PID=14113) to work on /opt/airflow/dags/etl_dag.py
[2026-02-13T07:56:47.983+0000] {processor.py:830} INFO - Processing file /opt/airflow/dags/etl_dag.py for tasks to queue
[2026-02-13T07:56:47.984+0000] {logging_mixin.py:188} INFO - [2026-02-13T07:56:47.983+0000] {dagbag.py:538} INFO - Filling up the DagBag from /opt/airflow/dags/etl_dag.py
[2026-02-13T07:56:48.031+0000] {logging_mixin.py:188} INFO - Warning: Your Kaggle API key is readable by other users on this system! To fix this, you can run 'chmod 600 /home/airflow/.kaggle/kaggle.json'
[2026-02-13T07:56:48.090+0000] {logging_mixin.py:188} WARNING - /home/airflow/.local/lib/python3.8/site-packages/airflow/models/baseoperator.py:437 AirflowProviderDeprecationWarning: `exists_ok` parameter is deprecated, please use `if_exists`
[2026-02-13T07:56:48.098+0000] {processor.py:840} INFO - DAG(s) 'ecommerce_etl_v2' retrieved from /opt/airflow/dags/etl_dag.py
[2026-02-13T07:56:48.117+0000] {logging_mixin.py:188} INFO - [2026-02-13T07:56:48.117+0000] {dag.py:3036} INFO - Sync 1 DAGs
[2026-02-13T07:56:48.127+0000] {logging_mixin.py:188} INFO - [2026-02-13T07:56:48.127+0000] {dag.py:3823} INFO - Setting next_dagrun for ecommerce_etl_v2 to 2026-02-12 13:00:00+00:00, run_after=2026-02-13 13:00:00+00:00
[2026-02-13T07:56:48.136+0000] {processor.py:183} INFO - Processing /opt/airflow/dags/etl_dag.py took 0.158 seconds
[2026-02-13T07:57:18.307+0000] {processor.py:161} INFO - Started process (PID=14144) to work on /opt/airflow/dags/etl_dag.py
[2026-02-13T07:57:18.308+0000] {processor.py:830} INFO - Processing file /opt/airflow/dags/etl_dag.py for tasks to queue
[2026-02-13T07:57:18.308+0000] {logging_mixin.py:188} INFO - [2026-02-13T07:57:18.308+0000] {dagbag.py:538} INFO - Filling up the DagBag from /opt/airflow/dags/etl_dag.py
[2026-02-13T07:57:18.348+0000] {logging_mixin.py:188} INFO - Warning: Your Kaggle API key is readable by other users on this system! To fix this, you can run 'chmod 600 /home/airflow/.kaggle/kaggle.json'
[2026-02-13T07:57:18.409+0000] {logging_mixin.py:188} WARNING - /home/airflow/.local/lib/python3.8/site-packages/airflow/models/baseoperator.py:437 AirflowProviderDeprecationWarning: `exists_ok` parameter is deprecated, please use `if_exists`
[2026-02-13T07:57:18.418+0000] {processor.py:840} INFO - DAG(s) 'ecommerce_etl_v2' retrieved from /opt/airflow/dags/etl_dag.py
[2026-02-13T07:57:18.437+0000] {logging_mixin.py:188} INFO - [2026-02-13T07:57:18.437+0000] {dag.py:3036} INFO - Sync 1 DAGs
[2026-02-13T07:57:18.447+0000] {logging_mixin.py:188} INFO - [2026-02-13T07:57:18.447+0000] {dag.py:3823} INFO - Setting next_dagrun for ecommerce_etl_v2 to 2026-02-12 13:00:00+00:00, run_after=2026-02-13 13:00:00+00:00
[2026-02-13T07:57:18.456+0000] {processor.py:183} INFO - Processing /opt/airflow/dags/etl_dag.py took 0.152 seconds
[2026-02-13T07:57:48.717+0000] {processor.py:161} INFO - Started process (PID=14175) to work on /opt/airflow/dags/etl_dag.py
[2026-02-13T07:57:48.719+0000] {processor.py:830} INFO - Processing file /opt/airflow/dags/etl_dag.py for tasks to queue
[2026-02-13T07:57:48.720+0000] {logging_mixin.py:188} INFO - [2026-02-13T07:57:48.719+0000] {dagbag.py:538} INFO - Filling up the DagBag from /opt/airflow/dags/etl_dag.py
[2026-02-13T07:57:48.766+0000] {logging_mixin.py:188} INFO - Warning: Your Kaggle API key is readable by other users on this system! To fix this, you can run 'chmod 600 /home/airflow/.kaggle/kaggle.json'
[2026-02-13T07:57:48.826+0000] {logging_mixin.py:188} WARNING - /home/airflow/.local/lib/python3.8/site-packages/airflow/models/baseoperator.py:437 AirflowProviderDeprecationWarning: `exists_ok` parameter is deprecated, please use `if_exists`
[2026-02-13T07:57:48.835+0000] {processor.py:840} INFO - DAG(s) 'ecommerce_etl_v2' retrieved from /opt/airflow/dags/etl_dag.py
[2026-02-13T07:57:48.853+0000] {logging_mixin.py:188} INFO - [2026-02-13T07:57:48.853+0000] {dag.py:3036} INFO - Sync 1 DAGs
[2026-02-13T07:57:48.865+0000] {logging_mixin.py:188} INFO - [2026-02-13T07:57:48.865+0000] {dag.py:3823} INFO - Setting next_dagrun for ecommerce_etl_v2 to 2026-02-12 13:00:00+00:00, run_after=2026-02-13 13:00:00+00:00
[2026-02-13T07:57:48.874+0000] {processor.py:183} INFO - Processing /opt/airflow/dags/etl_dag.py took 0.161 seconds
[2026-02-13T07:58:19.117+0000] {processor.py:161} INFO - Started process (PID=14206) to work on /opt/airflow/dags/etl_dag.py
[2026-02-13T07:58:19.118+0000] {processor.py:830} INFO - Processing file /opt/airflow/dags/etl_dag.py for tasks to queue
[2026-02-13T07:58:19.119+0000] {logging_mixin.py:188} INFO - [2026-02-13T07:58:19.119+0000] {dagbag.py:538} INFO - Filling up the DagBag from /opt/airflow/dags/etl_dag.py
[2026-02-13T07:58:19.163+0000] {logging_mixin.py:188} INFO - Warning: Your Kaggle API key is readable by other users on this system! To fix this, you can run 'chmod 600 /home/airflow/.kaggle/kaggle.json'
[2026-02-13T07:58:19.223+0000] {logging_mixin.py:188} WARNING - /home/airflow/.local/lib/python3.8/site-packages/airflow/models/baseoperator.py:437 AirflowProviderDeprecationWarning: `exists_ok` parameter is deprecated, please use `if_exists`
[2026-02-13T07:58:19.231+0000] {processor.py:840} INFO - DAG(s) 'ecommerce_etl_v2' retrieved from /opt/airflow/dags/etl_dag.py
[2026-02-13T07:58:19.249+0000] {logging_mixin.py:188} INFO - [2026-02-13T07:58:19.249+0000] {dag.py:3036} INFO - Sync 1 DAGs
[2026-02-13T07:58:19.259+0000] {logging_mixin.py:188} INFO - [2026-02-13T07:58:19.259+0000] {dag.py:3823} INFO - Setting next_dagrun for ecommerce_etl_v2 to 2026-02-12 13:00:00+00:00, run_after=2026-02-13 13:00:00+00:00
[2026-02-13T07:58:19.268+0000] {processor.py:183} INFO - Processing /opt/airflow/dags/etl_dag.py took 0.154 seconds
[2026-02-13T07:58:49.507+0000] {processor.py:161} INFO - Started process (PID=14237) to work on /opt/airflow/dags/etl_dag.py
[2026-02-13T07:58:49.508+0000] {processor.py:830} INFO - Processing file /opt/airflow/dags/etl_dag.py for tasks to queue
[2026-02-13T07:58:49.509+0000] {logging_mixin.py:188} INFO - [2026-02-13T07:58:49.508+0000] {dagbag.py:538} INFO - Filling up the DagBag from /opt/airflow/dags/etl_dag.py
[2026-02-13T07:58:49.558+0000] {logging_mixin.py:188} INFO - Warning: Your Kaggle API key is readable by other users on this system! To fix this, you can run 'chmod 600 /home/airflow/.kaggle/kaggle.json'
[2026-02-13T07:58:49.618+0000] {logging_mixin.py:188} WARNING - /home/airflow/.local/lib/python3.8/site-packages/airflow/models/baseoperator.py:437 AirflowProviderDeprecationWarning: `exists_ok` parameter is deprecated, please use `if_exists`
[2026-02-13T07:58:49.627+0000] {processor.py:840} INFO - DAG(s) 'ecommerce_etl_v2' retrieved from /opt/airflow/dags/etl_dag.py
[2026-02-13T07:58:49.645+0000] {logging_mixin.py:188} INFO - [2026-02-13T07:58:49.645+0000] {dag.py:3036} INFO - Sync 1 DAGs
[2026-02-13T07:58:49.656+0000] {logging_mixin.py:188} INFO - [2026-02-13T07:58:49.656+0000] {dag.py:3823} INFO - Setting next_dagrun for ecommerce_etl_v2 to 2026-02-12 13:00:00+00:00, run_after=2026-02-13 13:00:00+00:00
[2026-02-13T07:58:49.667+0000] {processor.py:183} INFO - Processing /opt/airflow/dags/etl_dag.py took 0.165 seconds
[2026-02-13T07:59:19.831+0000] {processor.py:161} INFO - Started process (PID=14268) to work on /opt/airflow/dags/etl_dag.py
[2026-02-13T07:59:19.832+0000] {processor.py:830} INFO - Processing file /opt/airflow/dags/etl_dag.py for tasks to queue
[2026-02-13T07:59:19.833+0000] {logging_mixin.py:188} INFO - [2026-02-13T07:59:19.833+0000] {dagbag.py:538} INFO - Filling up the DagBag from /opt/airflow/dags/etl_dag.py
[2026-02-13T07:59:19.875+0000] {logging_mixin.py:188} INFO - Warning: Your Kaggle API key is readable by other users on this system! To fix this, you can run 'chmod 600 /home/airflow/.kaggle/kaggle.json'
[2026-02-13T07:59:19.934+0000] {logging_mixin.py:188} WARNING - /home/airflow/.local/lib/python3.8/site-packages/airflow/models/baseoperator.py:437 AirflowProviderDeprecationWarning: `exists_ok` parameter is deprecated, please use `if_exists`
[2026-02-13T07:59:19.942+0000] {processor.py:840} INFO - DAG(s) 'ecommerce_etl_v2' retrieved from /opt/airflow/dags/etl_dag.py
[2026-02-13T07:59:19.961+0000] {logging_mixin.py:188} INFO - [2026-02-13T07:59:19.961+0000] {dag.py:3036} INFO - Sync 1 DAGs
[2026-02-13T07:59:19.972+0000] {logging_mixin.py:188} INFO - [2026-02-13T07:59:19.972+0000] {dag.py:3823} INFO - Setting next_dagrun for ecommerce_etl_v2 to 2026-02-12 13:00:00+00:00, run_after=2026-02-13 13:00:00+00:00
[2026-02-13T07:59:19.981+0000] {processor.py:183} INFO - Processing /opt/airflow/dags/etl_dag.py took 0.154 seconds
[2026-02-13T07:59:50.332+0000] {processor.py:161} INFO - Started process (PID=14299) to work on /opt/airflow/dags/etl_dag.py
[2026-02-13T07:59:50.333+0000] {processor.py:830} INFO - Processing file /opt/airflow/dags/etl_dag.py for tasks to queue
[2026-02-13T07:59:50.334+0000] {logging_mixin.py:188} INFO - [2026-02-13T07:59:50.333+0000] {dagbag.py:538} INFO - Filling up the DagBag from /opt/airflow/dags/etl_dag.py
[2026-02-13T07:59:50.382+0000] {logging_mixin.py:188} INFO - Warning: Your Kaggle API key is readable by other users on this system! To fix this, you can run 'chmod 600 /home/airflow/.kaggle/kaggle.json'
[2026-02-13T07:59:50.444+0000] {logging_mixin.py:188} WARNING - /home/airflow/.local/lib/python3.8/site-packages/airflow/models/baseoperator.py:437 AirflowProviderDeprecationWarning: `exists_ok` parameter is deprecated, please use `if_exists`
[2026-02-13T07:59:50.453+0000] {processor.py:840} INFO - DAG(s) 'ecommerce_etl_v2' retrieved from /opt/airflow/dags/etl_dag.py
[2026-02-13T07:59:50.472+0000] {logging_mixin.py:188} INFO - [2026-02-13T07:59:50.472+0000] {dag.py:3036} INFO - Sync 1 DAGs
[2026-02-13T07:59:50.483+0000] {logging_mixin.py:188} INFO - [2026-02-13T07:59:50.482+0000] {dag.py:3823} INFO - Setting next_dagrun for ecommerce_etl_v2 to 2026-02-12 13:00:00+00:00, run_after=2026-02-13 13:00:00+00:00
[2026-02-13T07:59:50.492+0000] {processor.py:183} INFO - Processing /opt/airflow/dags/etl_dag.py took 0.164 seconds
[2026-02-13T08:00:20.616+0000] {processor.py:161} INFO - Started process (PID=14330) to work on /opt/airflow/dags/etl_dag.py
[2026-02-13T08:00:20.617+0000] {processor.py:830} INFO - Processing file /opt/airflow/dags/etl_dag.py for tasks to queue
[2026-02-13T08:00:20.618+0000] {logging_mixin.py:188} INFO - [2026-02-13T08:00:20.617+0000] {dagbag.py:538} INFO - Filling up the DagBag from /opt/airflow/dags/etl_dag.py
[2026-02-13T08:00:20.655+0000] {logging_mixin.py:188} INFO - Warning: Your Kaggle API key is readable by other users on this system! To fix this, you can run 'chmod 600 /home/airflow/.kaggle/kaggle.json'
[2026-02-13T08:00:20.714+0000] {logging_mixin.py:188} WARNING - /home/airflow/.local/lib/python3.8/site-packages/airflow/models/baseoperator.py:437 AirflowProviderDeprecationWarning: `exists_ok` parameter is deprecated, please use `if_exists`
[2026-02-13T08:00:20.723+0000] {processor.py:840} INFO - DAG(s) 'ecommerce_etl_v2' retrieved from /opt/airflow/dags/etl_dag.py
[2026-02-13T08:00:20.741+0000] {logging_mixin.py:188} INFO - [2026-02-13T08:00:20.741+0000] {dag.py:3036} INFO - Sync 1 DAGs
[2026-02-13T08:00:20.752+0000] {logging_mixin.py:188} INFO - [2026-02-13T08:00:20.752+0000] {dag.py:3823} INFO - Setting next_dagrun for ecommerce_etl_v2 to 2026-02-12 13:00:00+00:00, run_after=2026-02-13 13:00:00+00:00
[2026-02-13T08:00:20.762+0000] {processor.py:183} INFO - Processing /opt/airflow/dags/etl_dag.py took 0.147 seconds
[2026-02-13T08:00:50.930+0000] {processor.py:161} INFO - Started process (PID=14361) to work on /opt/airflow/dags/etl_dag.py
[2026-02-13T08:00:50.932+0000] {processor.py:830} INFO - Processing file /opt/airflow/dags/etl_dag.py for tasks to queue
[2026-02-13T08:00:50.932+0000] {logging_mixin.py:188} INFO - [2026-02-13T08:00:50.932+0000] {dagbag.py:538} INFO - Filling up the DagBag from /opt/airflow/dags/etl_dag.py
[2026-02-13T08:00:50.977+0000] {logging_mixin.py:188} INFO - Warning: Your Kaggle API key is readable by other users on this system! To fix this, you can run 'chmod 600 /home/airflow/.kaggle/kaggle.json'
[2026-02-13T08:00:51.040+0000] {logging_mixin.py:188} WARNING - /home/airflow/.local/lib/python3.8/site-packages/airflow/models/baseoperator.py:437 AirflowProviderDeprecationWarning: `exists_ok` parameter is deprecated, please use `if_exists`
[2026-02-13T08:00:51.049+0000] {processor.py:840} INFO - DAG(s) 'ecommerce_etl_v2' retrieved from /opt/airflow/dags/etl_dag.py
[2026-02-13T08:00:51.070+0000] {logging_mixin.py:188} INFO - [2026-02-13T08:00:51.070+0000] {dag.py:3036} INFO - Sync 1 DAGs
[2026-02-13T08:00:51.083+0000] {logging_mixin.py:188} INFO - [2026-02-13T08:00:51.083+0000] {dag.py:3823} INFO - Setting next_dagrun for ecommerce_etl_v2 to 2026-02-12 13:00:00+00:00, run_after=2026-02-13 13:00:00+00:00
[2026-02-13T08:00:51.093+0000] {processor.py:183} INFO - Processing /opt/airflow/dags/etl_dag.py took 0.166 seconds
[2026-02-13T08:01:21.353+0000] {processor.py:161} INFO - Started process (PID=14392) to work on /opt/airflow/dags/etl_dag.py
[2026-02-13T08:01:21.353+0000] {processor.py:830} INFO - Processing file /opt/airflow/dags/etl_dag.py for tasks to queue
[2026-02-13T08:01:21.354+0000] {logging_mixin.py:188} INFO - [2026-02-13T08:01:21.354+0000] {dagbag.py:538} INFO - Filling up the DagBag from /opt/airflow/dags/etl_dag.py
[2026-02-13T08:01:21.398+0000] {logging_mixin.py:188} INFO - Warning: Your Kaggle API key is readable by other users on this system! To fix this, you can run 'chmod 600 /home/airflow/.kaggle/kaggle.json'
[2026-02-13T08:01:21.458+0000] {logging_mixin.py:188} WARNING - /home/airflow/.local/lib/python3.8/site-packages/airflow/models/baseoperator.py:437 AirflowProviderDeprecationWarning: `exists_ok` parameter is deprecated, please use `if_exists`
[2026-02-13T08:01:21.469+0000] {processor.py:840} INFO - DAG(s) 'ecommerce_etl_v2' retrieved from /opt/airflow/dags/etl_dag.py
[2026-02-13T08:01:21.487+0000] {logging_mixin.py:188} INFO - [2026-02-13T08:01:21.487+0000] {dag.py:3036} INFO - Sync 1 DAGs
[2026-02-13T08:01:21.497+0000] {logging_mixin.py:188} INFO - [2026-02-13T08:01:21.497+0000] {dag.py:3823} INFO - Setting next_dagrun for ecommerce_etl_v2 to 2026-02-12 13:00:00+00:00, run_after=2026-02-13 13:00:00+00:00
[2026-02-13T08:01:21.506+0000] {processor.py:183} INFO - Processing /opt/airflow/dags/etl_dag.py took 0.157 seconds
[2026-02-13T08:01:51.687+0000] {processor.py:161} INFO - Started process (PID=14423) to work on /opt/airflow/dags/etl_dag.py
[2026-02-13T08:01:51.689+0000] {processor.py:830} INFO - Processing file /opt/airflow/dags/etl_dag.py for tasks to queue
[2026-02-13T08:01:51.690+0000] {logging_mixin.py:188} INFO - [2026-02-13T08:01:51.690+0000] {dagbag.py:538} INFO - Filling up the DagBag from /opt/airflow/dags/etl_dag.py
[2026-02-13T08:01:51.741+0000] {logging_mixin.py:188} INFO - Warning: Your Kaggle API key is readable by other users on this system! To fix this, you can run 'chmod 600 /home/airflow/.kaggle/kaggle.json'
[2026-02-13T08:01:51.800+0000] {logging_mixin.py:188} WARNING - /home/airflow/.local/lib/python3.8/site-packages/airflow/models/baseoperator.py:437 AirflowProviderDeprecationWarning: `exists_ok` parameter is deprecated, please use `if_exists`
[2026-02-13T08:01:51.811+0000] {processor.py:840} INFO - DAG(s) 'ecommerce_etl_v2' retrieved from /opt/airflow/dags/etl_dag.py
[2026-02-13T08:01:51.831+0000] {logging_mixin.py:188} INFO - [2026-02-13T08:01:51.830+0000] {dag.py:3036} INFO - Sync 1 DAGs
[2026-02-13T08:01:51.841+0000] {logging_mixin.py:188} INFO - [2026-02-13T08:01:51.841+0000] {dag.py:3823} INFO - Setting next_dagrun for ecommerce_etl_v2 to 2026-02-12 13:00:00+00:00, run_after=2026-02-13 13:00:00+00:00
[2026-02-13T08:01:51.852+0000] {processor.py:183} INFO - Processing /opt/airflow/dags/etl_dag.py took 0.169 seconds
[2026-02-13T08:02:22.025+0000] {processor.py:161} INFO - Started process (PID=14454) to work on /opt/airflow/dags/etl_dag.py
[2026-02-13T08:02:22.026+0000] {processor.py:830} INFO - Processing file /opt/airflow/dags/etl_dag.py for tasks to queue
[2026-02-13T08:02:22.027+0000] {logging_mixin.py:188} INFO - [2026-02-13T08:02:22.026+0000] {dagbag.py:538} INFO - Filling up the DagBag from /opt/airflow/dags/etl_dag.py
[2026-02-13T08:02:22.068+0000] {logging_mixin.py:188} INFO - Warning: Your Kaggle API key is readable by other users on this system! To fix this, you can run 'chmod 600 /home/airflow/.kaggle/kaggle.json'
[2026-02-13T08:02:22.128+0000] {logging_mixin.py:188} WARNING - /home/airflow/.local/lib/python3.8/site-packages/airflow/models/baseoperator.py:437 AirflowProviderDeprecationWarning: `exists_ok` parameter is deprecated, please use `if_exists`
[2026-02-13T08:02:22.137+0000] {processor.py:840} INFO - DAG(s) 'ecommerce_etl_v2' retrieved from /opt/airflow/dags/etl_dag.py
[2026-02-13T08:02:22.155+0000] {logging_mixin.py:188} INFO - [2026-02-13T08:02:22.155+0000] {dag.py:3036} INFO - Sync 1 DAGs
[2026-02-13T08:02:22.165+0000] {logging_mixin.py:188} INFO - [2026-02-13T08:02:22.165+0000] {dag.py:3823} INFO - Setting next_dagrun for ecommerce_etl_v2 to 2026-02-12 13:00:00+00:00, run_after=2026-02-13 13:00:00+00:00
[2026-02-13T08:02:22.174+0000] {processor.py:183} INFO - Processing /opt/airflow/dags/etl_dag.py took 0.153 seconds
[2026-02-13T08:02:52.447+0000] {processor.py:161} INFO - Started process (PID=14485) to work on /opt/airflow/dags/etl_dag.py
[2026-02-13T08:02:52.448+0000] {processor.py:830} INFO - Processing file /opt/airflow/dags/etl_dag.py for tasks to queue
[2026-02-13T08:02:52.449+0000] {logging_mixin.py:188} INFO - [2026-02-13T08:02:52.448+0000] {dagbag.py:538} INFO - Filling up the DagBag from /opt/airflow/dags/etl_dag.py
[2026-02-13T08:02:52.493+0000] {logging_mixin.py:188} INFO - Warning: Your Kaggle API key is readable by other users on this system! To fix this, you can run 'chmod 600 /home/airflow/.kaggle/kaggle.json'
[2026-02-13T08:02:52.552+0000] {logging_mixin.py:188} WARNING - /home/airflow/.local/lib/python3.8/site-packages/airflow/models/baseoperator.py:437 AirflowProviderDeprecationWarning: `exists_ok` parameter is deprecated, please use `if_exists`
[2026-02-13T08:02:52.562+0000] {processor.py:840} INFO - DAG(s) 'ecommerce_etl_v2' retrieved from /opt/airflow/dags/etl_dag.py
[2026-02-13T08:02:52.581+0000] {logging_mixin.py:188} INFO - [2026-02-13T08:02:52.581+0000] {dag.py:3036} INFO - Sync 1 DAGs
[2026-02-13T08:02:52.591+0000] {logging_mixin.py:188} INFO - [2026-02-13T08:02:52.591+0000] {dag.py:3823} INFO - Setting next_dagrun for ecommerce_etl_v2 to 2026-02-12 13:00:00+00:00, run_after=2026-02-13 13:00:00+00:00
[2026-02-13T08:02:52.600+0000] {processor.py:183} INFO - Processing /opt/airflow/dags/etl_dag.py took 0.157 seconds
[2026-02-13T08:03:22.762+0000] {processor.py:161} INFO - Started process (PID=14516) to work on /opt/airflow/dags/etl_dag.py
[2026-02-13T08:03:22.763+0000] {processor.py:830} INFO - Processing file /opt/airflow/dags/etl_dag.py for tasks to queue
[2026-02-13T08:03:22.764+0000] {logging_mixin.py:188} INFO - [2026-02-13T08:03:22.764+0000] {dagbag.py:538} INFO - Filling up the DagBag from /opt/airflow/dags/etl_dag.py
[2026-02-13T08:03:22.810+0000] {logging_mixin.py:188} INFO - Warning: Your Kaggle API key is readable by other users on this system! To fix this, you can run 'chmod 600 /home/airflow/.kaggle/kaggle.json'
[2026-02-13T08:03:22.869+0000] {logging_mixin.py:188} WARNING - /home/airflow/.local/lib/python3.8/site-packages/airflow/models/baseoperator.py:437 AirflowProviderDeprecationWarning: `exists_ok` parameter is deprecated, please use `if_exists`
[2026-02-13T08:03:22.879+0000] {processor.py:840} INFO - DAG(s) 'ecommerce_etl_v2' retrieved from /opt/airflow/dags/etl_dag.py
[2026-02-13T08:03:22.898+0000] {logging_mixin.py:188} INFO - [2026-02-13T08:03:22.898+0000] {dag.py:3036} INFO - Sync 1 DAGs
[2026-02-13T08:03:22.909+0000] {logging_mixin.py:188} INFO - [2026-02-13T08:03:22.909+0000] {dag.py:3823} INFO - Setting next_dagrun for ecommerce_etl_v2 to 2026-02-12 13:00:00+00:00, run_after=2026-02-13 13:00:00+00:00
[2026-02-13T08:03:22.919+0000] {processor.py:183} INFO - Processing /opt/airflow/dags/etl_dag.py took 0.162 seconds
[2026-02-13T08:03:53.261+0000] {processor.py:161} INFO - Started process (PID=14547) to work on /opt/airflow/dags/etl_dag.py
[2026-02-13T08:03:53.261+0000] {processor.py:830} INFO - Processing file /opt/airflow/dags/etl_dag.py for tasks to queue
[2026-02-13T08:03:53.262+0000] {logging_mixin.py:188} INFO - [2026-02-13T08:03:53.261+0000] {dagbag.py:538} INFO - Filling up the DagBag from /opt/airflow/dags/etl_dag.py
[2026-02-13T08:03:53.299+0000] {logging_mixin.py:188} INFO - Warning: Your Kaggle API key is readable by other users on this system! To fix this, you can run 'chmod 600 /home/airflow/.kaggle/kaggle.json'
[2026-02-13T08:03:53.359+0000] {logging_mixin.py:188} WARNING - /home/airflow/.local/lib/python3.8/site-packages/airflow/models/baseoperator.py:437 AirflowProviderDeprecationWarning: `exists_ok` parameter is deprecated, please use `if_exists`
[2026-02-13T08:03:53.368+0000] {processor.py:840} INFO - DAG(s) 'ecommerce_etl_v2' retrieved from /opt/airflow/dags/etl_dag.py
[2026-02-13T08:03:53.386+0000] {logging_mixin.py:188} INFO - [2026-02-13T08:03:53.386+0000] {dag.py:3036} INFO - Sync 1 DAGs
[2026-02-13T08:03:53.396+0000] {logging_mixin.py:188} INFO - [2026-02-13T08:03:53.396+0000] {dag.py:3823} INFO - Setting next_dagrun for ecommerce_etl_v2 to 2026-02-12 13:00:00+00:00, run_after=2026-02-13 13:00:00+00:00
[2026-02-13T08:03:53.405+0000] {processor.py:183} INFO - Processing /opt/airflow/dags/etl_dag.py took 0.146 seconds
[2026-02-13T08:04:23.578+0000] {processor.py:161} INFO - Started process (PID=14578) to work on /opt/airflow/dags/etl_dag.py
[2026-02-13T08:04:23.580+0000] {processor.py:830} INFO - Processing file /opt/airflow/dags/etl_dag.py for tasks to queue
[2026-02-13T08:04:23.581+0000] {logging_mixin.py:188} INFO - [2026-02-13T08:04:23.580+0000] {dagbag.py:538} INFO - Filling up the DagBag from /opt/airflow/dags/etl_dag.py
[2026-02-13T08:04:23.631+0000] {logging_mixin.py:188} INFO - Warning: Your Kaggle API key is readable by other users on this system! To fix this, you can run 'chmod 600 /home/airflow/.kaggle/kaggle.json'
[2026-02-13T08:04:23.696+0000] {logging_mixin.py:188} WARNING - /home/airflow/.local/lib/python3.8/site-packages/airflow/models/baseoperator.py:437 AirflowProviderDeprecationWarning: `exists_ok` parameter is deprecated, please use `if_exists`
[2026-02-13T08:04:23.705+0000] {processor.py:840} INFO - DAG(s) 'ecommerce_etl_v2' retrieved from /opt/airflow/dags/etl_dag.py
[2026-02-13T08:04:23.724+0000] {logging_mixin.py:188} INFO - [2026-02-13T08:04:23.723+0000] {dag.py:3036} INFO - Sync 1 DAGs
[2026-02-13T08:04:23.734+0000] {logging_mixin.py:188} INFO - [2026-02-13T08:04:23.734+0000] {dag.py:3823} INFO - Setting next_dagrun for ecommerce_etl_v2 to 2026-02-12 13:00:00+00:00, run_after=2026-02-13 13:00:00+00:00
[2026-02-13T08:04:23.743+0000] {processor.py:183} INFO - Processing /opt/airflow/dags/etl_dag.py took 0.170 seconds
[2026-02-13T08:04:54.014+0000] {processor.py:161} INFO - Started process (PID=14609) to work on /opt/airflow/dags/etl_dag.py
[2026-02-13T08:04:54.016+0000] {processor.py:830} INFO - Processing file /opt/airflow/dags/etl_dag.py for tasks to queue
[2026-02-13T08:04:54.017+0000] {logging_mixin.py:188} INFO - [2026-02-13T08:04:54.016+0000] {dagbag.py:538} INFO - Filling up the DagBag from /opt/airflow/dags/etl_dag.py
[2026-02-13T08:04:54.063+0000] {logging_mixin.py:188} INFO - Warning: Your Kaggle API key is readable by other users on this system! To fix this, you can run 'chmod 600 /home/airflow/.kaggle/kaggle.json'
[2026-02-13T08:04:54.122+0000] {logging_mixin.py:188} WARNING - /home/airflow/.local/lib/python3.8/site-packages/airflow/models/baseoperator.py:437 AirflowProviderDeprecationWarning: `exists_ok` parameter is deprecated, please use `if_exists`
[2026-02-13T08:04:54.130+0000] {processor.py:840} INFO - DAG(s) 'ecommerce_etl_v2' retrieved from /opt/airflow/dags/etl_dag.py
[2026-02-13T08:04:54.149+0000] {logging_mixin.py:188} INFO - [2026-02-13T08:04:54.149+0000] {dag.py:3036} INFO - Sync 1 DAGs
[2026-02-13T08:04:54.160+0000] {logging_mixin.py:188} INFO - [2026-02-13T08:04:54.159+0000] {dag.py:3823} INFO - Setting next_dagrun for ecommerce_etl_v2 to 2026-02-12 13:00:00+00:00, run_after=2026-02-13 13:00:00+00:00
[2026-02-13T08:04:54.168+0000] {processor.py:183} INFO - Processing /opt/airflow/dags/etl_dag.py took 0.158 seconds
[2026-02-13T08:05:24.328+0000] {processor.py:161} INFO - Started process (PID=14640) to work on /opt/airflow/dags/etl_dag.py
[2026-02-13T08:05:24.329+0000] {processor.py:830} INFO - Processing file /opt/airflow/dags/etl_dag.py for tasks to queue
[2026-02-13T08:05:24.330+0000] {logging_mixin.py:188} INFO - [2026-02-13T08:05:24.330+0000] {dagbag.py:538} INFO - Filling up the DagBag from /opt/airflow/dags/etl_dag.py
[2026-02-13T08:05:24.371+0000] {logging_mixin.py:188} INFO - Warning: Your Kaggle API key is readable by other users on this system! To fix this, you can run 'chmod 600 /home/airflow/.kaggle/kaggle.json'
[2026-02-13T08:05:24.431+0000] {logging_mixin.py:188} WARNING - /home/airflow/.local/lib/python3.8/site-packages/airflow/models/baseoperator.py:437 AirflowProviderDeprecationWarning: `exists_ok` parameter is deprecated, please use `if_exists`
[2026-02-13T08:05:24.440+0000] {processor.py:840} INFO - DAG(s) 'ecommerce_etl_v2' retrieved from /opt/airflow/dags/etl_dag.py
[2026-02-13T08:05:24.458+0000] {logging_mixin.py:188} INFO - [2026-02-13T08:05:24.458+0000] {dag.py:3036} INFO - Sync 1 DAGs
[2026-02-13T08:05:24.468+0000] {logging_mixin.py:188} INFO - [2026-02-13T08:05:24.468+0000] {dag.py:3823} INFO - Setting next_dagrun for ecommerce_etl_v2 to 2026-02-12 13:00:00+00:00, run_after=2026-02-13 13:00:00+00:00
[2026-02-13T08:05:24.477+0000] {processor.py:183} INFO - Processing /opt/airflow/dags/etl_dag.py took 0.152 seconds
[2026-02-13T08:05:54.654+0000] {processor.py:161} INFO - Started process (PID=14671) to work on /opt/airflow/dags/etl_dag.py
[2026-02-13T08:05:54.655+0000] {processor.py:830} INFO - Processing file /opt/airflow/dags/etl_dag.py for tasks to queue
[2026-02-13T08:05:54.656+0000] {logging_mixin.py:188} INFO - [2026-02-13T08:05:54.655+0000] {dagbag.py:538} INFO - Filling up the DagBag from /opt/airflow/dags/etl_dag.py
[2026-02-13T08:05:54.702+0000] {logging_mixin.py:188} INFO - Warning: Your Kaggle API key is readable by other users on this system! To fix this, you can run 'chmod 600 /home/airflow/.kaggle/kaggle.json'
[2026-02-13T08:05:54.761+0000] {logging_mixin.py:188} WARNING - /home/airflow/.local/lib/python3.8/site-packages/airflow/models/baseoperator.py:437 AirflowProviderDeprecationWarning: `exists_ok` parameter is deprecated, please use `if_exists`
[2026-02-13T08:05:54.769+0000] {processor.py:840} INFO - DAG(s) 'ecommerce_etl_v2' retrieved from /opt/airflow/dags/etl_dag.py
[2026-02-13T08:05:54.788+0000] {logging_mixin.py:188} INFO - [2026-02-13T08:05:54.787+0000] {dag.py:3036} INFO - Sync 1 DAGs
[2026-02-13T08:05:54.798+0000] {logging_mixin.py:188} INFO - [2026-02-13T08:05:54.798+0000] {dag.py:3823} INFO - Setting next_dagrun for ecommerce_etl_v2 to 2026-02-12 13:00:00+00:00, run_after=2026-02-13 13:00:00+00:00
[2026-02-13T08:05:54.806+0000] {processor.py:183} INFO - Processing /opt/airflow/dags/etl_dag.py took 0.157 seconds
[2026-02-13T08:06:25.007+0000] {processor.py:161} INFO - Started process (PID=14702) to work on /opt/airflow/dags/etl_dag.py
[2026-02-13T08:06:25.008+0000] {processor.py:830} INFO - Processing file /opt/airflow/dags/etl_dag.py for tasks to queue
[2026-02-13T08:06:25.009+0000] {logging_mixin.py:188} INFO - [2026-02-13T08:06:25.009+0000] {dagbag.py:538} INFO - Filling up the DagBag from /opt/airflow/dags/etl_dag.py
[2026-02-13T08:06:25.056+0000] {logging_mixin.py:188} INFO - Warning: Your Kaggle API key is readable by other users on this system! To fix this, you can run 'chmod 600 /home/airflow/.kaggle/kaggle.json'
[2026-02-13T08:06:25.117+0000] {logging_mixin.py:188} WARNING - /home/airflow/.local/lib/python3.8/site-packages/airflow/models/baseoperator.py:437 AirflowProviderDeprecationWarning: `exists_ok` parameter is deprecated, please use `if_exists`
[2026-02-13T08:06:25.127+0000] {processor.py:840} INFO - DAG(s) 'ecommerce_etl_v2' retrieved from /opt/airflow/dags/etl_dag.py
[2026-02-13T08:06:25.145+0000] {logging_mixin.py:188} INFO - [2026-02-13T08:06:25.145+0000] {dag.py:3036} INFO - Sync 1 DAGs
[2026-02-13T08:06:25.155+0000] {logging_mixin.py:188} INFO - [2026-02-13T08:06:25.155+0000] {dag.py:3823} INFO - Setting next_dagrun for ecommerce_etl_v2 to 2026-02-12 13:00:00+00:00, run_after=2026-02-13 13:00:00+00:00
[2026-02-13T08:06:25.165+0000] {processor.py:183} INFO - Processing /opt/airflow/dags/etl_dag.py took 0.162 seconds
[2026-02-13T08:06:55.410+0000] {processor.py:161} INFO - Started process (PID=14733) to work on /opt/airflow/dags/etl_dag.py
[2026-02-13T08:06:55.411+0000] {processor.py:830} INFO - Processing file /opt/airflow/dags/etl_dag.py for tasks to queue
[2026-02-13T08:06:55.413+0000] {logging_mixin.py:188} INFO - [2026-02-13T08:06:55.412+0000] {dagbag.py:538} INFO - Filling up the DagBag from /opt/airflow/dags/etl_dag.py
[2026-02-13T08:06:55.456+0000] {logging_mixin.py:188} INFO - Warning: Your Kaggle API key is readable by other users on this system! To fix this, you can run 'chmod 600 /home/airflow/.kaggle/kaggle.json'
[2026-02-13T08:06:55.515+0000] {logging_mixin.py:188} WARNING - /home/airflow/.local/lib/python3.8/site-packages/airflow/models/baseoperator.py:437 AirflowProviderDeprecationWarning: `exists_ok` parameter is deprecated, please use `if_exists`
[2026-02-13T08:06:55.524+0000] {processor.py:840} INFO - DAG(s) 'ecommerce_etl_v2' retrieved from /opt/airflow/dags/etl_dag.py
[2026-02-13T08:06:55.542+0000] {logging_mixin.py:188} INFO - [2026-02-13T08:06:55.542+0000] {dag.py:3036} INFO - Sync 1 DAGs
[2026-02-13T08:06:55.552+0000] {logging_mixin.py:188} INFO - [2026-02-13T08:06:55.552+0000] {dag.py:3823} INFO - Setting next_dagrun for ecommerce_etl_v2 to 2026-02-12 13:00:00+00:00, run_after=2026-02-13 13:00:00+00:00
[2026-02-13T08:06:55.563+0000] {processor.py:183} INFO - Processing /opt/airflow/dags/etl_dag.py took 0.157 seconds
[2026-02-13T08:07:25.765+0000] {processor.py:161} INFO - Started process (PID=14764) to work on /opt/airflow/dags/etl_dag.py
[2026-02-13T08:07:25.766+0000] {processor.py:830} INFO - Processing file /opt/airflow/dags/etl_dag.py for tasks to queue
[2026-02-13T08:07:25.767+0000] {logging_mixin.py:188} INFO - [2026-02-13T08:07:25.766+0000] {dagbag.py:538} INFO - Filling up the DagBag from /opt/airflow/dags/etl_dag.py
[2026-02-13T08:07:25.812+0000] {logging_mixin.py:188} INFO - Warning: Your Kaggle API key is readable by other users on this system! To fix this, you can run 'chmod 600 /home/airflow/.kaggle/kaggle.json'
[2026-02-13T08:07:25.872+0000] {logging_mixin.py:188} WARNING - /home/airflow/.local/lib/python3.8/site-packages/airflow/models/baseoperator.py:437 AirflowProviderDeprecationWarning: `exists_ok` parameter is deprecated, please use `if_exists`
[2026-02-13T08:07:25.880+0000] {processor.py:840} INFO - DAG(s) 'ecommerce_etl_v2' retrieved from /opt/airflow/dags/etl_dag.py
[2026-02-13T08:07:25.898+0000] {logging_mixin.py:188} INFO - [2026-02-13T08:07:25.898+0000] {dag.py:3036} INFO - Sync 1 DAGs
[2026-02-13T08:07:25.909+0000] {logging_mixin.py:188} INFO - [2026-02-13T08:07:25.909+0000] {dag.py:3823} INFO - Setting next_dagrun for ecommerce_etl_v2 to 2026-02-12 13:00:00+00:00, run_after=2026-02-13 13:00:00+00:00
[2026-02-13T08:07:25.918+0000] {processor.py:183} INFO - Processing /opt/airflow/dags/etl_dag.py took 0.157 seconds
[2026-02-13T08:07:56.155+0000] {processor.py:161} INFO - Started process (PID=14795) to work on /opt/airflow/dags/etl_dag.py
[2026-02-13T08:07:56.155+0000] {processor.py:830} INFO - Processing file /opt/airflow/dags/etl_dag.py for tasks to queue
[2026-02-13T08:07:56.156+0000] {logging_mixin.py:188} INFO - [2026-02-13T08:07:56.156+0000] {dagbag.py:538} INFO - Filling up the DagBag from /opt/airflow/dags/etl_dag.py
[2026-02-13T08:07:56.192+0000] {logging_mixin.py:188} INFO - Warning: Your Kaggle API key is readable by other users on this system! To fix this, you can run 'chmod 600 /home/airflow/.kaggle/kaggle.json'
[2026-02-13T08:07:56.251+0000] {logging_mixin.py:188} WARNING - /home/airflow/.local/lib/python3.8/site-packages/airflow/models/baseoperator.py:437 AirflowProviderDeprecationWarning: `exists_ok` parameter is deprecated, please use `if_exists`
[2026-02-13T08:07:56.261+0000] {processor.py:840} INFO - DAG(s) 'ecommerce_etl_v2' retrieved from /opt/airflow/dags/etl_dag.py
[2026-02-13T08:07:56.280+0000] {logging_mixin.py:188} INFO - [2026-02-13T08:07:56.280+0000] {dag.py:3036} INFO - Sync 1 DAGs
[2026-02-13T08:07:56.290+0000] {logging_mixin.py:188} INFO - [2026-02-13T08:07:56.289+0000] {dag.py:3823} INFO - Setting next_dagrun for ecommerce_etl_v2 to 2026-02-12 13:00:00+00:00, run_after=2026-02-13 13:00:00+00:00
[2026-02-13T08:07:56.299+0000] {processor.py:183} INFO - Processing /opt/airflow/dags/etl_dag.py took 0.146 seconds
[2026-02-13T08:08:26.489+0000] {processor.py:161} INFO - Started process (PID=14826) to work on /opt/airflow/dags/etl_dag.py
[2026-02-13T08:08:26.491+0000] {processor.py:830} INFO - Processing file /opt/airflow/dags/etl_dag.py for tasks to queue
[2026-02-13T08:08:26.491+0000] {logging_mixin.py:188} INFO - [2026-02-13T08:08:26.491+0000] {dagbag.py:538} INFO - Filling up the DagBag from /opt/airflow/dags/etl_dag.py
[2026-02-13T08:08:26.538+0000] {logging_mixin.py:188} INFO - Warning: Your Kaggle API key is readable by other users on this system! To fix this, you can run 'chmod 600 /home/airflow/.kaggle/kaggle.json'
[2026-02-13T08:08:26.597+0000] {logging_mixin.py:188} WARNING - /home/airflow/.local/lib/python3.8/site-packages/airflow/models/baseoperator.py:437 AirflowProviderDeprecationWarning: `exists_ok` parameter is deprecated, please use `if_exists`
[2026-02-13T08:08:26.606+0000] {processor.py:840} INFO - DAG(s) 'ecommerce_etl_v2' retrieved from /opt/airflow/dags/etl_dag.py
[2026-02-13T08:08:26.624+0000] {logging_mixin.py:188} INFO - [2026-02-13T08:08:26.624+0000] {dag.py:3036} INFO - Sync 1 DAGs
[2026-02-13T08:08:26.634+0000] {logging_mixin.py:188} INFO - [2026-02-13T08:08:26.634+0000] {dag.py:3823} INFO - Setting next_dagrun for ecommerce_etl_v2 to 2026-02-12 13:00:00+00:00, run_after=2026-02-13 13:00:00+00:00
[2026-02-13T08:08:26.643+0000] {processor.py:183} INFO - Processing /opt/airflow/dags/etl_dag.py took 0.158 seconds
[2026-02-13T08:08:56.815+0000] {processor.py:161} INFO - Started process (PID=14857) to work on /opt/airflow/dags/etl_dag.py
[2026-02-13T08:08:56.817+0000] {processor.py:830} INFO - Processing file /opt/airflow/dags/etl_dag.py for tasks to queue
[2026-02-13T08:08:56.818+0000] {logging_mixin.py:188} INFO - [2026-02-13T08:08:56.817+0000] {dagbag.py:538} INFO - Filling up the DagBag from /opt/airflow/dags/etl_dag.py
[2026-02-13T08:08:56.863+0000] {logging_mixin.py:188} INFO - Warning: Your Kaggle API key is readable by other users on this system! To fix this, you can run 'chmod 600 /home/airflow/.kaggle/kaggle.json'
[2026-02-13T08:08:56.923+0000] {logging_mixin.py:188} WARNING - /home/airflow/.local/lib/python3.8/site-packages/airflow/models/baseoperator.py:437 AirflowProviderDeprecationWarning: `exists_ok` parameter is deprecated, please use `if_exists`
[2026-02-13T08:08:56.932+0000] {processor.py:840} INFO - DAG(s) 'ecommerce_etl_v2' retrieved from /opt/airflow/dags/etl_dag.py
[2026-02-13T08:08:56.950+0000] {logging_mixin.py:188} INFO - [2026-02-13T08:08:56.950+0000] {dag.py:3036} INFO - Sync 1 DAGs
[2026-02-13T08:08:56.960+0000] {logging_mixin.py:188} INFO - [2026-02-13T08:08:56.960+0000] {dag.py:3823} INFO - Setting next_dagrun for ecommerce_etl_v2 to 2026-02-12 13:00:00+00:00, run_after=2026-02-13 13:00:00+00:00
[2026-02-13T08:08:56.969+0000] {processor.py:183} INFO - Processing /opt/airflow/dags/etl_dag.py took 0.158 seconds
[2026-02-13T08:09:27.167+0000] {processor.py:161} INFO - Started process (PID=14888) to work on /opt/airflow/dags/etl_dag.py
[2026-02-13T08:09:27.167+0000] {processor.py:830} INFO - Processing file /opt/airflow/dags/etl_dag.py for tasks to queue
[2026-02-13T08:09:27.168+0000] {logging_mixin.py:188} INFO - [2026-02-13T08:09:27.168+0000] {dagbag.py:538} INFO - Filling up the DagBag from /opt/airflow/dags/etl_dag.py
[2026-02-13T08:09:27.211+0000] {logging_mixin.py:188} INFO - Warning: Your Kaggle API key is readable by other users on this system! To fix this, you can run 'chmod 600 /home/airflow/.kaggle/kaggle.json'
[2026-02-13T08:09:27.271+0000] {logging_mixin.py:188} WARNING - /home/airflow/.local/lib/python3.8/site-packages/airflow/models/baseoperator.py:437 AirflowProviderDeprecationWarning: `exists_ok` parameter is deprecated, please use `if_exists`
[2026-02-13T08:09:27.279+0000] {processor.py:840} INFO - DAG(s) 'ecommerce_etl_v2' retrieved from /opt/airflow/dags/etl_dag.py
[2026-02-13T08:09:27.297+0000] {logging_mixin.py:188} INFO - [2026-02-13T08:09:27.297+0000] {dag.py:3036} INFO - Sync 1 DAGs
[2026-02-13T08:09:27.307+0000] {logging_mixin.py:188} INFO - [2026-02-13T08:09:27.307+0000] {dag.py:3823} INFO - Setting next_dagrun for ecommerce_etl_v2 to 2026-02-12 13:00:00+00:00, run_after=2026-02-13 13:00:00+00:00
[2026-02-13T08:09:27.316+0000] {processor.py:183} INFO - Processing /opt/airflow/dags/etl_dag.py took 0.152 seconds
[2026-02-13T08:09:57.445+0000] {processor.py:161} INFO - Started process (PID=14919) to work on /opt/airflow/dags/etl_dag.py
[2026-02-13T08:09:57.446+0000] {processor.py:830} INFO - Processing file /opt/airflow/dags/etl_dag.py for tasks to queue
[2026-02-13T08:09:57.447+0000] {logging_mixin.py:188} INFO - [2026-02-13T08:09:57.447+0000] {dagbag.py:538} INFO - Filling up the DagBag from /opt/airflow/dags/etl_dag.py
[2026-02-13T08:09:57.490+0000] {logging_mixin.py:188} INFO - Warning: Your Kaggle API key is readable by other users on this system! To fix this, you can run 'chmod 600 /home/airflow/.kaggle/kaggle.json'
[2026-02-13T08:09:57.549+0000] {logging_mixin.py:188} WARNING - /home/airflow/.local/lib/python3.8/site-packages/airflow/models/baseoperator.py:437 AirflowProviderDeprecationWarning: `exists_ok` parameter is deprecated, please use `if_exists`
[2026-02-13T08:09:57.557+0000] {processor.py:840} INFO - DAG(s) 'ecommerce_etl_v2' retrieved from /opt/airflow/dags/etl_dag.py
[2026-02-13T08:09:57.577+0000] {logging_mixin.py:188} INFO - [2026-02-13T08:09:57.577+0000] {dag.py:3036} INFO - Sync 1 DAGs
[2026-02-13T08:09:57.587+0000] {logging_mixin.py:188} INFO - [2026-02-13T08:09:57.587+0000] {dag.py:3823} INFO - Setting next_dagrun for ecommerce_etl_v2 to 2026-02-12 13:00:00+00:00, run_after=2026-02-13 13:00:00+00:00
[2026-02-13T08:09:57.595+0000] {processor.py:183} INFO - Processing /opt/airflow/dags/etl_dag.py took 0.154 seconds
[2026-02-13T08:10:27.878+0000] {processor.py:161} INFO - Started process (PID=14950) to work on /opt/airflow/dags/etl_dag.py
[2026-02-13T08:10:27.879+0000] {processor.py:830} INFO - Processing file /opt/airflow/dags/etl_dag.py for tasks to queue
[2026-02-13T08:10:27.880+0000] {logging_mixin.py:188} INFO - [2026-02-13T08:10:27.880+0000] {dagbag.py:538} INFO - Filling up the DagBag from /opt/airflow/dags/etl_dag.py
[2026-02-13T08:10:27.926+0000] {logging_mixin.py:188} INFO - Warning: Your Kaggle API key is readable by other users on this system! To fix this, you can run 'chmod 600 /home/airflow/.kaggle/kaggle.json'
[2026-02-13T08:10:27.989+0000] {logging_mixin.py:188} WARNING - /home/airflow/.local/lib/python3.8/site-packages/airflow/models/baseoperator.py:437 AirflowProviderDeprecationWarning: `exists_ok` parameter is deprecated, please use `if_exists`
[2026-02-13T08:10:27.998+0000] {processor.py:840} INFO - DAG(s) 'ecommerce_etl_v2' retrieved from /opt/airflow/dags/etl_dag.py
[2026-02-13T08:10:28.017+0000] {logging_mixin.py:188} INFO - [2026-02-13T08:10:28.017+0000] {dag.py:3036} INFO - Sync 1 DAGs
[2026-02-13T08:10:28.029+0000] {logging_mixin.py:188} INFO - [2026-02-13T08:10:28.029+0000] {dag.py:3823} INFO - Setting next_dagrun for ecommerce_etl_v2 to 2026-02-12 13:00:00+00:00, run_after=2026-02-13 13:00:00+00:00
[2026-02-13T08:10:28.039+0000] {processor.py:183} INFO - Processing /opt/airflow/dags/etl_dag.py took 0.164 seconds
[2026-02-13T08:10:58.245+0000] {processor.py:161} INFO - Started process (PID=14981) to work on /opt/airflow/dags/etl_dag.py
[2026-02-13T08:10:58.247+0000] {processor.py:830} INFO - Processing file /opt/airflow/dags/etl_dag.py for tasks to queue
[2026-02-13T08:10:58.248+0000] {logging_mixin.py:188} INFO - [2026-02-13T08:10:58.248+0000] {dagbag.py:538} INFO - Filling up the DagBag from /opt/airflow/dags/etl_dag.py
[2026-02-13T08:10:58.293+0000] {logging_mixin.py:188} INFO - Warning: Your Kaggle API key is readable by other users on this system! To fix this, you can run 'chmod 600 /home/airflow/.kaggle/kaggle.json'
[2026-02-13T08:10:58.355+0000] {logging_mixin.py:188} WARNING - /home/airflow/.local/lib/python3.8/site-packages/airflow/models/baseoperator.py:437 AirflowProviderDeprecationWarning: `exists_ok` parameter is deprecated, please use `if_exists`
[2026-02-13T08:10:58.364+0000] {processor.py:840} INFO - DAG(s) 'ecommerce_etl_v2' retrieved from /opt/airflow/dags/etl_dag.py
[2026-02-13T08:10:58.383+0000] {logging_mixin.py:188} INFO - [2026-02-13T08:10:58.383+0000] {dag.py:3036} INFO - Sync 1 DAGs
[2026-02-13T08:10:58.393+0000] {logging_mixin.py:188} INFO - [2026-02-13T08:10:58.393+0000] {dag.py:3823} INFO - Setting next_dagrun for ecommerce_etl_v2 to 2026-02-12 13:00:00+00:00, run_after=2026-02-13 13:00:00+00:00
[2026-02-13T08:10:58.402+0000] {processor.py:183} INFO - Processing /opt/airflow/dags/etl_dag.py took 0.161 seconds
[2026-02-13T08:11:28.639+0000] {processor.py:161} INFO - Started process (PID=15012) to work on /opt/airflow/dags/etl_dag.py
[2026-02-13T08:11:28.640+0000] {processor.py:830} INFO - Processing file /opt/airflow/dags/etl_dag.py for tasks to queue
[2026-02-13T08:11:28.641+0000] {logging_mixin.py:188} INFO - [2026-02-13T08:11:28.641+0000] {dagbag.py:538} INFO - Filling up the DagBag from /opt/airflow/dags/etl_dag.py
[2026-02-13T08:11:28.682+0000] {logging_mixin.py:188} INFO - Warning: Your Kaggle API key is readable by other users on this system! To fix this, you can run 'chmod 600 /home/airflow/.kaggle/kaggle.json'
[2026-02-13T08:11:28.746+0000] {logging_mixin.py:188} WARNING - /home/airflow/.local/lib/python3.8/site-packages/airflow/models/baseoperator.py:437 AirflowProviderDeprecationWarning: `exists_ok` parameter is deprecated, please use `if_exists`
[2026-02-13T08:11:28.760+0000] {processor.py:840} INFO - DAG(s) 'ecommerce_etl_v2' retrieved from /opt/airflow/dags/etl_dag.py
[2026-02-13T08:11:28.779+0000] {logging_mixin.py:188} INFO - [2026-02-13T08:11:28.779+0000] {dag.py:3036} INFO - Sync 1 DAGs
[2026-02-13T08:11:28.791+0000] {logging_mixin.py:188} INFO - [2026-02-13T08:11:28.790+0000] {dag.py:3823} INFO - Setting next_dagrun for ecommerce_etl_v2 to 2026-02-12 13:00:00+00:00, run_after=2026-02-13 13:00:00+00:00
[2026-02-13T08:11:28.800+0000] {processor.py:183} INFO - Processing /opt/airflow/dags/etl_dag.py took 0.162 seconds
[2026-02-13T08:11:59.038+0000] {processor.py:161} INFO - Started process (PID=15043) to work on /opt/airflow/dags/etl_dag.py
[2026-02-13T08:11:59.039+0000] {processor.py:830} INFO - Processing file /opt/airflow/dags/etl_dag.py for tasks to queue
[2026-02-13T08:11:59.041+0000] {logging_mixin.py:188} INFO - [2026-02-13T08:11:59.041+0000] {dagbag.py:538} INFO - Filling up the DagBag from /opt/airflow/dags/etl_dag.py
[2026-02-13T08:11:59.086+0000] {logging_mixin.py:188} INFO - Warning: Your Kaggle API key is readable by other users on this system! To fix this, you can run 'chmod 600 /home/airflow/.kaggle/kaggle.json'
[2026-02-13T08:11:59.147+0000] {logging_mixin.py:188} WARNING - /home/airflow/.local/lib/python3.8/site-packages/airflow/models/baseoperator.py:437 AirflowProviderDeprecationWarning: `exists_ok` parameter is deprecated, please use `if_exists`
[2026-02-13T08:11:59.155+0000] {processor.py:840} INFO - DAG(s) 'ecommerce_etl_v2' retrieved from /opt/airflow/dags/etl_dag.py
[2026-02-13T08:11:59.174+0000] {logging_mixin.py:188} INFO - [2026-02-13T08:11:59.174+0000] {dag.py:3036} INFO - Sync 1 DAGs
[2026-02-13T08:11:59.184+0000] {logging_mixin.py:188} INFO - [2026-02-13T08:11:59.184+0000] {dag.py:3823} INFO - Setting next_dagrun for ecommerce_etl_v2 to 2026-02-12 13:00:00+00:00, run_after=2026-02-13 13:00:00+00:00
[2026-02-13T08:11:59.193+0000] {processor.py:183} INFO - Processing /opt/airflow/dags/etl_dag.py took 0.159 seconds
[2026-02-13T08:12:29.406+0000] {processor.py:161} INFO - Started process (PID=15074) to work on /opt/airflow/dags/etl_dag.py
[2026-02-13T08:12:29.407+0000] {processor.py:830} INFO - Processing file /opt/airflow/dags/etl_dag.py for tasks to queue
[2026-02-13T08:12:29.407+0000] {logging_mixin.py:188} INFO - [2026-02-13T08:12:29.407+0000] {dagbag.py:538} INFO - Filling up the DagBag from /opt/airflow/dags/etl_dag.py
[2026-02-13T08:12:29.446+0000] {logging_mixin.py:188} INFO - Warning: Your Kaggle API key is readable by other users on this system! To fix this, you can run 'chmod 600 /home/airflow/.kaggle/kaggle.json'
[2026-02-13T08:12:29.514+0000] {logging_mixin.py:188} WARNING - /home/airflow/.local/lib/python3.8/site-packages/airflow/models/baseoperator.py:437 AirflowProviderDeprecationWarning: `exists_ok` parameter is deprecated, please use `if_exists`
[2026-02-13T08:12:29.524+0000] {processor.py:840} INFO - DAG(s) 'ecommerce_etl_v2' retrieved from /opt/airflow/dags/etl_dag.py
[2026-02-13T08:12:29.545+0000] {logging_mixin.py:188} INFO - [2026-02-13T08:12:29.545+0000] {dag.py:3036} INFO - Sync 1 DAGs
[2026-02-13T08:12:29.565+0000] {logging_mixin.py:188} INFO - [2026-02-13T08:12:29.565+0000] {dag.py:3823} INFO - Setting next_dagrun for ecommerce_etl_v2 to 2026-02-12 13:00:00+00:00, run_after=2026-02-13 13:00:00+00:00
[2026-02-13T08:12:29.577+0000] {processor.py:183} INFO - Processing /opt/airflow/dags/etl_dag.py took 0.173 seconds
[2026-02-13T08:12:59.687+0000] {processor.py:161} INFO - Started process (PID=15105) to work on /opt/airflow/dags/etl_dag.py
[2026-02-13T08:12:59.688+0000] {processor.py:830} INFO - Processing file /opt/airflow/dags/etl_dag.py for tasks to queue
[2026-02-13T08:12:59.689+0000] {logging_mixin.py:188} INFO - [2026-02-13T08:12:59.689+0000] {dagbag.py:538} INFO - Filling up the DagBag from /opt/airflow/dags/etl_dag.py
[2026-02-13T08:12:59.737+0000] {logging_mixin.py:188} INFO - Warning: Your Kaggle API key is readable by other users on this system! To fix this, you can run 'chmod 600 /home/airflow/.kaggle/kaggle.json'
[2026-02-13T08:12:59.801+0000] {logging_mixin.py:188} WARNING - /home/airflow/.local/lib/python3.8/site-packages/airflow/models/baseoperator.py:437 AirflowProviderDeprecationWarning: `exists_ok` parameter is deprecated, please use `if_exists`
[2026-02-13T08:12:59.812+0000] {processor.py:840} INFO - DAG(s) 'ecommerce_etl_v2' retrieved from /opt/airflow/dags/etl_dag.py
[2026-02-13T08:12:59.834+0000] {logging_mixin.py:188} INFO - [2026-02-13T08:12:59.833+0000] {dag.py:3036} INFO - Sync 1 DAGs
[2026-02-13T08:12:59.846+0000] {logging_mixin.py:188} INFO - [2026-02-13T08:12:59.846+0000] {dag.py:3823} INFO - Setting next_dagrun for ecommerce_etl_v2 to 2026-02-12 13:00:00+00:00, run_after=2026-02-13 13:00:00+00:00
[2026-02-13T08:12:59.856+0000] {processor.py:183} INFO - Processing /opt/airflow/dags/etl_dag.py took 0.171 seconds
[2026-02-13T08:13:30.089+0000] {processor.py:161} INFO - Started process (PID=15136) to work on /opt/airflow/dags/etl_dag.py
[2026-02-13T08:13:30.090+0000] {processor.py:830} INFO - Processing file /opt/airflow/dags/etl_dag.py for tasks to queue
[2026-02-13T08:13:30.091+0000] {logging_mixin.py:188} INFO - [2026-02-13T08:13:30.090+0000] {dagbag.py:538} INFO - Filling up the DagBag from /opt/airflow/dags/etl_dag.py
[2026-02-13T08:13:30.137+0000] {logging_mixin.py:188} INFO - Warning: Your Kaggle API key is readable by other users on this system! To fix this, you can run 'chmod 600 /home/airflow/.kaggle/kaggle.json'
[2026-02-13T08:13:30.200+0000] {logging_mixin.py:188} WARNING - /home/airflow/.local/lib/python3.8/site-packages/airflow/models/baseoperator.py:437 AirflowProviderDeprecationWarning: `exists_ok` parameter is deprecated, please use `if_exists`
[2026-02-13T08:13:30.210+0000] {processor.py:840} INFO - DAG(s) 'ecommerce_etl_v2' retrieved from /opt/airflow/dags/etl_dag.py
[2026-02-13T08:13:30.230+0000] {logging_mixin.py:188} INFO - [2026-02-13T08:13:30.230+0000] {dag.py:3036} INFO - Sync 1 DAGs
[2026-02-13T08:13:30.242+0000] {logging_mixin.py:188} INFO - [2026-02-13T08:13:30.242+0000] {dag.py:3823} INFO - Setting next_dagrun for ecommerce_etl_v2 to 2026-02-12 13:00:00+00:00, run_after=2026-02-13 13:00:00+00:00
[2026-02-13T08:13:30.251+0000] {processor.py:183} INFO - Processing /opt/airflow/dags/etl_dag.py took 0.165 seconds
[2026-02-13T08:14:00.429+0000] {processor.py:161} INFO - Started process (PID=15167) to work on /opt/airflow/dags/etl_dag.py
[2026-02-13T08:14:00.430+0000] {processor.py:830} INFO - Processing file /opt/airflow/dags/etl_dag.py for tasks to queue
[2026-02-13T08:14:00.431+0000] {logging_mixin.py:188} INFO - [2026-02-13T08:14:00.430+0000] {dagbag.py:538} INFO - Filling up the DagBag from /opt/airflow/dags/etl_dag.py
[2026-02-13T08:14:00.468+0000] {logging_mixin.py:188} INFO - Warning: Your Kaggle API key is readable by other users on this system! To fix this, you can run 'chmod 600 /home/airflow/.kaggle/kaggle.json'
[2026-02-13T08:14:00.527+0000] {logging_mixin.py:188} WARNING - /home/airflow/.local/lib/python3.8/site-packages/airflow/models/baseoperator.py:437 AirflowProviderDeprecationWarning: `exists_ok` parameter is deprecated, please use `if_exists`
[2026-02-13T08:14:00.536+0000] {processor.py:840} INFO - DAG(s) 'ecommerce_etl_v2' retrieved from /opt/airflow/dags/etl_dag.py
[2026-02-13T08:14:00.554+0000] {logging_mixin.py:188} INFO - [2026-02-13T08:14:00.554+0000] {dag.py:3036} INFO - Sync 1 DAGs
[2026-02-13T08:14:00.565+0000] {logging_mixin.py:188} INFO - [2026-02-13T08:14:00.565+0000] {dag.py:3823} INFO - Setting next_dagrun for ecommerce_etl_v2 to 2026-02-12 13:00:00+00:00, run_after=2026-02-13 13:00:00+00:00
[2026-02-13T08:14:00.574+0000] {processor.py:183} INFO - Processing /opt/airflow/dags/etl_dag.py took 0.147 seconds
[2026-02-13T08:14:30.846+0000] {processor.py:161} INFO - Started process (PID=15198) to work on /opt/airflow/dags/etl_dag.py
[2026-02-13T08:14:30.847+0000] {processor.py:830} INFO - Processing file /opt/airflow/dags/etl_dag.py for tasks to queue
[2026-02-13T08:14:30.848+0000] {logging_mixin.py:188} INFO - [2026-02-13T08:14:30.848+0000] {dagbag.py:538} INFO - Filling up the DagBag from /opt/airflow/dags/etl_dag.py
[2026-02-13T08:14:30.892+0000] {logging_mixin.py:188} INFO - Warning: Your Kaggle API key is readable by other users on this system! To fix this, you can run 'chmod 600 /home/airflow/.kaggle/kaggle.json'
[2026-02-13T08:14:30.952+0000] {logging_mixin.py:188} WARNING - /home/airflow/.local/lib/python3.8/site-packages/airflow/models/baseoperator.py:437 AirflowProviderDeprecationWarning: `exists_ok` parameter is deprecated, please use `if_exists`
[2026-02-13T08:14:30.961+0000] {processor.py:840} INFO - DAG(s) 'ecommerce_etl_v2' retrieved from /opt/airflow/dags/etl_dag.py
[2026-02-13T08:14:30.979+0000] {logging_mixin.py:188} INFO - [2026-02-13T08:14:30.979+0000] {dag.py:3036} INFO - Sync 1 DAGs
[2026-02-13T08:14:30.990+0000] {logging_mixin.py:188} INFO - [2026-02-13T08:14:30.990+0000] {dag.py:3823} INFO - Setting next_dagrun for ecommerce_etl_v2 to 2026-02-12 13:00:00+00:00, run_after=2026-02-13 13:00:00+00:00
[2026-02-13T08:14:30.999+0000] {processor.py:183} INFO - Processing /opt/airflow/dags/etl_dag.py took 0.155 seconds
[2026-02-13T08:15:01.175+0000] {processor.py:161} INFO - Started process (PID=15229) to work on /opt/airflow/dags/etl_dag.py
[2026-02-13T08:15:01.176+0000] {processor.py:830} INFO - Processing file /opt/airflow/dags/etl_dag.py for tasks to queue
[2026-02-13T08:15:01.177+0000] {logging_mixin.py:188} INFO - [2026-02-13T08:15:01.177+0000] {dagbag.py:538} INFO - Filling up the DagBag from /opt/airflow/dags/etl_dag.py
[2026-02-13T08:15:01.222+0000] {logging_mixin.py:188} INFO - Warning: Your Kaggle API key is readable by other users on this system! To fix this, you can run 'chmod 600 /home/airflow/.kaggle/kaggle.json'
[2026-02-13T08:15:01.282+0000] {logging_mixin.py:188} WARNING - /home/airflow/.local/lib/python3.8/site-packages/airflow/models/baseoperator.py:437 AirflowProviderDeprecationWarning: `exists_ok` parameter is deprecated, please use `if_exists`
[2026-02-13T08:15:01.290+0000] {processor.py:840} INFO - DAG(s) 'ecommerce_etl_v2' retrieved from /opt/airflow/dags/etl_dag.py
[2026-02-13T08:15:01.309+0000] {logging_mixin.py:188} INFO - [2026-02-13T08:15:01.308+0000] {dag.py:3036} INFO - Sync 1 DAGs
[2026-02-13T08:15:01.318+0000] {logging_mixin.py:188} INFO - [2026-02-13T08:15:01.318+0000] {dag.py:3823} INFO - Setting next_dagrun for ecommerce_etl_v2 to 2026-02-12 13:00:00+00:00, run_after=2026-02-13 13:00:00+00:00
[2026-02-13T08:15:01.327+0000] {processor.py:183} INFO - Processing /opt/airflow/dags/etl_dag.py took 0.156 seconds
[2026-02-13T08:15:31.599+0000] {processor.py:161} INFO - Started process (PID=15260) to work on /opt/airflow/dags/etl_dag.py
[2026-02-13T08:15:31.600+0000] {processor.py:830} INFO - Processing file /opt/airflow/dags/etl_dag.py for tasks to queue
[2026-02-13T08:15:31.601+0000] {logging_mixin.py:188} INFO - [2026-02-13T08:15:31.600+0000] {dagbag.py:538} INFO - Filling up the DagBag from /opt/airflow/dags/etl_dag.py
[2026-02-13T08:15:31.649+0000] {logging_mixin.py:188} INFO - Warning: Your Kaggle API key is readable by other users on this system! To fix this, you can run 'chmod 600 /home/airflow/.kaggle/kaggle.json'
[2026-02-13T08:15:31.711+0000] {logging_mixin.py:188} WARNING - /home/airflow/.local/lib/python3.8/site-packages/airflow/models/baseoperator.py:437 AirflowProviderDeprecationWarning: `exists_ok` parameter is deprecated, please use `if_exists`
[2026-02-13T08:15:31.719+0000] {processor.py:840} INFO - DAG(s) 'ecommerce_etl_v2' retrieved from /opt/airflow/dags/etl_dag.py
[2026-02-13T08:15:31.738+0000] {logging_mixin.py:188} INFO - [2026-02-13T08:15:31.738+0000] {dag.py:3036} INFO - Sync 1 DAGs
[2026-02-13T08:15:31.749+0000] {logging_mixin.py:188} INFO - [2026-02-13T08:15:31.749+0000] {dag.py:3823} INFO - Setting next_dagrun for ecommerce_etl_v2 to 2026-02-12 13:00:00+00:00, run_after=2026-02-13 13:00:00+00:00
[2026-02-13T08:15:31.759+0000] {processor.py:183} INFO - Processing /opt/airflow/dags/etl_dag.py took 0.163 seconds
[2026-02-13T08:16:01.889+0000] {processor.py:161} INFO - Started process (PID=15291) to work on /opt/airflow/dags/etl_dag.py
[2026-02-13T08:16:01.890+0000] {processor.py:830} INFO - Processing file /opt/airflow/dags/etl_dag.py for tasks to queue
[2026-02-13T08:16:01.891+0000] {logging_mixin.py:188} INFO - [2026-02-13T08:16:01.891+0000] {dagbag.py:538} INFO - Filling up the DagBag from /opt/airflow/dags/etl_dag.py
[2026-02-13T08:16:01.940+0000] {logging_mixin.py:188} INFO - Warning: Your Kaggle API key is readable by other users on this system! To fix this, you can run 'chmod 600 /home/airflow/.kaggle/kaggle.json'
[2026-02-13T08:16:02.001+0000] {logging_mixin.py:188} WARNING - /home/airflow/.local/lib/python3.8/site-packages/airflow/models/baseoperator.py:437 AirflowProviderDeprecationWarning: `exists_ok` parameter is deprecated, please use `if_exists`
[2026-02-13T08:16:02.010+0000] {processor.py:840} INFO - DAG(s) 'ecommerce_etl_v2' retrieved from /opt/airflow/dags/etl_dag.py
[2026-02-13T08:16:02.029+0000] {logging_mixin.py:188} INFO - [2026-02-13T08:16:02.029+0000] {dag.py:3036} INFO - Sync 1 DAGs
[2026-02-13T08:16:02.040+0000] {logging_mixin.py:188} INFO - [2026-02-13T08:16:02.040+0000] {dag.py:3823} INFO - Setting next_dagrun for ecommerce_etl_v2 to 2026-02-12 13:00:00+00:00, run_after=2026-02-13 13:00:00+00:00
[2026-02-13T08:16:02.048+0000] {processor.py:183} INFO - Processing /opt/airflow/dags/etl_dag.py took 0.163 seconds
[2026-02-13T08:16:32.211+0000] {processor.py:161} INFO - Started process (PID=15322) to work on /opt/airflow/dags/etl_dag.py
[2026-02-13T08:16:32.213+0000] {processor.py:830} INFO - Processing file /opt/airflow/dags/etl_dag.py for tasks to queue
[2026-02-13T08:16:32.214+0000] {logging_mixin.py:188} INFO - [2026-02-13T08:16:32.213+0000] {dagbag.py:538} INFO - Filling up the DagBag from /opt/airflow/dags/etl_dag.py
[2026-02-13T08:16:32.266+0000] {logging_mixin.py:188} INFO - Warning: Your Kaggle API key is readable by other users on this system! To fix this, you can run 'chmod 600 /home/airflow/.kaggle/kaggle.json'
[2026-02-13T08:16:32.330+0000] {logging_mixin.py:188} WARNING - /home/airflow/.local/lib/python3.8/site-packages/airflow/models/baseoperator.py:437 AirflowProviderDeprecationWarning: `exists_ok` parameter is deprecated, please use `if_exists`
[2026-02-13T08:16:32.342+0000] {processor.py:840} INFO - DAG(s) 'ecommerce_etl_v2' retrieved from /opt/airflow/dags/etl_dag.py
[2026-02-13T08:16:32.362+0000] {logging_mixin.py:188} INFO - [2026-02-13T08:16:32.362+0000] {dag.py:3036} INFO - Sync 1 DAGs
[2026-02-13T08:16:32.374+0000] {logging_mixin.py:188} INFO - [2026-02-13T08:16:32.374+0000] {dag.py:3823} INFO - Setting next_dagrun for ecommerce_etl_v2 to 2026-02-12 13:00:00+00:00, run_after=2026-02-13 13:00:00+00:00
[2026-02-13T08:16:32.385+0000] {processor.py:183} INFO - Processing /opt/airflow/dags/etl_dag.py took 0.179 seconds
[2026-02-13T08:17:02.703+0000] {processor.py:161} INFO - Started process (PID=15353) to work on /opt/airflow/dags/etl_dag.py
[2026-02-13T08:17:02.705+0000] {processor.py:830} INFO - Processing file /opt/airflow/dags/etl_dag.py for tasks to queue
[2026-02-13T08:17:02.706+0000] {logging_mixin.py:188} INFO - [2026-02-13T08:17:02.705+0000] {dagbag.py:538} INFO - Filling up the DagBag from /opt/airflow/dags/etl_dag.py
[2026-02-13T08:17:02.752+0000] {logging_mixin.py:188} INFO - Warning: Your Kaggle API key is readable by other users on this system! To fix this, you can run 'chmod 600 /home/airflow/.kaggle/kaggle.json'
[2026-02-13T08:17:02.815+0000] {logging_mixin.py:188} WARNING - /home/airflow/.local/lib/python3.8/site-packages/airflow/models/baseoperator.py:437 AirflowProviderDeprecationWarning: `exists_ok` parameter is deprecated, please use `if_exists`
[2026-02-13T08:17:02.826+0000] {processor.py:840} INFO - DAG(s) 'ecommerce_etl_v2' retrieved from /opt/airflow/dags/etl_dag.py
[2026-02-13T08:17:02.848+0000] {logging_mixin.py:188} INFO - [2026-02-13T08:17:02.848+0000] {dag.py:3036} INFO - Sync 1 DAGs
[2026-02-13T08:17:02.861+0000] {logging_mixin.py:188} INFO - [2026-02-13T08:17:02.861+0000] {dag.py:3823} INFO - Setting next_dagrun for ecommerce_etl_v2 to 2026-02-12 13:00:00+00:00, run_after=2026-02-13 13:00:00+00:00
[2026-02-13T08:17:02.873+0000] {processor.py:183} INFO - Processing /opt/airflow/dags/etl_dag.py took 0.173 seconds
[2026-02-13T08:17:33.054+0000] {processor.py:161} INFO - Started process (PID=15384) to work on /opt/airflow/dags/etl_dag.py
[2026-02-13T08:17:33.055+0000] {processor.py:830} INFO - Processing file /opt/airflow/dags/etl_dag.py for tasks to queue
[2026-02-13T08:17:33.057+0000] {logging_mixin.py:188} INFO - [2026-02-13T08:17:33.056+0000] {dagbag.py:538} INFO - Filling up the DagBag from /opt/airflow/dags/etl_dag.py
[2026-02-13T08:17:33.109+0000] {logging_mixin.py:188} INFO - Warning: Your Kaggle API key is readable by other users on this system! To fix this, you can run 'chmod 600 /home/airflow/.kaggle/kaggle.json'
[2026-02-13T08:17:33.172+0000] {logging_mixin.py:188} WARNING - /home/airflow/.local/lib/python3.8/site-packages/airflow/models/baseoperator.py:437 AirflowProviderDeprecationWarning: `exists_ok` parameter is deprecated, please use `if_exists`
[2026-02-13T08:17:33.183+0000] {processor.py:840} INFO - DAG(s) 'ecommerce_etl_v2' retrieved from /opt/airflow/dags/etl_dag.py
[2026-02-13T08:17:33.203+0000] {logging_mixin.py:188} INFO - [2026-02-13T08:17:33.203+0000] {dag.py:3036} INFO - Sync 1 DAGs
[2026-02-13T08:17:33.216+0000] {logging_mixin.py:188} INFO - [2026-02-13T08:17:33.215+0000] {dag.py:3823} INFO - Setting next_dagrun for ecommerce_etl_v2 to 2026-02-12 13:00:00+00:00, run_after=2026-02-13 13:00:00+00:00
[2026-02-13T08:17:33.226+0000] {processor.py:183} INFO - Processing /opt/airflow/dags/etl_dag.py took 0.177 seconds
[2026-02-13T08:18:03.511+0000] {processor.py:161} INFO - Started process (PID=15415) to work on /opt/airflow/dags/etl_dag.py
[2026-02-13T08:18:03.513+0000] {processor.py:830} INFO - Processing file /opt/airflow/dags/etl_dag.py for tasks to queue
[2026-02-13T08:18:03.515+0000] {logging_mixin.py:188} INFO - [2026-02-13T08:18:03.513+0000] {dagbag.py:538} INFO - Filling up the DagBag from /opt/airflow/dags/etl_dag.py
[2026-02-13T08:18:03.564+0000] {logging_mixin.py:188} INFO - Warning: Your Kaggle API key is readable by other users on this system! To fix this, you can run 'chmod 600 /home/airflow/.kaggle/kaggle.json'
[2026-02-13T08:18:03.624+0000] {logging_mixin.py:188} WARNING - /home/airflow/.local/lib/python3.8/site-packages/airflow/models/baseoperator.py:437 AirflowProviderDeprecationWarning: `exists_ok` parameter is deprecated, please use `if_exists`
[2026-02-13T08:18:03.633+0000] {processor.py:840} INFO - DAG(s) 'ecommerce_etl_v2' retrieved from /opt/airflow/dags/etl_dag.py
[2026-02-13T08:18:03.652+0000] {logging_mixin.py:188} INFO - [2026-02-13T08:18:03.652+0000] {dag.py:3036} INFO - Sync 1 DAGs
[2026-02-13T08:18:03.662+0000] {logging_mixin.py:188} INFO - [2026-02-13T08:18:03.662+0000] {dag.py:3823} INFO - Setting next_dagrun for ecommerce_etl_v2 to 2026-02-12 13:00:00+00:00, run_after=2026-02-13 13:00:00+00:00
[2026-02-13T08:18:03.670+0000] {processor.py:183} INFO - Processing /opt/airflow/dags/etl_dag.py took 0.163 seconds
[2026-02-13T08:18:33.865+0000] {processor.py:161} INFO - Started process (PID=15446) to work on /opt/airflow/dags/etl_dag.py
[2026-02-13T08:18:33.866+0000] {processor.py:830} INFO - Processing file /opt/airflow/dags/etl_dag.py for tasks to queue
[2026-02-13T08:18:33.867+0000] {logging_mixin.py:188} INFO - [2026-02-13T08:18:33.867+0000] {dagbag.py:538} INFO - Filling up the DagBag from /opt/airflow/dags/etl_dag.py
[2026-02-13T08:18:33.914+0000] {logging_mixin.py:188} INFO - Warning: Your Kaggle API key is readable by other users on this system! To fix this, you can run 'chmod 600 /home/airflow/.kaggle/kaggle.json'
[2026-02-13T08:18:33.974+0000] {logging_mixin.py:188} WARNING - /home/airflow/.local/lib/python3.8/site-packages/airflow/models/baseoperator.py:437 AirflowProviderDeprecationWarning: `exists_ok` parameter is deprecated, please use `if_exists`
[2026-02-13T08:18:33.984+0000] {processor.py:840} INFO - DAG(s) 'ecommerce_etl_v2' retrieved from /opt/airflow/dags/etl_dag.py
[2026-02-13T08:18:34.001+0000] {logging_mixin.py:188} INFO - [2026-02-13T08:18:34.001+0000] {dag.py:3036} INFO - Sync 1 DAGs
[2026-02-13T08:18:34.012+0000] {logging_mixin.py:188} INFO - [2026-02-13T08:18:34.011+0000] {dag.py:3823} INFO - Setting next_dagrun for ecommerce_etl_v2 to 2026-02-12 13:00:00+00:00, run_after=2026-02-13 13:00:00+00:00
[2026-02-13T08:18:34.020+0000] {processor.py:183} INFO - Processing /opt/airflow/dags/etl_dag.py took 0.159 seconds
[2026-02-13T08:19:04.258+0000] {processor.py:161} INFO - Started process (PID=15477) to work on /opt/airflow/dags/etl_dag.py
[2026-02-13T08:19:04.260+0000] {processor.py:830} INFO - Processing file /opt/airflow/dags/etl_dag.py for tasks to queue
[2026-02-13T08:19:04.260+0000] {logging_mixin.py:188} INFO - [2026-02-13T08:19:04.260+0000] {dagbag.py:538} INFO - Filling up the DagBag from /opt/airflow/dags/etl_dag.py
[2026-02-13T08:19:04.308+0000] {logging_mixin.py:188} INFO - Warning: Your Kaggle API key is readable by other users on this system! To fix this, you can run 'chmod 600 /home/airflow/.kaggle/kaggle.json'
[2026-02-13T08:19:04.368+0000] {logging_mixin.py:188} WARNING - /home/airflow/.local/lib/python3.8/site-packages/airflow/models/baseoperator.py:437 AirflowProviderDeprecationWarning: `exists_ok` parameter is deprecated, please use `if_exists`
[2026-02-13T08:19:04.377+0000] {processor.py:840} INFO - DAG(s) 'ecommerce_etl_v2' retrieved from /opt/airflow/dags/etl_dag.py
[2026-02-13T08:19:04.396+0000] {logging_mixin.py:188} INFO - [2026-02-13T08:19:04.396+0000] {dag.py:3036} INFO - Sync 1 DAGs
[2026-02-13T08:19:04.406+0000] {logging_mixin.py:188} INFO - [2026-02-13T08:19:04.406+0000] {dag.py:3823} INFO - Setting next_dagrun for ecommerce_etl_v2 to 2026-02-12 13:00:00+00:00, run_after=2026-02-13 13:00:00+00:00
[2026-02-13T08:19:04.415+0000] {processor.py:183} INFO - Processing /opt/airflow/dags/etl_dag.py took 0.161 seconds
[2026-02-13T08:19:34.515+0000] {processor.py:161} INFO - Started process (PID=15508) to work on /opt/airflow/dags/etl_dag.py
[2026-02-13T08:19:34.516+0000] {processor.py:830} INFO - Processing file /opt/airflow/dags/etl_dag.py for tasks to queue
[2026-02-13T08:19:34.516+0000] {logging_mixin.py:188} INFO - [2026-02-13T08:19:34.516+0000] {dagbag.py:538} INFO - Filling up the DagBag from /opt/airflow/dags/etl_dag.py
[2026-02-13T08:19:34.565+0000] {logging_mixin.py:188} INFO - Warning: Your Kaggle API key is readable by other users on this system! To fix this, you can run 'chmod 600 /home/airflow/.kaggle/kaggle.json'
[2026-02-13T08:19:34.627+0000] {logging_mixin.py:188} WARNING - /home/airflow/.local/lib/python3.8/site-packages/airflow/models/baseoperator.py:437 AirflowProviderDeprecationWarning: `exists_ok` parameter is deprecated, please use `if_exists`
[2026-02-13T08:19:34.636+0000] {processor.py:840} INFO - DAG(s) 'ecommerce_etl_v2' retrieved from /opt/airflow/dags/etl_dag.py
[2026-02-13T08:19:34.655+0000] {logging_mixin.py:188} INFO - [2026-02-13T08:19:34.655+0000] {dag.py:3036} INFO - Sync 1 DAGs
[2026-02-13T08:19:34.666+0000] {logging_mixin.py:188} INFO - [2026-02-13T08:19:34.666+0000] {dag.py:3823} INFO - Setting next_dagrun for ecommerce_etl_v2 to 2026-02-12 13:00:00+00:00, run_after=2026-02-13 13:00:00+00:00
[2026-02-13T08:19:34.676+0000] {processor.py:183} INFO - Processing /opt/airflow/dags/etl_dag.py took 0.164 seconds
[2026-02-13T08:20:04.754+0000] {processor.py:161} INFO - Started process (PID=15539) to work on /opt/airflow/dags/etl_dag.py
[2026-02-13T08:20:04.755+0000] {processor.py:830} INFO - Processing file /opt/airflow/dags/etl_dag.py for tasks to queue
[2026-02-13T08:20:04.756+0000] {logging_mixin.py:188} INFO - [2026-02-13T08:20:04.755+0000] {dagbag.py:538} INFO - Filling up the DagBag from /opt/airflow/dags/etl_dag.py
[2026-02-13T08:20:04.800+0000] {logging_mixin.py:188} INFO - Warning: Your Kaggle API key is readable by other users on this system! To fix this, you can run 'chmod 600 /home/airflow/.kaggle/kaggle.json'
[2026-02-13T08:20:04.859+0000] {logging_mixin.py:188} WARNING - /home/airflow/.local/lib/python3.8/site-packages/airflow/models/baseoperator.py:437 AirflowProviderDeprecationWarning: `exists_ok` parameter is deprecated, please use `if_exists`
[2026-02-13T08:20:04.868+0000] {processor.py:840} INFO - DAG(s) 'ecommerce_etl_v2' retrieved from /opt/airflow/dags/etl_dag.py
[2026-02-13T08:20:04.886+0000] {logging_mixin.py:188} INFO - [2026-02-13T08:20:04.886+0000] {dag.py:3036} INFO - Sync 1 DAGs
[2026-02-13T08:20:04.897+0000] {logging_mixin.py:188} INFO - [2026-02-13T08:20:04.896+0000] {dag.py:3823} INFO - Setting next_dagrun for ecommerce_etl_v2 to 2026-02-12 13:00:00+00:00, run_after=2026-02-13 13:00:00+00:00
[2026-02-13T08:20:04.906+0000] {processor.py:183} INFO - Processing /opt/airflow/dags/etl_dag.py took 0.156 seconds
[2026-02-13T08:20:35.227+0000] {processor.py:161} INFO - Started process (PID=15570) to work on /opt/airflow/dags/etl_dag.py
[2026-02-13T08:20:35.228+0000] {processor.py:830} INFO - Processing file /opt/airflow/dags/etl_dag.py for tasks to queue
[2026-02-13T08:20:35.228+0000] {logging_mixin.py:188} INFO - [2026-02-13T08:20:35.228+0000] {dagbag.py:538} INFO - Filling up the DagBag from /opt/airflow/dags/etl_dag.py
[2026-02-13T08:20:35.271+0000] {logging_mixin.py:188} INFO - Warning: Your Kaggle API key is readable by other users on this system! To fix this, you can run 'chmod 600 /home/airflow/.kaggle/kaggle.json'
[2026-02-13T08:20:35.331+0000] {logging_mixin.py:188} WARNING - /home/airflow/.local/lib/python3.8/site-packages/airflow/models/baseoperator.py:437 AirflowProviderDeprecationWarning: `exists_ok` parameter is deprecated, please use `if_exists`
[2026-02-13T08:20:35.341+0000] {processor.py:840} INFO - DAG(s) 'ecommerce_etl_v2' retrieved from /opt/airflow/dags/etl_dag.py
[2026-02-13T08:20:35.360+0000] {logging_mixin.py:188} INFO - [2026-02-13T08:20:35.359+0000] {dag.py:3036} INFO - Sync 1 DAGs
[2026-02-13T08:20:35.371+0000] {logging_mixin.py:188} INFO - [2026-02-13T08:20:35.371+0000] {dag.py:3823} INFO - Setting next_dagrun for ecommerce_etl_v2 to 2026-02-12 13:00:00+00:00, run_after=2026-02-13 13:00:00+00:00
[2026-02-13T08:20:35.381+0000] {processor.py:183} INFO - Processing /opt/airflow/dags/etl_dag.py took 0.157 seconds
[2026-02-13T08:21:05.507+0000] {processor.py:161} INFO - Started process (PID=15601) to work on /opt/airflow/dags/etl_dag.py
[2026-02-13T08:21:05.508+0000] {processor.py:830} INFO - Processing file /opt/airflow/dags/etl_dag.py for tasks to queue
[2026-02-13T08:21:05.510+0000] {logging_mixin.py:188} INFO - [2026-02-13T08:21:05.509+0000] {dagbag.py:538} INFO - Filling up the DagBag from /opt/airflow/dags/etl_dag.py
[2026-02-13T08:21:05.553+0000] {logging_mixin.py:188} INFO - Warning: Your Kaggle API key is readable by other users on this system! To fix this, you can run 'chmod 600 /home/airflow/.kaggle/kaggle.json'
[2026-02-13T08:21:05.613+0000] {logging_mixin.py:188} WARNING - /home/airflow/.local/lib/python3.8/site-packages/airflow/models/baseoperator.py:437 AirflowProviderDeprecationWarning: `exists_ok` parameter is deprecated, please use `if_exists`
[2026-02-13T08:21:05.622+0000] {processor.py:840} INFO - DAG(s) 'ecommerce_etl_v2' retrieved from /opt/airflow/dags/etl_dag.py
[2026-02-13T08:21:05.641+0000] {logging_mixin.py:188} INFO - [2026-02-13T08:21:05.641+0000] {dag.py:3036} INFO - Sync 1 DAGs
[2026-02-13T08:21:05.652+0000] {logging_mixin.py:188} INFO - [2026-02-13T08:21:05.652+0000] {dag.py:3823} INFO - Setting next_dagrun for ecommerce_etl_v2 to 2026-02-12 13:00:00+00:00, run_after=2026-02-13 13:00:00+00:00
[2026-02-13T08:21:05.661+0000] {processor.py:183} INFO - Processing /opt/airflow/dags/etl_dag.py took 0.158 seconds
[2026-02-13T08:21:35.990+0000] {processor.py:161} INFO - Started process (PID=15632) to work on /opt/airflow/dags/etl_dag.py
[2026-02-13T08:21:35.992+0000] {processor.py:830} INFO - Processing file /opt/airflow/dags/etl_dag.py for tasks to queue
[2026-02-13T08:21:35.993+0000] {logging_mixin.py:188} INFO - [2026-02-13T08:21:35.992+0000] {dagbag.py:538} INFO - Filling up the DagBag from /opt/airflow/dags/etl_dag.py
[2026-02-13T08:21:36.040+0000] {logging_mixin.py:188} INFO - Warning: Your Kaggle API key is readable by other users on this system! To fix this, you can run 'chmod 600 /home/airflow/.kaggle/kaggle.json'
[2026-02-13T08:21:36.100+0000] {logging_mixin.py:188} WARNING - /home/airflow/.local/lib/python3.8/site-packages/airflow/models/baseoperator.py:437 AirflowProviderDeprecationWarning: `exists_ok` parameter is deprecated, please use `if_exists`
[2026-02-13T08:21:36.111+0000] {processor.py:840} INFO - DAG(s) 'ecommerce_etl_v2' retrieved from /opt/airflow/dags/etl_dag.py
[2026-02-13T08:21:36.129+0000] {logging_mixin.py:188} INFO - [2026-02-13T08:21:36.129+0000] {dag.py:3036} INFO - Sync 1 DAGs
[2026-02-13T08:21:36.139+0000] {logging_mixin.py:188} INFO - [2026-02-13T08:21:36.139+0000] {dag.py:3823} INFO - Setting next_dagrun for ecommerce_etl_v2 to 2026-02-12 13:00:00+00:00, run_after=2026-02-13 13:00:00+00:00
[2026-02-13T08:21:36.148+0000] {processor.py:183} INFO - Processing /opt/airflow/dags/etl_dag.py took 0.162 seconds
[2026-02-13T08:22:06.339+0000] {processor.py:161} INFO - Started process (PID=15663) to work on /opt/airflow/dags/etl_dag.py
[2026-02-13T08:22:06.340+0000] {processor.py:830} INFO - Processing file /opt/airflow/dags/etl_dag.py for tasks to queue
[2026-02-13T08:22:06.341+0000] {logging_mixin.py:188} INFO - [2026-02-13T08:22:06.341+0000] {dagbag.py:538} INFO - Filling up the DagBag from /opt/airflow/dags/etl_dag.py
[2026-02-13T08:22:06.387+0000] {logging_mixin.py:188} INFO - Warning: Your Kaggle API key is readable by other users on this system! To fix this, you can run 'chmod 600 /home/airflow/.kaggle/kaggle.json'
[2026-02-13T08:22:06.451+0000] {logging_mixin.py:188} WARNING - /home/airflow/.local/lib/python3.8/site-packages/airflow/models/baseoperator.py:437 AirflowProviderDeprecationWarning: `exists_ok` parameter is deprecated, please use `if_exists`
[2026-02-13T08:22:06.460+0000] {processor.py:840} INFO - DAG(s) 'ecommerce_etl_v2' retrieved from /opt/airflow/dags/etl_dag.py
[2026-02-13T08:22:06.480+0000] {logging_mixin.py:188} INFO - [2026-02-13T08:22:06.480+0000] {dag.py:3036} INFO - Sync 1 DAGs
[2026-02-13T08:22:06.493+0000] {logging_mixin.py:188} INFO - [2026-02-13T08:22:06.493+0000] {dag.py:3823} INFO - Setting next_dagrun for ecommerce_etl_v2 to 2026-02-12 13:00:00+00:00, run_after=2026-02-13 13:00:00+00:00
[2026-02-13T08:22:06.504+0000] {processor.py:183} INFO - Processing /opt/airflow/dags/etl_dag.py took 0.170 seconds
[2026-02-13T08:22:36.746+0000] {processor.py:161} INFO - Started process (PID=15694) to work on /opt/airflow/dags/etl_dag.py
[2026-02-13T08:22:36.747+0000] {processor.py:830} INFO - Processing file /opt/airflow/dags/etl_dag.py for tasks to queue
[2026-02-13T08:22:36.748+0000] {logging_mixin.py:188} INFO - [2026-02-13T08:22:36.748+0000] {dagbag.py:538} INFO - Filling up the DagBag from /opt/airflow/dags/etl_dag.py
[2026-02-13T08:22:36.786+0000] {logging_mixin.py:188} INFO - Warning: Your Kaggle API key is readable by other users on this system! To fix this, you can run 'chmod 600 /home/airflow/.kaggle/kaggle.json'
[2026-02-13T08:22:36.847+0000] {logging_mixin.py:188} WARNING - /home/airflow/.local/lib/python3.8/site-packages/airflow/models/baseoperator.py:437 AirflowProviderDeprecationWarning: `exists_ok` parameter is deprecated, please use `if_exists`
[2026-02-13T08:22:36.856+0000] {processor.py:840} INFO - DAG(s) 'ecommerce_etl_v2' retrieved from /opt/airflow/dags/etl_dag.py
[2026-02-13T08:22:36.874+0000] {logging_mixin.py:188} INFO - [2026-02-13T08:22:36.874+0000] {dag.py:3036} INFO - Sync 1 DAGs
[2026-02-13T08:22:36.885+0000] {logging_mixin.py:188} INFO - [2026-02-13T08:22:36.885+0000] {dag.py:3823} INFO - Setting next_dagrun for ecommerce_etl_v2 to 2026-02-12 13:00:00+00:00, run_after=2026-02-13 13:00:00+00:00
[2026-02-13T08:22:36.894+0000] {processor.py:183} INFO - Processing /opt/airflow/dags/etl_dag.py took 0.150 seconds
[2026-02-13T08:23:07.011+0000] {processor.py:161} INFO - Started process (PID=15725) to work on /opt/airflow/dags/etl_dag.py
[2026-02-13T08:23:07.011+0000] {processor.py:830} INFO - Processing file /opt/airflow/dags/etl_dag.py for tasks to queue
[2026-02-13T08:23:07.012+0000] {logging_mixin.py:188} INFO - [2026-02-13T08:23:07.012+0000] {dagbag.py:538} INFO - Filling up the DagBag from /opt/airflow/dags/etl_dag.py
[2026-02-13T08:23:07.050+0000] {logging_mixin.py:188} INFO - Warning: Your Kaggle API key is readable by other users on this system! To fix this, you can run 'chmod 600 /home/airflow/.kaggle/kaggle.json'
[2026-02-13T08:23:07.112+0000] {logging_mixin.py:188} WARNING - /home/airflow/.local/lib/python3.8/site-packages/airflow/models/baseoperator.py:437 AirflowProviderDeprecationWarning: `exists_ok` parameter is deprecated, please use `if_exists`
[2026-02-13T08:23:07.121+0000] {processor.py:840} INFO - DAG(s) 'ecommerce_etl_v2' retrieved from /opt/airflow/dags/etl_dag.py
[2026-02-13T08:23:07.140+0000] {logging_mixin.py:188} INFO - [2026-02-13T08:23:07.140+0000] {dag.py:3036} INFO - Sync 1 DAGs
[2026-02-13T08:23:07.152+0000] {logging_mixin.py:188} INFO - [2026-02-13T08:23:07.151+0000] {dag.py:3823} INFO - Setting next_dagrun for ecommerce_etl_v2 to 2026-02-12 13:00:00+00:00, run_after=2026-02-13 13:00:00+00:00
[2026-02-13T08:23:07.161+0000] {processor.py:183} INFO - Processing /opt/airflow/dags/etl_dag.py took 0.153 seconds
[2026-02-13T08:23:37.353+0000] {processor.py:161} INFO - Started process (PID=15756) to work on /opt/airflow/dags/etl_dag.py
[2026-02-13T08:23:37.354+0000] {processor.py:830} INFO - Processing file /opt/airflow/dags/etl_dag.py for tasks to queue
[2026-02-13T08:23:37.354+0000] {logging_mixin.py:188} INFO - [2026-02-13T08:23:37.354+0000] {dagbag.py:538} INFO - Filling up the DagBag from /opt/airflow/dags/etl_dag.py
[2026-02-13T08:23:37.398+0000] {logging_mixin.py:188} INFO - Warning: Your Kaggle API key is readable by other users on this system! To fix this, you can run 'chmod 600 /home/airflow/.kaggle/kaggle.json'
[2026-02-13T08:23:37.460+0000] {logging_mixin.py:188} WARNING - /home/airflow/.local/lib/python3.8/site-packages/airflow/models/baseoperator.py:437 AirflowProviderDeprecationWarning: `exists_ok` parameter is deprecated, please use `if_exists`
[2026-02-13T08:23:37.469+0000] {processor.py:840} INFO - DAG(s) 'ecommerce_etl_v2' retrieved from /opt/airflow/dags/etl_dag.py
[2026-02-13T08:23:37.487+0000] {logging_mixin.py:188} INFO - [2026-02-13T08:23:37.487+0000] {dag.py:3036} INFO - Sync 1 DAGs
[2026-02-13T08:23:37.497+0000] {logging_mixin.py:188} INFO - [2026-02-13T08:23:37.497+0000] {dag.py:3823} INFO - Setting next_dagrun for ecommerce_etl_v2 to 2026-02-12 13:00:00+00:00, run_after=2026-02-13 13:00:00+00:00
[2026-02-13T08:23:37.507+0000] {processor.py:183} INFO - Processing /opt/airflow/dags/etl_dag.py took 0.157 seconds
[2026-02-13T08:24:07.752+0000] {processor.py:161} INFO - Started process (PID=15787) to work on /opt/airflow/dags/etl_dag.py
[2026-02-13T08:24:07.755+0000] {processor.py:830} INFO - Processing file /opt/airflow/dags/etl_dag.py for tasks to queue
[2026-02-13T08:24:07.755+0000] {logging_mixin.py:188} INFO - [2026-02-13T08:24:07.755+0000] {dagbag.py:538} INFO - Filling up the DagBag from /opt/airflow/dags/etl_dag.py
[2026-02-13T08:24:07.804+0000] {logging_mixin.py:188} INFO - Warning: Your Kaggle API key is readable by other users on this system! To fix this, you can run 'chmod 600 /home/airflow/.kaggle/kaggle.json'
[2026-02-13T08:24:07.866+0000] {logging_mixin.py:188} WARNING - /home/airflow/.local/lib/python3.8/site-packages/airflow/models/baseoperator.py:437 AirflowProviderDeprecationWarning: `exists_ok` parameter is deprecated, please use `if_exists`
[2026-02-13T08:24:07.875+0000] {processor.py:840} INFO - DAG(s) 'ecommerce_etl_v2' retrieved from /opt/airflow/dags/etl_dag.py
[2026-02-13T08:24:07.895+0000] {logging_mixin.py:188} INFO - [2026-02-13T08:24:07.895+0000] {dag.py:3036} INFO - Sync 1 DAGs
[2026-02-13T08:24:07.907+0000] {logging_mixin.py:188} INFO - [2026-02-13T08:24:07.907+0000] {dag.py:3823} INFO - Setting next_dagrun for ecommerce_etl_v2 to 2026-02-12 13:00:00+00:00, run_after=2026-02-13 13:00:00+00:00
[2026-02-13T08:24:07.917+0000] {processor.py:183} INFO - Processing /opt/airflow/dags/etl_dag.py took 0.169 seconds
[2026-02-13T08:24:38.127+0000] {processor.py:161} INFO - Started process (PID=15818) to work on /opt/airflow/dags/etl_dag.py
[2026-02-13T08:24:38.128+0000] {processor.py:830} INFO - Processing file /opt/airflow/dags/etl_dag.py for tasks to queue
[2026-02-13T08:24:38.129+0000] {logging_mixin.py:188} INFO - [2026-02-13T08:24:38.129+0000] {dagbag.py:538} INFO - Filling up the DagBag from /opt/airflow/dags/etl_dag.py
[2026-02-13T08:24:38.176+0000] {logging_mixin.py:188} INFO - Warning: Your Kaggle API key is readable by other users on this system! To fix this, you can run 'chmod 600 /home/airflow/.kaggle/kaggle.json'
[2026-02-13T08:24:38.239+0000] {logging_mixin.py:188} WARNING - /home/airflow/.local/lib/python3.8/site-packages/airflow/models/baseoperator.py:437 AirflowProviderDeprecationWarning: `exists_ok` parameter is deprecated, please use `if_exists`
[2026-02-13T08:24:38.249+0000] {processor.py:840} INFO - DAG(s) 'ecommerce_etl_v2' retrieved from /opt/airflow/dags/etl_dag.py
[2026-02-13T08:24:38.269+0000] {logging_mixin.py:188} INFO - [2026-02-13T08:24:38.269+0000] {dag.py:3036} INFO - Sync 1 DAGs
[2026-02-13T08:24:38.280+0000] {logging_mixin.py:188} INFO - [2026-02-13T08:24:38.280+0000] {dag.py:3823} INFO - Setting next_dagrun for ecommerce_etl_v2 to 2026-02-12 13:00:00+00:00, run_after=2026-02-13 13:00:00+00:00
[2026-02-13T08:24:38.290+0000] {processor.py:183} INFO - Processing /opt/airflow/dags/etl_dag.py took 0.165 seconds
[2026-02-13T08:25:08.447+0000] {processor.py:161} INFO - Started process (PID=15849) to work on /opt/airflow/dags/etl_dag.py
[2026-02-13T08:25:08.448+0000] {processor.py:830} INFO - Processing file /opt/airflow/dags/etl_dag.py for tasks to queue
[2026-02-13T08:25:08.449+0000] {logging_mixin.py:188} INFO - [2026-02-13T08:25:08.449+0000] {dagbag.py:538} INFO - Filling up the DagBag from /opt/airflow/dags/etl_dag.py
[2026-02-13T08:25:08.495+0000] {logging_mixin.py:188} INFO - Warning: Your Kaggle API key is readable by other users on this system! To fix this, you can run 'chmod 600 /home/airflow/.kaggle/kaggle.json'
[2026-02-13T08:25:08.555+0000] {logging_mixin.py:188} WARNING - /home/airflow/.local/lib/python3.8/site-packages/airflow/models/baseoperator.py:437 AirflowProviderDeprecationWarning: `exists_ok` parameter is deprecated, please use `if_exists`
[2026-02-13T08:25:08.564+0000] {processor.py:840} INFO - DAG(s) 'ecommerce_etl_v2' retrieved from /opt/airflow/dags/etl_dag.py
[2026-02-13T08:25:08.584+0000] {logging_mixin.py:188} INFO - [2026-02-13T08:25:08.584+0000] {dag.py:3036} INFO - Sync 1 DAGs
[2026-02-13T08:25:08.594+0000] {logging_mixin.py:188} INFO - [2026-02-13T08:25:08.594+0000] {dag.py:3823} INFO - Setting next_dagrun for ecommerce_etl_v2 to 2026-02-12 13:00:00+00:00, run_after=2026-02-13 13:00:00+00:00
[2026-02-13T08:25:08.603+0000] {processor.py:183} INFO - Processing /opt/airflow/dags/etl_dag.py took 0.160 seconds
[2026-02-13T08:25:38.937+0000] {processor.py:161} INFO - Started process (PID=15880) to work on /opt/airflow/dags/etl_dag.py
[2026-02-13T08:25:38.938+0000] {processor.py:830} INFO - Processing file /opt/airflow/dags/etl_dag.py for tasks to queue
[2026-02-13T08:25:38.939+0000] {logging_mixin.py:188} INFO - [2026-02-13T08:25:38.938+0000] {dagbag.py:538} INFO - Filling up the DagBag from /opt/airflow/dags/etl_dag.py
[2026-02-13T08:25:38.980+0000] {logging_mixin.py:188} INFO - Warning: Your Kaggle API key is readable by other users on this system! To fix this, you can run 'chmod 600 /home/airflow/.kaggle/kaggle.json'
[2026-02-13T08:25:39.045+0000] {logging_mixin.py:188} WARNING - /home/airflow/.local/lib/python3.8/site-packages/airflow/models/baseoperator.py:437 AirflowProviderDeprecationWarning: `exists_ok` parameter is deprecated, please use `if_exists`
[2026-02-13T08:25:39.053+0000] {processor.py:840} INFO - DAG(s) 'ecommerce_etl_v2' retrieved from /opt/airflow/dags/etl_dag.py
[2026-02-13T08:25:39.072+0000] {logging_mixin.py:188} INFO - [2026-02-13T08:25:39.072+0000] {dag.py:3036} INFO - Sync 1 DAGs
[2026-02-13T08:25:39.082+0000] {logging_mixin.py:188} INFO - [2026-02-13T08:25:39.082+0000] {dag.py:3823} INFO - Setting next_dagrun for ecommerce_etl_v2 to 2026-02-12 13:00:00+00:00, run_after=2026-02-13 13:00:00+00:00
[2026-02-13T08:25:39.091+0000] {processor.py:183} INFO - Processing /opt/airflow/dags/etl_dag.py took 0.156 seconds
[2026-02-13T08:26:09.292+0000] {processor.py:161} INFO - Started process (PID=15911) to work on /opt/airflow/dags/etl_dag.py
[2026-02-13T08:26:09.293+0000] {processor.py:830} INFO - Processing file /opt/airflow/dags/etl_dag.py for tasks to queue
[2026-02-13T08:26:09.294+0000] {logging_mixin.py:188} INFO - [2026-02-13T08:26:09.294+0000] {dagbag.py:538} INFO - Filling up the DagBag from /opt/airflow/dags/etl_dag.py
[2026-02-13T08:26:09.344+0000] {logging_mixin.py:188} INFO - Warning: Your Kaggle API key is readable by other users on this system! To fix this, you can run 'chmod 600 /home/airflow/.kaggle/kaggle.json'
[2026-02-13T08:26:09.403+0000] {logging_mixin.py:188} WARNING - /home/airflow/.local/lib/python3.8/site-packages/airflow/models/baseoperator.py:437 AirflowProviderDeprecationWarning: `exists_ok` parameter is deprecated, please use `if_exists`
[2026-02-13T08:26:09.412+0000] {processor.py:840} INFO - DAG(s) 'ecommerce_etl_v2' retrieved from /opt/airflow/dags/etl_dag.py
[2026-02-13T08:26:09.431+0000] {logging_mixin.py:188} INFO - [2026-02-13T08:26:09.431+0000] {dag.py:3036} INFO - Sync 1 DAGs
[2026-02-13T08:26:09.441+0000] {logging_mixin.py:188} INFO - [2026-02-13T08:26:09.441+0000] {dag.py:3823} INFO - Setting next_dagrun for ecommerce_etl_v2 to 2026-02-12 13:00:00+00:00, run_after=2026-02-13 13:00:00+00:00
[2026-02-13T08:26:09.450+0000] {processor.py:183} INFO - Processing /opt/airflow/dags/etl_dag.py took 0.162 seconds
[2026-02-13T08:26:39.564+0000] {processor.py:161} INFO - Started process (PID=15942) to work on /opt/airflow/dags/etl_dag.py
[2026-02-13T08:26:39.565+0000] {processor.py:830} INFO - Processing file /opt/airflow/dags/etl_dag.py for tasks to queue
[2026-02-13T08:26:39.567+0000] {logging_mixin.py:188} INFO - [2026-02-13T08:26:39.566+0000] {dagbag.py:538} INFO - Filling up the DagBag from /opt/airflow/dags/etl_dag.py
[2026-02-13T08:26:39.611+0000] {logging_mixin.py:188} INFO - Warning: Your Kaggle API key is readable by other users on this system! To fix this, you can run 'chmod 600 /home/airflow/.kaggle/kaggle.json'
[2026-02-13T08:26:39.676+0000] {logging_mixin.py:188} WARNING - /home/airflow/.local/lib/python3.8/site-packages/airflow/models/baseoperator.py:437 AirflowProviderDeprecationWarning: `exists_ok` parameter is deprecated, please use `if_exists`
[2026-02-13T08:26:39.688+0000] {processor.py:840} INFO - DAG(s) 'ecommerce_etl_v2' retrieved from /opt/airflow/dags/etl_dag.py
[2026-02-13T08:26:39.708+0000] {logging_mixin.py:188} INFO - [2026-02-13T08:26:39.708+0000] {dag.py:3036} INFO - Sync 1 DAGs
[2026-02-13T08:26:39.720+0000] {logging_mixin.py:188} INFO - [2026-02-13T08:26:39.720+0000] {dag.py:3823} INFO - Setting next_dagrun for ecommerce_etl_v2 to 2026-02-12 13:00:00+00:00, run_after=2026-02-13 13:00:00+00:00
[2026-02-13T08:26:39.731+0000] {processor.py:183} INFO - Processing /opt/airflow/dags/etl_dag.py took 0.173 seconds
[2026-02-13T08:27:09.929+0000] {processor.py:161} INFO - Started process (PID=15973) to work on /opt/airflow/dags/etl_dag.py
[2026-02-13T08:27:09.930+0000] {processor.py:830} INFO - Processing file /opt/airflow/dags/etl_dag.py for tasks to queue
[2026-02-13T08:27:09.931+0000] {logging_mixin.py:188} INFO - [2026-02-13T08:27:09.931+0000] {dagbag.py:538} INFO - Filling up the DagBag from /opt/airflow/dags/etl_dag.py
[2026-02-13T08:27:09.977+0000] {logging_mixin.py:188} INFO - Warning: Your Kaggle API key is readable by other users on this system! To fix this, you can run 'chmod 600 /home/airflow/.kaggle/kaggle.json'
[2026-02-13T08:27:10.038+0000] {logging_mixin.py:188} WARNING - /home/airflow/.local/lib/python3.8/site-packages/airflow/models/baseoperator.py:437 AirflowProviderDeprecationWarning: `exists_ok` parameter is deprecated, please use `if_exists`
[2026-02-13T08:27:10.047+0000] {processor.py:840} INFO - DAG(s) 'ecommerce_etl_v2' retrieved from /opt/airflow/dags/etl_dag.py
[2026-02-13T08:27:10.066+0000] {logging_mixin.py:188} INFO - [2026-02-13T08:27:10.065+0000] {dag.py:3036} INFO - Sync 1 DAGs
[2026-02-13T08:27:10.076+0000] {logging_mixin.py:188} INFO - [2026-02-13T08:27:10.076+0000] {dag.py:3823} INFO - Setting next_dagrun for ecommerce_etl_v2 to 2026-02-12 13:00:00+00:00, run_after=2026-02-13 13:00:00+00:00
[2026-02-13T08:27:10.084+0000] {processor.py:183} INFO - Processing /opt/airflow/dags/etl_dag.py took 0.160 seconds
[2026-02-13T08:27:40.207+0000] {processor.py:161} INFO - Started process (PID=16004) to work on /opt/airflow/dags/etl_dag.py
[2026-02-13T08:27:40.208+0000] {processor.py:830} INFO - Processing file /opt/airflow/dags/etl_dag.py for tasks to queue
[2026-02-13T08:27:40.209+0000] {logging_mixin.py:188} INFO - [2026-02-13T08:27:40.209+0000] {dagbag.py:538} INFO - Filling up the DagBag from /opt/airflow/dags/etl_dag.py
[2026-02-13T08:27:40.250+0000] {logging_mixin.py:188} INFO - Warning: Your Kaggle API key is readable by other users on this system! To fix this, you can run 'chmod 600 /home/airflow/.kaggle/kaggle.json'
[2026-02-13T08:27:40.309+0000] {logging_mixin.py:188} WARNING - /home/airflow/.local/lib/python3.8/site-packages/airflow/models/baseoperator.py:437 AirflowProviderDeprecationWarning: `exists_ok` parameter is deprecated, please use `if_exists`
[2026-02-13T08:27:40.318+0000] {processor.py:840} INFO - DAG(s) 'ecommerce_etl_v2' retrieved from /opt/airflow/dags/etl_dag.py
[2026-02-13T08:27:40.336+0000] {logging_mixin.py:188} INFO - [2026-02-13T08:27:40.336+0000] {dag.py:3036} INFO - Sync 1 DAGs
[2026-02-13T08:27:40.346+0000] {logging_mixin.py:188} INFO - [2026-02-13T08:27:40.346+0000] {dag.py:3823} INFO - Setting next_dagrun for ecommerce_etl_v2 to 2026-02-12 13:00:00+00:00, run_after=2026-02-13 13:00:00+00:00
[2026-02-13T08:27:40.355+0000] {processor.py:183} INFO - Processing /opt/airflow/dags/etl_dag.py took 0.151 seconds
[2026-02-13T08:28:10.631+0000] {processor.py:161} INFO - Started process (PID=16035) to work on /opt/airflow/dags/etl_dag.py
[2026-02-13T08:28:10.631+0000] {processor.py:830} INFO - Processing file /opt/airflow/dags/etl_dag.py for tasks to queue
[2026-02-13T08:28:10.632+0000] {logging_mixin.py:188} INFO - [2026-02-13T08:28:10.632+0000] {dagbag.py:538} INFO - Filling up the DagBag from /opt/airflow/dags/etl_dag.py
[2026-02-13T08:28:10.676+0000] {logging_mixin.py:188} INFO - Warning: Your Kaggle API key is readable by other users on this system! To fix this, you can run 'chmod 600 /home/airflow/.kaggle/kaggle.json'
[2026-02-13T08:28:10.735+0000] {logging_mixin.py:188} WARNING - /home/airflow/.local/lib/python3.8/site-packages/airflow/models/baseoperator.py:437 AirflowProviderDeprecationWarning: `exists_ok` parameter is deprecated, please use `if_exists`
[2026-02-13T08:28:10.744+0000] {processor.py:840} INFO - DAG(s) 'ecommerce_etl_v2' retrieved from /opt/airflow/dags/etl_dag.py
[2026-02-13T08:28:10.762+0000] {logging_mixin.py:188} INFO - [2026-02-13T08:28:10.762+0000] {dag.py:3036} INFO - Sync 1 DAGs
[2026-02-13T08:28:10.772+0000] {logging_mixin.py:188} INFO - [2026-02-13T08:28:10.772+0000] {dag.py:3823} INFO - Setting next_dagrun for ecommerce_etl_v2 to 2026-02-12 13:00:00+00:00, run_after=2026-02-13 13:00:00+00:00
[2026-02-13T08:28:10.781+0000] {processor.py:183} INFO - Processing /opt/airflow/dags/etl_dag.py took 0.153 seconds
[2026-02-13T08:28:40.956+0000] {processor.py:161} INFO - Started process (PID=16066) to work on /opt/airflow/dags/etl_dag.py
[2026-02-13T08:28:40.958+0000] {processor.py:830} INFO - Processing file /opt/airflow/dags/etl_dag.py for tasks to queue
[2026-02-13T08:28:40.958+0000] {logging_mixin.py:188} INFO - [2026-02-13T08:28:40.958+0000] {dagbag.py:538} INFO - Filling up the DagBag from /opt/airflow/dags/etl_dag.py
[2026-02-13T08:28:41.005+0000] {logging_mixin.py:188} INFO - Warning: Your Kaggle API key is readable by other users on this system! To fix this, you can run 'chmod 600 /home/airflow/.kaggle/kaggle.json'
[2026-02-13T08:28:41.067+0000] {logging_mixin.py:188} WARNING - /home/airflow/.local/lib/python3.8/site-packages/airflow/models/baseoperator.py:437 AirflowProviderDeprecationWarning: `exists_ok` parameter is deprecated, please use `if_exists`
[2026-02-13T08:28:41.076+0000] {processor.py:840} INFO - DAG(s) 'ecommerce_etl_v2' retrieved from /opt/airflow/dags/etl_dag.py
[2026-02-13T08:28:41.095+0000] {logging_mixin.py:188} INFO - [2026-02-13T08:28:41.095+0000] {dag.py:3036} INFO - Sync 1 DAGs
[2026-02-13T08:28:41.105+0000] {logging_mixin.py:188} INFO - [2026-02-13T08:28:41.105+0000] {dag.py:3823} INFO - Setting next_dagrun for ecommerce_etl_v2 to 2026-02-12 13:00:00+00:00, run_after=2026-02-13 13:00:00+00:00
[2026-02-13T08:28:41.116+0000] {processor.py:183} INFO - Processing /opt/airflow/dags/etl_dag.py took 0.163 seconds
[2026-02-13T08:29:11.332+0000] {processor.py:161} INFO - Started process (PID=16097) to work on /opt/airflow/dags/etl_dag.py
[2026-02-13T08:29:11.333+0000] {processor.py:830} INFO - Processing file /opt/airflow/dags/etl_dag.py for tasks to queue
[2026-02-13T08:29:11.334+0000] {logging_mixin.py:188} INFO - [2026-02-13T08:29:11.334+0000] {dagbag.py:538} INFO - Filling up the DagBag from /opt/airflow/dags/etl_dag.py
[2026-02-13T08:29:11.378+0000] {logging_mixin.py:188} INFO - Warning: Your Kaggle API key is readable by other users on this system! To fix this, you can run 'chmod 600 /home/airflow/.kaggle/kaggle.json'
[2026-02-13T08:29:11.440+0000] {logging_mixin.py:188} WARNING - /home/airflow/.local/lib/python3.8/site-packages/airflow/models/baseoperator.py:437 AirflowProviderDeprecationWarning: `exists_ok` parameter is deprecated, please use `if_exists`
[2026-02-13T08:29:11.449+0000] {processor.py:840} INFO - DAG(s) 'ecommerce_etl_v2' retrieved from /opt/airflow/dags/etl_dag.py
[2026-02-13T08:29:11.470+0000] {logging_mixin.py:188} INFO - [2026-02-13T08:29:11.470+0000] {dag.py:3036} INFO - Sync 1 DAGs
[2026-02-13T08:29:11.481+0000] {logging_mixin.py:188} INFO - [2026-02-13T08:29:11.481+0000] {dag.py:3823} INFO - Setting next_dagrun for ecommerce_etl_v2 to 2026-02-12 13:00:00+00:00, run_after=2026-02-13 13:00:00+00:00
[2026-02-13T08:29:11.491+0000] {processor.py:183} INFO - Processing /opt/airflow/dags/etl_dag.py took 0.162 seconds
[2026-02-13T08:29:41.690+0000] {processor.py:161} INFO - Started process (PID=16128) to work on /opt/airflow/dags/etl_dag.py
[2026-02-13T08:29:41.691+0000] {processor.py:830} INFO - Processing file /opt/airflow/dags/etl_dag.py for tasks to queue
[2026-02-13T08:29:41.692+0000] {logging_mixin.py:188} INFO - [2026-02-13T08:29:41.692+0000] {dagbag.py:538} INFO - Filling up the DagBag from /opt/airflow/dags/etl_dag.py
[2026-02-13T08:29:41.737+0000] {logging_mixin.py:188} INFO - Warning: Your Kaggle API key is readable by other users on this system! To fix this, you can run 'chmod 600 /home/airflow/.kaggle/kaggle.json'
[2026-02-13T08:29:41.796+0000] {logging_mixin.py:188} WARNING - /home/airflow/.local/lib/python3.8/site-packages/airflow/models/baseoperator.py:437 AirflowProviderDeprecationWarning: `exists_ok` parameter is deprecated, please use `if_exists`
[2026-02-13T08:29:41.805+0000] {processor.py:840} INFO - DAG(s) 'ecommerce_etl_v2' retrieved from /opt/airflow/dags/etl_dag.py
[2026-02-13T08:29:41.823+0000] {logging_mixin.py:188} INFO - [2026-02-13T08:29:41.823+0000] {dag.py:3036} INFO - Sync 1 DAGs
[2026-02-13T08:29:41.834+0000] {logging_mixin.py:188} INFO - [2026-02-13T08:29:41.834+0000] {dag.py:3823} INFO - Setting next_dagrun for ecommerce_etl_v2 to 2026-02-12 13:00:00+00:00, run_after=2026-02-13 13:00:00+00:00
[2026-02-13T08:29:41.843+0000] {processor.py:183} INFO - Processing /opt/airflow/dags/etl_dag.py took 0.158 seconds
[2026-02-13T08:30:12.064+0000] {processor.py:161} INFO - Started process (PID=16159) to work on /opt/airflow/dags/etl_dag.py
[2026-02-13T08:30:12.066+0000] {processor.py:830} INFO - Processing file /opt/airflow/dags/etl_dag.py for tasks to queue
[2026-02-13T08:30:12.066+0000] {logging_mixin.py:188} INFO - [2026-02-13T08:30:12.066+0000] {dagbag.py:538} INFO - Filling up the DagBag from /opt/airflow/dags/etl_dag.py
[2026-02-13T08:30:12.111+0000] {logging_mixin.py:188} INFO - Warning: Your Kaggle API key is readable by other users on this system! To fix this, you can run 'chmod 600 /home/airflow/.kaggle/kaggle.json'
[2026-02-13T08:30:12.172+0000] {logging_mixin.py:188} WARNING - /home/airflow/.local/lib/python3.8/site-packages/airflow/models/baseoperator.py:437 AirflowProviderDeprecationWarning: `exists_ok` parameter is deprecated, please use `if_exists`
[2026-02-13T08:30:12.180+0000] {processor.py:840} INFO - DAG(s) 'ecommerce_etl_v2' retrieved from /opt/airflow/dags/etl_dag.py
[2026-02-13T08:30:12.199+0000] {logging_mixin.py:188} INFO - [2026-02-13T08:30:12.199+0000] {dag.py:3036} INFO - Sync 1 DAGs
[2026-02-13T08:30:12.209+0000] {logging_mixin.py:188} INFO - [2026-02-13T08:30:12.209+0000] {dag.py:3823} INFO - Setting next_dagrun for ecommerce_etl_v2 to 2026-02-12 13:00:00+00:00, run_after=2026-02-13 13:00:00+00:00
[2026-02-13T08:30:12.218+0000] {processor.py:183} INFO - Processing /opt/airflow/dags/etl_dag.py took 0.158 seconds
[2026-02-13T08:30:42.400+0000] {processor.py:161} INFO - Started process (PID=16190) to work on /opt/airflow/dags/etl_dag.py
[2026-02-13T08:30:42.401+0000] {processor.py:830} INFO - Processing file /opt/airflow/dags/etl_dag.py for tasks to queue
[2026-02-13T08:30:42.402+0000] {logging_mixin.py:188} INFO - [2026-02-13T08:30:42.402+0000] {dagbag.py:538} INFO - Filling up the DagBag from /opt/airflow/dags/etl_dag.py
[2026-02-13T08:30:42.448+0000] {logging_mixin.py:188} INFO - Warning: Your Kaggle API key is readable by other users on this system! To fix this, you can run 'chmod 600 /home/airflow/.kaggle/kaggle.json'
[2026-02-13T08:30:42.509+0000] {logging_mixin.py:188} WARNING - /home/airflow/.local/lib/python3.8/site-packages/airflow/models/baseoperator.py:437 AirflowProviderDeprecationWarning: `exists_ok` parameter is deprecated, please use `if_exists`
[2026-02-13T08:30:42.517+0000] {processor.py:840} INFO - DAG(s) 'ecommerce_etl_v2' retrieved from /opt/airflow/dags/etl_dag.py
[2026-02-13T08:30:42.535+0000] {logging_mixin.py:188} INFO - [2026-02-13T08:30:42.535+0000] {dag.py:3036} INFO - Sync 1 DAGs
[2026-02-13T08:30:42.545+0000] {logging_mixin.py:188} INFO - [2026-02-13T08:30:42.545+0000] {dag.py:3823} INFO - Setting next_dagrun for ecommerce_etl_v2 to 2026-02-12 13:00:00+00:00, run_after=2026-02-13 13:00:00+00:00
[2026-02-13T08:30:42.555+0000] {processor.py:183} INFO - Processing /opt/airflow/dags/etl_dag.py took 0.159 seconds
[2026-02-13T08:31:12.811+0000] {processor.py:161} INFO - Started process (PID=16221) to work on /opt/airflow/dags/etl_dag.py
[2026-02-13T08:31:12.812+0000] {processor.py:830} INFO - Processing file /opt/airflow/dags/etl_dag.py for tasks to queue
[2026-02-13T08:31:12.814+0000] {logging_mixin.py:188} INFO - [2026-02-13T08:31:12.813+0000] {dagbag.py:538} INFO - Filling up the DagBag from /opt/airflow/dags/etl_dag.py
[2026-02-13T08:31:12.857+0000] {logging_mixin.py:188} INFO - Warning: Your Kaggle API key is readable by other users on this system! To fix this, you can run 'chmod 600 /home/airflow/.kaggle/kaggle.json'
[2026-02-13T08:31:12.917+0000] {logging_mixin.py:188} WARNING - /home/airflow/.local/lib/python3.8/site-packages/airflow/models/baseoperator.py:437 AirflowProviderDeprecationWarning: `exists_ok` parameter is deprecated, please use `if_exists`
[2026-02-13T08:31:12.926+0000] {processor.py:840} INFO - DAG(s) 'ecommerce_etl_v2' retrieved from /opt/airflow/dags/etl_dag.py
[2026-02-13T08:31:12.944+0000] {logging_mixin.py:188} INFO - [2026-02-13T08:31:12.944+0000] {dag.py:3036} INFO - Sync 1 DAGs
[2026-02-13T08:31:12.954+0000] {logging_mixin.py:188} INFO - [2026-02-13T08:31:12.954+0000] {dag.py:3823} INFO - Setting next_dagrun for ecommerce_etl_v2 to 2026-02-12 13:00:00+00:00, run_after=2026-02-13 13:00:00+00:00
[2026-02-13T08:31:12.962+0000] {processor.py:183} INFO - Processing /opt/airflow/dags/etl_dag.py took 0.156 seconds
[2026-02-13T08:31:43.149+0000] {processor.py:161} INFO - Started process (PID=16252) to work on /opt/airflow/dags/etl_dag.py
[2026-02-13T08:31:43.151+0000] {processor.py:830} INFO - Processing file /opt/airflow/dags/etl_dag.py for tasks to queue
[2026-02-13T08:31:43.152+0000] {logging_mixin.py:188} INFO - [2026-02-13T08:31:43.151+0000] {dagbag.py:538} INFO - Filling up the DagBag from /opt/airflow/dags/etl_dag.py
[2026-02-13T08:31:43.197+0000] {logging_mixin.py:188} INFO - Warning: Your Kaggle API key is readable by other users on this system! To fix this, you can run 'chmod 600 /home/airflow/.kaggle/kaggle.json'
[2026-02-13T08:31:43.257+0000] {logging_mixin.py:188} WARNING - /home/airflow/.local/lib/python3.8/site-packages/airflow/models/baseoperator.py:437 AirflowProviderDeprecationWarning: `exists_ok` parameter is deprecated, please use `if_exists`
[2026-02-13T08:31:43.267+0000] {processor.py:840} INFO - DAG(s) 'ecommerce_etl_v2' retrieved from /opt/airflow/dags/etl_dag.py
[2026-02-13T08:31:43.285+0000] {logging_mixin.py:188} INFO - [2026-02-13T08:31:43.285+0000] {dag.py:3036} INFO - Sync 1 DAGs
[2026-02-13T08:31:43.295+0000] {logging_mixin.py:188} INFO - [2026-02-13T08:31:43.295+0000] {dag.py:3823} INFO - Setting next_dagrun for ecommerce_etl_v2 to 2026-02-12 13:00:00+00:00, run_after=2026-02-13 13:00:00+00:00
[2026-02-13T08:31:43.306+0000] {processor.py:183} INFO - Processing /opt/airflow/dags/etl_dag.py took 0.161 seconds
[2026-02-13T08:32:13.492+0000] {processor.py:161} INFO - Started process (PID=16283) to work on /opt/airflow/dags/etl_dag.py
[2026-02-13T08:32:13.493+0000] {processor.py:830} INFO - Processing file /opt/airflow/dags/etl_dag.py for tasks to queue
[2026-02-13T08:32:13.494+0000] {logging_mixin.py:188} INFO - [2026-02-13T08:32:13.494+0000] {dagbag.py:538} INFO - Filling up the DagBag from /opt/airflow/dags/etl_dag.py
[2026-02-13T08:32:13.538+0000] {logging_mixin.py:188} INFO - Warning: Your Kaggle API key is readable by other users on this system! To fix this, you can run 'chmod 600 /home/airflow/.kaggle/kaggle.json'
[2026-02-13T08:32:13.598+0000] {logging_mixin.py:188} WARNING - /home/airflow/.local/lib/python3.8/site-packages/airflow/models/baseoperator.py:437 AirflowProviderDeprecationWarning: `exists_ok` parameter is deprecated, please use `if_exists`
[2026-02-13T08:32:13.607+0000] {processor.py:840} INFO - DAG(s) 'ecommerce_etl_v2' retrieved from /opt/airflow/dags/etl_dag.py
[2026-02-13T08:32:13.625+0000] {logging_mixin.py:188} INFO - [2026-02-13T08:32:13.625+0000] {dag.py:3036} INFO - Sync 1 DAGs
[2026-02-13T08:32:13.635+0000] {logging_mixin.py:188} INFO - [2026-02-13T08:32:13.635+0000] {dag.py:3823} INFO - Setting next_dagrun for ecommerce_etl_v2 to 2026-02-12 13:00:00+00:00, run_after=2026-02-13 13:00:00+00:00
[2026-02-13T08:32:13.644+0000] {processor.py:183} INFO - Processing /opt/airflow/dags/etl_dag.py took 0.156 seconds
[2026-02-13T08:32:43.927+0000] {processor.py:161} INFO - Started process (PID=16314) to work on /opt/airflow/dags/etl_dag.py
[2026-02-13T08:32:43.929+0000] {processor.py:830} INFO - Processing file /opt/airflow/dags/etl_dag.py for tasks to queue
[2026-02-13T08:32:43.930+0000] {logging_mixin.py:188} INFO - [2026-02-13T08:32:43.929+0000] {dagbag.py:538} INFO - Filling up the DagBag from /opt/airflow/dags/etl_dag.py
[2026-02-13T08:32:43.979+0000] {logging_mixin.py:188} INFO - Warning: Your Kaggle API key is readable by other users on this system! To fix this, you can run 'chmod 600 /home/airflow/.kaggle/kaggle.json'
[2026-02-13T08:32:44.041+0000] {logging_mixin.py:188} WARNING - /home/airflow/.local/lib/python3.8/site-packages/airflow/models/baseoperator.py:437 AirflowProviderDeprecationWarning: `exists_ok` parameter is deprecated, please use `if_exists`
[2026-02-13T08:32:44.051+0000] {processor.py:840} INFO - DAG(s) 'ecommerce_etl_v2' retrieved from /opt/airflow/dags/etl_dag.py
[2026-02-13T08:32:44.073+0000] {logging_mixin.py:188} INFO - [2026-02-13T08:32:44.072+0000] {dag.py:3036} INFO - Sync 1 DAGs
[2026-02-13T08:32:44.084+0000] {logging_mixin.py:188} INFO - [2026-02-13T08:32:44.084+0000] {dag.py:3823} INFO - Setting next_dagrun for ecommerce_etl_v2 to 2026-02-12 13:00:00+00:00, run_after=2026-02-13 13:00:00+00:00
[2026-02-13T08:32:44.095+0000] {processor.py:183} INFO - Processing /opt/airflow/dags/etl_dag.py took 0.171 seconds
[2026-02-13T08:33:14.265+0000] {processor.py:161} INFO - Started process (PID=16345) to work on /opt/airflow/dags/etl_dag.py
[2026-02-13T08:33:14.267+0000] {processor.py:830} INFO - Processing file /opt/airflow/dags/etl_dag.py for tasks to queue
[2026-02-13T08:33:14.268+0000] {logging_mixin.py:188} INFO - [2026-02-13T08:33:14.267+0000] {dagbag.py:538} INFO - Filling up the DagBag from /opt/airflow/dags/etl_dag.py
[2026-02-13T08:33:14.314+0000] {logging_mixin.py:188} INFO - Warning: Your Kaggle API key is readable by other users on this system! To fix this, you can run 'chmod 600 /home/airflow/.kaggle/kaggle.json'
[2026-02-13T08:33:14.373+0000] {logging_mixin.py:188} WARNING - /home/airflow/.local/lib/python3.8/site-packages/airflow/models/baseoperator.py:437 AirflowProviderDeprecationWarning: `exists_ok` parameter is deprecated, please use `if_exists`
[2026-02-13T08:33:14.381+0000] {processor.py:840} INFO - DAG(s) 'ecommerce_etl_v2' retrieved from /opt/airflow/dags/etl_dag.py
[2026-02-13T08:33:14.400+0000] {logging_mixin.py:188} INFO - [2026-02-13T08:33:14.399+0000] {dag.py:3036} INFO - Sync 1 DAGs
[2026-02-13T08:33:14.410+0000] {logging_mixin.py:188} INFO - [2026-02-13T08:33:14.410+0000] {dag.py:3823} INFO - Setting next_dagrun for ecommerce_etl_v2 to 2026-02-12 13:00:00+00:00, run_after=2026-02-13 13:00:00+00:00
[2026-02-13T08:33:14.418+0000] {processor.py:183} INFO - Processing /opt/airflow/dags/etl_dag.py took 0.158 seconds
[2026-02-13T08:33:44.618+0000] {processor.py:161} INFO - Started process (PID=16376) to work on /opt/airflow/dags/etl_dag.py
[2026-02-13T08:33:44.619+0000] {processor.py:830} INFO - Processing file /opt/airflow/dags/etl_dag.py for tasks to queue
[2026-02-13T08:33:44.619+0000] {logging_mixin.py:188} INFO - [2026-02-13T08:33:44.619+0000] {dagbag.py:538} INFO - Filling up the DagBag from /opt/airflow/dags/etl_dag.py
[2026-02-13T08:33:44.658+0000] {logging_mixin.py:188} INFO - Warning: Your Kaggle API key is readable by other users on this system! To fix this, you can run 'chmod 600 /home/airflow/.kaggle/kaggle.json'
[2026-02-13T08:33:44.722+0000] {logging_mixin.py:188} WARNING - /home/airflow/.local/lib/python3.8/site-packages/airflow/models/baseoperator.py:437 AirflowProviderDeprecationWarning: `exists_ok` parameter is deprecated, please use `if_exists`
[2026-02-13T08:33:44.733+0000] {processor.py:840} INFO - DAG(s) 'ecommerce_etl_v2' retrieved from /opt/airflow/dags/etl_dag.py
[2026-02-13T08:33:44.751+0000] {logging_mixin.py:188} INFO - [2026-02-13T08:33:44.751+0000] {dag.py:3036} INFO - Sync 1 DAGs
[2026-02-13T08:33:44.762+0000] {logging_mixin.py:188} INFO - [2026-02-13T08:33:44.762+0000] {dag.py:3823} INFO - Setting next_dagrun for ecommerce_etl_v2 to 2026-02-12 13:00:00+00:00, run_after=2026-02-13 13:00:00+00:00
[2026-02-13T08:33:44.771+0000] {processor.py:183} INFO - Processing /opt/airflow/dags/etl_dag.py took 0.156 seconds
[2026-02-13T08:34:15.072+0000] {processor.py:161} INFO - Started process (PID=16407) to work on /opt/airflow/dags/etl_dag.py
[2026-02-13T08:34:15.073+0000] {processor.py:830} INFO - Processing file /opt/airflow/dags/etl_dag.py for tasks to queue
[2026-02-13T08:34:15.074+0000] {logging_mixin.py:188} INFO - [2026-02-13T08:34:15.074+0000] {dagbag.py:538} INFO - Filling up the DagBag from /opt/airflow/dags/etl_dag.py
[2026-02-13T08:34:15.117+0000] {logging_mixin.py:188} INFO - Warning: Your Kaggle API key is readable by other users on this system! To fix this, you can run 'chmod 600 /home/airflow/.kaggle/kaggle.json'
[2026-02-13T08:34:15.176+0000] {logging_mixin.py:188} WARNING - /home/airflow/.local/lib/python3.8/site-packages/airflow/models/baseoperator.py:437 AirflowProviderDeprecationWarning: `exists_ok` parameter is deprecated, please use `if_exists`
[2026-02-13T08:34:15.185+0000] {processor.py:840} INFO - DAG(s) 'ecommerce_etl_v2' retrieved from /opt/airflow/dags/etl_dag.py
[2026-02-13T08:34:15.204+0000] {logging_mixin.py:188} INFO - [2026-02-13T08:34:15.204+0000] {dag.py:3036} INFO - Sync 1 DAGs
[2026-02-13T08:34:15.214+0000] {logging_mixin.py:188} INFO - [2026-02-13T08:34:15.214+0000] {dag.py:3823} INFO - Setting next_dagrun for ecommerce_etl_v2 to 2026-02-12 13:00:00+00:00, run_after=2026-02-13 13:00:00+00:00
[2026-02-13T08:34:15.222+0000] {processor.py:183} INFO - Processing /opt/airflow/dags/etl_dag.py took 0.153 seconds
[2026-02-13T08:34:45.357+0000] {processor.py:161} INFO - Started process (PID=16438) to work on /opt/airflow/dags/etl_dag.py
[2026-02-13T08:34:45.357+0000] {processor.py:830} INFO - Processing file /opt/airflow/dags/etl_dag.py for tasks to queue
[2026-02-13T08:34:45.358+0000] {logging_mixin.py:188} INFO - [2026-02-13T08:34:45.358+0000] {dagbag.py:538} INFO - Filling up the DagBag from /opt/airflow/dags/etl_dag.py
[2026-02-13T08:34:45.398+0000] {logging_mixin.py:188} INFO - Warning: Your Kaggle API key is readable by other users on this system! To fix this, you can run 'chmod 600 /home/airflow/.kaggle/kaggle.json'
[2026-02-13T08:34:45.457+0000] {logging_mixin.py:188} WARNING - /home/airflow/.local/lib/python3.8/site-packages/airflow/models/baseoperator.py:437 AirflowProviderDeprecationWarning: `exists_ok` parameter is deprecated, please use `if_exists`
[2026-02-13T08:34:45.466+0000] {processor.py:840} INFO - DAG(s) 'ecommerce_etl_v2' retrieved from /opt/airflow/dags/etl_dag.py
[2026-02-13T08:34:45.485+0000] {logging_mixin.py:188} INFO - [2026-02-13T08:34:45.485+0000] {dag.py:3036} INFO - Sync 1 DAGs
[2026-02-13T08:34:45.510+0000] {logging_mixin.py:188} INFO - [2026-02-13T08:34:45.509+0000] {dag.py:3823} INFO - Setting next_dagrun for ecommerce_etl_v2 to 2026-02-12 13:00:00+00:00, run_after=2026-02-13 13:00:00+00:00
[2026-02-13T08:34:45.530+0000] {processor.py:183} INFO - Processing /opt/airflow/dags/etl_dag.py took 0.176 seconds
[2026-02-13T08:35:15.823+0000] {processor.py:161} INFO - Started process (PID=16469) to work on /opt/airflow/dags/etl_dag.py
[2026-02-13T08:35:15.823+0000] {processor.py:830} INFO - Processing file /opt/airflow/dags/etl_dag.py for tasks to queue
[2026-02-13T08:35:15.824+0000] {logging_mixin.py:188} INFO - [2026-02-13T08:35:15.824+0000] {dagbag.py:538} INFO - Filling up the DagBag from /opt/airflow/dags/etl_dag.py
[2026-02-13T08:35:15.862+0000] {logging_mixin.py:188} INFO - Warning: Your Kaggle API key is readable by other users on this system! To fix this, you can run 'chmod 600 /home/airflow/.kaggle/kaggle.json'
[2026-02-13T08:35:15.922+0000] {logging_mixin.py:188} WARNING - /home/airflow/.local/lib/python3.8/site-packages/airflow/models/baseoperator.py:437 AirflowProviderDeprecationWarning: `exists_ok` parameter is deprecated, please use `if_exists`
[2026-02-13T08:35:15.931+0000] {processor.py:840} INFO - DAG(s) 'ecommerce_etl_v2' retrieved from /opt/airflow/dags/etl_dag.py
[2026-02-13T08:35:15.949+0000] {logging_mixin.py:188} INFO - [2026-02-13T08:35:15.949+0000] {dag.py:3036} INFO - Sync 1 DAGs
[2026-02-13T08:35:15.960+0000] {logging_mixin.py:188} INFO - [2026-02-13T08:35:15.959+0000] {dag.py:3823} INFO - Setting next_dagrun for ecommerce_etl_v2 to 2026-02-12 13:00:00+00:00, run_after=2026-02-13 13:00:00+00:00
[2026-02-13T08:35:15.968+0000] {processor.py:183} INFO - Processing /opt/airflow/dags/etl_dag.py took 0.147 seconds
[2026-02-13T08:35:46.161+0000] {processor.py:161} INFO - Started process (PID=16500) to work on /opt/airflow/dags/etl_dag.py
[2026-02-13T08:35:46.163+0000] {processor.py:830} INFO - Processing file /opt/airflow/dags/etl_dag.py for tasks to queue
[2026-02-13T08:35:46.165+0000] {logging_mixin.py:188} INFO - [2026-02-13T08:35:46.164+0000] {dagbag.py:538} INFO - Filling up the DagBag from /opt/airflow/dags/etl_dag.py
[2026-02-13T08:35:46.212+0000] {logging_mixin.py:188} INFO - Warning: Your Kaggle API key is readable by other users on this system! To fix this, you can run 'chmod 600 /home/airflow/.kaggle/kaggle.json'
[2026-02-13T08:35:46.274+0000] {logging_mixin.py:188} WARNING - /home/airflow/.local/lib/python3.8/site-packages/airflow/models/baseoperator.py:437 AirflowProviderDeprecationWarning: `exists_ok` parameter is deprecated, please use `if_exists`
[2026-02-13T08:35:46.283+0000] {processor.py:840} INFO - DAG(s) 'ecommerce_etl_v2' retrieved from /opt/airflow/dags/etl_dag.py
[2026-02-13T08:35:46.303+0000] {logging_mixin.py:188} INFO - [2026-02-13T08:35:46.303+0000] {dag.py:3036} INFO - Sync 1 DAGs
[2026-02-13T08:35:46.313+0000] {logging_mixin.py:188} INFO - [2026-02-13T08:35:46.313+0000] {dag.py:3823} INFO - Setting next_dagrun for ecommerce_etl_v2 to 2026-02-12 13:00:00+00:00, run_after=2026-02-13 13:00:00+00:00
[2026-02-13T08:35:46.323+0000] {processor.py:183} INFO - Processing /opt/airflow/dags/etl_dag.py took 0.166 seconds
[2026-02-13T08:36:16.482+0000] {processor.py:161} INFO - Started process (PID=16531) to work on /opt/airflow/dags/etl_dag.py
[2026-02-13T08:36:16.483+0000] {processor.py:830} INFO - Processing file /opt/airflow/dags/etl_dag.py for tasks to queue
[2026-02-13T08:36:16.484+0000] {logging_mixin.py:188} INFO - [2026-02-13T08:36:16.484+0000] {dagbag.py:538} INFO - Filling up the DagBag from /opt/airflow/dags/etl_dag.py
[2026-02-13T08:36:16.534+0000] {logging_mixin.py:188} INFO - Warning: Your Kaggle API key is readable by other users on this system! To fix this, you can run 'chmod 600 /home/airflow/.kaggle/kaggle.json'
[2026-02-13T08:36:16.599+0000] {logging_mixin.py:188} WARNING - /home/airflow/.local/lib/python3.8/site-packages/airflow/models/baseoperator.py:437 AirflowProviderDeprecationWarning: `exists_ok` parameter is deprecated, please use `if_exists`
[2026-02-13T08:36:16.609+0000] {processor.py:840} INFO - DAG(s) 'ecommerce_etl_v2' retrieved from /opt/airflow/dags/etl_dag.py
[2026-02-13T08:36:16.629+0000] {logging_mixin.py:188} INFO - [2026-02-13T08:36:16.629+0000] {dag.py:3036} INFO - Sync 1 DAGs
[2026-02-13T08:36:16.640+0000] {logging_mixin.py:188} INFO - [2026-02-13T08:36:16.640+0000] {dag.py:3823} INFO - Setting next_dagrun for ecommerce_etl_v2 to 2026-02-12 13:00:00+00:00, run_after=2026-02-13 13:00:00+00:00
[2026-02-13T08:36:16.650+0000] {processor.py:183} INFO - Processing /opt/airflow/dags/etl_dag.py took 0.171 seconds
[2026-02-13T08:36:46.780+0000] {processor.py:161} INFO - Started process (PID=16562) to work on /opt/airflow/dags/etl_dag.py
[2026-02-13T08:36:46.781+0000] {processor.py:830} INFO - Processing file /opt/airflow/dags/etl_dag.py for tasks to queue
[2026-02-13T08:36:46.781+0000] {logging_mixin.py:188} INFO - [2026-02-13T08:36:46.781+0000] {dagbag.py:538} INFO - Filling up the DagBag from /opt/airflow/dags/etl_dag.py
[2026-02-13T08:36:46.825+0000] {logging_mixin.py:188} INFO - Warning: Your Kaggle API key is readable by other users on this system! To fix this, you can run 'chmod 600 /home/airflow/.kaggle/kaggle.json'
[2026-02-13T08:36:46.886+0000] {logging_mixin.py:188} WARNING - /home/airflow/.local/lib/python3.8/site-packages/airflow/models/baseoperator.py:437 AirflowProviderDeprecationWarning: `exists_ok` parameter is deprecated, please use `if_exists`
[2026-02-13T08:36:46.898+0000] {processor.py:840} INFO - DAG(s) 'ecommerce_etl_v2' retrieved from /opt/airflow/dags/etl_dag.py
[2026-02-13T08:36:46.917+0000] {logging_mixin.py:188} INFO - [2026-02-13T08:36:46.917+0000] {dag.py:3036} INFO - Sync 1 DAGs
[2026-02-13T08:36:46.928+0000] {logging_mixin.py:188} INFO - [2026-02-13T08:36:46.928+0000] {dag.py:3823} INFO - Setting next_dagrun for ecommerce_etl_v2 to 2026-02-12 13:00:00+00:00, run_after=2026-02-13 13:00:00+00:00
[2026-02-13T08:36:46.938+0000] {processor.py:183} INFO - Processing /opt/airflow/dags/etl_dag.py took 0.160 seconds
[2026-02-13T08:37:17.153+0000] {processor.py:161} INFO - Started process (PID=16593) to work on /opt/airflow/dags/etl_dag.py
[2026-02-13T08:37:17.154+0000] {processor.py:830} INFO - Processing file /opt/airflow/dags/etl_dag.py for tasks to queue
[2026-02-13T08:37:17.154+0000] {logging_mixin.py:188} INFO - [2026-02-13T08:37:17.154+0000] {dagbag.py:538} INFO - Filling up the DagBag from /opt/airflow/dags/etl_dag.py
[2026-02-13T08:37:17.192+0000] {logging_mixin.py:188} INFO - Warning: Your Kaggle API key is readable by other users on this system! To fix this, you can run 'chmod 600 /home/airflow/.kaggle/kaggle.json'
[2026-02-13T08:37:17.252+0000] {logging_mixin.py:188} WARNING - /home/airflow/.local/lib/python3.8/site-packages/airflow/models/baseoperator.py:437 AirflowProviderDeprecationWarning: `exists_ok` parameter is deprecated, please use `if_exists`
[2026-02-13T08:37:17.261+0000] {processor.py:840} INFO - DAG(s) 'ecommerce_etl_v2' retrieved from /opt/airflow/dags/etl_dag.py
[2026-02-13T08:37:17.279+0000] {logging_mixin.py:188} INFO - [2026-02-13T08:37:17.279+0000] {dag.py:3036} INFO - Sync 1 DAGs
[2026-02-13T08:37:17.290+0000] {logging_mixin.py:188} INFO - [2026-02-13T08:37:17.290+0000] {dag.py:3823} INFO - Setting next_dagrun for ecommerce_etl_v2 to 2026-02-12 13:00:00+00:00, run_after=2026-02-13 13:00:00+00:00
[2026-02-13T08:37:17.298+0000] {processor.py:183} INFO - Processing /opt/airflow/dags/etl_dag.py took 0.148 seconds
[2026-02-13T08:37:47.388+0000] {processor.py:161} INFO - Started process (PID=16624) to work on /opt/airflow/dags/etl_dag.py
[2026-02-13T08:37:47.389+0000] {processor.py:830} INFO - Processing file /opt/airflow/dags/etl_dag.py for tasks to queue
[2026-02-13T08:37:47.390+0000] {logging_mixin.py:188} INFO - [2026-02-13T08:37:47.390+0000] {dagbag.py:538} INFO - Filling up the DagBag from /opt/airflow/dags/etl_dag.py
[2026-02-13T08:37:47.433+0000] {logging_mixin.py:188} INFO - Warning: Your Kaggle API key is readable by other users on this system! To fix this, you can run 'chmod 600 /home/airflow/.kaggle/kaggle.json'
[2026-02-13T08:37:47.493+0000] {logging_mixin.py:188} WARNING - /home/airflow/.local/lib/python3.8/site-packages/airflow/models/baseoperator.py:437 AirflowProviderDeprecationWarning: `exists_ok` parameter is deprecated, please use `if_exists`
[2026-02-13T08:37:47.502+0000] {processor.py:840} INFO - DAG(s) 'ecommerce_etl_v2' retrieved from /opt/airflow/dags/etl_dag.py
[2026-02-13T08:37:47.521+0000] {logging_mixin.py:188} INFO - [2026-02-13T08:37:47.521+0000] {dag.py:3036} INFO - Sync 1 DAGs
[2026-02-13T08:37:47.531+0000] {logging_mixin.py:188} INFO - [2026-02-13T08:37:47.531+0000] {dag.py:3823} INFO - Setting next_dagrun for ecommerce_etl_v2 to 2026-02-12 13:00:00+00:00, run_after=2026-02-13 13:00:00+00:00
[2026-02-13T08:37:47.540+0000] {processor.py:183} INFO - Processing /opt/airflow/dags/etl_dag.py took 0.156 seconds
[2026-02-13T08:38:17.781+0000] {processor.py:161} INFO - Started process (PID=16655) to work on /opt/airflow/dags/etl_dag.py
[2026-02-13T08:38:17.782+0000] {processor.py:830} INFO - Processing file /opt/airflow/dags/etl_dag.py for tasks to queue
[2026-02-13T08:38:17.783+0000] {logging_mixin.py:188} INFO - [2026-02-13T08:38:17.783+0000] {dagbag.py:538} INFO - Filling up the DagBag from /opt/airflow/dags/etl_dag.py
[2026-02-13T08:38:17.832+0000] {logging_mixin.py:188} INFO - Warning: Your Kaggle API key is readable by other users on this system! To fix this, you can run 'chmod 600 /home/airflow/.kaggle/kaggle.json'
[2026-02-13T08:38:17.891+0000] {logging_mixin.py:188} WARNING - /home/airflow/.local/lib/python3.8/site-packages/airflow/models/baseoperator.py:437 AirflowProviderDeprecationWarning: `exists_ok` parameter is deprecated, please use `if_exists`
[2026-02-13T08:38:17.901+0000] {processor.py:840} INFO - DAG(s) 'ecommerce_etl_v2' retrieved from /opt/airflow/dags/etl_dag.py
[2026-02-13T08:38:17.919+0000] {logging_mixin.py:188} INFO - [2026-02-13T08:38:17.919+0000] {dag.py:3036} INFO - Sync 1 DAGs
[2026-02-13T08:38:17.929+0000] {logging_mixin.py:188} INFO - [2026-02-13T08:38:17.929+0000] {dag.py:3823} INFO - Setting next_dagrun for ecommerce_etl_v2 to 2026-02-12 13:00:00+00:00, run_after=2026-02-13 13:00:00+00:00
[2026-02-13T08:38:17.937+0000] {processor.py:183} INFO - Processing /opt/airflow/dags/etl_dag.py took 0.160 seconds
[2026-02-13T08:38:48.131+0000] {processor.py:161} INFO - Started process (PID=16686) to work on /opt/airflow/dags/etl_dag.py
[2026-02-13T08:38:48.132+0000] {processor.py:830} INFO - Processing file /opt/airflow/dags/etl_dag.py for tasks to queue
[2026-02-13T08:38:48.133+0000] {logging_mixin.py:188} INFO - [2026-02-13T08:38:48.133+0000] {dagbag.py:538} INFO - Filling up the DagBag from /opt/airflow/dags/etl_dag.py
[2026-02-13T08:38:48.181+0000] {logging_mixin.py:188} INFO - Warning: Your Kaggle API key is readable by other users on this system! To fix this, you can run 'chmod 600 /home/airflow/.kaggle/kaggle.json'
[2026-02-13T08:38:48.240+0000] {logging_mixin.py:188} WARNING - /home/airflow/.local/lib/python3.8/site-packages/airflow/models/baseoperator.py:437 AirflowProviderDeprecationWarning: `exists_ok` parameter is deprecated, please use `if_exists`
[2026-02-13T08:38:48.249+0000] {processor.py:840} INFO - DAG(s) 'ecommerce_etl_v2' retrieved from /opt/airflow/dags/etl_dag.py
[2026-02-13T08:38:48.268+0000] {logging_mixin.py:188} INFO - [2026-02-13T08:38:48.268+0000] {dag.py:3036} INFO - Sync 1 DAGs
[2026-02-13T08:38:48.278+0000] {logging_mixin.py:188} INFO - [2026-02-13T08:38:48.278+0000] {dag.py:3823} INFO - Setting next_dagrun for ecommerce_etl_v2 to 2026-02-12 13:00:00+00:00, run_after=2026-02-13 13:00:00+00:00
[2026-02-13T08:38:48.287+0000] {processor.py:183} INFO - Processing /opt/airflow/dags/etl_dag.py took 0.160 seconds
[2026-02-13T08:39:18.572+0000] {processor.py:161} INFO - Started process (PID=16717) to work on /opt/airflow/dags/etl_dag.py
[2026-02-13T08:39:18.573+0000] {processor.py:830} INFO - Processing file /opt/airflow/dags/etl_dag.py for tasks to queue
[2026-02-13T08:39:18.574+0000] {logging_mixin.py:188} INFO - [2026-02-13T08:39:18.574+0000] {dagbag.py:538} INFO - Filling up the DagBag from /opt/airflow/dags/etl_dag.py
[2026-02-13T08:39:18.620+0000] {logging_mixin.py:188} INFO - Warning: Your Kaggle API key is readable by other users on this system! To fix this, you can run 'chmod 600 /home/airflow/.kaggle/kaggle.json'
[2026-02-13T08:39:18.679+0000] {logging_mixin.py:188} WARNING - /home/airflow/.local/lib/python3.8/site-packages/airflow/models/baseoperator.py:437 AirflowProviderDeprecationWarning: `exists_ok` parameter is deprecated, please use `if_exists`
[2026-02-13T08:39:18.687+0000] {processor.py:840} INFO - DAG(s) 'ecommerce_etl_v2' retrieved from /opt/airflow/dags/etl_dag.py
[2026-02-13T08:39:18.706+0000] {logging_mixin.py:188} INFO - [2026-02-13T08:39:18.706+0000] {dag.py:3036} INFO - Sync 1 DAGs
[2026-02-13T08:39:18.716+0000] {logging_mixin.py:188} INFO - [2026-02-13T08:39:18.716+0000] {dag.py:3823} INFO - Setting next_dagrun for ecommerce_etl_v2 to 2026-02-12 13:00:00+00:00, run_after=2026-02-13 13:00:00+00:00
[2026-02-13T08:39:18.725+0000] {processor.py:183} INFO - Processing /opt/airflow/dags/etl_dag.py took 0.157 seconds
[2026-02-13T08:39:48.949+0000] {processor.py:161} INFO - Started process (PID=16748) to work on /opt/airflow/dags/etl_dag.py
[2026-02-13T08:39:48.950+0000] {processor.py:830} INFO - Processing file /opt/airflow/dags/etl_dag.py for tasks to queue
[2026-02-13T08:39:48.951+0000] {logging_mixin.py:188} INFO - [2026-02-13T08:39:48.951+0000] {dagbag.py:538} INFO - Filling up the DagBag from /opt/airflow/dags/etl_dag.py
[2026-02-13T08:39:49.002+0000] {logging_mixin.py:188} INFO - Warning: Your Kaggle API key is readable by other users on this system! To fix this, you can run 'chmod 600 /home/airflow/.kaggle/kaggle.json'
[2026-02-13T08:39:49.064+0000] {logging_mixin.py:188} WARNING - /home/airflow/.local/lib/python3.8/site-packages/airflow/models/baseoperator.py:437 AirflowProviderDeprecationWarning: `exists_ok` parameter is deprecated, please use `if_exists`
[2026-02-13T08:39:49.073+0000] {processor.py:840} INFO - DAG(s) 'ecommerce_etl_v2' retrieved from /opt/airflow/dags/etl_dag.py
[2026-02-13T08:39:49.091+0000] {logging_mixin.py:188} INFO - [2026-02-13T08:39:49.091+0000] {dag.py:3036} INFO - Sync 1 DAGs
[2026-02-13T08:39:49.102+0000] {logging_mixin.py:188} INFO - [2026-02-13T08:39:49.101+0000] {dag.py:3823} INFO - Setting next_dagrun for ecommerce_etl_v2 to 2026-02-12 13:00:00+00:00, run_after=2026-02-13 13:00:00+00:00
[2026-02-13T08:39:49.110+0000] {processor.py:183} INFO - Processing /opt/airflow/dags/etl_dag.py took 0.167 seconds
[2026-02-13T08:40:19.363+0000] {processor.py:161} INFO - Started process (PID=16779) to work on /opt/airflow/dags/etl_dag.py
[2026-02-13T08:40:19.364+0000] {processor.py:830} INFO - Processing file /opt/airflow/dags/etl_dag.py for tasks to queue
[2026-02-13T08:40:19.365+0000] {logging_mixin.py:188} INFO - [2026-02-13T08:40:19.364+0000] {dagbag.py:538} INFO - Filling up the DagBag from /opt/airflow/dags/etl_dag.py
[2026-02-13T08:40:19.403+0000] {logging_mixin.py:188} INFO - Warning: Your Kaggle API key is readable by other users on this system! To fix this, you can run 'chmod 600 /home/airflow/.kaggle/kaggle.json'
[2026-02-13T08:40:19.464+0000] {logging_mixin.py:188} WARNING - /home/airflow/.local/lib/python3.8/site-packages/airflow/models/baseoperator.py:437 AirflowProviderDeprecationWarning: `exists_ok` parameter is deprecated, please use `if_exists`
[2026-02-13T08:40:19.473+0000] {processor.py:840} INFO - DAG(s) 'ecommerce_etl_v2' retrieved from /opt/airflow/dags/etl_dag.py
[2026-02-13T08:40:19.494+0000] {logging_mixin.py:188} INFO - [2026-02-13T08:40:19.494+0000] {dag.py:3036} INFO - Sync 1 DAGs
[2026-02-13T08:40:19.505+0000] {logging_mixin.py:188} INFO - [2026-02-13T08:40:19.505+0000] {dag.py:3823} INFO - Setting next_dagrun for ecommerce_etl_v2 to 2026-02-12 13:00:00+00:00, run_after=2026-02-13 13:00:00+00:00
[2026-02-13T08:40:19.513+0000] {processor.py:183} INFO - Processing /opt/airflow/dags/etl_dag.py took 0.152 seconds
[2026-02-13T08:40:49.628+0000] {processor.py:161} INFO - Started process (PID=16810) to work on /opt/airflow/dags/etl_dag.py
[2026-02-13T08:40:49.629+0000] {processor.py:830} INFO - Processing file /opt/airflow/dags/etl_dag.py for tasks to queue
[2026-02-13T08:40:49.630+0000] {logging_mixin.py:188} INFO - [2026-02-13T08:40:49.630+0000] {dagbag.py:538} INFO - Filling up the DagBag from /opt/airflow/dags/etl_dag.py
[2026-02-13T08:40:49.677+0000] {logging_mixin.py:188} INFO - Warning: Your Kaggle API key is readable by other users on this system! To fix this, you can run 'chmod 600 /home/airflow/.kaggle/kaggle.json'
[2026-02-13T08:40:49.738+0000] {logging_mixin.py:188} WARNING - /home/airflow/.local/lib/python3.8/site-packages/airflow/models/baseoperator.py:437 AirflowProviderDeprecationWarning: `exists_ok` parameter is deprecated, please use `if_exists`
[2026-02-13T08:40:49.747+0000] {processor.py:840} INFO - DAG(s) 'ecommerce_etl_v2' retrieved from /opt/airflow/dags/etl_dag.py
[2026-02-13T08:40:49.767+0000] {logging_mixin.py:188} INFO - [2026-02-13T08:40:49.767+0000] {dag.py:3036} INFO - Sync 1 DAGs
[2026-02-13T08:40:49.777+0000] {logging_mixin.py:188} INFO - [2026-02-13T08:40:49.777+0000] {dag.py:3823} INFO - Setting next_dagrun for ecommerce_etl_v2 to 2026-02-12 13:00:00+00:00, run_after=2026-02-13 13:00:00+00:00
[2026-02-13T08:40:49.787+0000] {processor.py:183} INFO - Processing /opt/airflow/dags/etl_dag.py took 0.164 seconds
[2026-02-13T08:41:20.085+0000] {processor.py:161} INFO - Started process (PID=16841) to work on /opt/airflow/dags/etl_dag.py
[2026-02-13T08:41:20.086+0000] {processor.py:830} INFO - Processing file /opt/airflow/dags/etl_dag.py for tasks to queue
[2026-02-13T08:41:20.087+0000] {logging_mixin.py:188} INFO - [2026-02-13T08:41:20.087+0000] {dagbag.py:538} INFO - Filling up the DagBag from /opt/airflow/dags/etl_dag.py
[2026-02-13T08:41:20.133+0000] {logging_mixin.py:188} INFO - Warning: Your Kaggle API key is readable by other users on this system! To fix this, you can run 'chmod 600 /home/airflow/.kaggle/kaggle.json'
[2026-02-13T08:41:20.193+0000] {logging_mixin.py:188} WARNING - /home/airflow/.local/lib/python3.8/site-packages/airflow/models/baseoperator.py:437 AirflowProviderDeprecationWarning: `exists_ok` parameter is deprecated, please use `if_exists`
[2026-02-13T08:41:20.202+0000] {processor.py:840} INFO - DAG(s) 'ecommerce_etl_v2' retrieved from /opt/airflow/dags/etl_dag.py
[2026-02-13T08:41:20.223+0000] {logging_mixin.py:188} INFO - [2026-02-13T08:41:20.222+0000] {dag.py:3036} INFO - Sync 1 DAGs
[2026-02-13T08:41:20.233+0000] {logging_mixin.py:188} INFO - [2026-02-13T08:41:20.233+0000] {dag.py:3823} INFO - Setting next_dagrun for ecommerce_etl_v2 to 2026-02-12 13:00:00+00:00, run_after=2026-02-13 13:00:00+00:00
[2026-02-13T08:41:20.242+0000] {processor.py:183} INFO - Processing /opt/airflow/dags/etl_dag.py took 0.161 seconds
[2026-02-13T08:41:50.366+0000] {processor.py:161} INFO - Started process (PID=16872) to work on /opt/airflow/dags/etl_dag.py
[2026-02-13T08:41:50.367+0000] {processor.py:830} INFO - Processing file /opt/airflow/dags/etl_dag.py for tasks to queue
[2026-02-13T08:41:50.368+0000] {logging_mixin.py:188} INFO - [2026-02-13T08:41:50.368+0000] {dagbag.py:538} INFO - Filling up the DagBag from /opt/airflow/dags/etl_dag.py
[2026-02-13T08:41:50.416+0000] {logging_mixin.py:188} INFO - Warning: Your Kaggle API key is readable by other users on this system! To fix this, you can run 'chmod 600 /home/airflow/.kaggle/kaggle.json'
[2026-02-13T08:41:50.476+0000] {logging_mixin.py:188} WARNING - /home/airflow/.local/lib/python3.8/site-packages/airflow/models/baseoperator.py:437 AirflowProviderDeprecationWarning: `exists_ok` parameter is deprecated, please use `if_exists`
[2026-02-13T08:41:50.486+0000] {processor.py:840} INFO - DAG(s) 'ecommerce_etl_v2' retrieved from /opt/airflow/dags/etl_dag.py
[2026-02-13T08:41:50.504+0000] {logging_mixin.py:188} INFO - [2026-02-13T08:41:50.504+0000] {dag.py:3036} INFO - Sync 1 DAGs
[2026-02-13T08:41:50.514+0000] {logging_mixin.py:188} INFO - [2026-02-13T08:41:50.514+0000] {dag.py:3823} INFO - Setting next_dagrun for ecommerce_etl_v2 to 2026-02-12 13:00:00+00:00, run_after=2026-02-13 13:00:00+00:00
[2026-02-13T08:41:50.523+0000] {processor.py:183} INFO - Processing /opt/airflow/dags/etl_dag.py took 0.162 seconds
[2026-02-13T08:42:20.734+0000] {processor.py:161} INFO - Started process (PID=16903) to work on /opt/airflow/dags/etl_dag.py
[2026-02-13T08:42:20.735+0000] {processor.py:830} INFO - Processing file /opt/airflow/dags/etl_dag.py for tasks to queue
[2026-02-13T08:42:20.736+0000] {logging_mixin.py:188} INFO - [2026-02-13T08:42:20.735+0000] {dagbag.py:538} INFO - Filling up the DagBag from /opt/airflow/dags/etl_dag.py
[2026-02-13T08:42:20.775+0000] {logging_mixin.py:188} INFO - Warning: Your Kaggle API key is readable by other users on this system! To fix this, you can run 'chmod 600 /home/airflow/.kaggle/kaggle.json'
[2026-02-13T08:42:20.835+0000] {logging_mixin.py:188} WARNING - /home/airflow/.local/lib/python3.8/site-packages/airflow/models/baseoperator.py:437 AirflowProviderDeprecationWarning: `exists_ok` parameter is deprecated, please use `if_exists`
[2026-02-13T08:42:20.844+0000] {processor.py:840} INFO - DAG(s) 'ecommerce_etl_v2' retrieved from /opt/airflow/dags/etl_dag.py
[2026-02-13T08:42:20.863+0000] {logging_mixin.py:188} INFO - [2026-02-13T08:42:20.862+0000] {dag.py:3036} INFO - Sync 1 DAGs
[2026-02-13T08:42:20.873+0000] {logging_mixin.py:188} INFO - [2026-02-13T08:42:20.873+0000] {dag.py:3823} INFO - Setting next_dagrun for ecommerce_etl_v2 to 2026-02-12 13:00:00+00:00, run_after=2026-02-13 13:00:00+00:00
[2026-02-13T08:42:20.882+0000] {processor.py:183} INFO - Processing /opt/airflow/dags/etl_dag.py took 0.149 seconds
[2026-02-13T08:42:51.077+0000] {processor.py:161} INFO - Started process (PID=16934) to work on /opt/airflow/dags/etl_dag.py
[2026-02-13T08:42:51.078+0000] {processor.py:830} INFO - Processing file /opt/airflow/dags/etl_dag.py for tasks to queue
[2026-02-13T08:42:51.079+0000] {logging_mixin.py:188} INFO - [2026-02-13T08:42:51.079+0000] {dagbag.py:538} INFO - Filling up the DagBag from /opt/airflow/dags/etl_dag.py
[2026-02-13T08:42:51.124+0000] {logging_mixin.py:188} INFO - Warning: Your Kaggle API key is readable by other users on this system! To fix this, you can run 'chmod 600 /home/airflow/.kaggle/kaggle.json'
[2026-02-13T08:42:51.185+0000] {logging_mixin.py:188} WARNING - /home/airflow/.local/lib/python3.8/site-packages/airflow/models/baseoperator.py:437 AirflowProviderDeprecationWarning: `exists_ok` parameter is deprecated, please use `if_exists`
[2026-02-13T08:42:51.194+0000] {processor.py:840} INFO - DAG(s) 'ecommerce_etl_v2' retrieved from /opt/airflow/dags/etl_dag.py
[2026-02-13T08:42:51.212+0000] {logging_mixin.py:188} INFO - [2026-02-13T08:42:51.212+0000] {dag.py:3036} INFO - Sync 1 DAGs
[2026-02-13T08:42:51.222+0000] {logging_mixin.py:188} INFO - [2026-02-13T08:42:51.222+0000] {dag.py:3823} INFO - Setting next_dagrun for ecommerce_etl_v2 to 2026-02-12 13:00:00+00:00, run_after=2026-02-13 13:00:00+00:00
[2026-02-13T08:42:51.231+0000] {processor.py:183} INFO - Processing /opt/airflow/dags/etl_dag.py took 0.159 seconds
[2026-02-13T08:43:21.484+0000] {processor.py:161} INFO - Started process (PID=16965) to work on /opt/airflow/dags/etl_dag.py
[2026-02-13T08:43:21.485+0000] {processor.py:830} INFO - Processing file /opt/airflow/dags/etl_dag.py for tasks to queue
[2026-02-13T08:43:21.485+0000] {logging_mixin.py:188} INFO - [2026-02-13T08:43:21.485+0000] {dagbag.py:538} INFO - Filling up the DagBag from /opt/airflow/dags/etl_dag.py
[2026-02-13T08:43:21.530+0000] {logging_mixin.py:188} INFO - Warning: Your Kaggle API key is readable by other users on this system! To fix this, you can run 'chmod 600 /home/airflow/.kaggle/kaggle.json'
[2026-02-13T08:43:21.592+0000] {logging_mixin.py:188} WARNING - /home/airflow/.local/lib/python3.8/site-packages/airflow/models/baseoperator.py:437 AirflowProviderDeprecationWarning: `exists_ok` parameter is deprecated, please use `if_exists`
[2026-02-13T08:43:21.601+0000] {processor.py:840} INFO - DAG(s) 'ecommerce_etl_v2' retrieved from /opt/airflow/dags/etl_dag.py
[2026-02-13T08:43:21.621+0000] {logging_mixin.py:188} INFO - [2026-02-13T08:43:21.620+0000] {dag.py:3036} INFO - Sync 1 DAGs
[2026-02-13T08:43:21.631+0000] {logging_mixin.py:188} INFO - [2026-02-13T08:43:21.631+0000] {dag.py:3823} INFO - Setting next_dagrun for ecommerce_etl_v2 to 2026-02-12 13:00:00+00:00, run_after=2026-02-13 13:00:00+00:00
[2026-02-13T08:43:21.641+0000] {processor.py:183} INFO - Processing /opt/airflow/dags/etl_dag.py took 0.159 seconds
[2026-02-13T08:43:51.846+0000] {processor.py:161} INFO - Started process (PID=16996) to work on /opt/airflow/dags/etl_dag.py
[2026-02-13T08:43:51.848+0000] {processor.py:830} INFO - Processing file /opt/airflow/dags/etl_dag.py for tasks to queue
[2026-02-13T08:43:51.849+0000] {logging_mixin.py:188} INFO - [2026-02-13T08:43:51.848+0000] {dagbag.py:538} INFO - Filling up the DagBag from /opt/airflow/dags/etl_dag.py
[2026-02-13T08:43:51.900+0000] {logging_mixin.py:188} INFO - Warning: Your Kaggle API key is readable by other users on this system! To fix this, you can run 'chmod 600 /home/airflow/.kaggle/kaggle.json'
[2026-02-13T08:43:51.964+0000] {logging_mixin.py:188} WARNING - /home/airflow/.local/lib/python3.8/site-packages/airflow/models/baseoperator.py:437 AirflowProviderDeprecationWarning: `exists_ok` parameter is deprecated, please use `if_exists`
[2026-02-13T08:43:51.975+0000] {processor.py:840} INFO - DAG(s) 'ecommerce_etl_v2' retrieved from /opt/airflow/dags/etl_dag.py
[2026-02-13T08:43:51.996+0000] {logging_mixin.py:188} INFO - [2026-02-13T08:43:51.996+0000] {dag.py:3036} INFO - Sync 1 DAGs
[2026-02-13T08:43:52.006+0000] {logging_mixin.py:188} INFO - [2026-02-13T08:43:52.006+0000] {dag.py:3823} INFO - Setting next_dagrun for ecommerce_etl_v2 to 2026-02-12 13:00:00+00:00, run_after=2026-02-13 13:00:00+00:00
[2026-02-13T08:43:52.016+0000] {processor.py:183} INFO - Processing /opt/airflow/dags/etl_dag.py took 0.175 seconds
[2026-02-13T08:44:22.320+0000] {processor.py:161} INFO - Started process (PID=17027) to work on /opt/airflow/dags/etl_dag.py
[2026-02-13T08:44:22.321+0000] {processor.py:830} INFO - Processing file /opt/airflow/dags/etl_dag.py for tasks to queue
[2026-02-13T08:44:22.322+0000] {logging_mixin.py:188} INFO - [2026-02-13T08:44:22.322+0000] {dagbag.py:538} INFO - Filling up the DagBag from /opt/airflow/dags/etl_dag.py
[2026-02-13T08:44:22.367+0000] {logging_mixin.py:188} INFO - Warning: Your Kaggle API key is readable by other users on this system! To fix this, you can run 'chmod 600 /home/airflow/.kaggle/kaggle.json'
[2026-02-13T08:44:22.426+0000] {logging_mixin.py:188} WARNING - /home/airflow/.local/lib/python3.8/site-packages/airflow/models/baseoperator.py:437 AirflowProviderDeprecationWarning: `exists_ok` parameter is deprecated, please use `if_exists`
[2026-02-13T08:44:22.435+0000] {processor.py:840} INFO - DAG(s) 'ecommerce_etl_v2' retrieved from /opt/airflow/dags/etl_dag.py
[2026-02-13T08:44:22.453+0000] {logging_mixin.py:188} INFO - [2026-02-13T08:44:22.453+0000] {dag.py:3036} INFO - Sync 1 DAGs
[2026-02-13T08:44:22.464+0000] {logging_mixin.py:188} INFO - [2026-02-13T08:44:22.463+0000] {dag.py:3823} INFO - Setting next_dagrun for ecommerce_etl_v2 to 2026-02-12 13:00:00+00:00, run_after=2026-02-13 13:00:00+00:00
[2026-02-13T08:44:22.472+0000] {processor.py:183} INFO - Processing /opt/airflow/dags/etl_dag.py took 0.155 seconds
[2026-02-13T08:44:52.622+0000] {processor.py:161} INFO - Started process (PID=17058) to work on /opt/airflow/dags/etl_dag.py
[2026-02-13T08:44:52.624+0000] {processor.py:830} INFO - Processing file /opt/airflow/dags/etl_dag.py for tasks to queue
[2026-02-13T08:44:52.625+0000] {logging_mixin.py:188} INFO - [2026-02-13T08:44:52.625+0000] {dagbag.py:538} INFO - Filling up the DagBag from /opt/airflow/dags/etl_dag.py
[2026-02-13T08:44:52.673+0000] {logging_mixin.py:188} INFO - Warning: Your Kaggle API key is readable by other users on this system! To fix this, you can run 'chmod 600 /home/airflow/.kaggle/kaggle.json'
[2026-02-13T08:44:52.736+0000] {logging_mixin.py:188} WARNING - /home/airflow/.local/lib/python3.8/site-packages/airflow/models/baseoperator.py:437 AirflowProviderDeprecationWarning: `exists_ok` parameter is deprecated, please use `if_exists`
[2026-02-13T08:44:52.746+0000] {processor.py:840} INFO - DAG(s) 'ecommerce_etl_v2' retrieved from /opt/airflow/dags/etl_dag.py
[2026-02-13T08:44:52.767+0000] {logging_mixin.py:188} INFO - [2026-02-13T08:44:52.767+0000] {dag.py:3036} INFO - Sync 1 DAGs
[2026-02-13T08:44:52.778+0000] {logging_mixin.py:188} INFO - [2026-02-13T08:44:52.778+0000] {dag.py:3823} INFO - Setting next_dagrun for ecommerce_etl_v2 to 2026-02-12 13:00:00+00:00, run_after=2026-02-13 13:00:00+00:00
[2026-02-13T08:44:52.788+0000] {processor.py:183} INFO - Processing /opt/airflow/dags/etl_dag.py took 0.170 seconds
[2026-02-13T08:45:23.093+0000] {processor.py:161} INFO - Started process (PID=17089) to work on /opt/airflow/dags/etl_dag.py
[2026-02-13T08:45:23.094+0000] {processor.py:830} INFO - Processing file /opt/airflow/dags/etl_dag.py for tasks to queue
[2026-02-13T08:45:23.095+0000] {logging_mixin.py:188} INFO - [2026-02-13T08:45:23.095+0000] {dagbag.py:538} INFO - Filling up the DagBag from /opt/airflow/dags/etl_dag.py
[2026-02-13T08:45:23.137+0000] {logging_mixin.py:188} INFO - Warning: Your Kaggle API key is readable by other users on this system! To fix this, you can run 'chmod 600 /home/airflow/.kaggle/kaggle.json'
[2026-02-13T08:45:23.197+0000] {logging_mixin.py:188} WARNING - /home/airflow/.local/lib/python3.8/site-packages/airflow/models/baseoperator.py:437 AirflowProviderDeprecationWarning: `exists_ok` parameter is deprecated, please use `if_exists`
[2026-02-13T08:45:23.206+0000] {processor.py:840} INFO - DAG(s) 'ecommerce_etl_v2' retrieved from /opt/airflow/dags/etl_dag.py
[2026-02-13T08:45:23.226+0000] {logging_mixin.py:188} INFO - [2026-02-13T08:45:23.226+0000] {dag.py:3036} INFO - Sync 1 DAGs
[2026-02-13T08:45:23.236+0000] {logging_mixin.py:188} INFO - [2026-02-13T08:45:23.236+0000] {dag.py:3823} INFO - Setting next_dagrun for ecommerce_etl_v2 to 2026-02-12 13:00:00+00:00, run_after=2026-02-13 13:00:00+00:00
[2026-02-13T08:45:23.245+0000] {processor.py:183} INFO - Processing /opt/airflow/dags/etl_dag.py took 0.154 seconds
[2026-02-13T08:45:53.332+0000] {processor.py:161} INFO - Started process (PID=17120) to work on /opt/airflow/dags/etl_dag.py
[2026-02-13T08:45:53.332+0000] {processor.py:830} INFO - Processing file /opt/airflow/dags/etl_dag.py for tasks to queue
[2026-02-13T08:45:53.333+0000] {logging_mixin.py:188} INFO - [2026-02-13T08:45:53.333+0000] {dagbag.py:538} INFO - Filling up the DagBag from /opt/airflow/dags/etl_dag.py
[2026-02-13T08:45:53.379+0000] {logging_mixin.py:188} INFO - Warning: Your Kaggle API key is readable by other users on this system! To fix this, you can run 'chmod 600 /home/airflow/.kaggle/kaggle.json'
[2026-02-13T08:45:53.443+0000] {logging_mixin.py:188} WARNING - /home/airflow/.local/lib/python3.8/site-packages/airflow/models/baseoperator.py:437 AirflowProviderDeprecationWarning: `exists_ok` parameter is deprecated, please use `if_exists`
[2026-02-13T08:45:53.453+0000] {processor.py:840} INFO - DAG(s) 'ecommerce_etl_v2' retrieved from /opt/airflow/dags/etl_dag.py
[2026-02-13T08:45:53.475+0000] {logging_mixin.py:188} INFO - [2026-02-13T08:45:53.475+0000] {dag.py:3036} INFO - Sync 1 DAGs
[2026-02-13T08:45:53.487+0000] {logging_mixin.py:188} INFO - [2026-02-13T08:45:53.487+0000] {dag.py:3823} INFO - Setting next_dagrun for ecommerce_etl_v2 to 2026-02-12 13:00:00+00:00, run_after=2026-02-13 13:00:00+00:00
[2026-02-13T08:45:53.500+0000] {processor.py:183} INFO - Processing /opt/airflow/dags/etl_dag.py took 0.172 seconds
[2026-02-13T08:46:23.752+0000] {processor.py:161} INFO - Started process (PID=17151) to work on /opt/airflow/dags/etl_dag.py
[2026-02-13T08:46:23.753+0000] {processor.py:830} INFO - Processing file /opt/airflow/dags/etl_dag.py for tasks to queue
[2026-02-13T08:46:23.754+0000] {logging_mixin.py:188} INFO - [2026-02-13T08:46:23.753+0000] {dagbag.py:538} INFO - Filling up the DagBag from /opt/airflow/dags/etl_dag.py
[2026-02-13T08:46:23.802+0000] {logging_mixin.py:188} INFO - Warning: Your Kaggle API key is readable by other users on this system! To fix this, you can run 'chmod 600 /home/airflow/.kaggle/kaggle.json'
[2026-02-13T08:46:23.862+0000] {logging_mixin.py:188} WARNING - /home/airflow/.local/lib/python3.8/site-packages/airflow/models/baseoperator.py:437 AirflowProviderDeprecationWarning: `exists_ok` parameter is deprecated, please use `if_exists`
[2026-02-13T08:46:23.871+0000] {processor.py:840} INFO - DAG(s) 'ecommerce_etl_v2' retrieved from /opt/airflow/dags/etl_dag.py
[2026-02-13T08:46:23.890+0000] {logging_mixin.py:188} INFO - [2026-02-13T08:46:23.890+0000] {dag.py:3036} INFO - Sync 1 DAGs
[2026-02-13T08:46:23.901+0000] {logging_mixin.py:188} INFO - [2026-02-13T08:46:23.901+0000] {dag.py:3823} INFO - Setting next_dagrun for ecommerce_etl_v2 to 2026-02-12 13:00:00+00:00, run_after=2026-02-13 13:00:00+00:00
[2026-02-13T08:46:23.910+0000] {processor.py:183} INFO - Processing /opt/airflow/dags/etl_dag.py took 0.162 seconds
[2026-02-13T08:46:54.148+0000] {processor.py:161} INFO - Started process (PID=17182) to work on /opt/airflow/dags/etl_dag.py
[2026-02-13T08:46:54.150+0000] {processor.py:830} INFO - Processing file /opt/airflow/dags/etl_dag.py for tasks to queue
[2026-02-13T08:46:54.151+0000] {logging_mixin.py:188} INFO - [2026-02-13T08:46:54.150+0000] {dagbag.py:538} INFO - Filling up the DagBag from /opt/airflow/dags/etl_dag.py
[2026-02-13T08:46:54.197+0000] {logging_mixin.py:188} INFO - Warning: Your Kaggle API key is readable by other users on this system! To fix this, you can run 'chmod 600 /home/airflow/.kaggle/kaggle.json'
[2026-02-13T08:46:54.256+0000] {logging_mixin.py:188} WARNING - /home/airflow/.local/lib/python3.8/site-packages/airflow/models/baseoperator.py:437 AirflowProviderDeprecationWarning: `exists_ok` parameter is deprecated, please use `if_exists`
[2026-02-13T08:46:54.267+0000] {processor.py:840} INFO - DAG(s) 'ecommerce_etl_v2' retrieved from /opt/airflow/dags/etl_dag.py
[2026-02-13T08:46:54.285+0000] {logging_mixin.py:188} INFO - [2026-02-13T08:46:54.285+0000] {dag.py:3036} INFO - Sync 1 DAGs
[2026-02-13T08:46:54.295+0000] {logging_mixin.py:188} INFO - [2026-02-13T08:46:54.295+0000] {dag.py:3823} INFO - Setting next_dagrun for ecommerce_etl_v2 to 2026-02-12 13:00:00+00:00, run_after=2026-02-13 13:00:00+00:00
[2026-02-13T08:46:54.303+0000] {processor.py:183} INFO - Processing /opt/airflow/dags/etl_dag.py took 0.160 seconds
[2026-02-13T08:47:24.551+0000] {processor.py:161} INFO - Started process (PID=17213) to work on /opt/airflow/dags/etl_dag.py
[2026-02-13T08:47:24.552+0000] {processor.py:830} INFO - Processing file /opt/airflow/dags/etl_dag.py for tasks to queue
[2026-02-13T08:47:24.553+0000] {logging_mixin.py:188} INFO - [2026-02-13T08:47:24.553+0000] {dagbag.py:538} INFO - Filling up the DagBag from /opt/airflow/dags/etl_dag.py
[2026-02-13T08:47:24.599+0000] {logging_mixin.py:188} INFO - Warning: Your Kaggle API key is readable by other users on this system! To fix this, you can run 'chmod 600 /home/airflow/.kaggle/kaggle.json'
[2026-02-13T08:47:24.658+0000] {logging_mixin.py:188} WARNING - /home/airflow/.local/lib/python3.8/site-packages/airflow/models/baseoperator.py:437 AirflowProviderDeprecationWarning: `exists_ok` parameter is deprecated, please use `if_exists`
[2026-02-13T08:47:24.667+0000] {processor.py:840} INFO - DAG(s) 'ecommerce_etl_v2' retrieved from /opt/airflow/dags/etl_dag.py
[2026-02-13T08:47:24.686+0000] {logging_mixin.py:188} INFO - [2026-02-13T08:47:24.686+0000] {dag.py:3036} INFO - Sync 1 DAGs
[2026-02-13T08:47:24.697+0000] {logging_mixin.py:188} INFO - [2026-02-13T08:47:24.697+0000] {dag.py:3823} INFO - Setting next_dagrun for ecommerce_etl_v2 to 2026-02-12 13:00:00+00:00, run_after=2026-02-13 13:00:00+00:00
[2026-02-13T08:47:24.705+0000] {processor.py:183} INFO - Processing /opt/airflow/dags/etl_dag.py took 0.159 seconds
[2026-02-13T08:47:54.852+0000] {processor.py:161} INFO - Started process (PID=17244) to work on /opt/airflow/dags/etl_dag.py
[2026-02-13T08:47:54.853+0000] {processor.py:830} INFO - Processing file /opt/airflow/dags/etl_dag.py for tasks to queue
[2026-02-13T08:47:54.854+0000] {logging_mixin.py:188} INFO - [2026-02-13T08:47:54.854+0000] {dagbag.py:538} INFO - Filling up the DagBag from /opt/airflow/dags/etl_dag.py
[2026-02-13T08:47:54.900+0000] {logging_mixin.py:188} INFO - Warning: Your Kaggle API key is readable by other users on this system! To fix this, you can run 'chmod 600 /home/airflow/.kaggle/kaggle.json'
[2026-02-13T08:47:54.962+0000] {logging_mixin.py:188} WARNING - /home/airflow/.local/lib/python3.8/site-packages/airflow/models/baseoperator.py:437 AirflowProviderDeprecationWarning: `exists_ok` parameter is deprecated, please use `if_exists`
[2026-02-13T08:47:54.971+0000] {processor.py:840} INFO - DAG(s) 'ecommerce_etl_v2' retrieved from /opt/airflow/dags/etl_dag.py
[2026-02-13T08:47:54.989+0000] {logging_mixin.py:188} INFO - [2026-02-13T08:47:54.989+0000] {dag.py:3036} INFO - Sync 1 DAGs
[2026-02-13T08:47:55.000+0000] {logging_mixin.py:188} INFO - [2026-02-13T08:47:55.000+0000] {dag.py:3823} INFO - Setting next_dagrun for ecommerce_etl_v2 to 2026-02-12 13:00:00+00:00, run_after=2026-02-13 13:00:00+00:00
[2026-02-13T08:47:55.009+0000] {processor.py:183} INFO - Processing /opt/airflow/dags/etl_dag.py took 0.162 seconds
[2026-02-13T08:48:25.228+0000] {processor.py:161} INFO - Started process (PID=17275) to work on /opt/airflow/dags/etl_dag.py
[2026-02-13T08:48:25.228+0000] {processor.py:830} INFO - Processing file /opt/airflow/dags/etl_dag.py for tasks to queue
[2026-02-13T08:48:25.229+0000] {logging_mixin.py:188} INFO - [2026-02-13T08:48:25.229+0000] {dagbag.py:538} INFO - Filling up the DagBag from /opt/airflow/dags/etl_dag.py
[2026-02-13T08:48:25.269+0000] {logging_mixin.py:188} INFO - Warning: Your Kaggle API key is readable by other users on this system! To fix this, you can run 'chmod 600 /home/airflow/.kaggle/kaggle.json'
[2026-02-13T08:48:25.328+0000] {logging_mixin.py:188} WARNING - /home/airflow/.local/lib/python3.8/site-packages/airflow/models/baseoperator.py:437 AirflowProviderDeprecationWarning: `exists_ok` parameter is deprecated, please use `if_exists`
[2026-02-13T08:48:25.338+0000] {processor.py:840} INFO - DAG(s) 'ecommerce_etl_v2' retrieved from /opt/airflow/dags/etl_dag.py
[2026-02-13T08:48:25.357+0000] {logging_mixin.py:188} INFO - [2026-02-13T08:48:25.357+0000] {dag.py:3036} INFO - Sync 1 DAGs
[2026-02-13T08:48:25.368+0000] {logging_mixin.py:188} INFO - [2026-02-13T08:48:25.368+0000] {dag.py:3823} INFO - Setting next_dagrun for ecommerce_etl_v2 to 2026-02-12 13:00:00+00:00, run_after=2026-02-13 13:00:00+00:00
[2026-02-13T08:48:25.376+0000] {processor.py:183} INFO - Processing /opt/airflow/dags/etl_dag.py took 0.151 seconds
[2026-02-13T08:48:55.566+0000] {processor.py:161} INFO - Started process (PID=17306) to work on /opt/airflow/dags/etl_dag.py
[2026-02-13T08:48:55.567+0000] {processor.py:830} INFO - Processing file /opt/airflow/dags/etl_dag.py for tasks to queue
[2026-02-13T08:48:55.568+0000] {logging_mixin.py:188} INFO - [2026-02-13T08:48:55.567+0000] {dagbag.py:538} INFO - Filling up the DagBag from /opt/airflow/dags/etl_dag.py
[2026-02-13T08:48:55.615+0000] {logging_mixin.py:188} INFO - Warning: Your Kaggle API key is readable by other users on this system! To fix this, you can run 'chmod 600 /home/airflow/.kaggle/kaggle.json'
[2026-02-13T08:48:55.684+0000] {logging_mixin.py:188} WARNING - /home/airflow/.local/lib/python3.8/site-packages/airflow/models/baseoperator.py:437 AirflowProviderDeprecationWarning: `exists_ok` parameter is deprecated, please use `if_exists`
[2026-02-13T08:48:55.692+0000] {processor.py:840} INFO - DAG(s) 'ecommerce_etl_v2' retrieved from /opt/airflow/dags/etl_dag.py
[2026-02-13T08:48:55.711+0000] {logging_mixin.py:188} INFO - [2026-02-13T08:48:55.711+0000] {dag.py:3036} INFO - Sync 1 DAGs
[2026-02-13T08:48:55.722+0000] {logging_mixin.py:188} INFO - [2026-02-13T08:48:55.722+0000] {dag.py:3823} INFO - Setting next_dagrun for ecommerce_etl_v2 to 2026-02-12 13:00:00+00:00, run_after=2026-02-13 13:00:00+00:00
[2026-02-13T08:48:55.731+0000] {processor.py:183} INFO - Processing /opt/airflow/dags/etl_dag.py took 0.168 seconds
[2026-02-13T08:49:25.989+0000] {processor.py:161} INFO - Started process (PID=17337) to work on /opt/airflow/dags/etl_dag.py
[2026-02-13T08:49:25.990+0000] {processor.py:830} INFO - Processing file /opt/airflow/dags/etl_dag.py for tasks to queue
[2026-02-13T08:49:25.991+0000] {logging_mixin.py:188} INFO - [2026-02-13T08:49:25.991+0000] {dagbag.py:538} INFO - Filling up the DagBag from /opt/airflow/dags/etl_dag.py
[2026-02-13T08:49:26.035+0000] {logging_mixin.py:188} INFO - Warning: Your Kaggle API key is readable by other users on this system! To fix this, you can run 'chmod 600 /home/airflow/.kaggle/kaggle.json'
[2026-02-13T08:49:26.095+0000] {logging_mixin.py:188} WARNING - /home/airflow/.local/lib/python3.8/site-packages/airflow/models/baseoperator.py:437 AirflowProviderDeprecationWarning: `exists_ok` parameter is deprecated, please use `if_exists`
[2026-02-13T08:49:26.104+0000] {processor.py:840} INFO - DAG(s) 'ecommerce_etl_v2' retrieved from /opt/airflow/dags/etl_dag.py
[2026-02-13T08:49:26.122+0000] {logging_mixin.py:188} INFO - [2026-02-13T08:49:26.122+0000] {dag.py:3036} INFO - Sync 1 DAGs
[2026-02-13T08:49:26.132+0000] {logging_mixin.py:188} INFO - [2026-02-13T08:49:26.132+0000] {dag.py:3823} INFO - Setting next_dagrun for ecommerce_etl_v2 to 2026-02-12 13:00:00+00:00, run_after=2026-02-13 13:00:00+00:00
[2026-02-13T08:49:26.141+0000] {processor.py:183} INFO - Processing /opt/airflow/dags/etl_dag.py took 0.156 seconds
[2026-02-13T08:49:56.356+0000] {processor.py:161} INFO - Started process (PID=17368) to work on /opt/airflow/dags/etl_dag.py
[2026-02-13T08:49:56.357+0000] {processor.py:830} INFO - Processing file /opt/airflow/dags/etl_dag.py for tasks to queue
[2026-02-13T08:49:56.358+0000] {logging_mixin.py:188} INFO - [2026-02-13T08:49:56.358+0000] {dagbag.py:538} INFO - Filling up the DagBag from /opt/airflow/dags/etl_dag.py
[2026-02-13T08:49:56.406+0000] {logging_mixin.py:188} INFO - Warning: Your Kaggle API key is readable by other users on this system! To fix this, you can run 'chmod 600 /home/airflow/.kaggle/kaggle.json'
[2026-02-13T08:49:56.466+0000] {logging_mixin.py:188} WARNING - /home/airflow/.local/lib/python3.8/site-packages/airflow/models/baseoperator.py:437 AirflowProviderDeprecationWarning: `exists_ok` parameter is deprecated, please use `if_exists`
[2026-02-13T08:49:56.475+0000] {processor.py:840} INFO - DAG(s) 'ecommerce_etl_v2' retrieved from /opt/airflow/dags/etl_dag.py
[2026-02-13T08:49:56.494+0000] {logging_mixin.py:188} INFO - [2026-02-13T08:49:56.494+0000] {dag.py:3036} INFO - Sync 1 DAGs
[2026-02-13T08:49:56.504+0000] {logging_mixin.py:188} INFO - [2026-02-13T08:49:56.504+0000] {dag.py:3823} INFO - Setting next_dagrun for ecommerce_etl_v2 to 2026-02-12 13:00:00+00:00, run_after=2026-02-13 13:00:00+00:00
[2026-02-13T08:49:56.513+0000] {processor.py:183} INFO - Processing /opt/airflow/dags/etl_dag.py took 0.162 seconds
[2026-02-13T08:50:26.681+0000] {processor.py:161} INFO - Started process (PID=17399) to work on /opt/airflow/dags/etl_dag.py
[2026-02-13T08:50:26.682+0000] {processor.py:830} INFO - Processing file /opt/airflow/dags/etl_dag.py for tasks to queue
[2026-02-13T08:50:26.683+0000] {logging_mixin.py:188} INFO - [2026-02-13T08:50:26.682+0000] {dagbag.py:538} INFO - Filling up the DagBag from /opt/airflow/dags/etl_dag.py
[2026-02-13T08:50:26.728+0000] {logging_mixin.py:188} INFO - Warning: Your Kaggle API key is readable by other users on this system! To fix this, you can run 'chmod 600 /home/airflow/.kaggle/kaggle.json'
[2026-02-13T08:50:26.788+0000] {logging_mixin.py:188} WARNING - /home/airflow/.local/lib/python3.8/site-packages/airflow/models/baseoperator.py:437 AirflowProviderDeprecationWarning: `exists_ok` parameter is deprecated, please use `if_exists`
[2026-02-13T08:50:26.797+0000] {processor.py:840} INFO - DAG(s) 'ecommerce_etl_v2' retrieved from /opt/airflow/dags/etl_dag.py
[2026-02-13T08:50:26.816+0000] {logging_mixin.py:188} INFO - [2026-02-13T08:50:26.816+0000] {dag.py:3036} INFO - Sync 1 DAGs
[2026-02-13T08:50:26.827+0000] {logging_mixin.py:188} INFO - [2026-02-13T08:50:26.826+0000] {dag.py:3823} INFO - Setting next_dagrun for ecommerce_etl_v2 to 2026-02-12 13:00:00+00:00, run_after=2026-02-13 13:00:00+00:00
[2026-02-13T08:50:26.835+0000] {processor.py:183} INFO - Processing /opt/airflow/dags/etl_dag.py took 0.159 seconds
[2026-02-13T08:50:56.995+0000] {processor.py:161} INFO - Started process (PID=17430) to work on /opt/airflow/dags/etl_dag.py
[2026-02-13T08:50:56.996+0000] {processor.py:830} INFO - Processing file /opt/airflow/dags/etl_dag.py for tasks to queue
[2026-02-13T08:50:56.997+0000] {logging_mixin.py:188} INFO - [2026-02-13T08:50:56.997+0000] {dagbag.py:538} INFO - Filling up the DagBag from /opt/airflow/dags/etl_dag.py
[2026-02-13T08:50:57.043+0000] {logging_mixin.py:188} INFO - Warning: Your Kaggle API key is readable by other users on this system! To fix this, you can run 'chmod 600 /home/airflow/.kaggle/kaggle.json'
[2026-02-13T08:50:57.102+0000] {logging_mixin.py:188} WARNING - /home/airflow/.local/lib/python3.8/site-packages/airflow/models/baseoperator.py:437 AirflowProviderDeprecationWarning: `exists_ok` parameter is deprecated, please use `if_exists`
[2026-02-13T08:50:57.111+0000] {processor.py:840} INFO - DAG(s) 'ecommerce_etl_v2' retrieved from /opt/airflow/dags/etl_dag.py
[2026-02-13T08:50:57.130+0000] {logging_mixin.py:188} INFO - [2026-02-13T08:50:57.130+0000] {dag.py:3036} INFO - Sync 1 DAGs
[2026-02-13T08:50:57.141+0000] {logging_mixin.py:188} INFO - [2026-02-13T08:50:57.140+0000] {dag.py:3823} INFO - Setting next_dagrun for ecommerce_etl_v2 to 2026-02-12 13:00:00+00:00, run_after=2026-02-13 13:00:00+00:00
[2026-02-13T08:50:57.150+0000] {processor.py:183} INFO - Processing /opt/airflow/dags/etl_dag.py took 0.160 seconds
[2026-02-13T08:51:27.474+0000] {processor.py:161} INFO - Started process (PID=17461) to work on /opt/airflow/dags/etl_dag.py
[2026-02-13T08:51:27.476+0000] {processor.py:830} INFO - Processing file /opt/airflow/dags/etl_dag.py for tasks to queue
[2026-02-13T08:51:27.476+0000] {logging_mixin.py:188} INFO - [2026-02-13T08:51:27.476+0000] {dagbag.py:538} INFO - Filling up the DagBag from /opt/airflow/dags/etl_dag.py
[2026-02-13T08:51:27.521+0000] {logging_mixin.py:188} INFO - Warning: Your Kaggle API key is readable by other users on this system! To fix this, you can run 'chmod 600 /home/airflow/.kaggle/kaggle.json'
[2026-02-13T08:51:27.581+0000] {logging_mixin.py:188} WARNING - /home/airflow/.local/lib/python3.8/site-packages/airflow/models/baseoperator.py:437 AirflowProviderDeprecationWarning: `exists_ok` parameter is deprecated, please use `if_exists`
[2026-02-13T08:51:27.590+0000] {processor.py:840} INFO - DAG(s) 'ecommerce_etl_v2' retrieved from /opt/airflow/dags/etl_dag.py
[2026-02-13T08:51:27.609+0000] {logging_mixin.py:188} INFO - [2026-02-13T08:51:27.609+0000] {dag.py:3036} INFO - Sync 1 DAGs
[2026-02-13T08:51:27.619+0000] {logging_mixin.py:188} INFO - [2026-02-13T08:51:27.619+0000] {dag.py:3823} INFO - Setting next_dagrun for ecommerce_etl_v2 to 2026-02-12 13:00:00+00:00, run_after=2026-02-13 13:00:00+00:00
[2026-02-13T08:51:27.628+0000] {processor.py:183} INFO - Processing /opt/airflow/dags/etl_dag.py took 0.158 seconds
[2026-02-13T08:51:57.773+0000] {processor.py:161} INFO - Started process (PID=17492) to work on /opt/airflow/dags/etl_dag.py
[2026-02-13T08:51:57.774+0000] {processor.py:830} INFO - Processing file /opt/airflow/dags/etl_dag.py for tasks to queue
[2026-02-13T08:51:57.774+0000] {logging_mixin.py:188} INFO - [2026-02-13T08:51:57.774+0000] {dagbag.py:538} INFO - Filling up the DagBag from /opt/airflow/dags/etl_dag.py
[2026-02-13T08:51:57.815+0000] {logging_mixin.py:188} INFO - Warning: Your Kaggle API key is readable by other users on this system! To fix this, you can run 'chmod 600 /home/airflow/.kaggle/kaggle.json'
[2026-02-13T08:51:57.878+0000] {logging_mixin.py:188} WARNING - /home/airflow/.local/lib/python3.8/site-packages/airflow/models/baseoperator.py:437 AirflowProviderDeprecationWarning: `exists_ok` parameter is deprecated, please use `if_exists`
[2026-02-13T08:51:57.889+0000] {processor.py:840} INFO - DAG(s) 'ecommerce_etl_v2' retrieved from /opt/airflow/dags/etl_dag.py
[2026-02-13T08:51:57.910+0000] {logging_mixin.py:188} INFO - [2026-02-13T08:51:57.910+0000] {dag.py:3036} INFO - Sync 1 DAGs
[2026-02-13T08:51:57.923+0000] {logging_mixin.py:188} INFO - [2026-02-13T08:51:57.923+0000] {dag.py:3823} INFO - Setting next_dagrun for ecommerce_etl_v2 to 2026-02-12 13:00:00+00:00, run_after=2026-02-13 13:00:00+00:00
[2026-02-13T08:51:57.933+0000] {processor.py:183} INFO - Processing /opt/airflow/dags/etl_dag.py took 0.163 seconds
[2026-02-13T08:52:28.176+0000] {processor.py:161} INFO - Started process (PID=17523) to work on /opt/airflow/dags/etl_dag.py
[2026-02-13T08:52:28.177+0000] {processor.py:830} INFO - Processing file /opt/airflow/dags/etl_dag.py for tasks to queue
[2026-02-13T08:52:28.178+0000] {logging_mixin.py:188} INFO - [2026-02-13T08:52:28.178+0000] {dagbag.py:538} INFO - Filling up the DagBag from /opt/airflow/dags/etl_dag.py
[2026-02-13T08:52:28.226+0000] {logging_mixin.py:188} INFO - Warning: Your Kaggle API key is readable by other users on this system! To fix this, you can run 'chmod 600 /home/airflow/.kaggle/kaggle.json'
[2026-02-13T08:52:28.290+0000] {logging_mixin.py:188} WARNING - /home/airflow/.local/lib/python3.8/site-packages/airflow/models/baseoperator.py:437 AirflowProviderDeprecationWarning: `exists_ok` parameter is deprecated, please use `if_exists`
[2026-02-13T08:52:28.299+0000] {processor.py:840} INFO - DAG(s) 'ecommerce_etl_v2' retrieved from /opt/airflow/dags/etl_dag.py
[2026-02-13T08:52:28.317+0000] {logging_mixin.py:188} INFO - [2026-02-13T08:52:28.317+0000] {dag.py:3036} INFO - Sync 1 DAGs
[2026-02-13T08:52:28.327+0000] {logging_mixin.py:188} INFO - [2026-02-13T08:52:28.327+0000] {dag.py:3823} INFO - Setting next_dagrun for ecommerce_etl_v2 to 2026-02-12 13:00:00+00:00, run_after=2026-02-13 13:00:00+00:00
[2026-02-13T08:52:28.336+0000] {processor.py:183} INFO - Processing /opt/airflow/dags/etl_dag.py took 0.165 seconds
[2026-02-13T08:52:58.508+0000] {processor.py:161} INFO - Started process (PID=17554) to work on /opt/airflow/dags/etl_dag.py
[2026-02-13T08:52:58.509+0000] {processor.py:830} INFO - Processing file /opt/airflow/dags/etl_dag.py for tasks to queue
[2026-02-13T08:52:58.510+0000] {logging_mixin.py:188} INFO - [2026-02-13T08:52:58.509+0000] {dagbag.py:538} INFO - Filling up the DagBag from /opt/airflow/dags/etl_dag.py
[2026-02-13T08:52:58.559+0000] {logging_mixin.py:188} INFO - Warning: Your Kaggle API key is readable by other users on this system! To fix this, you can run 'chmod 600 /home/airflow/.kaggle/kaggle.json'
[2026-02-13T08:52:58.620+0000] {logging_mixin.py:188} WARNING - /home/airflow/.local/lib/python3.8/site-packages/airflow/models/baseoperator.py:437 AirflowProviderDeprecationWarning: `exists_ok` parameter is deprecated, please use `if_exists`
[2026-02-13T08:52:58.629+0000] {processor.py:840} INFO - DAG(s) 'ecommerce_etl_v2' retrieved from /opt/airflow/dags/etl_dag.py
[2026-02-13T08:52:58.649+0000] {logging_mixin.py:188} INFO - [2026-02-13T08:52:58.649+0000] {dag.py:3036} INFO - Sync 1 DAGs
[2026-02-13T08:52:58.661+0000] {logging_mixin.py:188} INFO - [2026-02-13T08:52:58.661+0000] {dag.py:3823} INFO - Setting next_dagrun for ecommerce_etl_v2 to 2026-02-12 13:00:00+00:00, run_after=2026-02-13 13:00:00+00:00
[2026-02-13T08:52:58.670+0000] {processor.py:183} INFO - Processing /opt/airflow/dags/etl_dag.py took 0.168 seconds
[2026-02-13T08:53:28.955+0000] {processor.py:161} INFO - Started process (PID=17585) to work on /opt/airflow/dags/etl_dag.py
[2026-02-13T08:53:28.957+0000] {processor.py:830} INFO - Processing file /opt/airflow/dags/etl_dag.py for tasks to queue
[2026-02-13T08:53:28.958+0000] {logging_mixin.py:188} INFO - [2026-02-13T08:53:28.957+0000] {dagbag.py:538} INFO - Filling up the DagBag from /opt/airflow/dags/etl_dag.py
[2026-02-13T08:53:29.003+0000] {logging_mixin.py:188} INFO - Warning: Your Kaggle API key is readable by other users on this system! To fix this, you can run 'chmod 600 /home/airflow/.kaggle/kaggle.json'
[2026-02-13T08:53:29.062+0000] {logging_mixin.py:188} WARNING - /home/airflow/.local/lib/python3.8/site-packages/airflow/models/baseoperator.py:437 AirflowProviderDeprecationWarning: `exists_ok` parameter is deprecated, please use `if_exists`
[2026-02-13T08:53:29.070+0000] {processor.py:840} INFO - DAG(s) 'ecommerce_etl_v2' retrieved from /opt/airflow/dags/etl_dag.py
[2026-02-13T08:53:29.090+0000] {logging_mixin.py:188} INFO - [2026-02-13T08:53:29.090+0000] {dag.py:3036} INFO - Sync 1 DAGs
[2026-02-13T08:53:29.101+0000] {logging_mixin.py:188} INFO - [2026-02-13T08:53:29.100+0000] {dag.py:3823} INFO - Setting next_dagrun for ecommerce_etl_v2 to 2026-02-12 13:00:00+00:00, run_after=2026-02-13 13:00:00+00:00
[2026-02-13T08:53:29.109+0000] {processor.py:183} INFO - Processing /opt/airflow/dags/etl_dag.py took 0.158 seconds
[2026-02-13T08:53:59.267+0000] {processor.py:161} INFO - Started process (PID=17616) to work on /opt/airflow/dags/etl_dag.py
[2026-02-13T08:53:59.269+0000] {processor.py:830} INFO - Processing file /opt/airflow/dags/etl_dag.py for tasks to queue
[2026-02-13T08:53:59.269+0000] {logging_mixin.py:188} INFO - [2026-02-13T08:53:59.269+0000] {dagbag.py:538} INFO - Filling up the DagBag from /opt/airflow/dags/etl_dag.py
[2026-02-13T08:53:59.314+0000] {logging_mixin.py:188} INFO - Warning: Your Kaggle API key is readable by other users on this system! To fix this, you can run 'chmod 600 /home/airflow/.kaggle/kaggle.json'
[2026-02-13T08:53:59.373+0000] {logging_mixin.py:188} WARNING - /home/airflow/.local/lib/python3.8/site-packages/airflow/models/baseoperator.py:437 AirflowProviderDeprecationWarning: `exists_ok` parameter is deprecated, please use `if_exists`
[2026-02-13T08:53:59.382+0000] {processor.py:840} INFO - DAG(s) 'ecommerce_etl_v2' retrieved from /opt/airflow/dags/etl_dag.py
[2026-02-13T08:53:59.401+0000] {logging_mixin.py:188} INFO - [2026-02-13T08:53:59.401+0000] {dag.py:3036} INFO - Sync 1 DAGs
[2026-02-13T08:53:59.412+0000] {logging_mixin.py:188} INFO - [2026-02-13T08:53:59.411+0000] {dag.py:3823} INFO - Setting next_dagrun for ecommerce_etl_v2 to 2026-02-12 13:00:00+00:00, run_after=2026-02-13 13:00:00+00:00
[2026-02-13T08:53:59.421+0000] {processor.py:183} INFO - Processing /opt/airflow/dags/etl_dag.py took 0.157 seconds
[2026-02-13T08:54:29.589+0000] {processor.py:161} INFO - Started process (PID=17647) to work on /opt/airflow/dags/etl_dag.py
[2026-02-13T08:54:29.590+0000] {processor.py:830} INFO - Processing file /opt/airflow/dags/etl_dag.py for tasks to queue
[2026-02-13T08:54:29.591+0000] {logging_mixin.py:188} INFO - [2026-02-13T08:54:29.591+0000] {dagbag.py:538} INFO - Filling up the DagBag from /opt/airflow/dags/etl_dag.py
[2026-02-13T08:54:29.639+0000] {logging_mixin.py:188} INFO - Warning: Your Kaggle API key is readable by other users on this system! To fix this, you can run 'chmod 600 /home/airflow/.kaggle/kaggle.json'
[2026-02-13T08:54:29.701+0000] {logging_mixin.py:188} WARNING - /home/airflow/.local/lib/python3.8/site-packages/airflow/models/baseoperator.py:437 AirflowProviderDeprecationWarning: `exists_ok` parameter is deprecated, please use `if_exists`
[2026-02-13T08:54:29.713+0000] {processor.py:840} INFO - DAG(s) 'ecommerce_etl_v2' retrieved from /opt/airflow/dags/etl_dag.py
[2026-02-13T08:54:29.736+0000] {logging_mixin.py:188} INFO - [2026-02-13T08:54:29.735+0000] {dag.py:3036} INFO - Sync 1 DAGs
[2026-02-13T08:54:29.749+0000] {logging_mixin.py:188} INFO - [2026-02-13T08:54:29.748+0000] {dag.py:3823} INFO - Setting next_dagrun for ecommerce_etl_v2 to 2026-02-12 13:00:00+00:00, run_after=2026-02-13 13:00:00+00:00
[2026-02-13T08:54:29.762+0000] {processor.py:183} INFO - Processing /opt/airflow/dags/etl_dag.py took 0.178 seconds
[2026-02-13T08:55:00.034+0000] {processor.py:161} INFO - Started process (PID=17678) to work on /opt/airflow/dags/etl_dag.py
[2026-02-13T08:55:00.034+0000] {processor.py:830} INFO - Processing file /opt/airflow/dags/etl_dag.py for tasks to queue
[2026-02-13T08:55:00.035+0000] {logging_mixin.py:188} INFO - [2026-02-13T08:55:00.035+0000] {dagbag.py:538} INFO - Filling up the DagBag from /opt/airflow/dags/etl_dag.py
[2026-02-13T08:55:00.074+0000] {logging_mixin.py:188} INFO - Warning: Your Kaggle API key is readable by other users on this system! To fix this, you can run 'chmod 600 /home/airflow/.kaggle/kaggle.json'
[2026-02-13T08:55:00.134+0000] {logging_mixin.py:188} WARNING - /home/airflow/.local/lib/python3.8/site-packages/airflow/models/baseoperator.py:437 AirflowProviderDeprecationWarning: `exists_ok` parameter is deprecated, please use `if_exists`
[2026-02-13T08:55:00.143+0000] {processor.py:840} INFO - DAG(s) 'ecommerce_etl_v2' retrieved from /opt/airflow/dags/etl_dag.py
[2026-02-13T08:55:00.161+0000] {logging_mixin.py:188} INFO - [2026-02-13T08:55:00.161+0000] {dag.py:3036} INFO - Sync 1 DAGs
[2026-02-13T08:55:00.171+0000] {logging_mixin.py:188} INFO - [2026-02-13T08:55:00.171+0000] {dag.py:3823} INFO - Setting next_dagrun for ecommerce_etl_v2 to 2026-02-12 13:00:00+00:00, run_after=2026-02-13 13:00:00+00:00
[2026-02-13T08:55:00.181+0000] {processor.py:183} INFO - Processing /opt/airflow/dags/etl_dag.py took 0.149 seconds
[2026-02-13T08:55:30.340+0000] {processor.py:161} INFO - Started process (PID=17709) to work on /opt/airflow/dags/etl_dag.py
[2026-02-13T08:55:30.341+0000] {processor.py:830} INFO - Processing file /opt/airflow/dags/etl_dag.py for tasks to queue
[2026-02-13T08:55:30.341+0000] {logging_mixin.py:188} INFO - [2026-02-13T08:55:30.341+0000] {dagbag.py:538} INFO - Filling up the DagBag from /opt/airflow/dags/etl_dag.py
[2026-02-13T08:55:30.379+0000] {logging_mixin.py:188} INFO - Warning: Your Kaggle API key is readable by other users on this system! To fix this, you can run 'chmod 600 /home/airflow/.kaggle/kaggle.json'
[2026-02-13T08:55:30.438+0000] {logging_mixin.py:188} WARNING - /home/airflow/.local/lib/python3.8/site-packages/airflow/models/baseoperator.py:437 AirflowProviderDeprecationWarning: `exists_ok` parameter is deprecated, please use `if_exists`
[2026-02-13T08:55:30.447+0000] {processor.py:840} INFO - DAG(s) 'ecommerce_etl_v2' retrieved from /opt/airflow/dags/etl_dag.py
[2026-02-13T08:55:30.466+0000] {logging_mixin.py:188} INFO - [2026-02-13T08:55:30.466+0000] {dag.py:3036} INFO - Sync 1 DAGs
[2026-02-13T08:55:30.476+0000] {logging_mixin.py:188} INFO - [2026-02-13T08:55:30.476+0000] {dag.py:3823} INFO - Setting next_dagrun for ecommerce_etl_v2 to 2026-02-12 13:00:00+00:00, run_after=2026-02-13 13:00:00+00:00
[2026-02-13T08:55:30.485+0000] {processor.py:183} INFO - Processing /opt/airflow/dags/etl_dag.py took 0.147 seconds
[2026-02-13T08:56:00.823+0000] {processor.py:161} INFO - Started process (PID=17740) to work on /opt/airflow/dags/etl_dag.py
[2026-02-13T08:56:00.824+0000] {processor.py:830} INFO - Processing file /opt/airflow/dags/etl_dag.py for tasks to queue
[2026-02-13T08:56:00.824+0000] {logging_mixin.py:188} INFO - [2026-02-13T08:56:00.824+0000] {dagbag.py:538} INFO - Filling up the DagBag from /opt/airflow/dags/etl_dag.py
[2026-02-13T08:56:00.877+0000] {logging_mixin.py:188} INFO - Warning: Your Kaggle API key is readable by other users on this system! To fix this, you can run 'chmod 600 /home/airflow/.kaggle/kaggle.json'
[2026-02-13T08:56:00.938+0000] {logging_mixin.py:188} WARNING - /home/airflow/.local/lib/python3.8/site-packages/airflow/models/baseoperator.py:437 AirflowProviderDeprecationWarning: `exists_ok` parameter is deprecated, please use `if_exists`
[2026-02-13T08:56:00.947+0000] {processor.py:840} INFO - DAG(s) 'ecommerce_etl_v2' retrieved from /opt/airflow/dags/etl_dag.py
[2026-02-13T08:56:00.965+0000] {logging_mixin.py:188} INFO - [2026-02-13T08:56:00.965+0000] {dag.py:3036} INFO - Sync 1 DAGs
[2026-02-13T08:56:00.976+0000] {logging_mixin.py:188} INFO - [2026-02-13T08:56:00.976+0000] {dag.py:3823} INFO - Setting next_dagrun for ecommerce_etl_v2 to 2026-02-12 13:00:00+00:00, run_after=2026-02-13 13:00:00+00:00
[2026-02-13T08:56:00.985+0000] {processor.py:183} INFO - Processing /opt/airflow/dags/etl_dag.py took 0.165 seconds
[2026-02-13T08:56:31.123+0000] {processor.py:161} INFO - Started process (PID=17771) to work on /opt/airflow/dags/etl_dag.py
[2026-02-13T08:56:31.124+0000] {processor.py:830} INFO - Processing file /opt/airflow/dags/etl_dag.py for tasks to queue
[2026-02-13T08:56:31.126+0000] {logging_mixin.py:188} INFO - [2026-02-13T08:56:31.125+0000] {dagbag.py:538} INFO - Filling up the DagBag from /opt/airflow/dags/etl_dag.py
[2026-02-13T08:56:31.170+0000] {logging_mixin.py:188} INFO - Warning: Your Kaggle API key is readable by other users on this system! To fix this, you can run 'chmod 600 /home/airflow/.kaggle/kaggle.json'
[2026-02-13T08:56:31.230+0000] {logging_mixin.py:188} WARNING - /home/airflow/.local/lib/python3.8/site-packages/airflow/models/baseoperator.py:437 AirflowProviderDeprecationWarning: `exists_ok` parameter is deprecated, please use `if_exists`
[2026-02-13T08:56:31.239+0000] {processor.py:840} INFO - DAG(s) 'ecommerce_etl_v2' retrieved from /opt/airflow/dags/etl_dag.py
[2026-02-13T08:56:31.259+0000] {logging_mixin.py:188} INFO - [2026-02-13T08:56:31.259+0000] {dag.py:3036} INFO - Sync 1 DAGs
[2026-02-13T08:56:31.270+0000] {logging_mixin.py:188} INFO - [2026-02-13T08:56:31.270+0000] {dag.py:3823} INFO - Setting next_dagrun for ecommerce_etl_v2 to 2026-02-12 13:00:00+00:00, run_after=2026-02-13 13:00:00+00:00
[2026-02-13T08:56:31.279+0000] {processor.py:183} INFO - Processing /opt/airflow/dags/etl_dag.py took 0.160 seconds
[2026-02-13T08:57:01.518+0000] {processor.py:161} INFO - Started process (PID=17802) to work on /opt/airflow/dags/etl_dag.py
[2026-02-13T08:57:01.519+0000] {processor.py:830} INFO - Processing file /opt/airflow/dags/etl_dag.py for tasks to queue
[2026-02-13T08:57:01.519+0000] {logging_mixin.py:188} INFO - [2026-02-13T08:57:01.519+0000] {dagbag.py:538} INFO - Filling up the DagBag from /opt/airflow/dags/etl_dag.py
[2026-02-13T08:57:01.566+0000] {logging_mixin.py:188} INFO - Warning: Your Kaggle API key is readable by other users on this system! To fix this, you can run 'chmod 600 /home/airflow/.kaggle/kaggle.json'
[2026-02-13T08:57:01.629+0000] {logging_mixin.py:188} WARNING - /home/airflow/.local/lib/python3.8/site-packages/airflow/models/baseoperator.py:437 AirflowProviderDeprecationWarning: `exists_ok` parameter is deprecated, please use `if_exists`
[2026-02-13T08:57:01.640+0000] {processor.py:840} INFO - DAG(s) 'ecommerce_etl_v2' retrieved from /opt/airflow/dags/etl_dag.py
[2026-02-13T08:57:01.659+0000] {logging_mixin.py:188} INFO - [2026-02-13T08:57:01.659+0000] {dag.py:3036} INFO - Sync 1 DAGs
[2026-02-13T08:57:01.669+0000] {logging_mixin.py:188} INFO - [2026-02-13T08:57:01.669+0000] {dag.py:3823} INFO - Setting next_dagrun for ecommerce_etl_v2 to 2026-02-12 13:00:00+00:00, run_after=2026-02-13 13:00:00+00:00
[2026-02-13T08:57:01.681+0000] {processor.py:183} INFO - Processing /opt/airflow/dags/etl_dag.py took 0.165 seconds
[2026-02-13T09:00:01.691+0000] {processor.py:161} INFO - Started process (PID=17833) to work on /opt/airflow/dags/etl_dag.py
[2026-02-13T09:00:01.692+0000] {processor.py:830} INFO - Processing file /opt/airflow/dags/etl_dag.py for tasks to queue
[2026-02-13T09:00:01.692+0000] {logging_mixin.py:188} INFO - [2026-02-13T09:00:01.692+0000] {dagbag.py:538} INFO - Filling up the DagBag from /opt/airflow/dags/etl_dag.py
[2026-02-13T09:00:01.730+0000] {logging_mixin.py:188} INFO - Warning: Your Kaggle API key is readable by other users on this system! To fix this, you can run 'chmod 600 /home/airflow/.kaggle/kaggle.json'
[2026-02-13T09:00:01.791+0000] {logging_mixin.py:188} WARNING - /home/airflow/.local/lib/python3.8/site-packages/airflow/models/baseoperator.py:437 AirflowProviderDeprecationWarning: `exists_ok` parameter is deprecated, please use `if_exists`
[2026-02-13T09:00:01.802+0000] {processor.py:840} INFO - DAG(s) 'ecommerce_etl_v2' retrieved from /opt/airflow/dags/etl_dag.py
[2026-02-13T09:00:01.822+0000] {logging_mixin.py:188} INFO - [2026-02-13T09:00:01.822+0000] {dag.py:3036} INFO - Sync 1 DAGs
[2026-02-13T09:00:01.836+0000] {logging_mixin.py:188} INFO - [2026-02-13T09:00:01.835+0000] {dag.py:3823} INFO - Setting next_dagrun for ecommerce_etl_v2 to 2026-02-12 13:00:00+00:00, run_after=2026-02-13 13:00:00+00:00
[2026-02-13T09:00:01.845+0000] {processor.py:183} INFO - Processing /opt/airflow/dags/etl_dag.py took 0.157 seconds
[2026-02-13T09:00:32.078+0000] {processor.py:161} INFO - Started process (PID=17866) to work on /opt/airflow/dags/etl_dag.py
[2026-02-13T09:00:32.079+0000] {processor.py:830} INFO - Processing file /opt/airflow/dags/etl_dag.py for tasks to queue
[2026-02-13T09:00:32.080+0000] {logging_mixin.py:188} INFO - [2026-02-13T09:00:32.079+0000] {dagbag.py:538} INFO - Filling up the DagBag from /opt/airflow/dags/etl_dag.py
[2026-02-13T09:00:32.125+0000] {logging_mixin.py:188} INFO - Warning: Your Kaggle API key is readable by other users on this system! To fix this, you can run 'chmod 600 /home/airflow/.kaggle/kaggle.json'
[2026-02-13T09:00:32.184+0000] {logging_mixin.py:188} WARNING - /home/airflow/.local/lib/python3.8/site-packages/airflow/models/baseoperator.py:437 AirflowProviderDeprecationWarning: `exists_ok` parameter is deprecated, please use `if_exists`
[2026-02-13T09:00:32.193+0000] {processor.py:840} INFO - DAG(s) 'ecommerce_etl_v2' retrieved from /opt/airflow/dags/etl_dag.py
[2026-02-13T09:00:32.211+0000] {logging_mixin.py:188} INFO - [2026-02-13T09:00:32.211+0000] {dag.py:3036} INFO - Sync 1 DAGs
[2026-02-13T09:00:32.222+0000] {logging_mixin.py:188} INFO - [2026-02-13T09:00:32.222+0000] {dag.py:3823} INFO - Setting next_dagrun for ecommerce_etl_v2 to 2026-02-12 13:00:00+00:00, run_after=2026-02-13 13:00:00+00:00
[2026-02-13T09:00:32.230+0000] {processor.py:183} INFO - Processing /opt/airflow/dags/etl_dag.py took 0.156 seconds
[2026-02-13T09:01:02.363+0000] {processor.py:161} INFO - Started process (PID=17897) to work on /opt/airflow/dags/etl_dag.py
[2026-02-13T09:01:02.365+0000] {processor.py:830} INFO - Processing file /opt/airflow/dags/etl_dag.py for tasks to queue
[2026-02-13T09:01:02.366+0000] {logging_mixin.py:188} INFO - [2026-02-13T09:01:02.365+0000] {dagbag.py:538} INFO - Filling up the DagBag from /opt/airflow/dags/etl_dag.py
[2026-02-13T09:01:02.413+0000] {logging_mixin.py:188} INFO - Warning: Your Kaggle API key is readable by other users on this system! To fix this, you can run 'chmod 600 /home/airflow/.kaggle/kaggle.json'
[2026-02-13T09:01:02.477+0000] {logging_mixin.py:188} WARNING - /home/airflow/.local/lib/python3.8/site-packages/airflow/models/baseoperator.py:437 AirflowProviderDeprecationWarning: `exists_ok` parameter is deprecated, please use `if_exists`
[2026-02-13T09:01:02.487+0000] {processor.py:840} INFO - DAG(s) 'ecommerce_etl_v2' retrieved from /opt/airflow/dags/etl_dag.py
[2026-02-13T09:01:02.508+0000] {logging_mixin.py:188} INFO - [2026-02-13T09:01:02.508+0000] {dag.py:3036} INFO - Sync 1 DAGs
[2026-02-13T09:01:02.520+0000] {logging_mixin.py:188} INFO - [2026-02-13T09:01:02.520+0000] {dag.py:3823} INFO - Setting next_dagrun for ecommerce_etl_v2 to 2026-02-12 13:00:00+00:00, run_after=2026-02-13 13:00:00+00:00
[2026-02-13T09:01:02.533+0000] {processor.py:183} INFO - Processing /opt/airflow/dags/etl_dag.py took 0.173 seconds
[2026-02-13T09:01:32.809+0000] {processor.py:161} INFO - Started process (PID=17928) to work on /opt/airflow/dags/etl_dag.py
[2026-02-13T09:01:32.810+0000] {processor.py:830} INFO - Processing file /opt/airflow/dags/etl_dag.py for tasks to queue
[2026-02-13T09:01:32.811+0000] {logging_mixin.py:188} INFO - [2026-02-13T09:01:32.811+0000] {dagbag.py:538} INFO - Filling up the DagBag from /opt/airflow/dags/etl_dag.py
[2026-02-13T09:01:32.865+0000] {logging_mixin.py:188} INFO - Warning: Your Kaggle API key is readable by other users on this system! To fix this, you can run 'chmod 600 /home/airflow/.kaggle/kaggle.json'
[2026-02-13T09:01:32.928+0000] {logging_mixin.py:188} WARNING - /home/airflow/.local/lib/python3.8/site-packages/airflow/models/baseoperator.py:437 AirflowProviderDeprecationWarning: `exists_ok` parameter is deprecated, please use `if_exists`
[2026-02-13T09:01:32.939+0000] {processor.py:840} INFO - DAG(s) 'ecommerce_etl_v2' retrieved from /opt/airflow/dags/etl_dag.py
[2026-02-13T09:01:32.958+0000] {logging_mixin.py:188} INFO - [2026-02-13T09:01:32.958+0000] {dag.py:3036} INFO - Sync 1 DAGs
[2026-02-13T09:01:32.968+0000] {logging_mixin.py:188} INFO - [2026-02-13T09:01:32.968+0000] {dag.py:3823} INFO - Setting next_dagrun for ecommerce_etl_v2 to 2026-02-12 13:00:00+00:00, run_after=2026-02-13 13:00:00+00:00
[2026-02-13T09:01:32.977+0000] {processor.py:183} INFO - Processing /opt/airflow/dags/etl_dag.py took 0.172 seconds
[2026-02-13T09:02:03.174+0000] {processor.py:161} INFO - Started process (PID=17959) to work on /opt/airflow/dags/etl_dag.py
[2026-02-13T09:02:03.176+0000] {processor.py:830} INFO - Processing file /opt/airflow/dags/etl_dag.py for tasks to queue
[2026-02-13T09:02:03.177+0000] {logging_mixin.py:188} INFO - [2026-02-13T09:02:03.176+0000] {dagbag.py:538} INFO - Filling up the DagBag from /opt/airflow/dags/etl_dag.py
[2026-02-13T09:02:03.223+0000] {logging_mixin.py:188} INFO - Warning: Your Kaggle API key is readable by other users on this system! To fix this, you can run 'chmod 600 /home/airflow/.kaggle/kaggle.json'
[2026-02-13T09:02:03.282+0000] {logging_mixin.py:188} WARNING - /home/airflow/.local/lib/python3.8/site-packages/airflow/models/baseoperator.py:437 AirflowProviderDeprecationWarning: `exists_ok` parameter is deprecated, please use `if_exists`
[2026-02-13T09:02:03.291+0000] {processor.py:840} INFO - DAG(s) 'ecommerce_etl_v2' retrieved from /opt/airflow/dags/etl_dag.py
[2026-02-13T09:02:03.310+0000] {logging_mixin.py:188} INFO - [2026-02-13T09:02:03.309+0000] {dag.py:3036} INFO - Sync 1 DAGs
[2026-02-13T09:02:03.320+0000] {logging_mixin.py:188} INFO - [2026-02-13T09:02:03.320+0000] {dag.py:3823} INFO - Setting next_dagrun for ecommerce_etl_v2 to 2026-02-12 13:00:00+00:00, run_after=2026-02-13 13:00:00+00:00
[2026-02-13T09:02:03.329+0000] {processor.py:183} INFO - Processing /opt/airflow/dags/etl_dag.py took 0.159 seconds
[2026-02-13T09:02:33.651+0000] {processor.py:161} INFO - Started process (PID=17990) to work on /opt/airflow/dags/etl_dag.py
[2026-02-13T09:02:33.652+0000] {processor.py:830} INFO - Processing file /opt/airflow/dags/etl_dag.py for tasks to queue
[2026-02-13T09:02:33.652+0000] {logging_mixin.py:188} INFO - [2026-02-13T09:02:33.652+0000] {dagbag.py:538} INFO - Filling up the DagBag from /opt/airflow/dags/etl_dag.py
[2026-02-13T09:02:33.700+0000] {logging_mixin.py:188} INFO - Warning: Your Kaggle API key is readable by other users on this system! To fix this, you can run 'chmod 600 /home/airflow/.kaggle/kaggle.json'
[2026-02-13T09:02:33.765+0000] {logging_mixin.py:188} WARNING - /home/airflow/.local/lib/python3.8/site-packages/airflow/models/baseoperator.py:437 AirflowProviderDeprecationWarning: `exists_ok` parameter is deprecated, please use `if_exists`
[2026-02-13T09:02:33.774+0000] {processor.py:840} INFO - DAG(s) 'ecommerce_etl_v2' retrieved from /opt/airflow/dags/etl_dag.py
[2026-02-13T09:02:33.797+0000] {logging_mixin.py:188} INFO - [2026-02-13T09:02:33.797+0000] {dag.py:3036} INFO - Sync 1 DAGs
[2026-02-13T09:02:33.810+0000] {logging_mixin.py:188} INFO - [2026-02-13T09:02:33.809+0000] {dag.py:3823} INFO - Setting next_dagrun for ecommerce_etl_v2 to 2026-02-12 13:00:00+00:00, run_after=2026-02-13 13:00:00+00:00
[2026-02-13T09:02:33.819+0000] {processor.py:183} INFO - Processing /opt/airflow/dags/etl_dag.py took 0.171 seconds
[2026-02-13T09:03:03.980+0000] {processor.py:161} INFO - Started process (PID=18021) to work on /opt/airflow/dags/etl_dag.py
[2026-02-13T09:03:03.981+0000] {processor.py:830} INFO - Processing file /opt/airflow/dags/etl_dag.py for tasks to queue
[2026-02-13T09:03:03.982+0000] {logging_mixin.py:188} INFO - [2026-02-13T09:03:03.982+0000] {dagbag.py:538} INFO - Filling up the DagBag from /opt/airflow/dags/etl_dag.py
[2026-02-13T09:03:04.025+0000] {logging_mixin.py:188} INFO - Warning: Your Kaggle API key is readable by other users on this system! To fix this, you can run 'chmod 600 /home/airflow/.kaggle/kaggle.json'
[2026-02-13T09:03:04.085+0000] {logging_mixin.py:188} WARNING - /home/airflow/.local/lib/python3.8/site-packages/airflow/models/baseoperator.py:437 AirflowProviderDeprecationWarning: `exists_ok` parameter is deprecated, please use `if_exists`
[2026-02-13T09:03:04.094+0000] {processor.py:840} INFO - DAG(s) 'ecommerce_etl_v2' retrieved from /opt/airflow/dags/etl_dag.py
[2026-02-13T09:03:04.112+0000] {logging_mixin.py:188} INFO - [2026-02-13T09:03:04.112+0000] {dag.py:3036} INFO - Sync 1 DAGs
[2026-02-13T09:03:04.122+0000] {logging_mixin.py:188} INFO - [2026-02-13T09:03:04.122+0000] {dag.py:3823} INFO - Setting next_dagrun for ecommerce_etl_v2 to 2026-02-12 13:00:00+00:00, run_after=2026-02-13 13:00:00+00:00
[2026-02-13T09:03:04.130+0000] {processor.py:183} INFO - Processing /opt/airflow/dags/etl_dag.py took 0.154 seconds
[2026-02-13T09:03:34.351+0000] {processor.py:161} INFO - Started process (PID=18052) to work on /opt/airflow/dags/etl_dag.py
[2026-02-13T09:03:34.352+0000] {processor.py:830} INFO - Processing file /opt/airflow/dags/etl_dag.py for tasks to queue
[2026-02-13T09:03:34.353+0000] {logging_mixin.py:188} INFO - [2026-02-13T09:03:34.353+0000] {dagbag.py:538} INFO - Filling up the DagBag from /opt/airflow/dags/etl_dag.py
[2026-02-13T09:03:34.392+0000] {logging_mixin.py:188} INFO - Warning: Your Kaggle API key is readable by other users on this system! To fix this, you can run 'chmod 600 /home/airflow/.kaggle/kaggle.json'
[2026-02-13T09:03:34.458+0000] {logging_mixin.py:188} WARNING - /home/airflow/.local/lib/python3.8/site-packages/airflow/models/baseoperator.py:437 AirflowProviderDeprecationWarning: `exists_ok` parameter is deprecated, please use `if_exists`
[2026-02-13T09:03:34.468+0000] {processor.py:840} INFO - DAG(s) 'ecommerce_etl_v2' retrieved from /opt/airflow/dags/etl_dag.py
[2026-02-13T09:03:34.489+0000] {logging_mixin.py:188} INFO - [2026-02-13T09:03:34.489+0000] {dag.py:3036} INFO - Sync 1 DAGs
[2026-02-13T09:03:34.501+0000] {logging_mixin.py:188} INFO - [2026-02-13T09:03:34.501+0000] {dag.py:3823} INFO - Setting next_dagrun for ecommerce_etl_v2 to 2026-02-12 13:00:00+00:00, run_after=2026-02-13 13:00:00+00:00
[2026-02-13T09:03:34.511+0000] {processor.py:183} INFO - Processing /opt/airflow/dags/etl_dag.py took 0.161 seconds
[2026-02-13T09:04:04.704+0000] {processor.py:161} INFO - Started process (PID=18083) to work on /opt/airflow/dags/etl_dag.py
[2026-02-13T09:04:04.705+0000] {processor.py:830} INFO - Processing file /opt/airflow/dags/etl_dag.py for tasks to queue
[2026-02-13T09:04:04.706+0000] {logging_mixin.py:188} INFO - [2026-02-13T09:04:04.706+0000] {dagbag.py:538} INFO - Filling up the DagBag from /opt/airflow/dags/etl_dag.py
[2026-02-13T09:04:04.749+0000] {logging_mixin.py:188} INFO - Warning: Your Kaggle API key is readable by other users on this system! To fix this, you can run 'chmod 600 /home/airflow/.kaggle/kaggle.json'
[2026-02-13T09:04:04.809+0000] {logging_mixin.py:188} WARNING - /home/airflow/.local/lib/python3.8/site-packages/airflow/models/baseoperator.py:437 AirflowProviderDeprecationWarning: `exists_ok` parameter is deprecated, please use `if_exists`
[2026-02-13T09:04:04.818+0000] {processor.py:840} INFO - DAG(s) 'ecommerce_etl_v2' retrieved from /opt/airflow/dags/etl_dag.py
[2026-02-13T09:04:04.836+0000] {logging_mixin.py:188} INFO - [2026-02-13T09:04:04.836+0000] {dag.py:3036} INFO - Sync 1 DAGs
[2026-02-13T09:04:04.846+0000] {logging_mixin.py:188} INFO - [2026-02-13T09:04:04.846+0000] {dag.py:3823} INFO - Setting next_dagrun for ecommerce_etl_v2 to 2026-02-12 13:00:00+00:00, run_after=2026-02-13 13:00:00+00:00
[2026-02-13T09:04:04.855+0000] {processor.py:183} INFO - Processing /opt/airflow/dags/etl_dag.py took 0.154 seconds
[2026-02-13T09:04:35.193+0000] {processor.py:161} INFO - Started process (PID=18114) to work on /opt/airflow/dags/etl_dag.py
[2026-02-13T09:04:35.194+0000] {processor.py:830} INFO - Processing file /opt/airflow/dags/etl_dag.py for tasks to queue
[2026-02-13T09:04:35.195+0000] {logging_mixin.py:188} INFO - [2026-02-13T09:04:35.195+0000] {dagbag.py:538} INFO - Filling up the DagBag from /opt/airflow/dags/etl_dag.py
[2026-02-13T09:04:35.241+0000] {logging_mixin.py:188} INFO - Warning: Your Kaggle API key is readable by other users on this system! To fix this, you can run 'chmod 600 /home/airflow/.kaggle/kaggle.json'
[2026-02-13T09:04:35.302+0000] {logging_mixin.py:188} WARNING - /home/airflow/.local/lib/python3.8/site-packages/airflow/models/baseoperator.py:437 AirflowProviderDeprecationWarning: `exists_ok` parameter is deprecated, please use `if_exists`
[2026-02-13T09:04:35.311+0000] {processor.py:840} INFO - DAG(s) 'ecommerce_etl_v2' retrieved from /opt/airflow/dags/etl_dag.py
[2026-02-13T09:04:35.331+0000] {logging_mixin.py:188} INFO - [2026-02-13T09:04:35.331+0000] {dag.py:3036} INFO - Sync 1 DAGs
[2026-02-13T09:04:35.341+0000] {logging_mixin.py:188} INFO - [2026-02-13T09:04:35.341+0000] {dag.py:3823} INFO - Setting next_dagrun for ecommerce_etl_v2 to 2026-02-12 13:00:00+00:00, run_after=2026-02-13 13:00:00+00:00
[2026-02-13T09:04:35.350+0000] {processor.py:183} INFO - Processing /opt/airflow/dags/etl_dag.py took 0.162 seconds
[2026-02-13T09:05:05.469+0000] {processor.py:161} INFO - Started process (PID=18145) to work on /opt/airflow/dags/etl_dag.py
[2026-02-13T09:05:05.471+0000] {processor.py:830} INFO - Processing file /opt/airflow/dags/etl_dag.py for tasks to queue
[2026-02-13T09:05:05.472+0000] {logging_mixin.py:188} INFO - [2026-02-13T09:05:05.471+0000] {dagbag.py:538} INFO - Filling up the DagBag from /opt/airflow/dags/etl_dag.py
[2026-02-13T09:05:05.516+0000] {logging_mixin.py:188} INFO - Warning: Your Kaggle API key is readable by other users on this system! To fix this, you can run 'chmod 600 /home/airflow/.kaggle/kaggle.json'
[2026-02-13T09:05:05.577+0000] {logging_mixin.py:188} WARNING - /home/airflow/.local/lib/python3.8/site-packages/airflow/models/baseoperator.py:437 AirflowProviderDeprecationWarning: `exists_ok` parameter is deprecated, please use `if_exists`
[2026-02-13T09:05:05.589+0000] {processor.py:840} INFO - DAG(s) 'ecommerce_etl_v2' retrieved from /opt/airflow/dags/etl_dag.py
[2026-02-13T09:05:05.610+0000] {logging_mixin.py:188} INFO - [2026-02-13T09:05:05.610+0000] {dag.py:3036} INFO - Sync 1 DAGs
[2026-02-13T09:05:05.621+0000] {logging_mixin.py:188} INFO - [2026-02-13T09:05:05.621+0000] {dag.py:3823} INFO - Setting next_dagrun for ecommerce_etl_v2 to 2026-02-12 13:00:00+00:00, run_after=2026-02-13 13:00:00+00:00
[2026-02-13T09:05:05.629+0000] {processor.py:183} INFO - Processing /opt/airflow/dags/etl_dag.py took 0.165 seconds
[2026-02-13T09:05:35.949+0000] {processor.py:161} INFO - Started process (PID=18176) to work on /opt/airflow/dags/etl_dag.py
[2026-02-13T09:05:35.950+0000] {processor.py:830} INFO - Processing file /opt/airflow/dags/etl_dag.py for tasks to queue
[2026-02-13T09:05:35.951+0000] {logging_mixin.py:188} INFO - [2026-02-13T09:05:35.951+0000] {dagbag.py:538} INFO - Filling up the DagBag from /opt/airflow/dags/etl_dag.py
[2026-02-13T09:05:36.002+0000] {logging_mixin.py:188} INFO - Warning: Your Kaggle API key is readable by other users on this system! To fix this, you can run 'chmod 600 /home/airflow/.kaggle/kaggle.json'
[2026-02-13T09:05:36.066+0000] {logging_mixin.py:188} WARNING - /home/airflow/.local/lib/python3.8/site-packages/airflow/models/baseoperator.py:437 AirflowProviderDeprecationWarning: `exists_ok` parameter is deprecated, please use `if_exists`
[2026-02-13T09:05:36.076+0000] {processor.py:840} INFO - DAG(s) 'ecommerce_etl_v2' retrieved from /opt/airflow/dags/etl_dag.py
[2026-02-13T09:05:36.096+0000] {logging_mixin.py:188} INFO - [2026-02-13T09:05:36.096+0000] {dag.py:3036} INFO - Sync 1 DAGs
[2026-02-13T09:05:36.107+0000] {logging_mixin.py:188} INFO - [2026-02-13T09:05:36.107+0000] {dag.py:3823} INFO - Setting next_dagrun for ecommerce_etl_v2 to 2026-02-12 13:00:00+00:00, run_after=2026-02-13 13:00:00+00:00
[2026-02-13T09:05:36.116+0000] {processor.py:183} INFO - Processing /opt/airflow/dags/etl_dag.py took 0.170 seconds
[2026-02-13T09:06:06.296+0000] {processor.py:161} INFO - Started process (PID=18207) to work on /opt/airflow/dags/etl_dag.py
[2026-02-13T09:06:06.297+0000] {processor.py:830} INFO - Processing file /opt/airflow/dags/etl_dag.py for tasks to queue
[2026-02-13T09:06:06.298+0000] {logging_mixin.py:188} INFO - [2026-02-13T09:06:06.297+0000] {dagbag.py:538} INFO - Filling up the DagBag from /opt/airflow/dags/etl_dag.py
[2026-02-13T09:06:06.347+0000] {logging_mixin.py:188} INFO - Warning: Your Kaggle API key is readable by other users on this system! To fix this, you can run 'chmod 600 /home/airflow/.kaggle/kaggle.json'
[2026-02-13T09:06:06.412+0000] {logging_mixin.py:188} WARNING - /home/airflow/.local/lib/python3.8/site-packages/airflow/models/baseoperator.py:437 AirflowProviderDeprecationWarning: `exists_ok` parameter is deprecated, please use `if_exists`
[2026-02-13T09:06:06.422+0000] {processor.py:840} INFO - DAG(s) 'ecommerce_etl_v2' retrieved from /opt/airflow/dags/etl_dag.py
[2026-02-13T09:06:06.443+0000] {logging_mixin.py:188} INFO - [2026-02-13T09:06:06.443+0000] {dag.py:3036} INFO - Sync 1 DAGs
[2026-02-13T09:06:06.455+0000] {logging_mixin.py:188} INFO - [2026-02-13T09:06:06.455+0000] {dag.py:3823} INFO - Setting next_dagrun for ecommerce_etl_v2 to 2026-02-12 13:00:00+00:00, run_after=2026-02-13 13:00:00+00:00
[2026-02-13T09:06:06.467+0000] {processor.py:183} INFO - Processing /opt/airflow/dags/etl_dag.py took 0.174 seconds
[2026-02-13T09:06:36.679+0000] {processor.py:161} INFO - Started process (PID=18238) to work on /opt/airflow/dags/etl_dag.py
[2026-02-13T09:06:36.679+0000] {processor.py:830} INFO - Processing file /opt/airflow/dags/etl_dag.py for tasks to queue
[2026-02-13T09:06:36.680+0000] {logging_mixin.py:188} INFO - [2026-02-13T09:06:36.680+0000] {dagbag.py:538} INFO - Filling up the DagBag from /opt/airflow/dags/etl_dag.py
[2026-02-13T09:06:36.720+0000] {logging_mixin.py:188} INFO - Warning: Your Kaggle API key is readable by other users on this system! To fix this, you can run 'chmod 600 /home/airflow/.kaggle/kaggle.json'
[2026-02-13T09:06:36.780+0000] {logging_mixin.py:188} WARNING - /home/airflow/.local/lib/python3.8/site-packages/airflow/models/baseoperator.py:437 AirflowProviderDeprecationWarning: `exists_ok` parameter is deprecated, please use `if_exists`
[2026-02-13T09:06:36.790+0000] {processor.py:840} INFO - DAG(s) 'ecommerce_etl_v2' retrieved from /opt/airflow/dags/etl_dag.py
[2026-02-13T09:06:36.813+0000] {logging_mixin.py:188} INFO - [2026-02-13T09:06:36.813+0000] {dag.py:3036} INFO - Sync 1 DAGs
[2026-02-13T09:06:36.824+0000] {logging_mixin.py:188} INFO - [2026-02-13T09:06:36.824+0000] {dag.py:3823} INFO - Setting next_dagrun for ecommerce_etl_v2 to 2026-02-12 13:00:00+00:00, run_after=2026-02-13 13:00:00+00:00
[2026-02-13T09:06:36.835+0000] {processor.py:183} INFO - Processing /opt/airflow/dags/etl_dag.py took 0.158 seconds
[2026-02-13T09:07:06.972+0000] {processor.py:161} INFO - Started process (PID=18269) to work on /opt/airflow/dags/etl_dag.py
[2026-02-13T09:07:06.973+0000] {processor.py:830} INFO - Processing file /opt/airflow/dags/etl_dag.py for tasks to queue
[2026-02-13T09:07:06.974+0000] {logging_mixin.py:188} INFO - [2026-02-13T09:07:06.974+0000] {dagbag.py:538} INFO - Filling up the DagBag from /opt/airflow/dags/etl_dag.py
[2026-02-13T09:07:07.020+0000] {logging_mixin.py:188} INFO - Warning: Your Kaggle API key is readable by other users on this system! To fix this, you can run 'chmod 600 /home/airflow/.kaggle/kaggle.json'
[2026-02-13T09:07:07.083+0000] {logging_mixin.py:188} WARNING - /home/airflow/.local/lib/python3.8/site-packages/airflow/models/baseoperator.py:437 AirflowProviderDeprecationWarning: `exists_ok` parameter is deprecated, please use `if_exists`
[2026-02-13T09:07:07.092+0000] {processor.py:840} INFO - DAG(s) 'ecommerce_etl_v2' retrieved from /opt/airflow/dags/etl_dag.py
[2026-02-13T09:07:07.111+0000] {logging_mixin.py:188} INFO - [2026-02-13T09:07:07.111+0000] {dag.py:3036} INFO - Sync 1 DAGs
[2026-02-13T09:07:07.123+0000] {logging_mixin.py:188} INFO - [2026-02-13T09:07:07.123+0000] {dag.py:3823} INFO - Setting next_dagrun for ecommerce_etl_v2 to 2026-02-12 13:00:00+00:00, run_after=2026-02-13 13:00:00+00:00
[2026-02-13T09:07:07.134+0000] {processor.py:183} INFO - Processing /opt/airflow/dags/etl_dag.py took 0.164 seconds
[2026-02-13T09:07:37.422+0000] {processor.py:161} INFO - Started process (PID=18300) to work on /opt/airflow/dags/etl_dag.py
[2026-02-13T09:07:37.423+0000] {processor.py:830} INFO - Processing file /opt/airflow/dags/etl_dag.py for tasks to queue
[2026-02-13T09:07:37.424+0000] {logging_mixin.py:188} INFO - [2026-02-13T09:07:37.424+0000] {dagbag.py:538} INFO - Filling up the DagBag from /opt/airflow/dags/etl_dag.py
[2026-02-13T09:07:37.469+0000] {logging_mixin.py:188} INFO - Warning: Your Kaggle API key is readable by other users on this system! To fix this, you can run 'chmod 600 /home/airflow/.kaggle/kaggle.json'
[2026-02-13T09:07:37.528+0000] {logging_mixin.py:188} WARNING - /home/airflow/.local/lib/python3.8/site-packages/airflow/models/baseoperator.py:437 AirflowProviderDeprecationWarning: `exists_ok` parameter is deprecated, please use `if_exists`
[2026-02-13T09:07:37.537+0000] {processor.py:840} INFO - DAG(s) 'ecommerce_etl_v2' retrieved from /opt/airflow/dags/etl_dag.py
[2026-02-13T09:07:37.555+0000] {logging_mixin.py:188} INFO - [2026-02-13T09:07:37.555+0000] {dag.py:3036} INFO - Sync 1 DAGs
[2026-02-13T09:07:37.567+0000] {logging_mixin.py:188} INFO - [2026-02-13T09:07:37.567+0000] {dag.py:3823} INFO - Setting next_dagrun for ecommerce_etl_v2 to 2026-02-12 13:00:00+00:00, run_after=2026-02-13 13:00:00+00:00
[2026-02-13T09:07:37.576+0000] {processor.py:183} INFO - Processing /opt/airflow/dags/etl_dag.py took 0.158 seconds
[2026-02-13T09:08:07.769+0000] {processor.py:161} INFO - Started process (PID=18331) to work on /opt/airflow/dags/etl_dag.py
[2026-02-13T09:08:07.770+0000] {processor.py:830} INFO - Processing file /opt/airflow/dags/etl_dag.py for tasks to queue
[2026-02-13T09:08:07.771+0000] {logging_mixin.py:188} INFO - [2026-02-13T09:08:07.770+0000] {dagbag.py:538} INFO - Filling up the DagBag from /opt/airflow/dags/etl_dag.py
[2026-02-13T09:08:07.816+0000] {logging_mixin.py:188} INFO - Warning: Your Kaggle API key is readable by other users on this system! To fix this, you can run 'chmod 600 /home/airflow/.kaggle/kaggle.json'
[2026-02-13T09:08:07.877+0000] {logging_mixin.py:188} WARNING - /home/airflow/.local/lib/python3.8/site-packages/airflow/models/baseoperator.py:437 AirflowProviderDeprecationWarning: `exists_ok` parameter is deprecated, please use `if_exists`
[2026-02-13T09:08:07.886+0000] {processor.py:840} INFO - DAG(s) 'ecommerce_etl_v2' retrieved from /opt/airflow/dags/etl_dag.py
[2026-02-13T09:08:07.905+0000] {logging_mixin.py:188} INFO - [2026-02-13T09:08:07.905+0000] {dag.py:3036} INFO - Sync 1 DAGs
[2026-02-13T09:08:07.916+0000] {logging_mixin.py:188} INFO - [2026-02-13T09:08:07.916+0000] {dag.py:3823} INFO - Setting next_dagrun for ecommerce_etl_v2 to 2026-02-12 13:00:00+00:00, run_after=2026-02-13 13:00:00+00:00
[2026-02-13T09:08:07.926+0000] {processor.py:183} INFO - Processing /opt/airflow/dags/etl_dag.py took 0.162 seconds
[2026-02-13T09:08:38.183+0000] {processor.py:161} INFO - Started process (PID=18362) to work on /opt/airflow/dags/etl_dag.py
[2026-02-13T09:08:38.184+0000] {processor.py:830} INFO - Processing file /opt/airflow/dags/etl_dag.py for tasks to queue
[2026-02-13T09:08:38.185+0000] {logging_mixin.py:188} INFO - [2026-02-13T09:08:38.184+0000] {dagbag.py:538} INFO - Filling up the DagBag from /opt/airflow/dags/etl_dag.py
[2026-02-13T09:08:38.227+0000] {logging_mixin.py:188} INFO - Warning: Your Kaggle API key is readable by other users on this system! To fix this, you can run 'chmod 600 /home/airflow/.kaggle/kaggle.json'
[2026-02-13T09:08:38.286+0000] {logging_mixin.py:188} WARNING - /home/airflow/.local/lib/python3.8/site-packages/airflow/models/baseoperator.py:437 AirflowProviderDeprecationWarning: `exists_ok` parameter is deprecated, please use `if_exists`
[2026-02-13T09:08:38.295+0000] {processor.py:840} INFO - DAG(s) 'ecommerce_etl_v2' retrieved from /opt/airflow/dags/etl_dag.py
[2026-02-13T09:08:38.313+0000] {logging_mixin.py:188} INFO - [2026-02-13T09:08:38.313+0000] {dag.py:3036} INFO - Sync 1 DAGs
[2026-02-13T09:08:38.323+0000] {logging_mixin.py:188} INFO - [2026-02-13T09:08:38.323+0000] {dag.py:3823} INFO - Setting next_dagrun for ecommerce_etl_v2 to 2026-02-12 13:00:00+00:00, run_after=2026-02-13 13:00:00+00:00
[2026-02-13T09:08:38.332+0000] {processor.py:183} INFO - Processing /opt/airflow/dags/etl_dag.py took 0.153 seconds
[2026-02-13T09:09:08.481+0000] {processor.py:161} INFO - Started process (PID=18393) to work on /opt/airflow/dags/etl_dag.py
[2026-02-13T09:09:08.482+0000] {processor.py:830} INFO - Processing file /opt/airflow/dags/etl_dag.py for tasks to queue
[2026-02-13T09:09:08.482+0000] {logging_mixin.py:188} INFO - [2026-02-13T09:09:08.482+0000] {dagbag.py:538} INFO - Filling up the DagBag from /opt/airflow/dags/etl_dag.py
[2026-02-13T09:09:08.529+0000] {logging_mixin.py:188} INFO - Warning: Your Kaggle API key is readable by other users on this system! To fix this, you can run 'chmod 600 /home/airflow/.kaggle/kaggle.json'
[2026-02-13T09:09:08.593+0000] {logging_mixin.py:188} WARNING - /home/airflow/.local/lib/python3.8/site-packages/airflow/models/baseoperator.py:437 AirflowProviderDeprecationWarning: `exists_ok` parameter is deprecated, please use `if_exists`
[2026-02-13T09:09:08.603+0000] {processor.py:840} INFO - DAG(s) 'ecommerce_etl_v2' retrieved from /opt/airflow/dags/etl_dag.py
[2026-02-13T09:09:08.625+0000] {logging_mixin.py:188} INFO - [2026-02-13T09:09:08.625+0000] {dag.py:3036} INFO - Sync 1 DAGs
[2026-02-13T09:09:08.639+0000] {logging_mixin.py:188} INFO - [2026-02-13T09:09:08.639+0000] {dag.py:3823} INFO - Setting next_dagrun for ecommerce_etl_v2 to 2026-02-12 13:00:00+00:00, run_after=2026-02-13 13:00:00+00:00
[2026-02-13T09:09:08.650+0000] {processor.py:183} INFO - Processing /opt/airflow/dags/etl_dag.py took 0.172 seconds
[2026-02-13T09:09:38.910+0000] {processor.py:161} INFO - Started process (PID=18424) to work on /opt/airflow/dags/etl_dag.py
[2026-02-13T09:09:38.911+0000] {processor.py:830} INFO - Processing file /opt/airflow/dags/etl_dag.py for tasks to queue
[2026-02-13T09:09:38.912+0000] {logging_mixin.py:188} INFO - [2026-02-13T09:09:38.911+0000] {dagbag.py:538} INFO - Filling up the DagBag from /opt/airflow/dags/etl_dag.py
[2026-02-13T09:09:38.956+0000] {logging_mixin.py:188} INFO - Warning: Your Kaggle API key is readable by other users on this system! To fix this, you can run 'chmod 600 /home/airflow/.kaggle/kaggle.json'
[2026-02-13T09:09:39.015+0000] {logging_mixin.py:188} WARNING - /home/airflow/.local/lib/python3.8/site-packages/airflow/models/baseoperator.py:437 AirflowProviderDeprecationWarning: `exists_ok` parameter is deprecated, please use `if_exists`
[2026-02-13T09:09:39.024+0000] {processor.py:840} INFO - DAG(s) 'ecommerce_etl_v2' retrieved from /opt/airflow/dags/etl_dag.py
[2026-02-13T09:09:39.042+0000] {logging_mixin.py:188} INFO - [2026-02-13T09:09:39.042+0000] {dag.py:3036} INFO - Sync 1 DAGs
[2026-02-13T09:09:39.053+0000] {logging_mixin.py:188} INFO - [2026-02-13T09:09:39.052+0000] {dag.py:3823} INFO - Setting next_dagrun for ecommerce_etl_v2 to 2026-02-12 13:00:00+00:00, run_after=2026-02-13 13:00:00+00:00
[2026-02-13T09:09:39.062+0000] {processor.py:183} INFO - Processing /opt/airflow/dags/etl_dag.py took 0.156 seconds
[2026-02-13T09:10:09.261+0000] {processor.py:161} INFO - Started process (PID=18455) to work on /opt/airflow/dags/etl_dag.py
[2026-02-13T09:10:09.262+0000] {processor.py:830} INFO - Processing file /opt/airflow/dags/etl_dag.py for tasks to queue
[2026-02-13T09:10:09.263+0000] {logging_mixin.py:188} INFO - [2026-02-13T09:10:09.263+0000] {dagbag.py:538} INFO - Filling up the DagBag from /opt/airflow/dags/etl_dag.py
[2026-02-13T09:10:09.308+0000] {logging_mixin.py:188} INFO - Warning: Your Kaggle API key is readable by other users on this system! To fix this, you can run 'chmod 600 /home/airflow/.kaggle/kaggle.json'
[2026-02-13T09:10:09.368+0000] {logging_mixin.py:188} WARNING - /home/airflow/.local/lib/python3.8/site-packages/airflow/models/baseoperator.py:437 AirflowProviderDeprecationWarning: `exists_ok` parameter is deprecated, please use `if_exists`
[2026-02-13T09:10:09.377+0000] {processor.py:840} INFO - DAG(s) 'ecommerce_etl_v2' retrieved from /opt/airflow/dags/etl_dag.py
[2026-02-13T09:10:09.396+0000] {logging_mixin.py:188} INFO - [2026-02-13T09:10:09.395+0000] {dag.py:3036} INFO - Sync 1 DAGs
[2026-02-13T09:10:09.406+0000] {logging_mixin.py:188} INFO - [2026-02-13T09:10:09.406+0000] {dag.py:3823} INFO - Setting next_dagrun for ecommerce_etl_v2 to 2026-02-12 13:00:00+00:00, run_after=2026-02-13 13:00:00+00:00
[2026-02-13T09:10:09.415+0000] {processor.py:183} INFO - Processing /opt/airflow/dags/etl_dag.py took 0.159 seconds
[2026-02-13T09:10:39.646+0000] {processor.py:161} INFO - Started process (PID=18486) to work on /opt/airflow/dags/etl_dag.py
[2026-02-13T09:10:39.648+0000] {processor.py:830} INFO - Processing file /opt/airflow/dags/etl_dag.py for tasks to queue
[2026-02-13T09:10:39.649+0000] {logging_mixin.py:188} INFO - [2026-02-13T09:10:39.648+0000] {dagbag.py:538} INFO - Filling up the DagBag from /opt/airflow/dags/etl_dag.py
[2026-02-13T09:10:39.699+0000] {logging_mixin.py:188} INFO - Warning: Your Kaggle API key is readable by other users on this system! To fix this, you can run 'chmod 600 /home/airflow/.kaggle/kaggle.json'
[2026-02-13T09:10:39.760+0000] {logging_mixin.py:188} WARNING - /home/airflow/.local/lib/python3.8/site-packages/airflow/models/baseoperator.py:437 AirflowProviderDeprecationWarning: `exists_ok` parameter is deprecated, please use `if_exists`
[2026-02-13T09:10:39.769+0000] {processor.py:840} INFO - DAG(s) 'ecommerce_etl_v2' retrieved from /opt/airflow/dags/etl_dag.py
[2026-02-13T09:10:39.788+0000] {logging_mixin.py:188} INFO - [2026-02-13T09:10:39.787+0000] {dag.py:3036} INFO - Sync 1 DAGs
[2026-02-13T09:10:39.798+0000] {logging_mixin.py:188} INFO - [2026-02-13T09:10:39.798+0000] {dag.py:3823} INFO - Setting next_dagrun for ecommerce_etl_v2 to 2026-02-12 13:00:00+00:00, run_after=2026-02-13 13:00:00+00:00
[2026-02-13T09:10:39.807+0000] {processor.py:183} INFO - Processing /opt/airflow/dags/etl_dag.py took 0.165 seconds
[2026-02-13T09:11:09.977+0000] {processor.py:161} INFO - Started process (PID=18517) to work on /opt/airflow/dags/etl_dag.py
[2026-02-13T09:11:09.978+0000] {processor.py:830} INFO - Processing file /opt/airflow/dags/etl_dag.py for tasks to queue
[2026-02-13T09:11:09.979+0000] {logging_mixin.py:188} INFO - [2026-02-13T09:11:09.979+0000] {dagbag.py:538} INFO - Filling up the DagBag from /opt/airflow/dags/etl_dag.py
[2026-02-13T09:11:10.026+0000] {logging_mixin.py:188} INFO - Warning: Your Kaggle API key is readable by other users on this system! To fix this, you can run 'chmod 600 /home/airflow/.kaggle/kaggle.json'
[2026-02-13T09:11:10.086+0000] {logging_mixin.py:188} WARNING - /home/airflow/.local/lib/python3.8/site-packages/airflow/models/baseoperator.py:437 AirflowProviderDeprecationWarning: `exists_ok` parameter is deprecated, please use `if_exists`
[2026-02-13T09:11:10.096+0000] {processor.py:840} INFO - DAG(s) 'ecommerce_etl_v2' retrieved from /opt/airflow/dags/etl_dag.py
[2026-02-13T09:11:10.115+0000] {logging_mixin.py:188} INFO - [2026-02-13T09:11:10.114+0000] {dag.py:3036} INFO - Sync 1 DAGs
[2026-02-13T09:11:10.125+0000] {logging_mixin.py:188} INFO - [2026-02-13T09:11:10.125+0000] {dag.py:3823} INFO - Setting next_dagrun for ecommerce_etl_v2 to 2026-02-12 13:00:00+00:00, run_after=2026-02-13 13:00:00+00:00
[2026-02-13T09:11:10.134+0000] {processor.py:183} INFO - Processing /opt/airflow/dags/etl_dag.py took 0.162 seconds
[2026-02-13T09:11:40.449+0000] {processor.py:161} INFO - Started process (PID=18548) to work on /opt/airflow/dags/etl_dag.py
[2026-02-13T09:11:40.450+0000] {processor.py:830} INFO - Processing file /opt/airflow/dags/etl_dag.py for tasks to queue
[2026-02-13T09:11:40.451+0000] {logging_mixin.py:188} INFO - [2026-02-13T09:11:40.450+0000] {dagbag.py:538} INFO - Filling up the DagBag from /opt/airflow/dags/etl_dag.py
[2026-02-13T09:11:40.497+0000] {logging_mixin.py:188} INFO - Warning: Your Kaggle API key is readable by other users on this system! To fix this, you can run 'chmod 600 /home/airflow/.kaggle/kaggle.json'
[2026-02-13T09:11:40.556+0000] {logging_mixin.py:188} WARNING - /home/airflow/.local/lib/python3.8/site-packages/airflow/models/baseoperator.py:437 AirflowProviderDeprecationWarning: `exists_ok` parameter is deprecated, please use `if_exists`
[2026-02-13T09:11:40.565+0000] {processor.py:840} INFO - DAG(s) 'ecommerce_etl_v2' retrieved from /opt/airflow/dags/etl_dag.py
[2026-02-13T09:11:40.583+0000] {logging_mixin.py:188} INFO - [2026-02-13T09:11:40.583+0000] {dag.py:3036} INFO - Sync 1 DAGs
[2026-02-13T09:11:40.594+0000] {logging_mixin.py:188} INFO - [2026-02-13T09:11:40.594+0000] {dag.py:3823} INFO - Setting next_dagrun for ecommerce_etl_v2 to 2026-02-12 13:00:00+00:00, run_after=2026-02-13 13:00:00+00:00
[2026-02-13T09:11:40.603+0000] {processor.py:183} INFO - Processing /opt/airflow/dags/etl_dag.py took 0.158 seconds
[2026-02-13T09:12:10.785+0000] {processor.py:161} INFO - Started process (PID=18579) to work on /opt/airflow/dags/etl_dag.py
[2026-02-13T09:12:10.786+0000] {processor.py:830} INFO - Processing file /opt/airflow/dags/etl_dag.py for tasks to queue
[2026-02-13T09:12:10.787+0000] {logging_mixin.py:188} INFO - [2026-02-13T09:12:10.787+0000] {dagbag.py:538} INFO - Filling up the DagBag from /opt/airflow/dags/etl_dag.py
[2026-02-13T09:12:10.833+0000] {logging_mixin.py:188} INFO - Warning: Your Kaggle API key is readable by other users on this system! To fix this, you can run 'chmod 600 /home/airflow/.kaggle/kaggle.json'
[2026-02-13T09:12:10.893+0000] {logging_mixin.py:188} WARNING - /home/airflow/.local/lib/python3.8/site-packages/airflow/models/baseoperator.py:437 AirflowProviderDeprecationWarning: `exists_ok` parameter is deprecated, please use `if_exists`
[2026-02-13T09:12:10.903+0000] {processor.py:840} INFO - DAG(s) 'ecommerce_etl_v2' retrieved from /opt/airflow/dags/etl_dag.py
[2026-02-13T09:12:10.923+0000] {logging_mixin.py:188} INFO - [2026-02-13T09:12:10.923+0000] {dag.py:3036} INFO - Sync 1 DAGs
[2026-02-13T09:12:10.936+0000] {logging_mixin.py:188} INFO - [2026-02-13T09:12:10.936+0000] {dag.py:3823} INFO - Setting next_dagrun for ecommerce_etl_v2 to 2026-02-12 13:00:00+00:00, run_after=2026-02-13 13:00:00+00:00
[2026-02-13T09:12:10.948+0000] {processor.py:183} INFO - Processing /opt/airflow/dags/etl_dag.py took 0.168 seconds
[2026-02-13T09:12:41.169+0000] {processor.py:161} INFO - Started process (PID=18610) to work on /opt/airflow/dags/etl_dag.py
[2026-02-13T09:12:41.171+0000] {processor.py:830} INFO - Processing file /opt/airflow/dags/etl_dag.py for tasks to queue
[2026-02-13T09:12:41.171+0000] {logging_mixin.py:188} INFO - [2026-02-13T09:12:41.171+0000] {dagbag.py:538} INFO - Filling up the DagBag from /opt/airflow/dags/etl_dag.py
[2026-02-13T09:12:41.215+0000] {logging_mixin.py:188} INFO - Warning: Your Kaggle API key is readable by other users on this system! To fix this, you can run 'chmod 600 /home/airflow/.kaggle/kaggle.json'
[2026-02-13T09:12:41.273+0000] {logging_mixin.py:188} WARNING - /home/airflow/.local/lib/python3.8/site-packages/airflow/models/baseoperator.py:437 AirflowProviderDeprecationWarning: `exists_ok` parameter is deprecated, please use `if_exists`
[2026-02-13T09:12:41.283+0000] {processor.py:840} INFO - DAG(s) 'ecommerce_etl_v2' retrieved from /opt/airflow/dags/etl_dag.py
[2026-02-13T09:12:41.303+0000] {logging_mixin.py:188} INFO - [2026-02-13T09:12:41.302+0000] {dag.py:3036} INFO - Sync 1 DAGs
[2026-02-13T09:12:41.313+0000] {logging_mixin.py:188} INFO - [2026-02-13T09:12:41.313+0000] {dag.py:3823} INFO - Setting next_dagrun for ecommerce_etl_v2 to 2026-02-12 13:00:00+00:00, run_after=2026-02-13 13:00:00+00:00
[2026-02-13T09:12:41.321+0000] {processor.py:183} INFO - Processing /opt/airflow/dags/etl_dag.py took 0.157 seconds
[2026-02-13T09:13:11.535+0000] {processor.py:161} INFO - Started process (PID=18641) to work on /opt/airflow/dags/etl_dag.py
[2026-02-13T09:13:11.536+0000] {processor.py:830} INFO - Processing file /opt/airflow/dags/etl_dag.py for tasks to queue
[2026-02-13T09:13:11.537+0000] {logging_mixin.py:188} INFO - [2026-02-13T09:13:11.537+0000] {dagbag.py:538} INFO - Filling up the DagBag from /opt/airflow/dags/etl_dag.py
[2026-02-13T09:13:11.582+0000] {logging_mixin.py:188} INFO - Warning: Your Kaggle API key is readable by other users on this system! To fix this, you can run 'chmod 600 /home/airflow/.kaggle/kaggle.json'
[2026-02-13T09:13:11.643+0000] {logging_mixin.py:188} WARNING - /home/airflow/.local/lib/python3.8/site-packages/airflow/models/baseoperator.py:437 AirflowProviderDeprecationWarning: `exists_ok` parameter is deprecated, please use `if_exists`
[2026-02-13T09:13:11.651+0000] {processor.py:840} INFO - DAG(s) 'ecommerce_etl_v2' retrieved from /opt/airflow/dags/etl_dag.py
[2026-02-13T09:13:11.670+0000] {logging_mixin.py:188} INFO - [2026-02-13T09:13:11.670+0000] {dag.py:3036} INFO - Sync 1 DAGs
[2026-02-13T09:13:11.680+0000] {logging_mixin.py:188} INFO - [2026-02-13T09:13:11.680+0000] {dag.py:3823} INFO - Setting next_dagrun for ecommerce_etl_v2 to 2026-02-12 13:00:00+00:00, run_after=2026-02-13 13:00:00+00:00
[2026-02-13T09:13:11.689+0000] {processor.py:183} INFO - Processing /opt/airflow/dags/etl_dag.py took 0.158 seconds
[2026-02-13T09:13:41.829+0000] {processor.py:161} INFO - Started process (PID=18672) to work on /opt/airflow/dags/etl_dag.py
[2026-02-13T09:13:41.830+0000] {processor.py:830} INFO - Processing file /opt/airflow/dags/etl_dag.py for tasks to queue
[2026-02-13T09:13:41.831+0000] {logging_mixin.py:188} INFO - [2026-02-13T09:13:41.831+0000] {dagbag.py:538} INFO - Filling up the DagBag from /opt/airflow/dags/etl_dag.py
[2026-02-13T09:13:41.873+0000] {logging_mixin.py:188} INFO - Warning: Your Kaggle API key is readable by other users on this system! To fix this, you can run 'chmod 600 /home/airflow/.kaggle/kaggle.json'
[2026-02-13T09:13:41.933+0000] {logging_mixin.py:188} WARNING - /home/airflow/.local/lib/python3.8/site-packages/airflow/models/baseoperator.py:437 AirflowProviderDeprecationWarning: `exists_ok` parameter is deprecated, please use `if_exists`
[2026-02-13T09:13:41.942+0000] {processor.py:840} INFO - DAG(s) 'ecommerce_etl_v2' retrieved from /opt/airflow/dags/etl_dag.py
[2026-02-13T09:13:41.960+0000] {logging_mixin.py:188} INFO - [2026-02-13T09:13:41.960+0000] {dag.py:3036} INFO - Sync 1 DAGs
[2026-02-13T09:13:41.971+0000] {logging_mixin.py:188} INFO - [2026-02-13T09:13:41.970+0000] {dag.py:3823} INFO - Setting next_dagrun for ecommerce_etl_v2 to 2026-02-12 13:00:00+00:00, run_after=2026-02-13 13:00:00+00:00
[2026-02-13T09:13:41.979+0000] {processor.py:183} INFO - Processing /opt/airflow/dags/etl_dag.py took 0.154 seconds
[2026-02-13T09:14:12.314+0000] {processor.py:161} INFO - Started process (PID=18703) to work on /opt/airflow/dags/etl_dag.py
[2026-02-13T09:14:12.315+0000] {processor.py:830} INFO - Processing file /opt/airflow/dags/etl_dag.py for tasks to queue
[2026-02-13T09:14:12.316+0000] {logging_mixin.py:188} INFO - [2026-02-13T09:14:12.316+0000] {dagbag.py:538} INFO - Filling up the DagBag from /opt/airflow/dags/etl_dag.py
[2026-02-13T09:14:12.361+0000] {logging_mixin.py:188} INFO - Warning: Your Kaggle API key is readable by other users on this system! To fix this, you can run 'chmod 600 /home/airflow/.kaggle/kaggle.json'
[2026-02-13T09:14:12.420+0000] {logging_mixin.py:188} WARNING - /home/airflow/.local/lib/python3.8/site-packages/airflow/models/baseoperator.py:437 AirflowProviderDeprecationWarning: `exists_ok` parameter is deprecated, please use `if_exists`
[2026-02-13T09:14:12.429+0000] {processor.py:840} INFO - DAG(s) 'ecommerce_etl_v2' retrieved from /opt/airflow/dags/etl_dag.py
[2026-02-13T09:14:12.447+0000] {logging_mixin.py:188} INFO - [2026-02-13T09:14:12.447+0000] {dag.py:3036} INFO - Sync 1 DAGs
[2026-02-13T09:14:12.457+0000] {logging_mixin.py:188} INFO - [2026-02-13T09:14:12.457+0000] {dag.py:3823} INFO - Setting next_dagrun for ecommerce_etl_v2 to 2026-02-12 13:00:00+00:00, run_after=2026-02-13 13:00:00+00:00
[2026-02-13T09:14:12.466+0000] {processor.py:183} INFO - Processing /opt/airflow/dags/etl_dag.py took 0.156 seconds
[2026-02-13T09:14:42.670+0000] {processor.py:161} INFO - Started process (PID=18734) to work on /opt/airflow/dags/etl_dag.py
[2026-02-13T09:14:42.672+0000] {processor.py:830} INFO - Processing file /opt/airflow/dags/etl_dag.py for tasks to queue
[2026-02-13T09:14:42.673+0000] {logging_mixin.py:188} INFO - [2026-02-13T09:14:42.673+0000] {dagbag.py:538} INFO - Filling up the DagBag from /opt/airflow/dags/etl_dag.py
[2026-02-13T09:14:42.718+0000] {logging_mixin.py:188} INFO - Warning: Your Kaggle API key is readable by other users on this system! To fix this, you can run 'chmod 600 /home/airflow/.kaggle/kaggle.json'
[2026-02-13T09:14:42.778+0000] {logging_mixin.py:188} WARNING - /home/airflow/.local/lib/python3.8/site-packages/airflow/models/baseoperator.py:437 AirflowProviderDeprecationWarning: `exists_ok` parameter is deprecated, please use `if_exists`
[2026-02-13T09:14:42.786+0000] {processor.py:840} INFO - DAG(s) 'ecommerce_etl_v2' retrieved from /opt/airflow/dags/etl_dag.py
[2026-02-13T09:14:42.805+0000] {logging_mixin.py:188} INFO - [2026-02-13T09:14:42.805+0000] {dag.py:3036} INFO - Sync 1 DAGs
[2026-02-13T09:14:42.815+0000] {logging_mixin.py:188} INFO - [2026-02-13T09:14:42.815+0000] {dag.py:3823} INFO - Setting next_dagrun for ecommerce_etl_v2 to 2026-02-12 13:00:00+00:00, run_after=2026-02-13 13:00:00+00:00
[2026-02-13T09:14:42.823+0000] {processor.py:183} INFO - Processing /opt/airflow/dags/etl_dag.py took 0.157 seconds
[2026-02-13T09:15:13.373+0000] {processor.py:161} INFO - Started process (PID=18765) to work on /opt/airflow/dags/etl_dag.py
[2026-02-13T09:15:13.374+0000] {processor.py:830} INFO - Processing file /opt/airflow/dags/etl_dag.py for tasks to queue
[2026-02-13T09:15:13.375+0000] {logging_mixin.py:188} INFO - [2026-02-13T09:15:13.374+0000] {dagbag.py:538} INFO - Filling up the DagBag from /opt/airflow/dags/etl_dag.py
[2026-02-13T09:15:13.421+0000] {logging_mixin.py:188} INFO - Warning: Your Kaggle API key is readable by other users on this system! To fix this, you can run 'chmod 600 /home/airflow/.kaggle/kaggle.json'
[2026-02-13T09:15:13.485+0000] {logging_mixin.py:188} WARNING - /home/airflow/.local/lib/python3.8/site-packages/airflow/models/baseoperator.py:437 AirflowProviderDeprecationWarning: `exists_ok` parameter is deprecated, please use `if_exists`
[2026-02-13T09:15:13.495+0000] {processor.py:840} INFO - DAG(s) 'ecommerce_etl_v2' retrieved from /opt/airflow/dags/etl_dag.py
[2026-02-13T09:15:13.516+0000] {logging_mixin.py:188} INFO - [2026-02-13T09:15:13.515+0000] {dag.py:3036} INFO - Sync 1 DAGs
[2026-02-13T09:15:13.528+0000] {logging_mixin.py:188} INFO - [2026-02-13T09:15:13.528+0000] {dag.py:3823} INFO - Setting next_dagrun for ecommerce_etl_v2 to 2026-02-12 13:00:00+00:00, run_after=2026-02-13 13:00:00+00:00
[2026-02-13T09:15:13.540+0000] {processor.py:183} INFO - Processing /opt/airflow/dags/etl_dag.py took 0.170 seconds
[2026-02-13T09:15:43.749+0000] {processor.py:161} INFO - Started process (PID=18796) to work on /opt/airflow/dags/etl_dag.py
[2026-02-13T09:15:43.750+0000] {processor.py:830} INFO - Processing file /opt/airflow/dags/etl_dag.py for tasks to queue
[2026-02-13T09:15:43.751+0000] {logging_mixin.py:188} INFO - [2026-02-13T09:15:43.750+0000] {dagbag.py:538} INFO - Filling up the DagBag from /opt/airflow/dags/etl_dag.py
[2026-02-13T09:15:43.795+0000] {logging_mixin.py:188} INFO - Warning: Your Kaggle API key is readable by other users on this system! To fix this, you can run 'chmod 600 /home/airflow/.kaggle/kaggle.json'
[2026-02-13T09:15:43.854+0000] {logging_mixin.py:188} WARNING - /home/airflow/.local/lib/python3.8/site-packages/airflow/models/baseoperator.py:437 AirflowProviderDeprecationWarning: `exists_ok` parameter is deprecated, please use `if_exists`
[2026-02-13T09:15:43.864+0000] {processor.py:840} INFO - DAG(s) 'ecommerce_etl_v2' retrieved from /opt/airflow/dags/etl_dag.py
[2026-02-13T09:15:43.882+0000] {logging_mixin.py:188} INFO - [2026-02-13T09:15:43.882+0000] {dag.py:3036} INFO - Sync 1 DAGs
[2026-02-13T09:15:43.892+0000] {logging_mixin.py:188} INFO - [2026-02-13T09:15:43.891+0000] {dag.py:3823} INFO - Setting next_dagrun for ecommerce_etl_v2 to 2026-02-12 13:00:00+00:00, run_after=2026-02-13 13:00:00+00:00
[2026-02-13T09:15:43.899+0000] {processor.py:183} INFO - Processing /opt/airflow/dags/etl_dag.py took 0.155 seconds
[2026-02-13T09:16:14.127+0000] {processor.py:161} INFO - Started process (PID=18827) to work on /opt/airflow/dags/etl_dag.py
[2026-02-13T09:16:14.127+0000] {processor.py:830} INFO - Processing file /opt/airflow/dags/etl_dag.py for tasks to queue
[2026-02-13T09:16:14.128+0000] {logging_mixin.py:188} INFO - [2026-02-13T09:16:14.128+0000] {dagbag.py:538} INFO - Filling up the DagBag from /opt/airflow/dags/etl_dag.py
[2026-02-13T09:16:14.167+0000] {logging_mixin.py:188} INFO - Warning: Your Kaggle API key is readable by other users on this system! To fix this, you can run 'chmod 600 /home/airflow/.kaggle/kaggle.json'
[2026-02-13T09:16:14.227+0000] {logging_mixin.py:188} WARNING - /home/airflow/.local/lib/python3.8/site-packages/airflow/models/baseoperator.py:437 AirflowProviderDeprecationWarning: `exists_ok` parameter is deprecated, please use `if_exists`
[2026-02-13T09:16:14.236+0000] {processor.py:840} INFO - DAG(s) 'ecommerce_etl_v2' retrieved from /opt/airflow/dags/etl_dag.py
[2026-02-13T09:16:14.254+0000] {logging_mixin.py:188} INFO - [2026-02-13T09:16:14.254+0000] {dag.py:3036} INFO - Sync 1 DAGs
[2026-02-13T09:16:14.264+0000] {logging_mixin.py:188} INFO - [2026-02-13T09:16:14.264+0000] {dag.py:3823} INFO - Setting next_dagrun for ecommerce_etl_v2 to 2026-02-12 13:00:00+00:00, run_after=2026-02-13 13:00:00+00:00
[2026-02-13T09:16:14.273+0000] {processor.py:183} INFO - Processing /opt/airflow/dags/etl_dag.py took 0.149 seconds
[2026-02-13T09:16:44.440+0000] {processor.py:161} INFO - Started process (PID=18858) to work on /opt/airflow/dags/etl_dag.py
[2026-02-13T09:16:44.441+0000] {processor.py:830} INFO - Processing file /opt/airflow/dags/etl_dag.py for tasks to queue
[2026-02-13T09:16:44.442+0000] {logging_mixin.py:188} INFO - [2026-02-13T09:16:44.442+0000] {dagbag.py:538} INFO - Filling up the DagBag from /opt/airflow/dags/etl_dag.py
[2026-02-13T09:16:44.484+0000] {logging_mixin.py:188} INFO - Warning: Your Kaggle API key is readable by other users on this system! To fix this, you can run 'chmod 600 /home/airflow/.kaggle/kaggle.json'
[2026-02-13T09:16:44.544+0000] {logging_mixin.py:188} WARNING - /home/airflow/.local/lib/python3.8/site-packages/airflow/models/baseoperator.py:437 AirflowProviderDeprecationWarning: `exists_ok` parameter is deprecated, please use `if_exists`
[2026-02-13T09:16:44.552+0000] {processor.py:840} INFO - DAG(s) 'ecommerce_etl_v2' retrieved from /opt/airflow/dags/etl_dag.py
[2026-02-13T09:16:44.571+0000] {logging_mixin.py:188} INFO - [2026-02-13T09:16:44.570+0000] {dag.py:3036} INFO - Sync 1 DAGs
[2026-02-13T09:16:44.581+0000] {logging_mixin.py:188} INFO - [2026-02-13T09:16:44.581+0000] {dag.py:3823} INFO - Setting next_dagrun for ecommerce_etl_v2 to 2026-02-12 13:00:00+00:00, run_after=2026-02-13 13:00:00+00:00
[2026-02-13T09:16:44.589+0000] {processor.py:183} INFO - Processing /opt/airflow/dags/etl_dag.py took 0.154 seconds
[2026-02-13T09:17:14.744+0000] {processor.py:161} INFO - Started process (PID=18889) to work on /opt/airflow/dags/etl_dag.py
[2026-02-13T09:17:14.745+0000] {processor.py:830} INFO - Processing file /opt/airflow/dags/etl_dag.py for tasks to queue
[2026-02-13T09:17:14.746+0000] {logging_mixin.py:188} INFO - [2026-02-13T09:17:14.746+0000] {dagbag.py:538} INFO - Filling up the DagBag from /opt/airflow/dags/etl_dag.py
[2026-02-13T09:17:14.790+0000] {logging_mixin.py:188} INFO - Warning: Your Kaggle API key is readable by other users on this system! To fix this, you can run 'chmod 600 /home/airflow/.kaggle/kaggle.json'
[2026-02-13T09:17:14.851+0000] {logging_mixin.py:188} WARNING - /home/airflow/.local/lib/python3.8/site-packages/airflow/models/baseoperator.py:437 AirflowProviderDeprecationWarning: `exists_ok` parameter is deprecated, please use `if_exists`
[2026-02-13T09:17:14.860+0000] {processor.py:840} INFO - DAG(s) 'ecommerce_etl_v2' retrieved from /opt/airflow/dags/etl_dag.py
[2026-02-13T09:17:14.879+0000] {logging_mixin.py:188} INFO - [2026-02-13T09:17:14.878+0000] {dag.py:3036} INFO - Sync 1 DAGs
[2026-02-13T09:17:14.889+0000] {logging_mixin.py:188} INFO - [2026-02-13T09:17:14.889+0000] {dag.py:3823} INFO - Setting next_dagrun for ecommerce_etl_v2 to 2026-02-12 13:00:00+00:00, run_after=2026-02-13 13:00:00+00:00
[2026-02-13T09:17:14.900+0000] {processor.py:183} INFO - Processing /opt/airflow/dags/etl_dag.py took 0.158 seconds
[2026-02-13T09:17:45.171+0000] {processor.py:161} INFO - Started process (PID=18920) to work on /opt/airflow/dags/etl_dag.py
[2026-02-13T09:17:45.172+0000] {processor.py:830} INFO - Processing file /opt/airflow/dags/etl_dag.py for tasks to queue
[2026-02-13T09:17:45.173+0000] {logging_mixin.py:188} INFO - [2026-02-13T09:17:45.173+0000] {dagbag.py:538} INFO - Filling up the DagBag from /opt/airflow/dags/etl_dag.py
[2026-02-13T09:17:45.222+0000] {logging_mixin.py:188} INFO - Warning: Your Kaggle API key is readable by other users on this system! To fix this, you can run 'chmod 600 /home/airflow/.kaggle/kaggle.json'
[2026-02-13T09:17:45.281+0000] {logging_mixin.py:188} WARNING - /home/airflow/.local/lib/python3.8/site-packages/airflow/models/baseoperator.py:437 AirflowProviderDeprecationWarning: `exists_ok` parameter is deprecated, please use `if_exists`
[2026-02-13T09:17:45.290+0000] {processor.py:840} INFO - DAG(s) 'ecommerce_etl_v2' retrieved from /opt/airflow/dags/etl_dag.py
[2026-02-13T09:17:45.308+0000] {logging_mixin.py:188} INFO - [2026-02-13T09:17:45.308+0000] {dag.py:3036} INFO - Sync 1 DAGs
[2026-02-13T09:17:45.318+0000] {logging_mixin.py:188} INFO - [2026-02-13T09:17:45.318+0000] {dag.py:3823} INFO - Setting next_dagrun for ecommerce_etl_v2 to 2026-02-12 13:00:00+00:00, run_after=2026-02-13 13:00:00+00:00
[2026-02-13T09:17:45.327+0000] {processor.py:183} INFO - Processing /opt/airflow/dags/etl_dag.py took 0.159 seconds
[2026-02-13T09:18:15.528+0000] {processor.py:161} INFO - Started process (PID=18951) to work on /opt/airflow/dags/etl_dag.py
[2026-02-13T09:18:15.529+0000] {processor.py:830} INFO - Processing file /opt/airflow/dags/etl_dag.py for tasks to queue
[2026-02-13T09:18:15.530+0000] {logging_mixin.py:188} INFO - [2026-02-13T09:18:15.530+0000] {dagbag.py:538} INFO - Filling up the DagBag from /opt/airflow/dags/etl_dag.py
[2026-02-13T09:18:15.576+0000] {logging_mixin.py:188} INFO - Warning: Your Kaggle API key is readable by other users on this system! To fix this, you can run 'chmod 600 /home/airflow/.kaggle/kaggle.json'
[2026-02-13T09:18:15.639+0000] {logging_mixin.py:188} WARNING - /home/airflow/.local/lib/python3.8/site-packages/airflow/models/baseoperator.py:437 AirflowProviderDeprecationWarning: `exists_ok` parameter is deprecated, please use `if_exists`
[2026-02-13T09:18:15.649+0000] {processor.py:840} INFO - DAG(s) 'ecommerce_etl_v2' retrieved from /opt/airflow/dags/etl_dag.py
[2026-02-13T09:18:15.669+0000] {logging_mixin.py:188} INFO - [2026-02-13T09:18:15.669+0000] {dag.py:3036} INFO - Sync 1 DAGs
[2026-02-13T09:18:15.680+0000] {logging_mixin.py:188} INFO - [2026-02-13T09:18:15.680+0000] {dag.py:3823} INFO - Setting next_dagrun for ecommerce_etl_v2 to 2026-02-12 13:00:00+00:00, run_after=2026-02-13 13:00:00+00:00
[2026-02-13T09:18:15.689+0000] {processor.py:183} INFO - Processing /opt/airflow/dags/etl_dag.py took 0.166 seconds
[2026-02-13T09:18:45.936+0000] {processor.py:161} INFO - Started process (PID=18982) to work on /opt/airflow/dags/etl_dag.py
[2026-02-13T09:18:45.937+0000] {processor.py:830} INFO - Processing file /opt/airflow/dags/etl_dag.py for tasks to queue
[2026-02-13T09:18:45.938+0000] {logging_mixin.py:188} INFO - [2026-02-13T09:18:45.938+0000] {dagbag.py:538} INFO - Filling up the DagBag from /opt/airflow/dags/etl_dag.py
[2026-02-13T09:18:45.986+0000] {logging_mixin.py:188} INFO - Warning: Your Kaggle API key is readable by other users on this system! To fix this, you can run 'chmod 600 /home/airflow/.kaggle/kaggle.json'
[2026-02-13T09:18:46.046+0000] {logging_mixin.py:188} WARNING - /home/airflow/.local/lib/python3.8/site-packages/airflow/models/baseoperator.py:437 AirflowProviderDeprecationWarning: `exists_ok` parameter is deprecated, please use `if_exists`
[2026-02-13T09:18:46.055+0000] {processor.py:840} INFO - DAG(s) 'ecommerce_etl_v2' retrieved from /opt/airflow/dags/etl_dag.py
[2026-02-13T09:18:46.073+0000] {logging_mixin.py:188} INFO - [2026-02-13T09:18:46.073+0000] {dag.py:3036} INFO - Sync 1 DAGs
[2026-02-13T09:18:46.084+0000] {logging_mixin.py:188} INFO - [2026-02-13T09:18:46.084+0000] {dag.py:3823} INFO - Setting next_dagrun for ecommerce_etl_v2 to 2026-02-12 13:00:00+00:00, run_after=2026-02-13 13:00:00+00:00
[2026-02-13T09:18:46.093+0000] {processor.py:183} INFO - Processing /opt/airflow/dags/etl_dag.py took 0.160 seconds
[2026-02-13T09:19:16.260+0000] {processor.py:161} INFO - Started process (PID=19013) to work on /opt/airflow/dags/etl_dag.py
[2026-02-13T09:19:16.260+0000] {processor.py:830} INFO - Processing file /opt/airflow/dags/etl_dag.py for tasks to queue
[2026-02-13T09:19:16.261+0000] {logging_mixin.py:188} INFO - [2026-02-13T09:19:16.261+0000] {dagbag.py:538} INFO - Filling up the DagBag from /opt/airflow/dags/etl_dag.py
[2026-02-13T09:19:16.302+0000] {logging_mixin.py:188} INFO - Warning: Your Kaggle API key is readable by other users on this system! To fix this, you can run 'chmod 600 /home/airflow/.kaggle/kaggle.json'
[2026-02-13T09:19:16.362+0000] {logging_mixin.py:188} WARNING - /home/airflow/.local/lib/python3.8/site-packages/airflow/models/baseoperator.py:437 AirflowProviderDeprecationWarning: `exists_ok` parameter is deprecated, please use `if_exists`
[2026-02-13T09:19:16.371+0000] {processor.py:840} INFO - DAG(s) 'ecommerce_etl_v2' retrieved from /opt/airflow/dags/etl_dag.py
[2026-02-13T09:19:16.390+0000] {logging_mixin.py:188} INFO - [2026-02-13T09:19:16.390+0000] {dag.py:3036} INFO - Sync 1 DAGs
[2026-02-13T09:19:16.400+0000] {logging_mixin.py:188} INFO - [2026-02-13T09:19:16.400+0000] {dag.py:3823} INFO - Setting next_dagrun for ecommerce_etl_v2 to 2026-02-12 13:00:00+00:00, run_after=2026-02-13 13:00:00+00:00
[2026-02-13T09:19:16.409+0000] {processor.py:183} INFO - Processing /opt/airflow/dags/etl_dag.py took 0.152 seconds
[2026-02-13T09:19:46.674+0000] {processor.py:161} INFO - Started process (PID=19044) to work on /opt/airflow/dags/etl_dag.py
[2026-02-13T09:19:46.675+0000] {processor.py:830} INFO - Processing file /opt/airflow/dags/etl_dag.py for tasks to queue
[2026-02-13T09:19:46.675+0000] {logging_mixin.py:188} INFO - [2026-02-13T09:19:46.675+0000] {dagbag.py:538} INFO - Filling up the DagBag from /opt/airflow/dags/etl_dag.py
[2026-02-13T09:19:46.720+0000] {logging_mixin.py:188} INFO - Warning: Your Kaggle API key is readable by other users on this system! To fix this, you can run 'chmod 600 /home/airflow/.kaggle/kaggle.json'
[2026-02-13T09:19:46.781+0000] {logging_mixin.py:188} WARNING - /home/airflow/.local/lib/python3.8/site-packages/airflow/models/baseoperator.py:437 AirflowProviderDeprecationWarning: `exists_ok` parameter is deprecated, please use `if_exists`
[2026-02-13T09:19:46.791+0000] {processor.py:840} INFO - DAG(s) 'ecommerce_etl_v2' retrieved from /opt/airflow/dags/etl_dag.py
[2026-02-13T09:19:46.812+0000] {logging_mixin.py:188} INFO - [2026-02-13T09:19:46.811+0000] {dag.py:3036} INFO - Sync 1 DAGs
[2026-02-13T09:19:46.822+0000] {logging_mixin.py:188} INFO - [2026-02-13T09:19:46.822+0000] {dag.py:3823} INFO - Setting next_dagrun for ecommerce_etl_v2 to 2026-02-12 13:00:00+00:00, run_after=2026-02-13 13:00:00+00:00
[2026-02-13T09:19:46.831+0000] {processor.py:183} INFO - Processing /opt/airflow/dags/etl_dag.py took 0.161 seconds
[2026-02-13T09:20:17.059+0000] {processor.py:161} INFO - Started process (PID=19075) to work on /opt/airflow/dags/etl_dag.py
[2026-02-13T09:20:17.060+0000] {processor.py:830} INFO - Processing file /opt/airflow/dags/etl_dag.py for tasks to queue
[2026-02-13T09:20:17.062+0000] {logging_mixin.py:188} INFO - [2026-02-13T09:20:17.061+0000] {dagbag.py:538} INFO - Filling up the DagBag from /opt/airflow/dags/etl_dag.py
[2026-02-13T09:20:17.108+0000] {logging_mixin.py:188} INFO - Warning: Your Kaggle API key is readable by other users on this system! To fix this, you can run 'chmod 600 /home/airflow/.kaggle/kaggle.json'
[2026-02-13T09:20:17.168+0000] {logging_mixin.py:188} WARNING - /home/airflow/.local/lib/python3.8/site-packages/airflow/models/baseoperator.py:437 AirflowProviderDeprecationWarning: `exists_ok` parameter is deprecated, please use `if_exists`
[2026-02-13T09:20:17.177+0000] {processor.py:840} INFO - DAG(s) 'ecommerce_etl_v2' retrieved from /opt/airflow/dags/etl_dag.py
[2026-02-13T09:20:17.196+0000] {logging_mixin.py:188} INFO - [2026-02-13T09:20:17.196+0000] {dag.py:3036} INFO - Sync 1 DAGs
[2026-02-13T09:20:17.206+0000] {logging_mixin.py:188} INFO - [2026-02-13T09:20:17.206+0000] {dag.py:3823} INFO - Setting next_dagrun for ecommerce_etl_v2 to 2026-02-12 13:00:00+00:00, run_after=2026-02-13 13:00:00+00:00
[2026-02-13T09:20:17.215+0000] {processor.py:183} INFO - Processing /opt/airflow/dags/etl_dag.py took 0.160 seconds
[2026-02-13T09:20:47.450+0000] {processor.py:161} INFO - Started process (PID=19106) to work on /opt/airflow/dags/etl_dag.py
[2026-02-13T09:20:47.451+0000] {processor.py:830} INFO - Processing file /opt/airflow/dags/etl_dag.py for tasks to queue
[2026-02-13T09:20:47.452+0000] {logging_mixin.py:188} INFO - [2026-02-13T09:20:47.451+0000] {dagbag.py:538} INFO - Filling up the DagBag from /opt/airflow/dags/etl_dag.py
[2026-02-13T09:20:47.494+0000] {logging_mixin.py:188} INFO - Warning: Your Kaggle API key is readable by other users on this system! To fix this, you can run 'chmod 600 /home/airflow/.kaggle/kaggle.json'
[2026-02-13T09:20:47.554+0000] {logging_mixin.py:188} WARNING - /home/airflow/.local/lib/python3.8/site-packages/airflow/models/baseoperator.py:437 AirflowProviderDeprecationWarning: `exists_ok` parameter is deprecated, please use `if_exists`
[2026-02-13T09:20:47.565+0000] {processor.py:840} INFO - DAG(s) 'ecommerce_etl_v2' retrieved from /opt/airflow/dags/etl_dag.py
[2026-02-13T09:20:47.583+0000] {logging_mixin.py:188} INFO - [2026-02-13T09:20:47.583+0000] {dag.py:3036} INFO - Sync 1 DAGs
[2026-02-13T09:20:47.593+0000] {logging_mixin.py:188} INFO - [2026-02-13T09:20:47.593+0000] {dag.py:3823} INFO - Setting next_dagrun for ecommerce_etl_v2 to 2026-02-12 13:00:00+00:00, run_after=2026-02-13 13:00:00+00:00
[2026-02-13T09:20:47.601+0000] {processor.py:183} INFO - Processing /opt/airflow/dags/etl_dag.py took 0.155 seconds
[2026-02-13T09:21:17.733+0000] {processor.py:161} INFO - Started process (PID=19137) to work on /opt/airflow/dags/etl_dag.py
[2026-02-13T09:21:17.735+0000] {processor.py:830} INFO - Processing file /opt/airflow/dags/etl_dag.py for tasks to queue
[2026-02-13T09:21:17.736+0000] {logging_mixin.py:188} INFO - [2026-02-13T09:21:17.735+0000] {dagbag.py:538} INFO - Filling up the DagBag from /opt/airflow/dags/etl_dag.py
[2026-02-13T09:21:17.777+0000] {logging_mixin.py:188} INFO - Warning: Your Kaggle API key is readable by other users on this system! To fix this, you can run 'chmod 600 /home/airflow/.kaggle/kaggle.json'
[2026-02-13T09:21:17.836+0000] {logging_mixin.py:188} WARNING - /home/airflow/.local/lib/python3.8/site-packages/airflow/models/baseoperator.py:437 AirflowProviderDeprecationWarning: `exists_ok` parameter is deprecated, please use `if_exists`
[2026-02-13T09:21:17.845+0000] {processor.py:840} INFO - DAG(s) 'ecommerce_etl_v2' retrieved from /opt/airflow/dags/etl_dag.py
[2026-02-13T09:21:17.863+0000] {logging_mixin.py:188} INFO - [2026-02-13T09:21:17.863+0000] {dag.py:3036} INFO - Sync 1 DAGs
[2026-02-13T09:21:17.874+0000] {logging_mixin.py:188} INFO - [2026-02-13T09:21:17.874+0000] {dag.py:3823} INFO - Setting next_dagrun for ecommerce_etl_v2 to 2026-02-12 13:00:00+00:00, run_after=2026-02-13 13:00:00+00:00
[2026-02-13T09:21:17.883+0000] {processor.py:183} INFO - Processing /opt/airflow/dags/etl_dag.py took 0.155 seconds
[2026-02-13T09:21:48.257+0000] {processor.py:161} INFO - Started process (PID=19168) to work on /opt/airflow/dags/etl_dag.py
[2026-02-13T09:21:48.258+0000] {processor.py:830} INFO - Processing file /opt/airflow/dags/etl_dag.py for tasks to queue
[2026-02-13T09:21:48.259+0000] {logging_mixin.py:188} INFO - [2026-02-13T09:21:48.259+0000] {dagbag.py:538} INFO - Filling up the DagBag from /opt/airflow/dags/etl_dag.py
[2026-02-13T09:21:48.304+0000] {logging_mixin.py:188} INFO - Warning: Your Kaggle API key is readable by other users on this system! To fix this, you can run 'chmod 600 /home/airflow/.kaggle/kaggle.json'
[2026-02-13T09:21:48.364+0000] {logging_mixin.py:188} WARNING - /home/airflow/.local/lib/python3.8/site-packages/airflow/models/baseoperator.py:437 AirflowProviderDeprecationWarning: `exists_ok` parameter is deprecated, please use `if_exists`
[2026-02-13T09:21:48.374+0000] {processor.py:840} INFO - DAG(s) 'ecommerce_etl_v2' retrieved from /opt/airflow/dags/etl_dag.py
[2026-02-13T09:21:48.394+0000] {logging_mixin.py:188} INFO - [2026-02-13T09:21:48.393+0000] {dag.py:3036} INFO - Sync 1 DAGs
[2026-02-13T09:21:48.405+0000] {logging_mixin.py:188} INFO - [2026-02-13T09:21:48.405+0000] {dag.py:3823} INFO - Setting next_dagrun for ecommerce_etl_v2 to 2026-02-12 13:00:00+00:00, run_after=2026-02-13 13:00:00+00:00
[2026-02-13T09:21:48.415+0000] {processor.py:183} INFO - Processing /opt/airflow/dags/etl_dag.py took 0.162 seconds
[2026-02-13T09:22:18.599+0000] {processor.py:161} INFO - Started process (PID=19199) to work on /opt/airflow/dags/etl_dag.py
[2026-02-13T09:22:18.600+0000] {processor.py:830} INFO - Processing file /opt/airflow/dags/etl_dag.py for tasks to queue
[2026-02-13T09:22:18.601+0000] {logging_mixin.py:188} INFO - [2026-02-13T09:22:18.601+0000] {dagbag.py:538} INFO - Filling up the DagBag from /opt/airflow/dags/etl_dag.py
[2026-02-13T09:22:18.643+0000] {logging_mixin.py:188} INFO - Warning: Your Kaggle API key is readable by other users on this system! To fix this, you can run 'chmod 600 /home/airflow/.kaggle/kaggle.json'
[2026-02-13T09:22:18.704+0000] {logging_mixin.py:188} WARNING - /home/airflow/.local/lib/python3.8/site-packages/airflow/models/baseoperator.py:437 AirflowProviderDeprecationWarning: `exists_ok` parameter is deprecated, please use `if_exists`
[2026-02-13T09:22:18.714+0000] {processor.py:840} INFO - DAG(s) 'ecommerce_etl_v2' retrieved from /opt/airflow/dags/etl_dag.py
[2026-02-13T09:22:18.732+0000] {logging_mixin.py:188} INFO - [2026-02-13T09:22:18.732+0000] {dag.py:3036} INFO - Sync 1 DAGs
[2026-02-13T09:22:18.742+0000] {logging_mixin.py:188} INFO - [2026-02-13T09:22:18.742+0000] {dag.py:3823} INFO - Setting next_dagrun for ecommerce_etl_v2 to 2026-02-12 13:00:00+00:00, run_after=2026-02-13 13:00:00+00:00
[2026-02-13T09:22:18.751+0000] {processor.py:183} INFO - Processing /opt/airflow/dags/etl_dag.py took 0.156 seconds
[2026-02-13T09:22:49.031+0000] {processor.py:161} INFO - Started process (PID=19230) to work on /opt/airflow/dags/etl_dag.py
[2026-02-13T09:22:49.032+0000] {processor.py:830} INFO - Processing file /opt/airflow/dags/etl_dag.py for tasks to queue
[2026-02-13T09:22:49.033+0000] {logging_mixin.py:188} INFO - [2026-02-13T09:22:49.033+0000] {dagbag.py:538} INFO - Filling up the DagBag from /opt/airflow/dags/etl_dag.py
[2026-02-13T09:22:49.077+0000] {logging_mixin.py:188} INFO - Warning: Your Kaggle API key is readable by other users on this system! To fix this, you can run 'chmod 600 /home/airflow/.kaggle/kaggle.json'
[2026-02-13T09:22:49.136+0000] {logging_mixin.py:188} WARNING - /home/airflow/.local/lib/python3.8/site-packages/airflow/models/baseoperator.py:437 AirflowProviderDeprecationWarning: `exists_ok` parameter is deprecated, please use `if_exists`
[2026-02-13T09:22:49.145+0000] {processor.py:840} INFO - DAG(s) 'ecommerce_etl_v2' retrieved from /opt/airflow/dags/etl_dag.py
[2026-02-13T09:22:49.164+0000] {logging_mixin.py:188} INFO - [2026-02-13T09:22:49.164+0000] {dag.py:3036} INFO - Sync 1 DAGs
[2026-02-13T09:22:49.174+0000] {logging_mixin.py:188} INFO - [2026-02-13T09:22:49.174+0000] {dag.py:3823} INFO - Setting next_dagrun for ecommerce_etl_v2 to 2026-02-12 13:00:00+00:00, run_after=2026-02-13 13:00:00+00:00
[2026-02-13T09:22:49.182+0000] {processor.py:183} INFO - Processing /opt/airflow/dags/etl_dag.py took 0.154 seconds
[2026-02-13T09:23:19.372+0000] {processor.py:161} INFO - Started process (PID=19261) to work on /opt/airflow/dags/etl_dag.py
[2026-02-13T09:23:19.373+0000] {processor.py:830} INFO - Processing file /opt/airflow/dags/etl_dag.py for tasks to queue
[2026-02-13T09:23:19.374+0000] {logging_mixin.py:188} INFO - [2026-02-13T09:23:19.373+0000] {dagbag.py:538} INFO - Filling up the DagBag from /opt/airflow/dags/etl_dag.py
[2026-02-13T09:23:19.420+0000] {logging_mixin.py:188} INFO - Warning: Your Kaggle API key is readable by other users on this system! To fix this, you can run 'chmod 600 /home/airflow/.kaggle/kaggle.json'
[2026-02-13T09:23:19.480+0000] {logging_mixin.py:188} WARNING - /home/airflow/.local/lib/python3.8/site-packages/airflow/models/baseoperator.py:437 AirflowProviderDeprecationWarning: `exists_ok` parameter is deprecated, please use `if_exists`
[2026-02-13T09:23:19.489+0000] {processor.py:840} INFO - DAG(s) 'ecommerce_etl_v2' retrieved from /opt/airflow/dags/etl_dag.py
[2026-02-13T09:23:19.507+0000] {logging_mixin.py:188} INFO - [2026-02-13T09:23:19.507+0000] {dag.py:3036} INFO - Sync 1 DAGs
[2026-02-13T09:23:19.517+0000] {logging_mixin.py:188} INFO - [2026-02-13T09:23:19.517+0000] {dag.py:3823} INFO - Setting next_dagrun for ecommerce_etl_v2 to 2026-02-12 13:00:00+00:00, run_after=2026-02-13 13:00:00+00:00
[2026-02-13T09:23:19.526+0000] {processor.py:183} INFO - Processing /opt/airflow/dags/etl_dag.py took 0.159 seconds
[2026-02-13T09:23:49.756+0000] {processor.py:161} INFO - Started process (PID=19292) to work on /opt/airflow/dags/etl_dag.py
[2026-02-13T09:23:49.757+0000] {processor.py:830} INFO - Processing file /opt/airflow/dags/etl_dag.py for tasks to queue
[2026-02-13T09:23:49.759+0000] {logging_mixin.py:188} INFO - [2026-02-13T09:23:49.758+0000] {dagbag.py:538} INFO - Filling up the DagBag from /opt/airflow/dags/etl_dag.py
[2026-02-13T09:23:49.804+0000] {logging_mixin.py:188} INFO - Warning: Your Kaggle API key is readable by other users on this system! To fix this, you can run 'chmod 600 /home/airflow/.kaggle/kaggle.json'
[2026-02-13T09:23:49.863+0000] {logging_mixin.py:188} WARNING - /home/airflow/.local/lib/python3.8/site-packages/airflow/models/baseoperator.py:437 AirflowProviderDeprecationWarning: `exists_ok` parameter is deprecated, please use `if_exists`
[2026-02-13T09:23:49.872+0000] {processor.py:840} INFO - DAG(s) 'ecommerce_etl_v2' retrieved from /opt/airflow/dags/etl_dag.py
[2026-02-13T09:23:49.891+0000] {logging_mixin.py:188} INFO - [2026-02-13T09:23:49.891+0000] {dag.py:3036} INFO - Sync 1 DAGs
[2026-02-13T09:23:49.901+0000] {logging_mixin.py:188} INFO - [2026-02-13T09:23:49.901+0000] {dag.py:3823} INFO - Setting next_dagrun for ecommerce_etl_v2 to 2026-02-12 13:00:00+00:00, run_after=2026-02-13 13:00:00+00:00
[2026-02-13T09:23:49.911+0000] {processor.py:183} INFO - Processing /opt/airflow/dags/etl_dag.py took 0.160 seconds
[2026-02-13T09:31:06.625+0000] {processor.py:161} INFO - Started process (PID=19325) to work on /opt/airflow/dags/etl_dag.py
[2026-02-13T09:31:06.626+0000] {processor.py:830} INFO - Processing file /opt/airflow/dags/etl_dag.py for tasks to queue
[2026-02-13T09:31:06.627+0000] {logging_mixin.py:188} INFO - [2026-02-13T09:31:06.627+0000] {dagbag.py:538} INFO - Filling up the DagBag from /opt/airflow/dags/etl_dag.py
[2026-02-13T09:31:06.680+0000] {logging_mixin.py:188} INFO - Warning: Your Kaggle API key is readable by other users on this system! To fix this, you can run 'chmod 600 /home/airflow/.kaggle/kaggle.json'
[2026-02-13T09:31:06.750+0000] {logging_mixin.py:188} WARNING - /home/airflow/.local/lib/python3.8/site-packages/airflow/models/baseoperator.py:437 AirflowProviderDeprecationWarning: `exists_ok` parameter is deprecated, please use `if_exists`
[2026-02-13T09:31:06.762+0000] {processor.py:840} INFO - DAG(s) 'ecommerce_etl_v2' retrieved from /opt/airflow/dags/etl_dag.py
[2026-02-13T09:31:06.788+0000] {logging_mixin.py:188} INFO - [2026-02-13T09:31:06.787+0000] {dag.py:3036} INFO - Sync 1 DAGs
[2026-02-13T09:31:06.804+0000] {logging_mixin.py:188} INFO - [2026-02-13T09:31:06.803+0000] {dag.py:3823} INFO - Setting next_dagrun for ecommerce_etl_v2 to 2026-02-12 13:00:00+00:00, run_after=2026-02-13 13:00:00+00:00
[2026-02-13T09:31:06.818+0000] {processor.py:183} INFO - Processing /opt/airflow/dags/etl_dag.py took 0.195 seconds
[2026-02-13T09:31:37.058+0000] {processor.py:161} INFO - Started process (PID=19356) to work on /opt/airflow/dags/etl_dag.py
[2026-02-13T09:31:37.059+0000] {processor.py:830} INFO - Processing file /opt/airflow/dags/etl_dag.py for tasks to queue
[2026-02-13T09:31:37.061+0000] {logging_mixin.py:188} INFO - [2026-02-13T09:31:37.060+0000] {dagbag.py:538} INFO - Filling up the DagBag from /opt/airflow/dags/etl_dag.py
[2026-02-13T09:31:37.107+0000] {logging_mixin.py:188} INFO - Warning: Your Kaggle API key is readable by other users on this system! To fix this, you can run 'chmod 600 /home/airflow/.kaggle/kaggle.json'
[2026-02-13T09:31:37.169+0000] {logging_mixin.py:188} WARNING - /home/airflow/.local/lib/python3.8/site-packages/airflow/models/baseoperator.py:437 AirflowProviderDeprecationWarning: `exists_ok` parameter is deprecated, please use `if_exists`
[2026-02-13T09:31:37.179+0000] {processor.py:840} INFO - DAG(s) 'ecommerce_etl_v2' retrieved from /opt/airflow/dags/etl_dag.py
[2026-02-13T09:31:37.199+0000] {logging_mixin.py:188} INFO - [2026-02-13T09:31:37.199+0000] {dag.py:3036} INFO - Sync 1 DAGs
[2026-02-13T09:31:37.211+0000] {logging_mixin.py:188} INFO - [2026-02-13T09:31:37.210+0000] {dag.py:3823} INFO - Setting next_dagrun for ecommerce_etl_v2 to 2026-02-12 13:00:00+00:00, run_after=2026-02-13 13:00:00+00:00
[2026-02-13T09:31:37.220+0000] {processor.py:183} INFO - Processing /opt/airflow/dags/etl_dag.py took 0.168 seconds
[2026-02-13T09:32:07.363+0000] {processor.py:161} INFO - Started process (PID=19387) to work on /opt/airflow/dags/etl_dag.py
[2026-02-13T09:32:07.364+0000] {processor.py:830} INFO - Processing file /opt/airflow/dags/etl_dag.py for tasks to queue
[2026-02-13T09:32:07.364+0000] {logging_mixin.py:188} INFO - [2026-02-13T09:32:07.364+0000] {dagbag.py:538} INFO - Filling up the DagBag from /opt/airflow/dags/etl_dag.py
[2026-02-13T09:32:07.414+0000] {logging_mixin.py:188} INFO - Warning: Your Kaggle API key is readable by other users on this system! To fix this, you can run 'chmod 600 /home/airflow/.kaggle/kaggle.json'
[2026-02-13T09:32:07.479+0000] {logging_mixin.py:188} WARNING - /home/airflow/.local/lib/python3.8/site-packages/airflow/models/baseoperator.py:437 AirflowProviderDeprecationWarning: `exists_ok` parameter is deprecated, please use `if_exists`
[2026-02-13T09:32:07.490+0000] {processor.py:840} INFO - DAG(s) 'ecommerce_etl_v2' retrieved from /opt/airflow/dags/etl_dag.py
[2026-02-13T09:32:07.514+0000] {logging_mixin.py:188} INFO - [2026-02-13T09:32:07.514+0000] {dag.py:3036} INFO - Sync 1 DAGs
[2026-02-13T09:32:07.528+0000] {logging_mixin.py:188} INFO - [2026-02-13T09:32:07.528+0000] {dag.py:3823} INFO - Setting next_dagrun for ecommerce_etl_v2 to 2026-02-12 13:00:00+00:00, run_after=2026-02-13 13:00:00+00:00
[2026-02-13T09:32:07.538+0000] {processor.py:183} INFO - Processing /opt/airflow/dags/etl_dag.py took 0.178 seconds
[2026-02-13T09:32:37.831+0000] {processor.py:161} INFO - Started process (PID=19418) to work on /opt/airflow/dags/etl_dag.py
[2026-02-13T09:32:37.832+0000] {processor.py:830} INFO - Processing file /opt/airflow/dags/etl_dag.py for tasks to queue
[2026-02-13T09:32:37.833+0000] {logging_mixin.py:188} INFO - [2026-02-13T09:32:37.833+0000] {dagbag.py:538} INFO - Filling up the DagBag from /opt/airflow/dags/etl_dag.py
[2026-02-13T09:32:37.878+0000] {logging_mixin.py:188} INFO - Warning: Your Kaggle API key is readable by other users on this system! To fix this, you can run 'chmod 600 /home/airflow/.kaggle/kaggle.json'
[2026-02-13T09:32:37.940+0000] {logging_mixin.py:188} WARNING - /home/airflow/.local/lib/python3.8/site-packages/airflow/models/baseoperator.py:437 AirflowProviderDeprecationWarning: `exists_ok` parameter is deprecated, please use `if_exists`
[2026-02-13T09:32:37.949+0000] {processor.py:840} INFO - DAG(s) 'ecommerce_etl_v2' retrieved from /opt/airflow/dags/etl_dag.py
[2026-02-13T09:32:37.967+0000] {logging_mixin.py:188} INFO - [2026-02-13T09:32:37.967+0000] {dag.py:3036} INFO - Sync 1 DAGs
[2026-02-13T09:32:37.978+0000] {logging_mixin.py:188} INFO - [2026-02-13T09:32:37.978+0000] {dag.py:3823} INFO - Setting next_dagrun for ecommerce_etl_v2 to 2026-02-12 13:00:00+00:00, run_after=2026-02-13 13:00:00+00:00
[2026-02-13T09:32:37.987+0000] {processor.py:183} INFO - Processing /opt/airflow/dags/etl_dag.py took 0.159 seconds
[2026-02-13T09:33:08.190+0000] {processor.py:161} INFO - Started process (PID=19449) to work on /opt/airflow/dags/etl_dag.py
[2026-02-13T09:33:08.192+0000] {processor.py:830} INFO - Processing file /opt/airflow/dags/etl_dag.py for tasks to queue
[2026-02-13T09:33:08.193+0000] {logging_mixin.py:188} INFO - [2026-02-13T09:33:08.192+0000] {dagbag.py:538} INFO - Filling up the DagBag from /opt/airflow/dags/etl_dag.py
[2026-02-13T09:33:08.241+0000] {logging_mixin.py:188} INFO - Warning: Your Kaggle API key is readable by other users on this system! To fix this, you can run 'chmod 600 /home/airflow/.kaggle/kaggle.json'
[2026-02-13T09:33:08.302+0000] {logging_mixin.py:188} WARNING - /home/airflow/.local/lib/python3.8/site-packages/airflow/models/baseoperator.py:437 AirflowProviderDeprecationWarning: `exists_ok` parameter is deprecated, please use `if_exists`
[2026-02-13T09:33:08.312+0000] {processor.py:840} INFO - DAG(s) 'ecommerce_etl_v2' retrieved from /opt/airflow/dags/etl_dag.py
[2026-02-13T09:33:08.331+0000] {logging_mixin.py:188} INFO - [2026-02-13T09:33:08.331+0000] {dag.py:3036} INFO - Sync 1 DAGs
[2026-02-13T09:33:08.343+0000] {logging_mixin.py:188} INFO - [2026-02-13T09:33:08.343+0000] {dag.py:3823} INFO - Setting next_dagrun for ecommerce_etl_v2 to 2026-02-12 13:00:00+00:00, run_after=2026-02-13 13:00:00+00:00
[2026-02-13T09:33:08.353+0000] {processor.py:183} INFO - Processing /opt/airflow/dags/etl_dag.py took 0.167 seconds
[2026-02-13T09:33:38.590+0000] {processor.py:161} INFO - Started process (PID=19480) to work on /opt/airflow/dags/etl_dag.py
[2026-02-13T09:33:38.591+0000] {processor.py:830} INFO - Processing file /opt/airflow/dags/etl_dag.py for tasks to queue
[2026-02-13T09:33:38.592+0000] {logging_mixin.py:188} INFO - [2026-02-13T09:33:38.592+0000] {dagbag.py:538} INFO - Filling up the DagBag from /opt/airflow/dags/etl_dag.py
[2026-02-13T09:33:38.638+0000] {logging_mixin.py:188} INFO - Warning: Your Kaggle API key is readable by other users on this system! To fix this, you can run 'chmod 600 /home/airflow/.kaggle/kaggle.json'
[2026-02-13T09:33:38.699+0000] {logging_mixin.py:188} WARNING - /home/airflow/.local/lib/python3.8/site-packages/airflow/models/baseoperator.py:437 AirflowProviderDeprecationWarning: `exists_ok` parameter is deprecated, please use `if_exists`
[2026-02-13T09:33:38.708+0000] {processor.py:840} INFO - DAG(s) 'ecommerce_etl_v2' retrieved from /opt/airflow/dags/etl_dag.py
[2026-02-13T09:33:38.727+0000] {logging_mixin.py:188} INFO - [2026-02-13T09:33:38.727+0000] {dag.py:3036} INFO - Sync 1 DAGs
[2026-02-13T09:33:38.738+0000] {logging_mixin.py:188} INFO - [2026-02-13T09:33:38.738+0000] {dag.py:3823} INFO - Setting next_dagrun for ecommerce_etl_v2 to 2026-02-12 13:00:00+00:00, run_after=2026-02-13 13:00:00+00:00
[2026-02-13T09:33:38.746+0000] {processor.py:183} INFO - Processing /opt/airflow/dags/etl_dag.py took 0.160 seconds
[2026-02-13T09:34:08.948+0000] {processor.py:161} INFO - Started process (PID=19511) to work on /opt/airflow/dags/etl_dag.py
[2026-02-13T09:34:08.949+0000] {processor.py:830} INFO - Processing file /opt/airflow/dags/etl_dag.py for tasks to queue
[2026-02-13T09:34:08.950+0000] {logging_mixin.py:188} INFO - [2026-02-13T09:34:08.950+0000] {dagbag.py:538} INFO - Filling up the DagBag from /opt/airflow/dags/etl_dag.py
[2026-02-13T09:34:09.005+0000] {logging_mixin.py:188} INFO - Warning: Your Kaggle API key is readable by other users on this system! To fix this, you can run 'chmod 600 /home/airflow/.kaggle/kaggle.json'
[2026-02-13T09:34:09.078+0000] {logging_mixin.py:188} WARNING - /home/airflow/.local/lib/python3.8/site-packages/airflow/models/baseoperator.py:437 AirflowProviderDeprecationWarning: `exists_ok` parameter is deprecated, please use `if_exists`
[2026-02-13T09:34:09.089+0000] {processor.py:840} INFO - DAG(s) 'ecommerce_etl_v2' retrieved from /opt/airflow/dags/etl_dag.py
[2026-02-13T09:34:09.110+0000] {logging_mixin.py:188} INFO - [2026-02-13T09:34:09.110+0000] {dag.py:3036} INFO - Sync 1 DAGs
[2026-02-13T09:34:09.123+0000] {logging_mixin.py:188} INFO - [2026-02-13T09:34:09.123+0000] {dag.py:3823} INFO - Setting next_dagrun for ecommerce_etl_v2 to 2026-02-12 13:00:00+00:00, run_after=2026-02-13 13:00:00+00:00
[2026-02-13T09:34:09.134+0000] {processor.py:183} INFO - Processing /opt/airflow/dags/etl_dag.py took 0.191 seconds
[2026-02-13T09:34:39.408+0000] {processor.py:161} INFO - Started process (PID=19542) to work on /opt/airflow/dags/etl_dag.py
[2026-02-13T09:34:39.408+0000] {processor.py:830} INFO - Processing file /opt/airflow/dags/etl_dag.py for tasks to queue
[2026-02-13T09:34:39.409+0000] {logging_mixin.py:188} INFO - [2026-02-13T09:34:39.409+0000] {dagbag.py:538} INFO - Filling up the DagBag from /opt/airflow/dags/etl_dag.py
[2026-02-13T09:34:39.450+0000] {logging_mixin.py:188} INFO - Warning: Your Kaggle API key is readable by other users on this system! To fix this, you can run 'chmod 600 /home/airflow/.kaggle/kaggle.json'
[2026-02-13T09:34:39.511+0000] {logging_mixin.py:188} WARNING - /home/airflow/.local/lib/python3.8/site-packages/airflow/models/baseoperator.py:437 AirflowProviderDeprecationWarning: `exists_ok` parameter is deprecated, please use `if_exists`
[2026-02-13T09:34:39.521+0000] {processor.py:840} INFO - DAG(s) 'ecommerce_etl_v2' retrieved from /opt/airflow/dags/etl_dag.py
[2026-02-13T09:34:39.541+0000] {logging_mixin.py:188} INFO - [2026-02-13T09:34:39.541+0000] {dag.py:3036} INFO - Sync 1 DAGs
[2026-02-13T09:34:39.552+0000] {logging_mixin.py:188} INFO - [2026-02-13T09:34:39.552+0000] {dag.py:3823} INFO - Setting next_dagrun for ecommerce_etl_v2 to 2026-02-12 13:00:00+00:00, run_after=2026-02-13 13:00:00+00:00
[2026-02-13T09:34:39.561+0000] {processor.py:183} INFO - Processing /opt/airflow/dags/etl_dag.py took 0.157 seconds
[2026-02-13T09:35:09.736+0000] {processor.py:161} INFO - Started process (PID=19573) to work on /opt/airflow/dags/etl_dag.py
[2026-02-13T09:35:09.737+0000] {processor.py:830} INFO - Processing file /opt/airflow/dags/etl_dag.py for tasks to queue
[2026-02-13T09:35:09.738+0000] {logging_mixin.py:188} INFO - [2026-02-13T09:35:09.738+0000] {dagbag.py:538} INFO - Filling up the DagBag from /opt/airflow/dags/etl_dag.py
[2026-02-13T09:35:09.783+0000] {logging_mixin.py:188} INFO - Warning: Your Kaggle API key is readable by other users on this system! To fix this, you can run 'chmod 600 /home/airflow/.kaggle/kaggle.json'
[2026-02-13T09:35:09.842+0000] {logging_mixin.py:188} WARNING - /home/airflow/.local/lib/python3.8/site-packages/airflow/models/baseoperator.py:437 AirflowProviderDeprecationWarning: `exists_ok` parameter is deprecated, please use `if_exists`
[2026-02-13T09:35:09.851+0000] {processor.py:840} INFO - DAG(s) 'ecommerce_etl_v2' retrieved from /opt/airflow/dags/etl_dag.py
[2026-02-13T09:35:09.870+0000] {logging_mixin.py:188} INFO - [2026-02-13T09:35:09.870+0000] {dag.py:3036} INFO - Sync 1 DAGs
[2026-02-13T09:35:09.880+0000] {logging_mixin.py:188} INFO - [2026-02-13T09:35:09.880+0000] {dag.py:3823} INFO - Setting next_dagrun for ecommerce_etl_v2 to 2026-02-12 13:00:00+00:00, run_after=2026-02-13 13:00:00+00:00
[2026-02-13T09:35:09.889+0000] {processor.py:183} INFO - Processing /opt/airflow/dags/etl_dag.py took 0.158 seconds
[2026-02-13T09:35:40.153+0000] {processor.py:161} INFO - Started process (PID=19604) to work on /opt/airflow/dags/etl_dag.py
[2026-02-13T09:35:40.154+0000] {processor.py:830} INFO - Processing file /opt/airflow/dags/etl_dag.py for tasks to queue
[2026-02-13T09:35:40.155+0000] {logging_mixin.py:188} INFO - [2026-02-13T09:35:40.155+0000] {dagbag.py:538} INFO - Filling up the DagBag from /opt/airflow/dags/etl_dag.py
[2026-02-13T09:35:40.200+0000] {logging_mixin.py:188} INFO - Warning: Your Kaggle API key is readable by other users on this system! To fix this, you can run 'chmod 600 /home/airflow/.kaggle/kaggle.json'
[2026-02-13T09:35:40.260+0000] {logging_mixin.py:188} WARNING - /home/airflow/.local/lib/python3.8/site-packages/airflow/models/baseoperator.py:437 AirflowProviderDeprecationWarning: `exists_ok` parameter is deprecated, please use `if_exists`
[2026-02-13T09:35:40.268+0000] {processor.py:840} INFO - DAG(s) 'ecommerce_etl_v2' retrieved from /opt/airflow/dags/etl_dag.py
[2026-02-13T09:35:40.287+0000] {logging_mixin.py:188} INFO - [2026-02-13T09:35:40.287+0000] {dag.py:3036} INFO - Sync 1 DAGs
[2026-02-13T09:35:40.297+0000] {logging_mixin.py:188} INFO - [2026-02-13T09:35:40.296+0000] {dag.py:3823} INFO - Setting next_dagrun for ecommerce_etl_v2 to 2026-02-12 13:00:00+00:00, run_after=2026-02-13 13:00:00+00:00
[2026-02-13T09:35:40.305+0000] {processor.py:183} INFO - Processing /opt/airflow/dags/etl_dag.py took 0.156 seconds
[2026-02-13T09:36:10.465+0000] {processor.py:161} INFO - Started process (PID=19635) to work on /opt/airflow/dags/etl_dag.py
[2026-02-13T09:36:10.467+0000] {processor.py:830} INFO - Processing file /opt/airflow/dags/etl_dag.py for tasks to queue
[2026-02-13T09:36:10.467+0000] {logging_mixin.py:188} INFO - [2026-02-13T09:36:10.467+0000] {dagbag.py:538} INFO - Filling up the DagBag from /opt/airflow/dags/etl_dag.py
[2026-02-13T09:36:10.513+0000] {logging_mixin.py:188} INFO - Warning: Your Kaggle API key is readable by other users on this system! To fix this, you can run 'chmod 600 /home/airflow/.kaggle/kaggle.json'
[2026-02-13T09:36:10.573+0000] {logging_mixin.py:188} WARNING - /home/airflow/.local/lib/python3.8/site-packages/airflow/models/baseoperator.py:437 AirflowProviderDeprecationWarning: `exists_ok` parameter is deprecated, please use `if_exists`
[2026-02-13T09:36:10.582+0000] {processor.py:840} INFO - DAG(s) 'ecommerce_etl_v2' retrieved from /opt/airflow/dags/etl_dag.py
[2026-02-13T09:36:10.600+0000] {logging_mixin.py:188} INFO - [2026-02-13T09:36:10.600+0000] {dag.py:3036} INFO - Sync 1 DAGs
[2026-02-13T09:36:10.611+0000] {logging_mixin.py:188} INFO - [2026-02-13T09:36:10.611+0000] {dag.py:3823} INFO - Setting next_dagrun for ecommerce_etl_v2 to 2026-02-12 13:00:00+00:00, run_after=2026-02-13 13:00:00+00:00
[2026-02-13T09:36:10.619+0000] {processor.py:183} INFO - Processing /opt/airflow/dags/etl_dag.py took 0.158 seconds
[2026-02-13T09:36:40.953+0000] {processor.py:161} INFO - Started process (PID=19666) to work on /opt/airflow/dags/etl_dag.py
[2026-02-13T09:36:40.954+0000] {processor.py:830} INFO - Processing file /opt/airflow/dags/etl_dag.py for tasks to queue
[2026-02-13T09:36:40.955+0000] {logging_mixin.py:188} INFO - [2026-02-13T09:36:40.955+0000] {dagbag.py:538} INFO - Filling up the DagBag from /opt/airflow/dags/etl_dag.py
[2026-02-13T09:36:41.000+0000] {logging_mixin.py:188} INFO - Warning: Your Kaggle API key is readable by other users on this system! To fix this, you can run 'chmod 600 /home/airflow/.kaggle/kaggle.json'
[2026-02-13T09:36:41.060+0000] {logging_mixin.py:188} WARNING - /home/airflow/.local/lib/python3.8/site-packages/airflow/models/baseoperator.py:437 AirflowProviderDeprecationWarning: `exists_ok` parameter is deprecated, please use `if_exists`
[2026-02-13T09:36:41.069+0000] {processor.py:840} INFO - DAG(s) 'ecommerce_etl_v2' retrieved from /opt/airflow/dags/etl_dag.py
[2026-02-13T09:36:41.088+0000] {logging_mixin.py:188} INFO - [2026-02-13T09:36:41.088+0000] {dag.py:3036} INFO - Sync 1 DAGs
[2026-02-13T09:36:41.099+0000] {logging_mixin.py:188} INFO - [2026-02-13T09:36:41.099+0000] {dag.py:3823} INFO - Setting next_dagrun for ecommerce_etl_v2 to 2026-02-12 13:00:00+00:00, run_after=2026-02-13 13:00:00+00:00
[2026-02-13T09:36:41.108+0000] {processor.py:183} INFO - Processing /opt/airflow/dags/etl_dag.py took 0.158 seconds
[2026-02-13T09:37:11.309+0000] {processor.py:161} INFO - Started process (PID=19697) to work on /opt/airflow/dags/etl_dag.py
[2026-02-13T09:37:11.310+0000] {processor.py:830} INFO - Processing file /opt/airflow/dags/etl_dag.py for tasks to queue
[2026-02-13T09:37:11.311+0000] {logging_mixin.py:188} INFO - [2026-02-13T09:37:11.311+0000] {dagbag.py:538} INFO - Filling up the DagBag from /opt/airflow/dags/etl_dag.py
[2026-02-13T09:37:11.357+0000] {logging_mixin.py:188} INFO - Warning: Your Kaggle API key is readable by other users on this system! To fix this, you can run 'chmod 600 /home/airflow/.kaggle/kaggle.json'
[2026-02-13T09:37:11.416+0000] {logging_mixin.py:188} WARNING - /home/airflow/.local/lib/python3.8/site-packages/airflow/models/baseoperator.py:437 AirflowProviderDeprecationWarning: `exists_ok` parameter is deprecated, please use `if_exists`
[2026-02-13T09:37:11.425+0000] {processor.py:840} INFO - DAG(s) 'ecommerce_etl_v2' retrieved from /opt/airflow/dags/etl_dag.py
[2026-02-13T09:37:11.442+0000] {logging_mixin.py:188} INFO - [2026-02-13T09:37:11.442+0000] {dag.py:3036} INFO - Sync 1 DAGs
[2026-02-13T09:37:11.453+0000] {logging_mixin.py:188} INFO - [2026-02-13T09:37:11.453+0000] {dag.py:3823} INFO - Setting next_dagrun for ecommerce_etl_v2 to 2026-02-12 13:00:00+00:00, run_after=2026-02-13 13:00:00+00:00
[2026-02-13T09:37:11.461+0000] {processor.py:183} INFO - Processing /opt/airflow/dags/etl_dag.py took 0.157 seconds
[2026-02-13T09:37:41.616+0000] {processor.py:161} INFO - Started process (PID=19728) to work on /opt/airflow/dags/etl_dag.py
[2026-02-13T09:37:41.617+0000] {processor.py:830} INFO - Processing file /opt/airflow/dags/etl_dag.py for tasks to queue
[2026-02-13T09:37:41.617+0000] {logging_mixin.py:188} INFO - [2026-02-13T09:37:41.617+0000] {dagbag.py:538} INFO - Filling up the DagBag from /opt/airflow/dags/etl_dag.py
[2026-02-13T09:37:41.665+0000] {logging_mixin.py:188} INFO - Warning: Your Kaggle API key is readable by other users on this system! To fix this, you can run 'chmod 600 /home/airflow/.kaggle/kaggle.json'
[2026-02-13T09:37:41.737+0000] {logging_mixin.py:188} WARNING - /home/airflow/.local/lib/python3.8/site-packages/airflow/models/baseoperator.py:437 AirflowProviderDeprecationWarning: `exists_ok` parameter is deprecated, please use `if_exists`
[2026-02-13T09:37:41.752+0000] {processor.py:840} INFO - DAG(s) 'ecommerce_etl_v2' retrieved from /opt/airflow/dags/etl_dag.py
[2026-02-13T09:37:41.779+0000] {logging_mixin.py:188} INFO - [2026-02-13T09:37:41.779+0000] {dag.py:3036} INFO - Sync 1 DAGs
[2026-02-13T09:37:41.794+0000] {logging_mixin.py:188} INFO - [2026-02-13T09:37:41.793+0000] {dag.py:3823} INFO - Setting next_dagrun for ecommerce_etl_v2 to 2026-02-12 13:00:00+00:00, run_after=2026-02-13 13:00:00+00:00
[2026-02-13T09:37:41.806+0000] {processor.py:183} INFO - Processing /opt/airflow/dags/etl_dag.py took 0.193 seconds
[2026-02-13T09:38:12.035+0000] {processor.py:161} INFO - Started process (PID=19759) to work on /opt/airflow/dags/etl_dag.py
[2026-02-13T09:38:12.035+0000] {processor.py:830} INFO - Processing file /opt/airflow/dags/etl_dag.py for tasks to queue
[2026-02-13T09:38:12.036+0000] {logging_mixin.py:188} INFO - [2026-02-13T09:38:12.036+0000] {dagbag.py:538} INFO - Filling up the DagBag from /opt/airflow/dags/etl_dag.py
[2026-02-13T09:38:12.075+0000] {logging_mixin.py:188} INFO - Warning: Your Kaggle API key is readable by other users on this system! To fix this, you can run 'chmod 600 /home/airflow/.kaggle/kaggle.json'
[2026-02-13T09:38:12.140+0000] {logging_mixin.py:188} WARNING - /home/airflow/.local/lib/python3.8/site-packages/airflow/models/baseoperator.py:437 AirflowProviderDeprecationWarning: `exists_ok` parameter is deprecated, please use `if_exists`
[2026-02-13T09:38:12.151+0000] {processor.py:840} INFO - DAG(s) 'ecommerce_etl_v2' retrieved from /opt/airflow/dags/etl_dag.py
[2026-02-13T09:38:12.171+0000] {logging_mixin.py:188} INFO - [2026-02-13T09:38:12.171+0000] {dag.py:3036} INFO - Sync 1 DAGs
[2026-02-13T09:38:12.182+0000] {logging_mixin.py:188} INFO - [2026-02-13T09:38:12.182+0000] {dag.py:3823} INFO - Setting next_dagrun for ecommerce_etl_v2 to 2026-02-12 13:00:00+00:00, run_after=2026-02-13 13:00:00+00:00
[2026-02-13T09:38:12.191+0000] {processor.py:183} INFO - Processing /opt/airflow/dags/etl_dag.py took 0.159 seconds
[2026-02-13T09:38:42.416+0000] {processor.py:161} INFO - Started process (PID=19790) to work on /opt/airflow/dags/etl_dag.py
[2026-02-13T09:38:42.417+0000] {processor.py:830} INFO - Processing file /opt/airflow/dags/etl_dag.py for tasks to queue
[2026-02-13T09:38:42.418+0000] {logging_mixin.py:188} INFO - [2026-02-13T09:38:42.417+0000] {dagbag.py:538} INFO - Filling up the DagBag from /opt/airflow/dags/etl_dag.py
[2026-02-13T09:38:42.463+0000] {logging_mixin.py:188} INFO - Warning: Your Kaggle API key is readable by other users on this system! To fix this, you can run 'chmod 600 /home/airflow/.kaggle/kaggle.json'
[2026-02-13T09:38:42.526+0000] {logging_mixin.py:188} WARNING - /home/airflow/.local/lib/python3.8/site-packages/airflow/models/baseoperator.py:437 AirflowProviderDeprecationWarning: `exists_ok` parameter is deprecated, please use `if_exists`
[2026-02-13T09:38:42.538+0000] {processor.py:840} INFO - DAG(s) 'ecommerce_etl_v2' retrieved from /opt/airflow/dags/etl_dag.py
[2026-02-13T09:38:42.560+0000] {logging_mixin.py:188} INFO - [2026-02-13T09:38:42.559+0000] {dag.py:3036} INFO - Sync 1 DAGs
[2026-02-13T09:38:42.571+0000] {logging_mixin.py:188} INFO - [2026-02-13T09:38:42.570+0000] {dag.py:3823} INFO - Setting next_dagrun for ecommerce_etl_v2 to 2026-02-12 13:00:00+00:00, run_after=2026-02-13 13:00:00+00:00
[2026-02-13T09:38:42.579+0000] {processor.py:183} INFO - Processing /opt/airflow/dags/etl_dag.py took 0.165 seconds
[2026-02-13T09:39:12.691+0000] {processor.py:161} INFO - Started process (PID=19821) to work on /opt/airflow/dags/etl_dag.py
[2026-02-13T09:39:12.693+0000] {processor.py:830} INFO - Processing file /opt/airflow/dags/etl_dag.py for tasks to queue
[2026-02-13T09:39:12.694+0000] {logging_mixin.py:188} INFO - [2026-02-13T09:39:12.693+0000] {dagbag.py:538} INFO - Filling up the DagBag from /opt/airflow/dags/etl_dag.py
[2026-02-13T09:39:12.740+0000] {logging_mixin.py:188} INFO - Warning: Your Kaggle API key is readable by other users on this system! To fix this, you can run 'chmod 600 /home/airflow/.kaggle/kaggle.json'
[2026-02-13T09:39:12.799+0000] {logging_mixin.py:188} WARNING - /home/airflow/.local/lib/python3.8/site-packages/airflow/models/baseoperator.py:437 AirflowProviderDeprecationWarning: `exists_ok` parameter is deprecated, please use `if_exists`
[2026-02-13T09:39:12.807+0000] {processor.py:840} INFO - DAG(s) 'ecommerce_etl_v2' retrieved from /opt/airflow/dags/etl_dag.py
[2026-02-13T09:39:12.826+0000] {logging_mixin.py:188} INFO - [2026-02-13T09:39:12.826+0000] {dag.py:3036} INFO - Sync 1 DAGs
[2026-02-13T09:39:12.836+0000] {logging_mixin.py:188} INFO - [2026-02-13T09:39:12.836+0000] {dag.py:3823} INFO - Setting next_dagrun for ecommerce_etl_v2 to 2026-02-12 13:00:00+00:00, run_after=2026-02-13 13:00:00+00:00
[2026-02-13T09:39:12.846+0000] {processor.py:183} INFO - Processing /opt/airflow/dags/etl_dag.py took 0.158 seconds
[2026-02-13T09:39:43.042+0000] {processor.py:161} INFO - Started process (PID=19852) to work on /opt/airflow/dags/etl_dag.py
[2026-02-13T09:39:43.044+0000] {processor.py:830} INFO - Processing file /opt/airflow/dags/etl_dag.py for tasks to queue
[2026-02-13T09:39:43.045+0000] {logging_mixin.py:188} INFO - [2026-02-13T09:39:43.045+0000] {dagbag.py:538} INFO - Filling up the DagBag from /opt/airflow/dags/etl_dag.py
[2026-02-13T09:39:43.089+0000] {logging_mixin.py:188} INFO - Warning: Your Kaggle API key is readable by other users on this system! To fix this, you can run 'chmod 600 /home/airflow/.kaggle/kaggle.json'
[2026-02-13T09:39:43.149+0000] {logging_mixin.py:188} WARNING - /home/airflow/.local/lib/python3.8/site-packages/airflow/models/baseoperator.py:437 AirflowProviderDeprecationWarning: `exists_ok` parameter is deprecated, please use `if_exists`
[2026-02-13T09:39:43.159+0000] {processor.py:840} INFO - DAG(s) 'ecommerce_etl_v2' retrieved from /opt/airflow/dags/etl_dag.py
[2026-02-13T09:39:43.176+0000] {logging_mixin.py:188} INFO - [2026-02-13T09:39:43.176+0000] {dag.py:3036} INFO - Sync 1 DAGs
[2026-02-13T09:39:43.187+0000] {logging_mixin.py:188} INFO - [2026-02-13T09:39:43.186+0000] {dag.py:3823} INFO - Setting next_dagrun for ecommerce_etl_v2 to 2026-02-12 13:00:00+00:00, run_after=2026-02-13 13:00:00+00:00
[2026-02-13T09:39:43.194+0000] {processor.py:183} INFO - Processing /opt/airflow/dags/etl_dag.py took 0.156 seconds
[2026-02-13T09:40:13.463+0000] {processor.py:161} INFO - Started process (PID=19883) to work on /opt/airflow/dags/etl_dag.py
[2026-02-13T09:40:13.464+0000] {processor.py:830} INFO - Processing file /opt/airflow/dags/etl_dag.py for tasks to queue
[2026-02-13T09:40:13.465+0000] {logging_mixin.py:188} INFO - [2026-02-13T09:40:13.465+0000] {dagbag.py:538} INFO - Filling up the DagBag from /opt/airflow/dags/etl_dag.py
[2026-02-13T09:40:13.515+0000] {logging_mixin.py:188} INFO - Warning: Your Kaggle API key is readable by other users on this system! To fix this, you can run 'chmod 600 /home/airflow/.kaggle/kaggle.json'
[2026-02-13T09:40:13.577+0000] {logging_mixin.py:188} WARNING - /home/airflow/.local/lib/python3.8/site-packages/airflow/models/baseoperator.py:437 AirflowProviderDeprecationWarning: `exists_ok` parameter is deprecated, please use `if_exists`
[2026-02-13T09:40:13.586+0000] {processor.py:840} INFO - DAG(s) 'ecommerce_etl_v2' retrieved from /opt/airflow/dags/etl_dag.py
[2026-02-13T09:40:13.605+0000] {logging_mixin.py:188} INFO - [2026-02-13T09:40:13.605+0000] {dag.py:3036} INFO - Sync 1 DAGs
[2026-02-13T09:40:13.616+0000] {logging_mixin.py:188} INFO - [2026-02-13T09:40:13.616+0000] {dag.py:3823} INFO - Setting next_dagrun for ecommerce_etl_v2 to 2026-02-12 13:00:00+00:00, run_after=2026-02-13 13:00:00+00:00
[2026-02-13T09:40:13.624+0000] {processor.py:183} INFO - Processing /opt/airflow/dags/etl_dag.py took 0.166 seconds
[2026-02-13T09:40:43.734+0000] {processor.py:161} INFO - Started process (PID=19914) to work on /opt/airflow/dags/etl_dag.py
[2026-02-13T09:40:43.736+0000] {processor.py:830} INFO - Processing file /opt/airflow/dags/etl_dag.py for tasks to queue
[2026-02-13T09:40:43.737+0000] {logging_mixin.py:188} INFO - [2026-02-13T09:40:43.736+0000] {dagbag.py:538} INFO - Filling up the DagBag from /opt/airflow/dags/etl_dag.py
[2026-02-13T09:40:43.782+0000] {logging_mixin.py:188} INFO - Warning: Your Kaggle API key is readable by other users on this system! To fix this, you can run 'chmod 600 /home/airflow/.kaggle/kaggle.json'
[2026-02-13T09:40:43.843+0000] {logging_mixin.py:188} WARNING - /home/airflow/.local/lib/python3.8/site-packages/airflow/models/baseoperator.py:437 AirflowProviderDeprecationWarning: `exists_ok` parameter is deprecated, please use `if_exists`
[2026-02-13T09:40:43.851+0000] {processor.py:840} INFO - DAG(s) 'ecommerce_etl_v2' retrieved from /opt/airflow/dags/etl_dag.py
[2026-02-13T09:40:43.870+0000] {logging_mixin.py:188} INFO - [2026-02-13T09:40:43.870+0000] {dag.py:3036} INFO - Sync 1 DAGs
[2026-02-13T09:40:43.880+0000] {logging_mixin.py:188} INFO - [2026-02-13T09:40:43.880+0000] {dag.py:3823} INFO - Setting next_dagrun for ecommerce_etl_v2 to 2026-02-12 13:00:00+00:00, run_after=2026-02-13 13:00:00+00:00
[2026-02-13T09:40:43.888+0000] {processor.py:183} INFO - Processing /opt/airflow/dags/etl_dag.py took 0.158 seconds
[2026-02-13T09:41:14.089+0000] {processor.py:161} INFO - Started process (PID=19945) to work on /opt/airflow/dags/etl_dag.py
[2026-02-13T09:41:14.089+0000] {processor.py:830} INFO - Processing file /opt/airflow/dags/etl_dag.py for tasks to queue
[2026-02-13T09:41:14.090+0000] {logging_mixin.py:188} INFO - [2026-02-13T09:41:14.090+0000] {dagbag.py:538} INFO - Filling up the DagBag from /opt/airflow/dags/etl_dag.py
[2026-02-13T09:41:14.132+0000] {logging_mixin.py:188} INFO - Warning: Your Kaggle API key is readable by other users on this system! To fix this, you can run 'chmod 600 /home/airflow/.kaggle/kaggle.json'
[2026-02-13T09:41:14.191+0000] {logging_mixin.py:188} WARNING - /home/airflow/.local/lib/python3.8/site-packages/airflow/models/baseoperator.py:437 AirflowProviderDeprecationWarning: `exists_ok` parameter is deprecated, please use `if_exists`
[2026-02-13T09:41:14.202+0000] {processor.py:840} INFO - DAG(s) 'ecommerce_etl_v2' retrieved from /opt/airflow/dags/etl_dag.py
[2026-02-13T09:41:14.220+0000] {logging_mixin.py:188} INFO - [2026-02-13T09:41:14.220+0000] {dag.py:3036} INFO - Sync 1 DAGs
[2026-02-13T09:41:14.231+0000] {logging_mixin.py:188} INFO - [2026-02-13T09:41:14.231+0000] {dag.py:3823} INFO - Setting next_dagrun for ecommerce_etl_v2 to 2026-02-12 13:00:00+00:00, run_after=2026-02-13 13:00:00+00:00
[2026-02-13T09:41:14.239+0000] {processor.py:183} INFO - Processing /opt/airflow/dags/etl_dag.py took 0.153 seconds
[2026-02-13T09:41:44.335+0000] {processor.py:161} INFO - Started process (PID=19976) to work on /opt/airflow/dags/etl_dag.py
[2026-02-13T09:41:44.336+0000] {processor.py:830} INFO - Processing file /opt/airflow/dags/etl_dag.py for tasks to queue
[2026-02-13T09:41:44.336+0000] {logging_mixin.py:188} INFO - [2026-02-13T09:41:44.336+0000] {dagbag.py:538} INFO - Filling up the DagBag from /opt/airflow/dags/etl_dag.py
[2026-02-13T09:41:44.378+0000] {logging_mixin.py:188} INFO - Warning: Your Kaggle API key is readable by other users on this system! To fix this, you can run 'chmod 600 /home/airflow/.kaggle/kaggle.json'
[2026-02-13T09:41:44.439+0000] {logging_mixin.py:188} WARNING - /home/airflow/.local/lib/python3.8/site-packages/airflow/models/baseoperator.py:437 AirflowProviderDeprecationWarning: `exists_ok` parameter is deprecated, please use `if_exists`
[2026-02-13T09:41:44.448+0000] {processor.py:840} INFO - DAG(s) 'ecommerce_etl_v2' retrieved from /opt/airflow/dags/etl_dag.py
[2026-02-13T09:41:44.467+0000] {logging_mixin.py:188} INFO - [2026-02-13T09:41:44.466+0000] {dag.py:3036} INFO - Sync 1 DAGs
[2026-02-13T09:41:44.477+0000] {logging_mixin.py:188} INFO - [2026-02-13T09:41:44.477+0000] {dag.py:3823} INFO - Setting next_dagrun for ecommerce_etl_v2 to 2026-02-12 13:00:00+00:00, run_after=2026-02-13 13:00:00+00:00
[2026-02-13T09:41:44.486+0000] {processor.py:183} INFO - Processing /opt/airflow/dags/etl_dag.py took 0.154 seconds
[2026-02-13T09:42:14.761+0000] {processor.py:161} INFO - Started process (PID=20007) to work on /opt/airflow/dags/etl_dag.py
[2026-02-13T09:42:14.762+0000] {processor.py:830} INFO - Processing file /opt/airflow/dags/etl_dag.py for tasks to queue
[2026-02-13T09:42:14.762+0000] {logging_mixin.py:188} INFO - [2026-02-13T09:42:14.762+0000] {dagbag.py:538} INFO - Filling up the DagBag from /opt/airflow/dags/etl_dag.py
[2026-02-13T09:42:14.801+0000] {logging_mixin.py:188} INFO - Warning: Your Kaggle API key is readable by other users on this system! To fix this, you can run 'chmod 600 /home/airflow/.kaggle/kaggle.json'
[2026-02-13T09:42:14.859+0000] {logging_mixin.py:188} WARNING - /home/airflow/.local/lib/python3.8/site-packages/airflow/models/baseoperator.py:437 AirflowProviderDeprecationWarning: `exists_ok` parameter is deprecated, please use `if_exists`
[2026-02-13T09:42:14.868+0000] {processor.py:840} INFO - DAG(s) 'ecommerce_etl_v2' retrieved from /opt/airflow/dags/etl_dag.py
[2026-02-13T09:42:14.886+0000] {logging_mixin.py:188} INFO - [2026-02-13T09:42:14.886+0000] {dag.py:3036} INFO - Sync 1 DAGs
[2026-02-13T09:42:14.896+0000] {logging_mixin.py:188} INFO - [2026-02-13T09:42:14.896+0000] {dag.py:3823} INFO - Setting next_dagrun for ecommerce_etl_v2 to 2026-02-12 13:00:00+00:00, run_after=2026-02-13 13:00:00+00:00
[2026-02-13T09:42:14.905+0000] {processor.py:183} INFO - Processing /opt/airflow/dags/etl_dag.py took 0.146 seconds
[2026-02-13T09:42:45.097+0000] {processor.py:161} INFO - Started process (PID=20038) to work on /opt/airflow/dags/etl_dag.py
[2026-02-13T09:42:45.098+0000] {processor.py:830} INFO - Processing file /opt/airflow/dags/etl_dag.py for tasks to queue
[2026-02-13T09:42:45.099+0000] {logging_mixin.py:188} INFO - [2026-02-13T09:42:45.098+0000] {dagbag.py:538} INFO - Filling up the DagBag from /opt/airflow/dags/etl_dag.py
[2026-02-13T09:42:45.145+0000] {logging_mixin.py:188} INFO - Warning: Your Kaggle API key is readable by other users on this system! To fix this, you can run 'chmod 600 /home/airflow/.kaggle/kaggle.json'
[2026-02-13T09:42:45.204+0000] {logging_mixin.py:188} WARNING - /home/airflow/.local/lib/python3.8/site-packages/airflow/models/baseoperator.py:437 AirflowProviderDeprecationWarning: `exists_ok` parameter is deprecated, please use `if_exists`
[2026-02-13T09:42:45.213+0000] {processor.py:840} INFO - DAG(s) 'ecommerce_etl_v2' retrieved from /opt/airflow/dags/etl_dag.py
[2026-02-13T09:42:45.232+0000] {logging_mixin.py:188} INFO - [2026-02-13T09:42:45.232+0000] {dag.py:3036} INFO - Sync 1 DAGs
[2026-02-13T09:42:45.242+0000] {logging_mixin.py:188} INFO - [2026-02-13T09:42:45.242+0000] {dag.py:3823} INFO - Setting next_dagrun for ecommerce_etl_v2 to 2026-02-12 13:00:00+00:00, run_after=2026-02-13 13:00:00+00:00
[2026-02-13T09:42:45.251+0000] {processor.py:183} INFO - Processing /opt/airflow/dags/etl_dag.py took 0.158 seconds
[2026-02-13T09:43:15.457+0000] {processor.py:161} INFO - Started process (PID=20069) to work on /opt/airflow/dags/etl_dag.py
[2026-02-13T09:43:15.458+0000] {processor.py:830} INFO - Processing file /opt/airflow/dags/etl_dag.py for tasks to queue
[2026-02-13T09:43:15.460+0000] {logging_mixin.py:188} INFO - [2026-02-13T09:43:15.459+0000] {dagbag.py:538} INFO - Filling up the DagBag from /opt/airflow/dags/etl_dag.py
[2026-02-13T09:43:15.505+0000] {logging_mixin.py:188} INFO - Warning: Your Kaggle API key is readable by other users on this system! To fix this, you can run 'chmod 600 /home/airflow/.kaggle/kaggle.json'
[2026-02-13T09:43:15.565+0000] {logging_mixin.py:188} WARNING - /home/airflow/.local/lib/python3.8/site-packages/airflow/models/baseoperator.py:437 AirflowProviderDeprecationWarning: `exists_ok` parameter is deprecated, please use `if_exists`
[2026-02-13T09:43:15.577+0000] {processor.py:840} INFO - DAG(s) 'ecommerce_etl_v2' retrieved from /opt/airflow/dags/etl_dag.py
[2026-02-13T09:43:15.595+0000] {logging_mixin.py:188} INFO - [2026-02-13T09:43:15.595+0000] {dag.py:3036} INFO - Sync 1 DAGs
[2026-02-13T09:43:15.606+0000] {logging_mixin.py:188} INFO - [2026-02-13T09:43:15.606+0000] {dag.py:3823} INFO - Setting next_dagrun for ecommerce_etl_v2 to 2026-02-12 13:00:00+00:00, run_after=2026-02-13 13:00:00+00:00
[2026-02-13T09:43:15.616+0000] {processor.py:183} INFO - Processing /opt/airflow/dags/etl_dag.py took 0.163 seconds
[2026-02-13T09:49:37.881+0000] {processor.py:161} INFO - Started process (PID=20101) to work on /opt/airflow/dags/etl_dag.py
[2026-02-13T09:49:37.883+0000] {processor.py:830} INFO - Processing file /opt/airflow/dags/etl_dag.py for tasks to queue
[2026-02-13T09:49:37.884+0000] {logging_mixin.py:188} INFO - [2026-02-13T09:49:37.884+0000] {dagbag.py:538} INFO - Filling up the DagBag from /opt/airflow/dags/etl_dag.py
[2026-02-13T09:49:37.929+0000] {logging_mixin.py:188} INFO - Warning: Your Kaggle API key is readable by other users on this system! To fix this, you can run 'chmod 600 /home/airflow/.kaggle/kaggle.json'
[2026-02-13T09:49:37.993+0000] {logging_mixin.py:188} WARNING - /home/airflow/.local/lib/python3.8/site-packages/airflow/models/baseoperator.py:437 AirflowProviderDeprecationWarning: `exists_ok` parameter is deprecated, please use `if_exists`
[2026-02-13T09:49:38.002+0000] {processor.py:840} INFO - DAG(s) 'ecommerce_etl_v2' retrieved from /opt/airflow/dags/etl_dag.py
[2026-02-13T09:49:38.022+0000] {logging_mixin.py:188} INFO - [2026-02-13T09:49:38.021+0000] {dag.py:3036} INFO - Sync 1 DAGs
[2026-02-13T09:49:38.032+0000] {logging_mixin.py:188} INFO - [2026-02-13T09:49:38.032+0000] {dag.py:3823} INFO - Setting next_dagrun for ecommerce_etl_v2 to 2026-02-12 13:00:00+00:00, run_after=2026-02-13 13:00:00+00:00
[2026-02-13T09:49:38.040+0000] {processor.py:183} INFO - Processing /opt/airflow/dags/etl_dag.py took 0.163 seconds
[2026-02-13T09:50:08.247+0000] {processor.py:161} INFO - Started process (PID=20133) to work on /opt/airflow/dags/etl_dag.py
[2026-02-13T09:50:08.249+0000] {processor.py:830} INFO - Processing file /opt/airflow/dags/etl_dag.py for tasks to queue
[2026-02-13T09:50:08.250+0000] {logging_mixin.py:188} INFO - [2026-02-13T09:50:08.250+0000] {dagbag.py:538} INFO - Filling up the DagBag from /opt/airflow/dags/etl_dag.py
[2026-02-13T09:50:08.298+0000] {logging_mixin.py:188} INFO - Warning: Your Kaggle API key is readable by other users on this system! To fix this, you can run 'chmod 600 /home/airflow/.kaggle/kaggle.json'
[2026-02-13T09:50:08.358+0000] {logging_mixin.py:188} WARNING - /home/airflow/.local/lib/python3.8/site-packages/airflow/models/baseoperator.py:437 AirflowProviderDeprecationWarning: `exists_ok` parameter is deprecated, please use `if_exists`
[2026-02-13T09:50:08.367+0000] {processor.py:840} INFO - DAG(s) 'ecommerce_etl_v2' retrieved from /opt/airflow/dags/etl_dag.py
[2026-02-13T09:50:08.387+0000] {logging_mixin.py:188} INFO - [2026-02-13T09:50:08.386+0000] {dag.py:3036} INFO - Sync 1 DAGs
[2026-02-13T09:50:08.397+0000] {logging_mixin.py:188} INFO - [2026-02-13T09:50:08.397+0000] {dag.py:3823} INFO - Setting next_dagrun for ecommerce_etl_v2 to 2026-02-12 13:00:00+00:00, run_after=2026-02-13 13:00:00+00:00
[2026-02-13T09:50:08.406+0000] {processor.py:183} INFO - Processing /opt/airflow/dags/etl_dag.py took 0.163 seconds
[2026-02-13T09:50:38.654+0000] {processor.py:161} INFO - Started process (PID=20164) to work on /opt/airflow/dags/etl_dag.py
[2026-02-13T09:50:38.655+0000] {processor.py:830} INFO - Processing file /opt/airflow/dags/etl_dag.py for tasks to queue
[2026-02-13T09:50:38.655+0000] {logging_mixin.py:188} INFO - [2026-02-13T09:50:38.655+0000] {dagbag.py:538} INFO - Filling up the DagBag from /opt/airflow/dags/etl_dag.py
[2026-02-13T09:50:38.701+0000] {logging_mixin.py:188} INFO - Warning: Your Kaggle API key is readable by other users on this system! To fix this, you can run 'chmod 600 /home/airflow/.kaggle/kaggle.json'
[2026-02-13T09:50:38.765+0000] {logging_mixin.py:188} WARNING - /home/airflow/.local/lib/python3.8/site-packages/airflow/models/baseoperator.py:437 AirflowProviderDeprecationWarning: `exists_ok` parameter is deprecated, please use `if_exists`
[2026-02-13T09:50:38.775+0000] {processor.py:840} INFO - DAG(s) 'ecommerce_etl_v2' retrieved from /opt/airflow/dags/etl_dag.py
[2026-02-13T09:50:38.796+0000] {logging_mixin.py:188} INFO - [2026-02-13T09:50:38.796+0000] {dag.py:3036} INFO - Sync 1 DAGs
[2026-02-13T09:50:38.808+0000] {logging_mixin.py:188} INFO - [2026-02-13T09:50:38.808+0000] {dag.py:3823} INFO - Setting next_dagrun for ecommerce_etl_v2 to 2026-02-12 13:00:00+00:00, run_after=2026-02-13 13:00:00+00:00
[2026-02-13T09:50:38.817+0000] {processor.py:183} INFO - Processing /opt/airflow/dags/etl_dag.py took 0.165 seconds
[2026-02-13T09:51:08.975+0000] {processor.py:161} INFO - Started process (PID=20195) to work on /opt/airflow/dags/etl_dag.py
[2026-02-13T09:51:08.976+0000] {processor.py:830} INFO - Processing file /opt/airflow/dags/etl_dag.py for tasks to queue
[2026-02-13T09:51:08.978+0000] {logging_mixin.py:188} INFO - [2026-02-13T09:51:08.977+0000] {dagbag.py:538} INFO - Filling up the DagBag from /opt/airflow/dags/etl_dag.py
[2026-02-13T09:51:09.031+0000] {logging_mixin.py:188} INFO - Warning: Your Kaggle API key is readable by other users on this system! To fix this, you can run 'chmod 600 /home/airflow/.kaggle/kaggle.json'
[2026-02-13T09:51:09.094+0000] {logging_mixin.py:188} WARNING - /home/airflow/.local/lib/python3.8/site-packages/airflow/models/baseoperator.py:437 AirflowProviderDeprecationWarning: `exists_ok` parameter is deprecated, please use `if_exists`
[2026-02-13T09:51:09.103+0000] {processor.py:840} INFO - DAG(s) 'ecommerce_etl_v2' retrieved from /opt/airflow/dags/etl_dag.py
[2026-02-13T09:51:09.123+0000] {logging_mixin.py:188} INFO - [2026-02-13T09:51:09.122+0000] {dag.py:3036} INFO - Sync 1 DAGs
[2026-02-13T09:51:09.133+0000] {logging_mixin.py:188} INFO - [2026-02-13T09:51:09.133+0000] {dag.py:3823} INFO - Setting next_dagrun for ecommerce_etl_v2 to 2026-02-12 13:00:00+00:00, run_after=2026-02-13 13:00:00+00:00
[2026-02-13T09:51:09.144+0000] {processor.py:183} INFO - Processing /opt/airflow/dags/etl_dag.py took 0.174 seconds
[2026-02-13T09:51:39.455+0000] {processor.py:161} INFO - Started process (PID=20226) to work on /opt/airflow/dags/etl_dag.py
[2026-02-13T09:51:39.456+0000] {processor.py:830} INFO - Processing file /opt/airflow/dags/etl_dag.py for tasks to queue
[2026-02-13T09:51:39.457+0000] {logging_mixin.py:188} INFO - [2026-02-13T09:51:39.457+0000] {dagbag.py:538} INFO - Filling up the DagBag from /opt/airflow/dags/etl_dag.py
[2026-02-13T09:51:39.510+0000] {logging_mixin.py:188} INFO - Warning: Your Kaggle API key is readable by other users on this system! To fix this, you can run 'chmod 600 /home/airflow/.kaggle/kaggle.json'
[2026-02-13T09:51:39.572+0000] {logging_mixin.py:188} WARNING - /home/airflow/.local/lib/python3.8/site-packages/airflow/models/baseoperator.py:437 AirflowProviderDeprecationWarning: `exists_ok` parameter is deprecated, please use `if_exists`
[2026-02-13T09:51:39.583+0000] {processor.py:840} INFO - DAG(s) 'ecommerce_etl_v2' retrieved from /opt/airflow/dags/etl_dag.py
[2026-02-13T09:51:39.603+0000] {logging_mixin.py:188} INFO - [2026-02-13T09:51:39.603+0000] {dag.py:3036} INFO - Sync 1 DAGs
[2026-02-13T09:51:39.615+0000] {logging_mixin.py:188} INFO - [2026-02-13T09:51:39.615+0000] {dag.py:3823} INFO - Setting next_dagrun for ecommerce_etl_v2 to 2026-02-12 13:00:00+00:00, run_after=2026-02-13 13:00:00+00:00
[2026-02-13T09:51:39.626+0000] {processor.py:183} INFO - Processing /opt/airflow/dags/etl_dag.py took 0.175 seconds
[2026-02-13T09:52:09.729+0000] {processor.py:161} INFO - Started process (PID=20257) to work on /opt/airflow/dags/etl_dag.py
[2026-02-13T09:52:09.730+0000] {processor.py:830} INFO - Processing file /opt/airflow/dags/etl_dag.py for tasks to queue
[2026-02-13T09:52:09.731+0000] {logging_mixin.py:188} INFO - [2026-02-13T09:52:09.731+0000] {dagbag.py:538} INFO - Filling up the DagBag from /opt/airflow/dags/etl_dag.py
[2026-02-13T09:52:09.774+0000] {logging_mixin.py:188} INFO - Warning: Your Kaggle API key is readable by other users on this system! To fix this, you can run 'chmod 600 /home/airflow/.kaggle/kaggle.json'
[2026-02-13T09:52:09.835+0000] {logging_mixin.py:188} WARNING - /home/airflow/.local/lib/python3.8/site-packages/airflow/models/baseoperator.py:437 AirflowProviderDeprecationWarning: `exists_ok` parameter is deprecated, please use `if_exists`
[2026-02-13T09:52:09.844+0000] {processor.py:840} INFO - DAG(s) 'ecommerce_etl_v2' retrieved from /opt/airflow/dags/etl_dag.py
[2026-02-13T09:52:09.864+0000] {logging_mixin.py:188} INFO - [2026-02-13T09:52:09.864+0000] {dag.py:3036} INFO - Sync 1 DAGs
[2026-02-13T09:52:09.874+0000] {logging_mixin.py:188} INFO - [2026-02-13T09:52:09.874+0000] {dag.py:3823} INFO - Setting next_dagrun for ecommerce_etl_v2 to 2026-02-12 13:00:00+00:00, run_after=2026-02-13 13:00:00+00:00
[2026-02-13T09:52:09.883+0000] {processor.py:183} INFO - Processing /opt/airflow/dags/etl_dag.py took 0.156 seconds
[2026-02-13T09:52:40.011+0000] {processor.py:161} INFO - Started process (PID=20288) to work on /opt/airflow/dags/etl_dag.py
[2026-02-13T09:52:40.012+0000] {processor.py:830} INFO - Processing file /opt/airflow/dags/etl_dag.py for tasks to queue
[2026-02-13T09:52:40.013+0000] {logging_mixin.py:188} INFO - [2026-02-13T09:52:40.013+0000] {dagbag.py:538} INFO - Filling up the DagBag from /opt/airflow/dags/etl_dag.py
[2026-02-13T09:52:40.057+0000] {logging_mixin.py:188} INFO - Warning: Your Kaggle API key is readable by other users on this system! To fix this, you can run 'chmod 600 /home/airflow/.kaggle/kaggle.json'
[2026-02-13T09:52:40.116+0000] {logging_mixin.py:188} WARNING - /home/airflow/.local/lib/python3.8/site-packages/airflow/models/baseoperator.py:437 AirflowProviderDeprecationWarning: `exists_ok` parameter is deprecated, please use `if_exists`
[2026-02-13T09:52:40.125+0000] {processor.py:840} INFO - DAG(s) 'ecommerce_etl_v2' retrieved from /opt/airflow/dags/etl_dag.py
[2026-02-13T09:52:40.144+0000] {logging_mixin.py:188} INFO - [2026-02-13T09:52:40.144+0000] {dag.py:3036} INFO - Sync 1 DAGs
[2026-02-13T09:52:40.154+0000] {logging_mixin.py:188} INFO - [2026-02-13T09:52:40.154+0000] {dag.py:3823} INFO - Setting next_dagrun for ecommerce_etl_v2 to 2026-02-12 13:00:00+00:00, run_after=2026-02-13 13:00:00+00:00
[2026-02-13T09:52:40.163+0000] {processor.py:183} INFO - Processing /opt/airflow/dags/etl_dag.py took 0.156 seconds
[2026-02-13T09:53:10.277+0000] {processor.py:161} INFO - Started process (PID=20319) to work on /opt/airflow/dags/etl_dag.py
[2026-02-13T09:53:10.278+0000] {processor.py:830} INFO - Processing file /opt/airflow/dags/etl_dag.py for tasks to queue
[2026-02-13T09:53:10.279+0000] {logging_mixin.py:188} INFO - [2026-02-13T09:53:10.279+0000] {dagbag.py:538} INFO - Filling up the DagBag from /opt/airflow/dags/etl_dag.py
[2026-02-13T09:53:10.324+0000] {logging_mixin.py:188} INFO - Warning: Your Kaggle API key is readable by other users on this system! To fix this, you can run 'chmod 600 /home/airflow/.kaggle/kaggle.json'
[2026-02-13T09:53:10.384+0000] {logging_mixin.py:188} WARNING - /home/airflow/.local/lib/python3.8/site-packages/airflow/models/baseoperator.py:437 AirflowProviderDeprecationWarning: `exists_ok` parameter is deprecated, please use `if_exists`
[2026-02-13T09:53:10.392+0000] {processor.py:840} INFO - DAG(s) 'ecommerce_etl_v2' retrieved from /opt/airflow/dags/etl_dag.py
[2026-02-13T09:53:10.411+0000] {logging_mixin.py:188} INFO - [2026-02-13T09:53:10.411+0000] {dag.py:3036} INFO - Sync 1 DAGs
[2026-02-13T09:53:10.421+0000] {logging_mixin.py:188} INFO - [2026-02-13T09:53:10.421+0000] {dag.py:3823} INFO - Setting next_dagrun for ecommerce_etl_v2 to 2026-02-12 13:00:00+00:00, run_after=2026-02-13 13:00:00+00:00
[2026-02-13T09:53:10.430+0000] {processor.py:183} INFO - Processing /opt/airflow/dags/etl_dag.py took 0.155 seconds
[2026-02-13T09:53:40.549+0000] {processor.py:161} INFO - Started process (PID=20350) to work on /opt/airflow/dags/etl_dag.py
[2026-02-13T09:53:40.550+0000] {processor.py:830} INFO - Processing file /opt/airflow/dags/etl_dag.py for tasks to queue
[2026-02-13T09:53:40.551+0000] {logging_mixin.py:188} INFO - [2026-02-13T09:53:40.550+0000] {dagbag.py:538} INFO - Filling up the DagBag from /opt/airflow/dags/etl_dag.py
[2026-02-13T09:53:40.590+0000] {logging_mixin.py:188} INFO - Warning: Your Kaggle API key is readable by other users on this system! To fix this, you can run 'chmod 600 /home/airflow/.kaggle/kaggle.json'
[2026-02-13T09:53:40.650+0000] {logging_mixin.py:188} WARNING - /home/airflow/.local/lib/python3.8/site-packages/airflow/models/baseoperator.py:437 AirflowProviderDeprecationWarning: `exists_ok` parameter is deprecated, please use `if_exists`
[2026-02-13T09:53:40.659+0000] {processor.py:840} INFO - DAG(s) 'ecommerce_etl_v2' retrieved from /opt/airflow/dags/etl_dag.py
[2026-02-13T09:53:40.678+0000] {logging_mixin.py:188} INFO - [2026-02-13T09:53:40.678+0000] {dag.py:3036} INFO - Sync 1 DAGs
[2026-02-13T09:53:40.688+0000] {logging_mixin.py:188} INFO - [2026-02-13T09:53:40.688+0000] {dag.py:3823} INFO - Setting next_dagrun for ecommerce_etl_v2 to 2026-02-12 13:00:00+00:00, run_after=2026-02-13 13:00:00+00:00
[2026-02-13T09:53:40.697+0000] {processor.py:183} INFO - Processing /opt/airflow/dags/etl_dag.py took 0.150 seconds
[2026-02-13T09:54:10.813+0000] {processor.py:161} INFO - Started process (PID=20381) to work on /opt/airflow/dags/etl_dag.py
[2026-02-13T09:54:10.814+0000] {processor.py:830} INFO - Processing file /opt/airflow/dags/etl_dag.py for tasks to queue
[2026-02-13T09:54:10.814+0000] {logging_mixin.py:188} INFO - [2026-02-13T09:54:10.814+0000] {dagbag.py:538} INFO - Filling up the DagBag from /opt/airflow/dags/etl_dag.py
[2026-02-13T09:54:10.849+0000] {logging_mixin.py:188} INFO - Warning: Your Kaggle API key is readable by other users on this system! To fix this, you can run 'chmod 600 /home/airflow/.kaggle/kaggle.json'
[2026-02-13T09:54:10.908+0000] {logging_mixin.py:188} WARNING - /home/airflow/.local/lib/python3.8/site-packages/airflow/models/baseoperator.py:437 AirflowProviderDeprecationWarning: `exists_ok` parameter is deprecated, please use `if_exists`
[2026-02-13T09:54:10.917+0000] {processor.py:840} INFO - DAG(s) 'ecommerce_etl_v2' retrieved from /opt/airflow/dags/etl_dag.py
[2026-02-13T09:54:10.935+0000] {logging_mixin.py:188} INFO - [2026-02-13T09:54:10.935+0000] {dag.py:3036} INFO - Sync 1 DAGs
[2026-02-13T09:54:10.946+0000] {logging_mixin.py:188} INFO - [2026-02-13T09:54:10.946+0000] {dag.py:3823} INFO - Setting next_dagrun for ecommerce_etl_v2 to 2026-02-12 13:00:00+00:00, run_after=2026-02-13 13:00:00+00:00
[2026-02-13T09:54:11.073+0000] {processor.py:183} INFO - Processing /opt/airflow/dags/etl_dag.py took 0.262 seconds
[2026-02-13T09:54:41.254+0000] {processor.py:161} INFO - Started process (PID=20412) to work on /opt/airflow/dags/etl_dag.py
[2026-02-13T09:54:41.256+0000] {processor.py:830} INFO - Processing file /opt/airflow/dags/etl_dag.py for tasks to queue
[2026-02-13T09:54:41.257+0000] {logging_mixin.py:188} INFO - [2026-02-13T09:54:41.256+0000] {dagbag.py:538} INFO - Filling up the DagBag from /opt/airflow/dags/etl_dag.py
[2026-02-13T09:54:41.301+0000] {logging_mixin.py:188} INFO - Warning: Your Kaggle API key is readable by other users on this system! To fix this, you can run 'chmod 600 /home/airflow/.kaggle/kaggle.json'
[2026-02-13T09:54:41.361+0000] {logging_mixin.py:188} WARNING - /home/airflow/.local/lib/python3.8/site-packages/airflow/models/baseoperator.py:437 AirflowProviderDeprecationWarning: `exists_ok` parameter is deprecated, please use `if_exists`
[2026-02-13T09:54:41.370+0000] {processor.py:840} INFO - DAG(s) 'ecommerce_etl_v2' retrieved from /opt/airflow/dags/etl_dag.py
[2026-02-13T09:54:41.389+0000] {logging_mixin.py:188} INFO - [2026-02-13T09:54:41.388+0000] {dag.py:3036} INFO - Sync 1 DAGs
[2026-02-13T09:54:41.398+0000] {logging_mixin.py:188} INFO - [2026-02-13T09:54:41.398+0000] {dag.py:3823} INFO - Setting next_dagrun for ecommerce_etl_v2 to 2026-02-12 13:00:00+00:00, run_after=2026-02-13 13:00:00+00:00
[2026-02-13T09:54:41.407+0000] {processor.py:183} INFO - Processing /opt/airflow/dags/etl_dag.py took 0.158 seconds
[2026-02-13T09:59:05.001+0000] {processor.py:161} INFO - Started process (PID=20443) to work on /opt/airflow/dags/etl_dag.py
[2026-02-13T09:59:05.002+0000] {processor.py:830} INFO - Processing file /opt/airflow/dags/etl_dag.py for tasks to queue
[2026-02-13T09:59:05.003+0000] {logging_mixin.py:188} INFO - [2026-02-13T09:59:05.002+0000] {dagbag.py:538} INFO - Filling up the DagBag from /opt/airflow/dags/etl_dag.py
[2026-02-13T09:59:05.060+0000] {logging_mixin.py:188} INFO - Warning: Your Kaggle API key is readable by other users on this system! To fix this, you can run 'chmod 600 /home/airflow/.kaggle/kaggle.json'
[2026-02-13T09:59:05.134+0000] {logging_mixin.py:188} WARNING - /home/airflow/.local/lib/python3.8/site-packages/airflow/models/baseoperator.py:437 AirflowProviderDeprecationWarning: `exists_ok` parameter is deprecated, please use `if_exists`
[2026-02-13T09:59:05.146+0000] {processor.py:840} INFO - DAG(s) 'ecommerce_etl_v2' retrieved from /opt/airflow/dags/etl_dag.py
[2026-02-13T09:59:05.170+0000] {logging_mixin.py:188} INFO - [2026-02-13T09:59:05.170+0000] {dag.py:3036} INFO - Sync 1 DAGs
[2026-02-13T09:59:05.184+0000] {logging_mixin.py:188} INFO - [2026-02-13T09:59:05.184+0000] {dag.py:3823} INFO - Setting next_dagrun for ecommerce_etl_v2 to 2026-02-12 13:00:00+00:00, run_after=2026-02-13 13:00:00+00:00
[2026-02-13T09:59:05.319+0000] {processor.py:183} INFO - Processing /opt/airflow/dags/etl_dag.py took 0.320 seconds
[2026-02-13T09:59:35.359+0000] {processor.py:161} INFO - Started process (PID=20475) to work on /opt/airflow/dags/etl_dag.py
[2026-02-13T09:59:35.361+0000] {processor.py:830} INFO - Processing file /opt/airflow/dags/etl_dag.py for tasks to queue
[2026-02-13T09:59:35.363+0000] {logging_mixin.py:188} INFO - [2026-02-13T09:59:35.362+0000] {dagbag.py:538} INFO - Filling up the DagBag from /opt/airflow/dags/etl_dag.py
[2026-02-13T09:59:35.413+0000] {logging_mixin.py:188} INFO - Warning: Your Kaggle API key is readable by other users on this system! To fix this, you can run 'chmod 600 /home/airflow/.kaggle/kaggle.json'
[2026-02-13T09:59:35.474+0000] {logging_mixin.py:188} WARNING - /home/airflow/.local/lib/python3.8/site-packages/airflow/models/baseoperator.py:437 AirflowProviderDeprecationWarning: `exists_ok` parameter is deprecated, please use `if_exists`
[2026-02-13T09:59:35.483+0000] {processor.py:840} INFO - DAG(s) 'ecommerce_etl_v2' retrieved from /opt/airflow/dags/etl_dag.py
[2026-02-13T09:59:35.603+0000] {logging_mixin.py:188} INFO - [2026-02-13T09:59:35.603+0000] {dag.py:3036} INFO - Sync 1 DAGs
[2026-02-13T09:59:35.613+0000] {logging_mixin.py:188} INFO - [2026-02-13T09:59:35.613+0000] {dag.py:3823} INFO - Setting next_dagrun for ecommerce_etl_v2 to 2026-02-12 13:00:00+00:00, run_after=2026-02-13 13:00:00+00:00
[2026-02-13T09:59:35.622+0000] {processor.py:183} INFO - Processing /opt/airflow/dags/etl_dag.py took 0.268 seconds
[2026-02-13T10:00:05.910+0000] {processor.py:161} INFO - Started process (PID=20506) to work on /opt/airflow/dags/etl_dag.py
[2026-02-13T10:00:05.911+0000] {processor.py:830} INFO - Processing file /opt/airflow/dags/etl_dag.py for tasks to queue
[2026-02-13T10:00:05.912+0000] {logging_mixin.py:188} INFO - [2026-02-13T10:00:05.912+0000] {dagbag.py:538} INFO - Filling up the DagBag from /opt/airflow/dags/etl_dag.py
[2026-02-13T10:00:05.958+0000] {logging_mixin.py:188} INFO - Warning: Your Kaggle API key is readable by other users on this system! To fix this, you can run 'chmod 600 /home/airflow/.kaggle/kaggle.json'
[2026-02-13T10:00:06.115+0000] {logging_mixin.py:188} WARNING - /home/airflow/.local/lib/python3.8/site-packages/airflow/models/baseoperator.py:437 AirflowProviderDeprecationWarning: `exists_ok` parameter is deprecated, please use `if_exists`
[2026-02-13T10:00:06.124+0000] {processor.py:840} INFO - DAG(s) 'ecommerce_etl_v2' retrieved from /opt/airflow/dags/etl_dag.py
[2026-02-13T10:00:06.145+0000] {logging_mixin.py:188} INFO - [2026-02-13T10:00:06.145+0000] {dag.py:3036} INFO - Sync 1 DAGs
[2026-02-13T10:00:06.156+0000] {logging_mixin.py:188} INFO - [2026-02-13T10:00:06.155+0000] {dag.py:3823} INFO - Setting next_dagrun for ecommerce_etl_v2 to 2026-02-12 13:00:00+00:00, run_after=2026-02-13 13:00:00+00:00
[2026-02-13T10:00:06.166+0000] {processor.py:183} INFO - Processing /opt/airflow/dags/etl_dag.py took 0.260 seconds
[2026-02-13T10:00:36.486+0000] {processor.py:161} INFO - Started process (PID=20537) to work on /opt/airflow/dags/etl_dag.py
[2026-02-13T10:00:36.487+0000] {processor.py:830} INFO - Processing file /opt/airflow/dags/etl_dag.py for tasks to queue
[2026-02-13T10:00:36.488+0000] {logging_mixin.py:188} INFO - [2026-02-13T10:00:36.488+0000] {dagbag.py:538} INFO - Filling up the DagBag from /opt/airflow/dags/etl_dag.py
[2026-02-13T10:00:36.532+0000] {logging_mixin.py:188} INFO - Warning: Your Kaggle API key is readable by other users on this system! To fix this, you can run 'chmod 600 /home/airflow/.kaggle/kaggle.json'
[2026-02-13T10:00:36.686+0000] {logging_mixin.py:188} WARNING - /home/airflow/.local/lib/python3.8/site-packages/airflow/models/baseoperator.py:437 AirflowProviderDeprecationWarning: `exists_ok` parameter is deprecated, please use `if_exists`
[2026-02-13T10:00:36.695+0000] {processor.py:840} INFO - DAG(s) 'ecommerce_etl_v2' retrieved from /opt/airflow/dags/etl_dag.py
[2026-02-13T10:00:36.711+0000] {logging_mixin.py:188} INFO - [2026-02-13T10:00:36.711+0000] {dag.py:3036} INFO - Sync 1 DAGs
[2026-02-13T10:00:36.720+0000] {logging_mixin.py:188} INFO - [2026-02-13T10:00:36.720+0000] {dag.py:3823} INFO - Setting next_dagrun for ecommerce_etl_v2 to 2026-02-12 13:00:00+00:00, run_after=2026-02-13 13:00:00+00:00
[2026-02-13T10:00:36.728+0000] {processor.py:183} INFO - Processing /opt/airflow/dags/etl_dag.py took 0.246 seconds
[2026-02-13T10:01:06.806+0000] {processor.py:161} INFO - Started process (PID=20568) to work on /opt/airflow/dags/etl_dag.py
[2026-02-13T10:01:06.807+0000] {processor.py:830} INFO - Processing file /opt/airflow/dags/etl_dag.py for tasks to queue
[2026-02-13T10:01:06.808+0000] {logging_mixin.py:188} INFO - [2026-02-13T10:01:06.808+0000] {dagbag.py:538} INFO - Filling up the DagBag from /opt/airflow/dags/etl_dag.py
[2026-02-13T10:01:06.855+0000] {logging_mixin.py:188} INFO - Warning: Your Kaggle API key is readable by other users on this system! To fix this, you can run 'chmod 600 /home/airflow/.kaggle/kaggle.json'
[2026-02-13T10:01:07.018+0000] {logging_mixin.py:188} WARNING - /home/airflow/.local/lib/python3.8/site-packages/airflow/models/baseoperator.py:437 AirflowProviderDeprecationWarning: `exists_ok` parameter is deprecated, please use `if_exists`
[2026-02-13T10:01:07.027+0000] {processor.py:840} INFO - DAG(s) 'ecommerce_etl_v2' retrieved from /opt/airflow/dags/etl_dag.py
[2026-02-13T10:01:07.043+0000] {logging_mixin.py:188} INFO - [2026-02-13T10:01:07.043+0000] {dag.py:3036} INFO - Sync 1 DAGs
[2026-02-13T10:01:07.052+0000] {logging_mixin.py:188} INFO - [2026-02-13T10:01:07.052+0000] {dag.py:3823} INFO - Setting next_dagrun for ecommerce_etl_v2 to 2026-02-12 13:00:00+00:00, run_after=2026-02-13 13:00:00+00:00
[2026-02-13T10:01:07.059+0000] {processor.py:183} INFO - Processing /opt/airflow/dags/etl_dag.py took 0.257 seconds
[2026-02-13T10:01:37.277+0000] {processor.py:161} INFO - Started process (PID=20599) to work on /opt/airflow/dags/etl_dag.py
[2026-02-13T10:01:37.278+0000] {processor.py:830} INFO - Processing file /opt/airflow/dags/etl_dag.py for tasks to queue
[2026-02-13T10:01:37.279+0000] {logging_mixin.py:188} INFO - [2026-02-13T10:01:37.279+0000] {dagbag.py:538} INFO - Filling up the DagBag from /opt/airflow/dags/etl_dag.py
[2026-02-13T10:01:37.330+0000] {logging_mixin.py:188} INFO - Warning: Your Kaggle API key is readable by other users on this system! To fix this, you can run 'chmod 600 /home/airflow/.kaggle/kaggle.json'
[2026-02-13T10:01:37.490+0000] {logging_mixin.py:188} WARNING - /home/airflow/.local/lib/python3.8/site-packages/airflow/models/baseoperator.py:437 AirflowProviderDeprecationWarning: `exists_ok` parameter is deprecated, please use `if_exists`
[2026-02-13T10:01:37.499+0000] {processor.py:840} INFO - DAG(s) 'ecommerce_etl_v2' retrieved from /opt/airflow/dags/etl_dag.py
[2026-02-13T10:01:37.515+0000] {logging_mixin.py:188} INFO - [2026-02-13T10:01:37.515+0000] {dag.py:3036} INFO - Sync 1 DAGs
[2026-02-13T10:01:37.525+0000] {logging_mixin.py:188} INFO - [2026-02-13T10:01:37.525+0000] {dag.py:3823} INFO - Setting next_dagrun for ecommerce_etl_v2 to 2026-02-12 13:00:00+00:00, run_after=2026-02-13 13:00:00+00:00
[2026-02-13T10:01:37.533+0000] {processor.py:183} INFO - Processing /opt/airflow/dags/etl_dag.py took 0.259 seconds
[2026-02-13T10:02:07.664+0000] {processor.py:161} INFO - Started process (PID=20630) to work on /opt/airflow/dags/etl_dag.py
[2026-02-13T10:02:07.666+0000] {processor.py:830} INFO - Processing file /opt/airflow/dags/etl_dag.py for tasks to queue
[2026-02-13T10:02:07.667+0000] {logging_mixin.py:188} INFO - [2026-02-13T10:02:07.666+0000] {dagbag.py:538} INFO - Filling up the DagBag from /opt/airflow/dags/etl_dag.py
[2026-02-13T10:02:07.714+0000] {logging_mixin.py:188} INFO - Warning: Your Kaggle API key is readable by other users on this system! To fix this, you can run 'chmod 600 /home/airflow/.kaggle/kaggle.json'
[2026-02-13T10:02:07.872+0000] {logging_mixin.py:188} WARNING - /home/airflow/.local/lib/python3.8/site-packages/airflow/models/baseoperator.py:437 AirflowProviderDeprecationWarning: `exists_ok` parameter is deprecated, please use `if_exists`
[2026-02-13T10:02:07.881+0000] {processor.py:840} INFO - DAG(s) 'ecommerce_etl_v2' retrieved from /opt/airflow/dags/etl_dag.py
[2026-02-13T10:02:07.897+0000] {logging_mixin.py:188} INFO - [2026-02-13T10:02:07.897+0000] {dag.py:3036} INFO - Sync 1 DAGs
[2026-02-13T10:02:07.906+0000] {logging_mixin.py:188} INFO - [2026-02-13T10:02:07.906+0000] {dag.py:3823} INFO - Setting next_dagrun for ecommerce_etl_v2 to 2026-02-12 13:00:00+00:00, run_after=2026-02-13 13:00:00+00:00
[2026-02-13T10:02:07.914+0000] {processor.py:183} INFO - Processing /opt/airflow/dags/etl_dag.py took 0.254 seconds
[2026-02-13T10:02:38.101+0000] {processor.py:161} INFO - Started process (PID=20661) to work on /opt/airflow/dags/etl_dag.py
[2026-02-13T10:02:38.103+0000] {processor.py:830} INFO - Processing file /opt/airflow/dags/etl_dag.py for tasks to queue
[2026-02-13T10:02:38.104+0000] {logging_mixin.py:188} INFO - [2026-02-13T10:02:38.103+0000] {dagbag.py:538} INFO - Filling up the DagBag from /opt/airflow/dags/etl_dag.py
[2026-02-13T10:02:38.150+0000] {logging_mixin.py:188} INFO - Warning: Your Kaggle API key is readable by other users on this system! To fix this, you can run 'chmod 600 /home/airflow/.kaggle/kaggle.json'
[2026-02-13T10:02:38.303+0000] {logging_mixin.py:188} WARNING - /home/airflow/.local/lib/python3.8/site-packages/airflow/models/baseoperator.py:437 AirflowProviderDeprecationWarning: `exists_ok` parameter is deprecated, please use `if_exists`
[2026-02-13T10:02:38.311+0000] {processor.py:840} INFO - DAG(s) 'ecommerce_etl_v2' retrieved from /opt/airflow/dags/etl_dag.py
[2026-02-13T10:02:38.327+0000] {logging_mixin.py:188} INFO - [2026-02-13T10:02:38.327+0000] {dag.py:3036} INFO - Sync 1 DAGs
[2026-02-13T10:02:38.336+0000] {logging_mixin.py:188} INFO - [2026-02-13T10:02:38.336+0000] {dag.py:3823} INFO - Setting next_dagrun for ecommerce_etl_v2 to 2026-02-12 13:00:00+00:00, run_after=2026-02-13 13:00:00+00:00
[2026-02-13T10:02:38.344+0000] {processor.py:183} INFO - Processing /opt/airflow/dags/etl_dag.py took 0.247 seconds
[2026-02-13T10:03:08.496+0000] {processor.py:161} INFO - Started process (PID=20692) to work on /opt/airflow/dags/etl_dag.py
[2026-02-13T10:03:08.497+0000] {processor.py:830} INFO - Processing file /opt/airflow/dags/etl_dag.py for tasks to queue
[2026-02-13T10:03:08.498+0000] {logging_mixin.py:188} INFO - [2026-02-13T10:03:08.498+0000] {dagbag.py:538} INFO - Filling up the DagBag from /opt/airflow/dags/etl_dag.py
[2026-02-13T10:03:08.544+0000] {logging_mixin.py:188} INFO - Warning: Your Kaggle API key is readable by other users on this system! To fix this, you can run 'chmod 600 /home/airflow/.kaggle/kaggle.json'
[2026-02-13T10:03:08.699+0000] {logging_mixin.py:188} WARNING - /home/airflow/.local/lib/python3.8/site-packages/airflow/models/baseoperator.py:437 AirflowProviderDeprecationWarning: `exists_ok` parameter is deprecated, please use `if_exists`
[2026-02-13T10:03:08.708+0000] {processor.py:840} INFO - DAG(s) 'ecommerce_etl_v2' retrieved from /opt/airflow/dags/etl_dag.py
[2026-02-13T10:03:08.724+0000] {logging_mixin.py:188} INFO - [2026-02-13T10:03:08.724+0000] {dag.py:3036} INFO - Sync 1 DAGs
[2026-02-13T10:03:08.734+0000] {logging_mixin.py:188} INFO - [2026-02-13T10:03:08.733+0000] {dag.py:3823} INFO - Setting next_dagrun for ecommerce_etl_v2 to 2026-02-12 13:00:00+00:00, run_after=2026-02-13 13:00:00+00:00
[2026-02-13T10:03:08.742+0000] {processor.py:183} INFO - Processing /opt/airflow/dags/etl_dag.py took 0.250 seconds
[2026-02-13T10:03:38.833+0000] {processor.py:161} INFO - Started process (PID=20723) to work on /opt/airflow/dags/etl_dag.py
[2026-02-13T10:03:38.835+0000] {processor.py:830} INFO - Processing file /opt/airflow/dags/etl_dag.py for tasks to queue
[2026-02-13T10:03:38.835+0000] {logging_mixin.py:188} INFO - [2026-02-13T10:03:38.835+0000] {dagbag.py:538} INFO - Filling up the DagBag from /opt/airflow/dags/etl_dag.py
[2026-02-13T10:03:38.882+0000] {logging_mixin.py:188} INFO - Warning: Your Kaggle API key is readable by other users on this system! To fix this, you can run 'chmod 600 /home/airflow/.kaggle/kaggle.json'
[2026-02-13T10:03:39.038+0000] {logging_mixin.py:188} WARNING - /home/airflow/.local/lib/python3.8/site-packages/airflow/models/baseoperator.py:437 AirflowProviderDeprecationWarning: `exists_ok` parameter is deprecated, please use `if_exists`
[2026-02-13T10:03:39.049+0000] {processor.py:840} INFO - DAG(s) 'ecommerce_etl_v2' retrieved from /opt/airflow/dags/etl_dag.py
[2026-02-13T10:03:39.065+0000] {logging_mixin.py:188} INFO - [2026-02-13T10:03:39.065+0000] {dag.py:3036} INFO - Sync 1 DAGs
[2026-02-13T10:03:39.074+0000] {logging_mixin.py:188} INFO - [2026-02-13T10:03:39.074+0000] {dag.py:3823} INFO - Setting next_dagrun for ecommerce_etl_v2 to 2026-02-12 13:00:00+00:00, run_after=2026-02-13 13:00:00+00:00
[2026-02-13T10:03:39.082+0000] {processor.py:183} INFO - Processing /opt/airflow/dags/etl_dag.py took 0.253 seconds
[2026-02-13T10:04:09.348+0000] {processor.py:161} INFO - Started process (PID=20754) to work on /opt/airflow/dags/etl_dag.py
[2026-02-13T10:04:09.349+0000] {processor.py:830} INFO - Processing file /opt/airflow/dags/etl_dag.py for tasks to queue
[2026-02-13T10:04:09.350+0000] {logging_mixin.py:188} INFO - [2026-02-13T10:04:09.350+0000] {dagbag.py:538} INFO - Filling up the DagBag from /opt/airflow/dags/etl_dag.py
[2026-02-13T10:04:09.396+0000] {logging_mixin.py:188} INFO - Warning: Your Kaggle API key is readable by other users on this system! To fix this, you can run 'chmod 600 /home/airflow/.kaggle/kaggle.json'
[2026-02-13T10:04:09.550+0000] {logging_mixin.py:188} WARNING - /home/airflow/.local/lib/python3.8/site-packages/airflow/models/baseoperator.py:437 AirflowProviderDeprecationWarning: `exists_ok` parameter is deprecated, please use `if_exists`
[2026-02-13T10:04:09.559+0000] {processor.py:840} INFO - DAG(s) 'ecommerce_etl_v2' retrieved from /opt/airflow/dags/etl_dag.py
[2026-02-13T10:04:09.576+0000] {logging_mixin.py:188} INFO - [2026-02-13T10:04:09.576+0000] {dag.py:3036} INFO - Sync 1 DAGs
[2026-02-13T10:04:09.586+0000] {logging_mixin.py:188} INFO - [2026-02-13T10:04:09.586+0000] {dag.py:3823} INFO - Setting next_dagrun for ecommerce_etl_v2 to 2026-02-12 13:00:00+00:00, run_after=2026-02-13 13:00:00+00:00
[2026-02-13T10:04:09.593+0000] {processor.py:183} INFO - Processing /opt/airflow/dags/etl_dag.py took 0.249 seconds
[2026-02-13T10:04:39.704+0000] {processor.py:161} INFO - Started process (PID=20785) to work on /opt/airflow/dags/etl_dag.py
[2026-02-13T10:04:39.705+0000] {processor.py:830} INFO - Processing file /opt/airflow/dags/etl_dag.py for tasks to queue
[2026-02-13T10:04:39.707+0000] {logging_mixin.py:188} INFO - [2026-02-13T10:04:39.706+0000] {dagbag.py:538} INFO - Filling up the DagBag from /opt/airflow/dags/etl_dag.py
[2026-02-13T10:04:39.753+0000] {logging_mixin.py:188} INFO - Warning: Your Kaggle API key is readable by other users on this system! To fix this, you can run 'chmod 600 /home/airflow/.kaggle/kaggle.json'
[2026-02-13T10:04:39.908+0000] {logging_mixin.py:188} WARNING - /home/airflow/.local/lib/python3.8/site-packages/airflow/models/baseoperator.py:437 AirflowProviderDeprecationWarning: `exists_ok` parameter is deprecated, please use `if_exists`
[2026-02-13T10:04:39.917+0000] {processor.py:840} INFO - DAG(s) 'ecommerce_etl_v2' retrieved from /opt/airflow/dags/etl_dag.py
[2026-02-13T10:04:39.934+0000] {logging_mixin.py:188} INFO - [2026-02-13T10:04:39.933+0000] {dag.py:3036} INFO - Sync 1 DAGs
[2026-02-13T10:04:39.943+0000] {logging_mixin.py:188} INFO - [2026-02-13T10:04:39.942+0000] {dag.py:3823} INFO - Setting next_dagrun for ecommerce_etl_v2 to 2026-02-12 13:00:00+00:00, run_after=2026-02-13 13:00:00+00:00
[2026-02-13T10:04:39.950+0000] {processor.py:183} INFO - Processing /opt/airflow/dags/etl_dag.py took 0.250 seconds
[2026-02-13T10:05:10.144+0000] {processor.py:161} INFO - Started process (PID=20816) to work on /opt/airflow/dags/etl_dag.py
[2026-02-13T10:05:10.145+0000] {processor.py:830} INFO - Processing file /opt/airflow/dags/etl_dag.py for tasks to queue
[2026-02-13T10:05:10.146+0000] {logging_mixin.py:188} INFO - [2026-02-13T10:05:10.146+0000] {dagbag.py:538} INFO - Filling up the DagBag from /opt/airflow/dags/etl_dag.py
[2026-02-13T10:05:10.187+0000] {logging_mixin.py:188} INFO - Warning: Your Kaggle API key is readable by other users on this system! To fix this, you can run 'chmod 600 /home/airflow/.kaggle/kaggle.json'
[2026-02-13T10:05:10.345+0000] {logging_mixin.py:188} WARNING - /home/airflow/.local/lib/python3.8/site-packages/airflow/models/baseoperator.py:437 AirflowProviderDeprecationWarning: `exists_ok` parameter is deprecated, please use `if_exists`
[2026-02-13T10:05:10.353+0000] {processor.py:840} INFO - DAG(s) 'ecommerce_etl_v2' retrieved from /opt/airflow/dags/etl_dag.py
[2026-02-13T10:05:10.369+0000] {logging_mixin.py:188} INFO - [2026-02-13T10:05:10.369+0000] {dag.py:3036} INFO - Sync 1 DAGs
[2026-02-13T10:05:10.378+0000] {logging_mixin.py:188} INFO - [2026-02-13T10:05:10.378+0000] {dag.py:3823} INFO - Setting next_dagrun for ecommerce_etl_v2 to 2026-02-12 13:00:00+00:00, run_after=2026-02-13 13:00:00+00:00
[2026-02-13T10:05:10.386+0000] {processor.py:183} INFO - Processing /opt/airflow/dags/etl_dag.py took 0.247 seconds
[2026-02-13T10:05:40.481+0000] {processor.py:161} INFO - Started process (PID=20847) to work on /opt/airflow/dags/etl_dag.py
[2026-02-13T10:05:40.483+0000] {processor.py:830} INFO - Processing file /opt/airflow/dags/etl_dag.py for tasks to queue
[2026-02-13T10:05:40.484+0000] {logging_mixin.py:188} INFO - [2026-02-13T10:05:40.483+0000] {dagbag.py:538} INFO - Filling up the DagBag from /opt/airflow/dags/etl_dag.py
[2026-02-13T10:05:40.532+0000] {logging_mixin.py:188} INFO - Warning: Your Kaggle API key is readable by other users on this system! To fix this, you can run 'chmod 600 /home/airflow/.kaggle/kaggle.json'
[2026-02-13T10:05:40.696+0000] {logging_mixin.py:188} WARNING - /home/airflow/.local/lib/python3.8/site-packages/airflow/models/baseoperator.py:437 AirflowProviderDeprecationWarning: `exists_ok` parameter is deprecated, please use `if_exists`
[2026-02-13T10:05:40.705+0000] {processor.py:840} INFO - DAG(s) 'ecommerce_etl_v2' retrieved from /opt/airflow/dags/etl_dag.py
[2026-02-13T10:05:40.723+0000] {logging_mixin.py:188} INFO - [2026-02-13T10:05:40.723+0000] {dag.py:3036} INFO - Sync 1 DAGs
[2026-02-13T10:05:40.733+0000] {logging_mixin.py:188} INFO - [2026-02-13T10:05:40.733+0000] {dag.py:3823} INFO - Setting next_dagrun for ecommerce_etl_v2 to 2026-02-12 13:00:00+00:00, run_after=2026-02-13 13:00:00+00:00
[2026-02-13T10:05:40.742+0000] {processor.py:183} INFO - Processing /opt/airflow/dags/etl_dag.py took 0.265 seconds
[2026-02-13T10:06:10.981+0000] {processor.py:161} INFO - Started process (PID=20878) to work on /opt/airflow/dags/etl_dag.py
[2026-02-13T10:06:10.982+0000] {processor.py:830} INFO - Processing file /opt/airflow/dags/etl_dag.py for tasks to queue
[2026-02-13T10:06:10.983+0000] {logging_mixin.py:188} INFO - [2026-02-13T10:06:10.983+0000] {dagbag.py:538} INFO - Filling up the DagBag from /opt/airflow/dags/etl_dag.py
[2026-02-13T10:06:11.031+0000] {logging_mixin.py:188} INFO - Warning: Your Kaggle API key is readable by other users on this system! To fix this, you can run 'chmod 600 /home/airflow/.kaggle/kaggle.json'
[2026-02-13T10:06:11.184+0000] {logging_mixin.py:188} WARNING - /home/airflow/.local/lib/python3.8/site-packages/airflow/models/baseoperator.py:437 AirflowProviderDeprecationWarning: `exists_ok` parameter is deprecated, please use `if_exists`
[2026-02-13T10:06:11.193+0000] {processor.py:840} INFO - DAG(s) 'ecommerce_etl_v2' retrieved from /opt/airflow/dags/etl_dag.py
[2026-02-13T10:06:11.209+0000] {logging_mixin.py:188} INFO - [2026-02-13T10:06:11.209+0000] {dag.py:3036} INFO - Sync 1 DAGs
[2026-02-13T10:06:11.218+0000] {logging_mixin.py:188} INFO - [2026-02-13T10:06:11.218+0000] {dag.py:3823} INFO - Setting next_dagrun for ecommerce_etl_v2 to 2026-02-12 13:00:00+00:00, run_after=2026-02-13 13:00:00+00:00
[2026-02-13T10:06:11.226+0000] {processor.py:183} INFO - Processing /opt/airflow/dags/etl_dag.py took 0.249 seconds
[2026-02-13T10:06:41.411+0000] {processor.py:161} INFO - Started process (PID=20909) to work on /opt/airflow/dags/etl_dag.py
[2026-02-13T10:06:41.412+0000] {processor.py:830} INFO - Processing file /opt/airflow/dags/etl_dag.py for tasks to queue
[2026-02-13T10:06:41.413+0000] {logging_mixin.py:188} INFO - [2026-02-13T10:06:41.412+0000] {dagbag.py:538} INFO - Filling up the DagBag from /opt/airflow/dags/etl_dag.py
[2026-02-13T10:06:41.458+0000] {logging_mixin.py:188} INFO - Warning: Your Kaggle API key is readable by other users on this system! To fix this, you can run 'chmod 600 /home/airflow/.kaggle/kaggle.json'
[2026-02-13T10:06:41.611+0000] {logging_mixin.py:188} WARNING - /home/airflow/.local/lib/python3.8/site-packages/airflow/models/baseoperator.py:437 AirflowProviderDeprecationWarning: `exists_ok` parameter is deprecated, please use `if_exists`
[2026-02-13T10:06:41.619+0000] {processor.py:840} INFO - DAG(s) 'ecommerce_etl_v2' retrieved from /opt/airflow/dags/etl_dag.py
[2026-02-13T10:06:41.636+0000] {logging_mixin.py:188} INFO - [2026-02-13T10:06:41.636+0000] {dag.py:3036} INFO - Sync 1 DAGs
[2026-02-13T10:06:41.645+0000] {logging_mixin.py:188} INFO - [2026-02-13T10:06:41.645+0000] {dag.py:3823} INFO - Setting next_dagrun for ecommerce_etl_v2 to 2026-02-12 13:00:00+00:00, run_after=2026-02-13 13:00:00+00:00
[2026-02-13T10:06:41.653+0000] {processor.py:183} INFO - Processing /opt/airflow/dags/etl_dag.py took 0.247 seconds
[2026-02-13T10:28:18.534+0000] {processor.py:161} INFO - Started process (PID=20940) to work on /opt/airflow/dags/etl_dag.py
[2026-02-13T10:28:18.535+0000] {processor.py:830} INFO - Processing file /opt/airflow/dags/etl_dag.py for tasks to queue
[2026-02-13T10:28:18.535+0000] {logging_mixin.py:188} INFO - [2026-02-13T10:28:18.535+0000] {dagbag.py:538} INFO - Filling up the DagBag from /opt/airflow/dags/etl_dag.py
[2026-02-13T10:28:18.576+0000] {logging_mixin.py:188} INFO - Warning: Your Kaggle API key is readable by other users on this system! To fix this, you can run 'chmod 600 /home/airflow/.kaggle/kaggle.json'
[2026-02-13T10:28:18.733+0000] {logging_mixin.py:188} WARNING - /home/airflow/.local/lib/python3.8/site-packages/airflow/models/baseoperator.py:437 AirflowProviderDeprecationWarning: `exists_ok` parameter is deprecated, please use `if_exists`
[2026-02-13T10:28:18.742+0000] {processor.py:840} INFO - DAG(s) 'ecommerce_etl_v2' retrieved from /opt/airflow/dags/etl_dag.py
[2026-02-13T10:28:18.759+0000] {logging_mixin.py:188} INFO - [2026-02-13T10:28:18.759+0000] {dag.py:3036} INFO - Sync 1 DAGs
[2026-02-13T10:28:18.768+0000] {logging_mixin.py:188} INFO - [2026-02-13T10:28:18.768+0000] {dag.py:3823} INFO - Setting next_dagrun for ecommerce_etl_v2 to 2026-02-12 13:00:00+00:00, run_after=2026-02-13 13:00:00+00:00
[2026-02-13T10:28:18.776+0000] {processor.py:183} INFO - Processing /opt/airflow/dags/etl_dag.py took 0.245 seconds
[2026-02-13T11:05:48.059+0000] {processor.py:161} INFO - Started process (PID=20975) to work on /opt/airflow/dags/etl_dag.py
[2026-02-13T11:05:48.060+0000] {processor.py:830} INFO - Processing file /opt/airflow/dags/etl_dag.py for tasks to queue
[2026-02-13T11:05:48.061+0000] {logging_mixin.py:188} INFO - [2026-02-13T11:05:48.061+0000] {dagbag.py:538} INFO - Filling up the DagBag from /opt/airflow/dags/etl_dag.py
[2026-02-13T11:05:48.100+0000] {logging_mixin.py:188} INFO - Warning: Your Kaggle API key is readable by other users on this system! To fix this, you can run 'chmod 600 /home/airflow/.kaggle/kaggle.json'
[2026-02-13T11:05:48.379+0000] {logging_mixin.py:188} WARNING - /home/airflow/.local/lib/python3.8/site-packages/airflow/models/baseoperator.py:437 AirflowProviderDeprecationWarning: `exists_ok` parameter is deprecated, please use `if_exists`
[2026-02-13T11:05:48.392+0000] {processor.py:840} INFO - DAG(s) 'ecommerce_etl_v2' retrieved from /opt/airflow/dags/etl_dag.py
[2026-02-13T11:05:48.415+0000] {logging_mixin.py:188} INFO - [2026-02-13T11:05:48.415+0000] {dag.py:3036} INFO - Sync 1 DAGs
[2026-02-13T11:05:48.430+0000] {logging_mixin.py:188} INFO - [2026-02-13T11:05:48.430+0000] {dag.py:3823} INFO - Setting next_dagrun for ecommerce_etl_v2 to 2026-02-12 13:00:00+00:00, run_after=2026-02-13 13:00:00+00:00
[2026-02-13T11:05:48.439+0000] {processor.py:183} INFO - Processing /opt/airflow/dags/etl_dag.py took 0.382 seconds
[2026-02-13T11:16:46.457+0000] {processor.py:161} INFO - Started process (PID=21006) to work on /opt/airflow/dags/etl_dag.py
[2026-02-13T11:16:46.458+0000] {processor.py:830} INFO - Processing file /opt/airflow/dags/etl_dag.py for tasks to queue
[2026-02-13T11:16:46.459+0000] {logging_mixin.py:188} INFO - [2026-02-13T11:16:46.459+0000] {dagbag.py:538} INFO - Filling up the DagBag from /opt/airflow/dags/etl_dag.py
[2026-02-13T11:16:46.501+0000] {logging_mixin.py:188} INFO - Warning: Your Kaggle API key is readable by other users on this system! To fix this, you can run 'chmod 600 /home/airflow/.kaggle/kaggle.json'
[2026-02-13T11:16:46.701+0000] {logging_mixin.py:188} WARNING - /home/airflow/.local/lib/python3.8/site-packages/airflow/models/baseoperator.py:437 AirflowProviderDeprecationWarning: `exists_ok` parameter is deprecated, please use `if_exists`
[2026-02-13T11:16:46.713+0000] {processor.py:840} INFO - DAG(s) 'ecommerce_etl_v2' retrieved from /opt/airflow/dags/etl_dag.py
[2026-02-13T11:16:46.735+0000] {logging_mixin.py:188} INFO - [2026-02-13T11:16:46.735+0000] {dag.py:3036} INFO - Sync 1 DAGs
[2026-02-13T11:16:46.747+0000] {logging_mixin.py:188} INFO - [2026-02-13T11:16:46.747+0000] {dag.py:3823} INFO - Setting next_dagrun for ecommerce_etl_v2 to 2026-02-12 13:00:00+00:00, run_after=2026-02-13 13:00:00+00:00
[2026-02-13T11:16:46.758+0000] {processor.py:183} INFO - Processing /opt/airflow/dags/etl_dag.py took 0.305 seconds
[2026-02-13T11:17:17.019+0000] {processor.py:161} INFO - Started process (PID=21037) to work on /opt/airflow/dags/etl_dag.py
[2026-02-13T11:17:17.020+0000] {processor.py:830} INFO - Processing file /opt/airflow/dags/etl_dag.py for tasks to queue
[2026-02-13T11:17:17.021+0000] {logging_mixin.py:188} INFO - [2026-02-13T11:17:17.021+0000] {dagbag.py:538} INFO - Filling up the DagBag from /opt/airflow/dags/etl_dag.py
[2026-02-13T11:17:17.061+0000] {logging_mixin.py:188} INFO - Warning: Your Kaggle API key is readable by other users on this system! To fix this, you can run 'chmod 600 /home/airflow/.kaggle/kaggle.json'
[2026-02-13T11:17:17.213+0000] {logging_mixin.py:188} WARNING - /home/airflow/.local/lib/python3.8/site-packages/airflow/models/baseoperator.py:437 AirflowProviderDeprecationWarning: `exists_ok` parameter is deprecated, please use `if_exists`
[2026-02-13T11:17:17.222+0000] {processor.py:840} INFO - DAG(s) 'ecommerce_etl_v2' retrieved from /opt/airflow/dags/etl_dag.py
[2026-02-13T11:17:17.238+0000] {logging_mixin.py:188} INFO - [2026-02-13T11:17:17.238+0000] {dag.py:3036} INFO - Sync 1 DAGs
[2026-02-13T11:17:17.248+0000] {logging_mixin.py:188} INFO - [2026-02-13T11:17:17.248+0000] {dag.py:3823} INFO - Setting next_dagrun for ecommerce_etl_v2 to 2026-02-12 13:00:00+00:00, run_after=2026-02-13 13:00:00+00:00
[2026-02-13T11:17:17.255+0000] {processor.py:183} INFO - Processing /opt/airflow/dags/etl_dag.py took 0.239 seconds
[2026-02-13T11:17:47.514+0000] {processor.py:161} INFO - Started process (PID=21068) to work on /opt/airflow/dags/etl_dag.py
[2026-02-13T11:17:47.515+0000] {processor.py:830} INFO - Processing file /opt/airflow/dags/etl_dag.py for tasks to queue
[2026-02-13T11:17:47.516+0000] {logging_mixin.py:188} INFO - [2026-02-13T11:17:47.516+0000] {dagbag.py:538} INFO - Filling up the DagBag from /opt/airflow/dags/etl_dag.py
[2026-02-13T11:17:47.562+0000] {logging_mixin.py:188} INFO - Warning: Your Kaggle API key is readable by other users on this system! To fix this, you can run 'chmod 600 /home/airflow/.kaggle/kaggle.json'
[2026-02-13T11:17:47.718+0000] {logging_mixin.py:188} WARNING - /home/airflow/.local/lib/python3.8/site-packages/airflow/models/baseoperator.py:437 AirflowProviderDeprecationWarning: `exists_ok` parameter is deprecated, please use `if_exists`
[2026-02-13T11:17:47.728+0000] {processor.py:840} INFO - DAG(s) 'ecommerce_etl_v2' retrieved from /opt/airflow/dags/etl_dag.py
[2026-02-13T11:17:47.745+0000] {logging_mixin.py:188} INFO - [2026-02-13T11:17:47.745+0000] {dag.py:3036} INFO - Sync 1 DAGs
[2026-02-13T11:17:47.754+0000] {logging_mixin.py:188} INFO - [2026-02-13T11:17:47.753+0000] {dag.py:3823} INFO - Setting next_dagrun for ecommerce_etl_v2 to 2026-02-12 13:00:00+00:00, run_after=2026-02-13 13:00:00+00:00
[2026-02-13T11:17:47.761+0000] {processor.py:183} INFO - Processing /opt/airflow/dags/etl_dag.py took 0.251 seconds
[2026-02-13T11:18:17.843+0000] {processor.py:161} INFO - Started process (PID=21099) to work on /opt/airflow/dags/etl_dag.py
[2026-02-13T11:18:17.843+0000] {processor.py:830} INFO - Processing file /opt/airflow/dags/etl_dag.py for tasks to queue
[2026-02-13T11:18:17.844+0000] {logging_mixin.py:188} INFO - [2026-02-13T11:18:17.844+0000] {dagbag.py:538} INFO - Filling up the DagBag from /opt/airflow/dags/etl_dag.py
[2026-02-13T11:18:17.890+0000] {logging_mixin.py:188} INFO - Warning: Your Kaggle API key is readable by other users on this system! To fix this, you can run 'chmod 600 /home/airflow/.kaggle/kaggle.json'
[2026-02-13T11:18:18.049+0000] {logging_mixin.py:188} WARNING - /home/airflow/.local/lib/python3.8/site-packages/airflow/models/baseoperator.py:437 AirflowProviderDeprecationWarning: `exists_ok` parameter is deprecated, please use `if_exists`
[2026-02-13T11:18:18.058+0000] {processor.py:840} INFO - DAG(s) 'ecommerce_etl_v2' retrieved from /opt/airflow/dags/etl_dag.py
[2026-02-13T11:18:18.074+0000] {logging_mixin.py:188} INFO - [2026-02-13T11:18:18.074+0000] {dag.py:3036} INFO - Sync 1 DAGs
[2026-02-13T11:18:18.083+0000] {logging_mixin.py:188} INFO - [2026-02-13T11:18:18.083+0000] {dag.py:3823} INFO - Setting next_dagrun for ecommerce_etl_v2 to 2026-02-12 13:00:00+00:00, run_after=2026-02-13 13:00:00+00:00
[2026-02-13T11:18:18.091+0000] {processor.py:183} INFO - Processing /opt/airflow/dags/etl_dag.py took 0.251 seconds
[2026-02-13T11:18:48.404+0000] {processor.py:161} INFO - Started process (PID=21130) to work on /opt/airflow/dags/etl_dag.py
[2026-02-13T11:18:48.405+0000] {processor.py:830} INFO - Processing file /opt/airflow/dags/etl_dag.py for tasks to queue
[2026-02-13T11:18:48.406+0000] {logging_mixin.py:188} INFO - [2026-02-13T11:18:48.405+0000] {dagbag.py:538} INFO - Filling up the DagBag from /opt/airflow/dags/etl_dag.py
[2026-02-13T11:18:48.454+0000] {logging_mixin.py:188} INFO - Warning: Your Kaggle API key is readable by other users on this system! To fix this, you can run 'chmod 600 /home/airflow/.kaggle/kaggle.json'
[2026-02-13T11:18:48.620+0000] {logging_mixin.py:188} WARNING - /home/airflow/.local/lib/python3.8/site-packages/airflow/models/baseoperator.py:437 AirflowProviderDeprecationWarning: `exists_ok` parameter is deprecated, please use `if_exists`
[2026-02-13T11:18:48.629+0000] {processor.py:840} INFO - DAG(s) 'ecommerce_etl_v2' retrieved from /opt/airflow/dags/etl_dag.py
[2026-02-13T11:18:48.645+0000] {logging_mixin.py:188} INFO - [2026-02-13T11:18:48.645+0000] {dag.py:3036} INFO - Sync 1 DAGs
[2026-02-13T11:18:48.654+0000] {logging_mixin.py:188} INFO - [2026-02-13T11:18:48.654+0000] {dag.py:3823} INFO - Setting next_dagrun for ecommerce_etl_v2 to 2026-02-12 13:00:00+00:00, run_after=2026-02-13 13:00:00+00:00
[2026-02-13T11:18:48.662+0000] {processor.py:183} INFO - Processing /opt/airflow/dags/etl_dag.py took 0.262 seconds
[2026-02-13T11:19:18.889+0000] {processor.py:161} INFO - Started process (PID=21161) to work on /opt/airflow/dags/etl_dag.py
[2026-02-13T11:19:18.889+0000] {processor.py:830} INFO - Processing file /opt/airflow/dags/etl_dag.py for tasks to queue
[2026-02-13T11:19:18.890+0000] {logging_mixin.py:188} INFO - [2026-02-13T11:19:18.890+0000] {dagbag.py:538} INFO - Filling up the DagBag from /opt/airflow/dags/etl_dag.py
[2026-02-13T11:19:18.928+0000] {logging_mixin.py:188} INFO - Warning: Your Kaggle API key is readable by other users on this system! To fix this, you can run 'chmod 600 /home/airflow/.kaggle/kaggle.json'
[2026-02-13T11:19:19.089+0000] {logging_mixin.py:188} WARNING - /home/airflow/.local/lib/python3.8/site-packages/airflow/models/baseoperator.py:437 AirflowProviderDeprecationWarning: `exists_ok` parameter is deprecated, please use `if_exists`
[2026-02-13T11:19:19.097+0000] {processor.py:840} INFO - DAG(s) 'ecommerce_etl_v2' retrieved from /opt/airflow/dags/etl_dag.py
[2026-02-13T11:19:19.114+0000] {logging_mixin.py:188} INFO - [2026-02-13T11:19:19.114+0000] {dag.py:3036} INFO - Sync 1 DAGs
[2026-02-13T11:19:19.123+0000] {logging_mixin.py:188} INFO - [2026-02-13T11:19:19.123+0000] {dag.py:3823} INFO - Setting next_dagrun for ecommerce_etl_v2 to 2026-02-12 13:00:00+00:00, run_after=2026-02-13 13:00:00+00:00
[2026-02-13T11:19:19.132+0000] {processor.py:183} INFO - Processing /opt/airflow/dags/etl_dag.py took 0.245 seconds
[2026-02-13T11:19:49.185+0000] {processor.py:161} INFO - Started process (PID=21192) to work on /opt/airflow/dags/etl_dag.py
[2026-02-13T11:19:49.185+0000] {processor.py:830} INFO - Processing file /opt/airflow/dags/etl_dag.py for tasks to queue
[2026-02-13T11:19:49.186+0000] {logging_mixin.py:188} INFO - [2026-02-13T11:19:49.186+0000] {dagbag.py:538} INFO - Filling up the DagBag from /opt/airflow/dags/etl_dag.py
[2026-02-13T11:19:49.227+0000] {logging_mixin.py:188} INFO - Warning: Your Kaggle API key is readable by other users on this system! To fix this, you can run 'chmod 600 /home/airflow/.kaggle/kaggle.json'
[2026-02-13T11:19:49.392+0000] {logging_mixin.py:188} WARNING - /home/airflow/.local/lib/python3.8/site-packages/airflow/models/baseoperator.py:437 AirflowProviderDeprecationWarning: `exists_ok` parameter is deprecated, please use `if_exists`
[2026-02-13T11:19:49.402+0000] {processor.py:840} INFO - DAG(s) 'ecommerce_etl_v2' retrieved from /opt/airflow/dags/etl_dag.py
[2026-02-13T11:19:49.418+0000] {logging_mixin.py:188} INFO - [2026-02-13T11:19:49.418+0000] {dag.py:3036} INFO - Sync 1 DAGs
[2026-02-13T11:19:49.427+0000] {logging_mixin.py:188} INFO - [2026-02-13T11:19:49.427+0000] {dag.py:3823} INFO - Setting next_dagrun for ecommerce_etl_v2 to 2026-02-12 13:00:00+00:00, run_after=2026-02-13 13:00:00+00:00
[2026-02-13T11:19:49.435+0000] {processor.py:183} INFO - Processing /opt/airflow/dags/etl_dag.py took 0.253 seconds
[2026-02-13T11:20:19.771+0000] {processor.py:161} INFO - Started process (PID=21223) to work on /opt/airflow/dags/etl_dag.py
[2026-02-13T11:20:19.772+0000] {processor.py:830} INFO - Processing file /opt/airflow/dags/etl_dag.py for tasks to queue
[2026-02-13T11:20:19.773+0000] {logging_mixin.py:188} INFO - [2026-02-13T11:20:19.773+0000] {dagbag.py:538} INFO - Filling up the DagBag from /opt/airflow/dags/etl_dag.py
[2026-02-13T11:20:19.820+0000] {logging_mixin.py:188} INFO - Warning: Your Kaggle API key is readable by other users on this system! To fix this, you can run 'chmod 600 /home/airflow/.kaggle/kaggle.json'
[2026-02-13T11:20:19.972+0000] {logging_mixin.py:188} WARNING - /home/airflow/.local/lib/python3.8/site-packages/airflow/models/baseoperator.py:437 AirflowProviderDeprecationWarning: `exists_ok` parameter is deprecated, please use `if_exists`
[2026-02-13T11:20:19.981+0000] {processor.py:840} INFO - DAG(s) 'ecommerce_etl_v2' retrieved from /opt/airflow/dags/etl_dag.py
[2026-02-13T11:20:19.998+0000] {logging_mixin.py:188} INFO - [2026-02-13T11:20:19.997+0000] {dag.py:3036} INFO - Sync 1 DAGs
[2026-02-13T11:20:20.007+0000] {logging_mixin.py:188} INFO - [2026-02-13T11:20:20.007+0000] {dag.py:3823} INFO - Setting next_dagrun for ecommerce_etl_v2 to 2026-02-12 13:00:00+00:00, run_after=2026-02-13 13:00:00+00:00
[2026-02-13T11:20:20.014+0000] {processor.py:183} INFO - Processing /opt/airflow/dags/etl_dag.py took 0.247 seconds
[2026-02-13T11:20:50.168+0000] {processor.py:161} INFO - Started process (PID=21254) to work on /opt/airflow/dags/etl_dag.py
[2026-02-13T11:20:50.169+0000] {processor.py:830} INFO - Processing file /opt/airflow/dags/etl_dag.py for tasks to queue
[2026-02-13T11:20:50.170+0000] {logging_mixin.py:188} INFO - [2026-02-13T11:20:50.170+0000] {dagbag.py:538} INFO - Filling up the DagBag from /opt/airflow/dags/etl_dag.py
[2026-02-13T11:20:50.326+0000] {logging_mixin.py:188} INFO - Warning: Your Kaggle API key is readable by other users on this system! To fix this, you can run 'chmod 600 /home/airflow/.kaggle/kaggle.json'
[2026-02-13T11:20:50.393+0000] {logging_mixin.py:188} WARNING - /home/airflow/.local/lib/python3.8/site-packages/airflow/models/baseoperator.py:437 AirflowProviderDeprecationWarning: `exists_ok` parameter is deprecated, please use `if_exists`
[2026-02-13T11:20:50.408+0000] {processor.py:840} INFO - DAG(s) 'ecommerce_etl_v2' retrieved from /opt/airflow/dags/etl_dag.py
[2026-02-13T11:20:50.428+0000] {logging_mixin.py:188} INFO - [2026-02-13T11:20:50.427+0000] {dag.py:3036} INFO - Sync 1 DAGs
[2026-02-13T11:20:50.439+0000] {logging_mixin.py:188} INFO - [2026-02-13T11:20:50.438+0000] {dag.py:3823} INFO - Setting next_dagrun for ecommerce_etl_v2 to 2026-02-12 13:00:00+00:00, run_after=2026-02-13 13:00:00+00:00
[2026-02-13T11:20:50.447+0000] {processor.py:183} INFO - Processing /opt/airflow/dags/etl_dag.py took 0.283 seconds
[2026-02-13T11:21:20.678+0000] {processor.py:161} INFO - Started process (PID=21285) to work on /opt/airflow/dags/etl_dag.py
[2026-02-13T11:21:20.680+0000] {processor.py:830} INFO - Processing file /opt/airflow/dags/etl_dag.py for tasks to queue
[2026-02-13T11:21:20.681+0000] {logging_mixin.py:188} INFO - [2026-02-13T11:21:20.680+0000] {dagbag.py:538} INFO - Filling up the DagBag from /opt/airflow/dags/etl_dag.py
[2026-02-13T11:21:20.725+0000] {logging_mixin.py:188} INFO - Warning: Your Kaggle API key is readable by other users on this system! To fix this, you can run 'chmod 600 /home/airflow/.kaggle/kaggle.json'
[2026-02-13T11:21:20.877+0000] {logging_mixin.py:188} WARNING - /home/airflow/.local/lib/python3.8/site-packages/airflow/models/baseoperator.py:437 AirflowProviderDeprecationWarning: `exists_ok` parameter is deprecated, please use `if_exists`
[2026-02-13T11:21:20.885+0000] {processor.py:840} INFO - DAG(s) 'ecommerce_etl_v2' retrieved from /opt/airflow/dags/etl_dag.py
[2026-02-13T11:21:20.901+0000] {logging_mixin.py:188} INFO - [2026-02-13T11:21:20.901+0000] {dag.py:3036} INFO - Sync 1 DAGs
[2026-02-13T11:21:20.910+0000] {logging_mixin.py:188} INFO - [2026-02-13T11:21:20.910+0000] {dag.py:3823} INFO - Setting next_dagrun for ecommerce_etl_v2 to 2026-02-12 13:00:00+00:00, run_after=2026-02-13 13:00:00+00:00
[2026-02-13T11:21:20.919+0000] {processor.py:183} INFO - Processing /opt/airflow/dags/etl_dag.py took 0.245 seconds
[2026-02-13T11:21:51.022+0000] {processor.py:161} INFO - Started process (PID=21316) to work on /opt/airflow/dags/etl_dag.py
[2026-02-13T11:21:51.023+0000] {processor.py:830} INFO - Processing file /opt/airflow/dags/etl_dag.py for tasks to queue
[2026-02-13T11:21:51.024+0000] {logging_mixin.py:188} INFO - [2026-02-13T11:21:51.023+0000] {dagbag.py:538} INFO - Filling up the DagBag from /opt/airflow/dags/etl_dag.py
[2026-02-13T11:21:51.066+0000] {logging_mixin.py:188} INFO - Warning: Your Kaggle API key is readable by other users on this system! To fix this, you can run 'chmod 600 /home/airflow/.kaggle/kaggle.json'
[2026-02-13T11:21:51.218+0000] {logging_mixin.py:188} WARNING - /home/airflow/.local/lib/python3.8/site-packages/airflow/models/baseoperator.py:437 AirflowProviderDeprecationWarning: `exists_ok` parameter is deprecated, please use `if_exists`
[2026-02-13T11:21:51.227+0000] {processor.py:840} INFO - DAG(s) 'ecommerce_etl_v2' retrieved from /opt/airflow/dags/etl_dag.py
[2026-02-13T11:21:51.243+0000] {logging_mixin.py:188} INFO - [2026-02-13T11:21:51.243+0000] {dag.py:3036} INFO - Sync 1 DAGs
[2026-02-13T11:21:51.252+0000] {logging_mixin.py:188} INFO - [2026-02-13T11:21:51.252+0000] {dag.py:3823} INFO - Setting next_dagrun for ecommerce_etl_v2 to 2026-02-12 13:00:00+00:00, run_after=2026-02-13 13:00:00+00:00
[2026-02-13T11:21:51.260+0000] {processor.py:183} INFO - Processing /opt/airflow/dags/etl_dag.py took 0.241 seconds
[2026-02-13T11:22:21.509+0000] {processor.py:161} INFO - Started process (PID=21347) to work on /opt/airflow/dags/etl_dag.py
[2026-02-13T11:22:21.509+0000] {processor.py:830} INFO - Processing file /opt/airflow/dags/etl_dag.py for tasks to queue
[2026-02-13T11:22:21.510+0000] {logging_mixin.py:188} INFO - [2026-02-13T11:22:21.510+0000] {dagbag.py:538} INFO - Filling up the DagBag from /opt/airflow/dags/etl_dag.py
[2026-02-13T11:22:21.554+0000] {logging_mixin.py:188} INFO - Warning: Your Kaggle API key is readable by other users on this system! To fix this, you can run 'chmod 600 /home/airflow/.kaggle/kaggle.json'
[2026-02-13T11:22:21.713+0000] {logging_mixin.py:188} WARNING - /home/airflow/.local/lib/python3.8/site-packages/airflow/models/baseoperator.py:437 AirflowProviderDeprecationWarning: `exists_ok` parameter is deprecated, please use `if_exists`
[2026-02-13T11:22:21.722+0000] {processor.py:840} INFO - DAG(s) 'ecommerce_etl_v2' retrieved from /opt/airflow/dags/etl_dag.py
[2026-02-13T11:22:21.738+0000] {logging_mixin.py:188} INFO - [2026-02-13T11:22:21.738+0000] {dag.py:3036} INFO - Sync 1 DAGs
[2026-02-13T11:22:21.748+0000] {logging_mixin.py:188} INFO - [2026-02-13T11:22:21.747+0000] {dag.py:3823} INFO - Setting next_dagrun for ecommerce_etl_v2 to 2026-02-12 13:00:00+00:00, run_after=2026-02-13 13:00:00+00:00
[2026-02-13T11:22:21.756+0000] {processor.py:183} INFO - Processing /opt/airflow/dags/etl_dag.py took 0.250 seconds
[2026-02-13T11:22:51.890+0000] {processor.py:161} INFO - Started process (PID=21378) to work on /opt/airflow/dags/etl_dag.py
[2026-02-13T11:22:51.892+0000] {processor.py:830} INFO - Processing file /opt/airflow/dags/etl_dag.py for tasks to queue
[2026-02-13T11:22:51.893+0000] {logging_mixin.py:188} INFO - [2026-02-13T11:22:51.892+0000] {dagbag.py:538} INFO - Filling up the DagBag from /opt/airflow/dags/etl_dag.py
[2026-02-13T11:22:51.939+0000] {logging_mixin.py:188} INFO - Warning: Your Kaggle API key is readable by other users on this system! To fix this, you can run 'chmod 600 /home/airflow/.kaggle/kaggle.json'
[2026-02-13T11:22:52.094+0000] {logging_mixin.py:188} WARNING - /home/airflow/.local/lib/python3.8/site-packages/airflow/models/baseoperator.py:437 AirflowProviderDeprecationWarning: `exists_ok` parameter is deprecated, please use `if_exists`
[2026-02-13T11:22:52.103+0000] {processor.py:840} INFO - DAG(s) 'ecommerce_etl_v2' retrieved from /opt/airflow/dags/etl_dag.py
[2026-02-13T11:22:52.121+0000] {logging_mixin.py:188} INFO - [2026-02-13T11:22:52.121+0000] {dag.py:3036} INFO - Sync 1 DAGs
[2026-02-13T11:22:52.130+0000] {logging_mixin.py:188} INFO - [2026-02-13T11:22:52.130+0000] {dag.py:3823} INFO - Setting next_dagrun for ecommerce_etl_v2 to 2026-02-12 13:00:00+00:00, run_after=2026-02-13 13:00:00+00:00
[2026-02-13T11:22:52.140+0000] {processor.py:183} INFO - Processing /opt/airflow/dags/etl_dag.py took 0.254 seconds
[2026-02-13T11:23:22.377+0000] {processor.py:161} INFO - Started process (PID=21409) to work on /opt/airflow/dags/etl_dag.py
[2026-02-13T11:23:22.378+0000] {processor.py:830} INFO - Processing file /opt/airflow/dags/etl_dag.py for tasks to queue
[2026-02-13T11:23:22.379+0000] {logging_mixin.py:188} INFO - [2026-02-13T11:23:22.378+0000] {dagbag.py:538} INFO - Filling up the DagBag from /opt/airflow/dags/etl_dag.py
[2026-02-13T11:23:22.425+0000] {logging_mixin.py:188} INFO - Warning: Your Kaggle API key is readable by other users on this system! To fix this, you can run 'chmod 600 /home/airflow/.kaggle/kaggle.json'
[2026-02-13T11:23:22.578+0000] {logging_mixin.py:188} WARNING - /home/airflow/.local/lib/python3.8/site-packages/airflow/models/baseoperator.py:437 AirflowProviderDeprecationWarning: `exists_ok` parameter is deprecated, please use `if_exists`
[2026-02-13T11:23:22.587+0000] {processor.py:840} INFO - DAG(s) 'ecommerce_etl_v2' retrieved from /opt/airflow/dags/etl_dag.py
[2026-02-13T11:23:22.603+0000] {logging_mixin.py:188} INFO - [2026-02-13T11:23:22.603+0000] {dag.py:3036} INFO - Sync 1 DAGs
[2026-02-13T11:23:22.612+0000] {logging_mixin.py:188} INFO - [2026-02-13T11:23:22.612+0000] {dag.py:3823} INFO - Setting next_dagrun for ecommerce_etl_v2 to 2026-02-12 13:00:00+00:00, run_after=2026-02-13 13:00:00+00:00
[2026-02-13T11:23:22.621+0000] {processor.py:183} INFO - Processing /opt/airflow/dags/etl_dag.py took 0.249 seconds
[2026-02-13T11:23:52.764+0000] {processor.py:161} INFO - Started process (PID=21440) to work on /opt/airflow/dags/etl_dag.py
[2026-02-13T11:23:52.765+0000] {processor.py:830} INFO - Processing file /opt/airflow/dags/etl_dag.py for tasks to queue
[2026-02-13T11:23:52.766+0000] {logging_mixin.py:188} INFO - [2026-02-13T11:23:52.766+0000] {dagbag.py:538} INFO - Filling up the DagBag from /opt/airflow/dags/etl_dag.py
[2026-02-13T11:23:52.813+0000] {logging_mixin.py:188} INFO - Warning: Your Kaggle API key is readable by other users on this system! To fix this, you can run 'chmod 600 /home/airflow/.kaggle/kaggle.json'
[2026-02-13T11:23:52.966+0000] {logging_mixin.py:188} WARNING - /home/airflow/.local/lib/python3.8/site-packages/airflow/models/baseoperator.py:437 AirflowProviderDeprecationWarning: `exists_ok` parameter is deprecated, please use `if_exists`
[2026-02-13T11:23:52.974+0000] {processor.py:840} INFO - DAG(s) 'ecommerce_etl_v2' retrieved from /opt/airflow/dags/etl_dag.py
[2026-02-13T11:23:52.991+0000] {logging_mixin.py:188} INFO - [2026-02-13T11:23:52.991+0000] {dag.py:3036} INFO - Sync 1 DAGs
[2026-02-13T11:23:53.000+0000] {logging_mixin.py:188} INFO - [2026-02-13T11:23:53.000+0000] {dag.py:3823} INFO - Setting next_dagrun for ecommerce_etl_v2 to 2026-02-12 13:00:00+00:00, run_after=2026-02-13 13:00:00+00:00
[2026-02-13T11:23:53.008+0000] {processor.py:183} INFO - Processing /opt/airflow/dags/etl_dag.py took 0.249 seconds
[2026-02-13T11:24:23.279+0000] {processor.py:161} INFO - Started process (PID=21471) to work on /opt/airflow/dags/etl_dag.py
[2026-02-13T11:24:23.280+0000] {processor.py:830} INFO - Processing file /opt/airflow/dags/etl_dag.py for tasks to queue
[2026-02-13T11:24:23.281+0000] {logging_mixin.py:188} INFO - [2026-02-13T11:24:23.281+0000] {dagbag.py:538} INFO - Filling up the DagBag from /opt/airflow/dags/etl_dag.py
[2026-02-13T11:24:23.330+0000] {logging_mixin.py:188} INFO - Warning: Your Kaggle API key is readable by other users on this system! To fix this, you can run 'chmod 600 /home/airflow/.kaggle/kaggle.json'
[2026-02-13T11:24:23.489+0000] {logging_mixin.py:188} WARNING - /home/airflow/.local/lib/python3.8/site-packages/airflow/models/baseoperator.py:437 AirflowProviderDeprecationWarning: `exists_ok` parameter is deprecated, please use `if_exists`
[2026-02-13T11:24:23.498+0000] {processor.py:840} INFO - DAG(s) 'ecommerce_etl_v2' retrieved from /opt/airflow/dags/etl_dag.py
[2026-02-13T11:24:23.514+0000] {logging_mixin.py:188} INFO - [2026-02-13T11:24:23.514+0000] {dag.py:3036} INFO - Sync 1 DAGs
[2026-02-13T11:24:23.523+0000] {logging_mixin.py:188} INFO - [2026-02-13T11:24:23.523+0000] {dag.py:3823} INFO - Setting next_dagrun for ecommerce_etl_v2 to 2026-02-12 13:00:00+00:00, run_after=2026-02-13 13:00:00+00:00
[2026-02-13T11:24:23.532+0000] {processor.py:183} INFO - Processing /opt/airflow/dags/etl_dag.py took 0.257 seconds
[2026-02-13T11:24:53.584+0000] {processor.py:161} INFO - Started process (PID=21502) to work on /opt/airflow/dags/etl_dag.py
[2026-02-13T11:24:53.586+0000] {processor.py:830} INFO - Processing file /opt/airflow/dags/etl_dag.py for tasks to queue
[2026-02-13T11:24:53.586+0000] {logging_mixin.py:188} INFO - [2026-02-13T11:24:53.586+0000] {dagbag.py:538} INFO - Filling up the DagBag from /opt/airflow/dags/etl_dag.py
[2026-02-13T11:24:53.632+0000] {logging_mixin.py:188} INFO - Warning: Your Kaggle API key is readable by other users on this system! To fix this, you can run 'chmod 600 /home/airflow/.kaggle/kaggle.json'
[2026-02-13T11:24:53.786+0000] {logging_mixin.py:188} WARNING - /home/airflow/.local/lib/python3.8/site-packages/airflow/models/baseoperator.py:437 AirflowProviderDeprecationWarning: `exists_ok` parameter is deprecated, please use `if_exists`
[2026-02-13T11:24:53.795+0000] {processor.py:840} INFO - DAG(s) 'ecommerce_etl_v2' retrieved from /opt/airflow/dags/etl_dag.py
[2026-02-13T11:24:53.811+0000] {logging_mixin.py:188} INFO - [2026-02-13T11:24:53.811+0000] {dag.py:3036} INFO - Sync 1 DAGs
[2026-02-13T11:24:53.822+0000] {logging_mixin.py:188} INFO - [2026-02-13T11:24:53.822+0000] {dag.py:3823} INFO - Setting next_dagrun for ecommerce_etl_v2 to 2026-02-12 13:00:00+00:00, run_after=2026-02-13 13:00:00+00:00
[2026-02-13T11:24:53.833+0000] {processor.py:183} INFO - Processing /opt/airflow/dags/etl_dag.py took 0.253 seconds
[2026-02-13T11:25:24.166+0000] {processor.py:161} INFO - Started process (PID=21533) to work on /opt/airflow/dags/etl_dag.py
[2026-02-13T11:25:24.168+0000] {processor.py:830} INFO - Processing file /opt/airflow/dags/etl_dag.py for tasks to queue
[2026-02-13T11:25:24.168+0000] {logging_mixin.py:188} INFO - [2026-02-13T11:25:24.168+0000] {dagbag.py:538} INFO - Filling up the DagBag from /opt/airflow/dags/etl_dag.py
[2026-02-13T11:25:24.215+0000] {logging_mixin.py:188} INFO - Warning: Your Kaggle API key is readable by other users on this system! To fix this, you can run 'chmod 600 /home/airflow/.kaggle/kaggle.json'
[2026-02-13T11:25:24.367+0000] {logging_mixin.py:188} WARNING - /home/airflow/.local/lib/python3.8/site-packages/airflow/models/baseoperator.py:437 AirflowProviderDeprecationWarning: `exists_ok` parameter is deprecated, please use `if_exists`
[2026-02-13T11:25:24.376+0000] {processor.py:840} INFO - DAG(s) 'ecommerce_etl_v2' retrieved from /opt/airflow/dags/etl_dag.py
[2026-02-13T11:25:24.392+0000] {logging_mixin.py:188} INFO - [2026-02-13T11:25:24.392+0000] {dag.py:3036} INFO - Sync 1 DAGs
[2026-02-13T11:25:24.401+0000] {logging_mixin.py:188} INFO - [2026-02-13T11:25:24.401+0000] {dag.py:3823} INFO - Setting next_dagrun for ecommerce_etl_v2 to 2026-02-12 13:00:00+00:00, run_after=2026-02-13 13:00:00+00:00
[2026-02-13T11:25:24.410+0000] {processor.py:183} INFO - Processing /opt/airflow/dags/etl_dag.py took 0.247 seconds
[2026-02-13T11:25:54.453+0000] {processor.py:161} INFO - Started process (PID=21564) to work on /opt/airflow/dags/etl_dag.py
[2026-02-13T11:25:54.453+0000] {processor.py:830} INFO - Processing file /opt/airflow/dags/etl_dag.py for tasks to queue
[2026-02-13T11:25:54.454+0000] {logging_mixin.py:188} INFO - [2026-02-13T11:25:54.454+0000] {dagbag.py:538} INFO - Filling up the DagBag from /opt/airflow/dags/etl_dag.py
[2026-02-13T11:25:54.500+0000] {logging_mixin.py:188} INFO - Warning: Your Kaggle API key is readable by other users on this system! To fix this, you can run 'chmod 600 /home/airflow/.kaggle/kaggle.json'
[2026-02-13T11:25:54.674+0000] {logging_mixin.py:188} WARNING - /home/airflow/.local/lib/python3.8/site-packages/airflow/models/baseoperator.py:437 AirflowProviderDeprecationWarning: `exists_ok` parameter is deprecated, please use `if_exists`
[2026-02-13T11:25:54.685+0000] {processor.py:840} INFO - DAG(s) 'ecommerce_etl_v2' retrieved from /opt/airflow/dags/etl_dag.py
[2026-02-13T11:25:54.704+0000] {logging_mixin.py:188} INFO - [2026-02-13T11:25:54.704+0000] {dag.py:3036} INFO - Sync 1 DAGs
[2026-02-13T11:25:54.716+0000] {logging_mixin.py:188} INFO - [2026-02-13T11:25:54.716+0000] {dag.py:3823} INFO - Setting next_dagrun for ecommerce_etl_v2 to 2026-02-12 13:00:00+00:00, run_after=2026-02-13 13:00:00+00:00
[2026-02-13T11:25:54.726+0000] {processor.py:183} INFO - Processing /opt/airflow/dags/etl_dag.py took 0.275 seconds
[2026-02-13T11:26:25.015+0000] {processor.py:161} INFO - Started process (PID=21595) to work on /opt/airflow/dags/etl_dag.py
[2026-02-13T11:26:25.016+0000] {processor.py:830} INFO - Processing file /opt/airflow/dags/etl_dag.py for tasks to queue
[2026-02-13T11:26:25.017+0000] {logging_mixin.py:188} INFO - [2026-02-13T11:26:25.017+0000] {dagbag.py:538} INFO - Filling up the DagBag from /opt/airflow/dags/etl_dag.py
[2026-02-13T11:26:25.067+0000] {logging_mixin.py:188} INFO - Warning: Your Kaggle API key is readable by other users on this system! To fix this, you can run 'chmod 600 /home/airflow/.kaggle/kaggle.json'
[2026-02-13T11:26:25.236+0000] {logging_mixin.py:188} WARNING - /home/airflow/.local/lib/python3.8/site-packages/airflow/models/baseoperator.py:437 AirflowProviderDeprecationWarning: `exists_ok` parameter is deprecated, please use `if_exists`
[2026-02-13T11:26:25.245+0000] {processor.py:840} INFO - DAG(s) 'ecommerce_etl_v2' retrieved from /opt/airflow/dags/etl_dag.py
[2026-02-13T11:26:25.262+0000] {logging_mixin.py:188} INFO - [2026-02-13T11:26:25.262+0000] {dag.py:3036} INFO - Sync 1 DAGs
[2026-02-13T11:26:25.271+0000] {logging_mixin.py:188} INFO - [2026-02-13T11:26:25.271+0000] {dag.py:3823} INFO - Setting next_dagrun for ecommerce_etl_v2 to 2026-02-12 13:00:00+00:00, run_after=2026-02-13 13:00:00+00:00
[2026-02-13T11:26:25.281+0000] {processor.py:183} INFO - Processing /opt/airflow/dags/etl_dag.py took 0.268 seconds
[2026-02-13T11:26:55.356+0000] {processor.py:161} INFO - Started process (PID=21626) to work on /opt/airflow/dags/etl_dag.py
[2026-02-13T11:26:55.358+0000] {processor.py:830} INFO - Processing file /opt/airflow/dags/etl_dag.py for tasks to queue
[2026-02-13T11:26:55.359+0000] {logging_mixin.py:188} INFO - [2026-02-13T11:26:55.358+0000] {dagbag.py:538} INFO - Filling up the DagBag from /opt/airflow/dags/etl_dag.py
[2026-02-13T11:26:55.406+0000] {logging_mixin.py:188} INFO - Warning: Your Kaggle API key is readable by other users on this system! To fix this, you can run 'chmod 600 /home/airflow/.kaggle/kaggle.json'
[2026-02-13T11:26:55.593+0000] {logging_mixin.py:188} WARNING - /home/airflow/.local/lib/python3.8/site-packages/airflow/models/baseoperator.py:437 AirflowProviderDeprecationWarning: `exists_ok` parameter is deprecated, please use `if_exists`
[2026-02-13T11:26:55.602+0000] {processor.py:840} INFO - DAG(s) 'ecommerce_etl_v2' retrieved from /opt/airflow/dags/etl_dag.py
[2026-02-13T11:26:55.620+0000] {logging_mixin.py:188} INFO - [2026-02-13T11:26:55.620+0000] {dag.py:3036} INFO - Sync 1 DAGs
[2026-02-13T11:26:55.629+0000] {logging_mixin.py:188} INFO - [2026-02-13T11:26:55.629+0000] {dag.py:3823} INFO - Setting next_dagrun for ecommerce_etl_v2 to 2026-02-12 13:00:00+00:00, run_after=2026-02-13 13:00:00+00:00
[2026-02-13T11:26:55.637+0000] {processor.py:183} INFO - Processing /opt/airflow/dags/etl_dag.py took 0.285 seconds
[2026-02-13T11:27:25.864+0000] {processor.py:161} INFO - Started process (PID=21657) to work on /opt/airflow/dags/etl_dag.py
[2026-02-13T11:27:25.865+0000] {processor.py:830} INFO - Processing file /opt/airflow/dags/etl_dag.py for tasks to queue
[2026-02-13T11:27:25.866+0000] {logging_mixin.py:188} INFO - [2026-02-13T11:27:25.866+0000] {dagbag.py:538} INFO - Filling up the DagBag from /opt/airflow/dags/etl_dag.py
[2026-02-13T11:27:25.916+0000] {logging_mixin.py:188} INFO - Warning: Your Kaggle API key is readable by other users on this system! To fix this, you can run 'chmod 600 /home/airflow/.kaggle/kaggle.json'
[2026-02-13T11:27:26.084+0000] {logging_mixin.py:188} WARNING - /home/airflow/.local/lib/python3.8/site-packages/airflow/models/baseoperator.py:437 AirflowProviderDeprecationWarning: `exists_ok` parameter is deprecated, please use `if_exists`
[2026-02-13T11:27:26.093+0000] {processor.py:840} INFO - DAG(s) 'ecommerce_etl_v2' retrieved from /opt/airflow/dags/etl_dag.py
[2026-02-13T11:27:26.111+0000] {logging_mixin.py:188} INFO - [2026-02-13T11:27:26.111+0000] {dag.py:3036} INFO - Sync 1 DAGs
[2026-02-13T11:27:26.121+0000] {logging_mixin.py:188} INFO - [2026-02-13T11:27:26.121+0000] {dag.py:3823} INFO - Setting next_dagrun for ecommerce_etl_v2 to 2026-02-12 13:00:00+00:00, run_after=2026-02-13 13:00:00+00:00
[2026-02-13T11:27:26.130+0000] {processor.py:183} INFO - Processing /opt/airflow/dags/etl_dag.py took 0.269 seconds
[2026-02-13T11:27:56.486+0000] {processor.py:161} INFO - Started process (PID=21688) to work on /opt/airflow/dags/etl_dag.py
[2026-02-13T11:27:56.488+0000] {processor.py:830} INFO - Processing file /opt/airflow/dags/etl_dag.py for tasks to queue
[2026-02-13T11:27:56.489+0000] {logging_mixin.py:188} INFO - [2026-02-13T11:27:56.488+0000] {dagbag.py:538} INFO - Filling up the DagBag from /opt/airflow/dags/etl_dag.py
[2026-02-13T11:27:56.540+0000] {logging_mixin.py:188} INFO - Warning: Your Kaggle API key is readable by other users on this system! To fix this, you can run 'chmod 600 /home/airflow/.kaggle/kaggle.json'
[2026-02-13T11:27:56.700+0000] {logging_mixin.py:188} WARNING - /home/airflow/.local/lib/python3.8/site-packages/airflow/models/baseoperator.py:437 AirflowProviderDeprecationWarning: `exists_ok` parameter is deprecated, please use `if_exists`
[2026-02-13T11:27:56.711+0000] {processor.py:840} INFO - DAG(s) 'ecommerce_etl_v2' retrieved from /opt/airflow/dags/etl_dag.py
[2026-02-13T11:27:56.729+0000] {logging_mixin.py:188} INFO - [2026-02-13T11:27:56.729+0000] {dag.py:3036} INFO - Sync 1 DAGs
[2026-02-13T11:27:56.739+0000] {logging_mixin.py:188} INFO - [2026-02-13T11:27:56.739+0000] {dag.py:3823} INFO - Setting next_dagrun for ecommerce_etl_v2 to 2026-02-12 13:00:00+00:00, run_after=2026-02-13 13:00:00+00:00
[2026-02-13T11:27:56.747+0000] {processor.py:183} INFO - Processing /opt/airflow/dags/etl_dag.py took 0.265 seconds
[2026-02-13T11:28:26.829+0000] {processor.py:161} INFO - Started process (PID=21719) to work on /opt/airflow/dags/etl_dag.py
[2026-02-13T11:28:26.831+0000] {processor.py:830} INFO - Processing file /opt/airflow/dags/etl_dag.py for tasks to queue
[2026-02-13T11:28:26.831+0000] {logging_mixin.py:188} INFO - [2026-02-13T11:28:26.831+0000] {dagbag.py:538} INFO - Filling up the DagBag from /opt/airflow/dags/etl_dag.py
[2026-02-13T11:28:26.877+0000] {logging_mixin.py:188} INFO - Warning: Your Kaggle API key is readable by other users on this system! To fix this, you can run 'chmod 600 /home/airflow/.kaggle/kaggle.json'
[2026-02-13T11:28:27.031+0000] {logging_mixin.py:188} WARNING - /home/airflow/.local/lib/python3.8/site-packages/airflow/models/baseoperator.py:437 AirflowProviderDeprecationWarning: `exists_ok` parameter is deprecated, please use `if_exists`
[2026-02-13T11:28:27.039+0000] {processor.py:840} INFO - DAG(s) 'ecommerce_etl_v2' retrieved from /opt/airflow/dags/etl_dag.py
[2026-02-13T11:28:27.057+0000] {logging_mixin.py:188} INFO - [2026-02-13T11:28:27.057+0000] {dag.py:3036} INFO - Sync 1 DAGs
[2026-02-13T11:28:27.066+0000] {logging_mixin.py:188} INFO - [2026-02-13T11:28:27.066+0000] {dag.py:3823} INFO - Setting next_dagrun for ecommerce_etl_v2 to 2026-02-12 13:00:00+00:00, run_after=2026-02-13 13:00:00+00:00
[2026-02-13T11:28:27.076+0000] {processor.py:183} INFO - Processing /opt/airflow/dags/etl_dag.py took 0.252 seconds
[2026-02-13T11:28:57.400+0000] {processor.py:161} INFO - Started process (PID=21750) to work on /opt/airflow/dags/etl_dag.py
[2026-02-13T11:28:57.401+0000] {processor.py:830} INFO - Processing file /opt/airflow/dags/etl_dag.py for tasks to queue
[2026-02-13T11:28:57.402+0000] {logging_mixin.py:188} INFO - [2026-02-13T11:28:57.402+0000] {dagbag.py:538} INFO - Filling up the DagBag from /opt/airflow/dags/etl_dag.py
[2026-02-13T11:28:57.447+0000] {logging_mixin.py:188} INFO - Warning: Your Kaggle API key is readable by other users on this system! To fix this, you can run 'chmod 600 /home/airflow/.kaggle/kaggle.json'
[2026-02-13T11:28:57.598+0000] {logging_mixin.py:188} WARNING - /home/airflow/.local/lib/python3.8/site-packages/airflow/models/baseoperator.py:437 AirflowProviderDeprecationWarning: `exists_ok` parameter is deprecated, please use `if_exists`
[2026-02-13T11:28:57.606+0000] {processor.py:840} INFO - DAG(s) 'ecommerce_etl_v2' retrieved from /opt/airflow/dags/etl_dag.py
[2026-02-13T11:28:57.623+0000] {logging_mixin.py:188} INFO - [2026-02-13T11:28:57.623+0000] {dag.py:3036} INFO - Sync 1 DAGs
[2026-02-13T11:28:57.632+0000] {logging_mixin.py:188} INFO - [2026-02-13T11:28:57.632+0000] {dag.py:3823} INFO - Setting next_dagrun for ecommerce_etl_v2 to 2026-02-12 13:00:00+00:00, run_after=2026-02-13 13:00:00+00:00
[2026-02-13T11:28:57.641+0000] {processor.py:183} INFO - Processing /opt/airflow/dags/etl_dag.py took 0.244 seconds
[2026-02-13T11:29:27.725+0000] {processor.py:161} INFO - Started process (PID=21781) to work on /opt/airflow/dags/etl_dag.py
[2026-02-13T11:29:27.726+0000] {processor.py:830} INFO - Processing file /opt/airflow/dags/etl_dag.py for tasks to queue
[2026-02-13T11:29:27.727+0000] {logging_mixin.py:188} INFO - [2026-02-13T11:29:27.727+0000] {dagbag.py:538} INFO - Filling up the DagBag from /opt/airflow/dags/etl_dag.py
[2026-02-13T11:29:27.772+0000] {logging_mixin.py:188} INFO - Warning: Your Kaggle API key is readable by other users on this system! To fix this, you can run 'chmod 600 /home/airflow/.kaggle/kaggle.json'
[2026-02-13T11:29:27.925+0000] {logging_mixin.py:188} WARNING - /home/airflow/.local/lib/python3.8/site-packages/airflow/models/baseoperator.py:437 AirflowProviderDeprecationWarning: `exists_ok` parameter is deprecated, please use `if_exists`
[2026-02-13T11:29:27.933+0000] {processor.py:840} INFO - DAG(s) 'ecommerce_etl_v2' retrieved from /opt/airflow/dags/etl_dag.py
[2026-02-13T11:29:27.950+0000] {logging_mixin.py:188} INFO - [2026-02-13T11:29:27.949+0000] {dag.py:3036} INFO - Sync 1 DAGs
[2026-02-13T11:29:27.959+0000] {logging_mixin.py:188} INFO - [2026-02-13T11:29:27.959+0000] {dag.py:3823} INFO - Setting next_dagrun for ecommerce_etl_v2 to 2026-02-12 13:00:00+00:00, run_after=2026-02-13 13:00:00+00:00
[2026-02-13T11:29:27.968+0000] {processor.py:183} INFO - Processing /opt/airflow/dags/etl_dag.py took 0.248 seconds
[2026-02-13T11:29:58.200+0000] {processor.py:161} INFO - Started process (PID=21812) to work on /opt/airflow/dags/etl_dag.py
[2026-02-13T11:29:58.201+0000] {processor.py:830} INFO - Processing file /opt/airflow/dags/etl_dag.py for tasks to queue
[2026-02-13T11:29:58.202+0000] {logging_mixin.py:188} INFO - [2026-02-13T11:29:58.202+0000] {dagbag.py:538} INFO - Filling up the DagBag from /opt/airflow/dags/etl_dag.py
[2026-02-13T11:29:58.249+0000] {logging_mixin.py:188} INFO - Warning: Your Kaggle API key is readable by other users on this system! To fix this, you can run 'chmod 600 /home/airflow/.kaggle/kaggle.json'
[2026-02-13T11:29:58.404+0000] {logging_mixin.py:188} WARNING - /home/airflow/.local/lib/python3.8/site-packages/airflow/models/baseoperator.py:437 AirflowProviderDeprecationWarning: `exists_ok` parameter is deprecated, please use `if_exists`
[2026-02-13T11:29:58.413+0000] {processor.py:840} INFO - DAG(s) 'ecommerce_etl_v2' retrieved from /opt/airflow/dags/etl_dag.py
[2026-02-13T11:29:58.430+0000] {logging_mixin.py:188} INFO - [2026-02-13T11:29:58.430+0000] {dag.py:3036} INFO - Sync 1 DAGs
[2026-02-13T11:29:58.439+0000] {logging_mixin.py:188} INFO - [2026-02-13T11:29:58.439+0000] {dag.py:3823} INFO - Setting next_dagrun for ecommerce_etl_v2 to 2026-02-12 13:00:00+00:00, run_after=2026-02-13 13:00:00+00:00
[2026-02-13T11:29:58.447+0000] {processor.py:183} INFO - Processing /opt/airflow/dags/etl_dag.py took 0.252 seconds
[2026-02-13T11:30:28.739+0000] {processor.py:161} INFO - Started process (PID=21843) to work on /opt/airflow/dags/etl_dag.py
[2026-02-13T11:30:28.741+0000] {processor.py:830} INFO - Processing file /opt/airflow/dags/etl_dag.py for tasks to queue
[2026-02-13T11:30:28.742+0000] {logging_mixin.py:188} INFO - [2026-02-13T11:30:28.742+0000] {dagbag.py:538} INFO - Filling up the DagBag from /opt/airflow/dags/etl_dag.py
[2026-02-13T11:30:28.882+0000] {logging_mixin.py:188} INFO - Warning: Your Kaggle API key is readable by other users on this system! To fix this, you can run 'chmod 600 /home/airflow/.kaggle/kaggle.json'
[2026-02-13T11:30:28.941+0000] {logging_mixin.py:188} WARNING - /home/airflow/.local/lib/python3.8/site-packages/airflow/models/baseoperator.py:437 AirflowProviderDeprecationWarning: `exists_ok` parameter is deprecated, please use `if_exists`
[2026-02-13T11:30:28.951+0000] {processor.py:840} INFO - DAG(s) 'ecommerce_etl_v2' retrieved from /opt/airflow/dags/etl_dag.py
[2026-02-13T11:30:28.968+0000] {logging_mixin.py:188} INFO - [2026-02-13T11:30:28.968+0000] {dag.py:3036} INFO - Sync 1 DAGs
[2026-02-13T11:30:28.977+0000] {logging_mixin.py:188} INFO - [2026-02-13T11:30:28.977+0000] {dag.py:3823} INFO - Setting next_dagrun for ecommerce_etl_v2 to 2026-02-12 13:00:00+00:00, run_after=2026-02-13 13:00:00+00:00
[2026-02-13T11:30:28.984+0000] {processor.py:183} INFO - Processing /opt/airflow/dags/etl_dag.py took 0.250 seconds
[2026-02-13T11:30:59.067+0000] {processor.py:161} INFO - Started process (PID=21874) to work on /opt/airflow/dags/etl_dag.py
[2026-02-13T11:30:59.068+0000] {processor.py:830} INFO - Processing file /opt/airflow/dags/etl_dag.py for tasks to queue
[2026-02-13T11:30:59.069+0000] {logging_mixin.py:188} INFO - [2026-02-13T11:30:59.068+0000] {dagbag.py:538} INFO - Filling up the DagBag from /opt/airflow/dags/etl_dag.py
[2026-02-13T11:30:59.115+0000] {logging_mixin.py:188} INFO - Warning: Your Kaggle API key is readable by other users on this system! To fix this, you can run 'chmod 600 /home/airflow/.kaggle/kaggle.json'
[2026-02-13T11:30:59.266+0000] {logging_mixin.py:188} WARNING - /home/airflow/.local/lib/python3.8/site-packages/airflow/models/baseoperator.py:437 AirflowProviderDeprecationWarning: `exists_ok` parameter is deprecated, please use `if_exists`
[2026-02-13T11:30:59.274+0000] {processor.py:840} INFO - DAG(s) 'ecommerce_etl_v2' retrieved from /opt/airflow/dags/etl_dag.py
[2026-02-13T11:30:59.291+0000] {logging_mixin.py:188} INFO - [2026-02-13T11:30:59.291+0000] {dag.py:3036} INFO - Sync 1 DAGs
[2026-02-13T11:30:59.300+0000] {logging_mixin.py:188} INFO - [2026-02-13T11:30:59.300+0000] {dag.py:3823} INFO - Setting next_dagrun for ecommerce_etl_v2 to 2026-02-12 13:00:00+00:00, run_after=2026-02-13 13:00:00+00:00
[2026-02-13T11:30:59.308+0000] {processor.py:183} INFO - Processing /opt/airflow/dags/etl_dag.py took 0.246 seconds
[2026-02-13T11:31:29.563+0000] {processor.py:161} INFO - Started process (PID=21905) to work on /opt/airflow/dags/etl_dag.py
[2026-02-13T11:31:29.563+0000] {processor.py:830} INFO - Processing file /opt/airflow/dags/etl_dag.py for tasks to queue
[2026-02-13T11:31:29.564+0000] {logging_mixin.py:188} INFO - [2026-02-13T11:31:29.564+0000] {dagbag.py:538} INFO - Filling up the DagBag from /opt/airflow/dags/etl_dag.py
[2026-02-13T11:31:29.702+0000] {logging_mixin.py:188} INFO - Warning: Your Kaggle API key is readable by other users on this system! To fix this, you can run 'chmod 600 /home/airflow/.kaggle/kaggle.json'
[2026-02-13T11:31:29.760+0000] {logging_mixin.py:188} WARNING - /home/airflow/.local/lib/python3.8/site-packages/airflow/models/baseoperator.py:437 AirflowProviderDeprecationWarning: `exists_ok` parameter is deprecated, please use `if_exists`
[2026-02-13T11:31:29.769+0000] {processor.py:840} INFO - DAG(s) 'ecommerce_etl_v2' retrieved from /opt/airflow/dags/etl_dag.py
[2026-02-13T11:31:29.786+0000] {logging_mixin.py:188} INFO - [2026-02-13T11:31:29.785+0000] {dag.py:3036} INFO - Sync 1 DAGs
[2026-02-13T11:31:29.795+0000] {logging_mixin.py:188} INFO - [2026-02-13T11:31:29.795+0000] {dag.py:3823} INFO - Setting next_dagrun for ecommerce_etl_v2 to 2026-02-12 13:00:00+00:00, run_after=2026-02-13 13:00:00+00:00
[2026-02-13T11:31:29.803+0000] {processor.py:183} INFO - Processing /opt/airflow/dags/etl_dag.py took 0.242 seconds
[2026-02-13T11:31:59.914+0000] {processor.py:161} INFO - Started process (PID=21936) to work on /opt/airflow/dags/etl_dag.py
[2026-02-13T11:31:59.915+0000] {processor.py:830} INFO - Processing file /opt/airflow/dags/etl_dag.py for tasks to queue
[2026-02-13T11:31:59.915+0000] {logging_mixin.py:188} INFO - [2026-02-13T11:31:59.915+0000] {dagbag.py:538} INFO - Filling up the DagBag from /opt/airflow/dags/etl_dag.py
[2026-02-13T11:31:59.956+0000] {logging_mixin.py:188} INFO - Warning: Your Kaggle API key is readable by other users on this system! To fix this, you can run 'chmod 600 /home/airflow/.kaggle/kaggle.json'
[2026-02-13T11:32:00.125+0000] {logging_mixin.py:188} WARNING - /home/airflow/.local/lib/python3.8/site-packages/airflow/models/baseoperator.py:437 AirflowProviderDeprecationWarning: `exists_ok` parameter is deprecated, please use `if_exists`
[2026-02-13T11:32:00.134+0000] {processor.py:840} INFO - DAG(s) 'ecommerce_etl_v2' retrieved from /opt/airflow/dags/etl_dag.py
[2026-02-13T11:32:00.153+0000] {logging_mixin.py:188} INFO - [2026-02-13T11:32:00.153+0000] {dag.py:3036} INFO - Sync 1 DAGs
[2026-02-13T11:32:00.163+0000] {logging_mixin.py:188} INFO - [2026-02-13T11:32:00.163+0000] {dag.py:3823} INFO - Setting next_dagrun for ecommerce_etl_v2 to 2026-02-12 13:00:00+00:00, run_after=2026-02-13 13:00:00+00:00
[2026-02-13T11:32:00.172+0000] {processor.py:183} INFO - Processing /opt/airflow/dags/etl_dag.py took 0.261 seconds
[2026-02-13T11:32:30.462+0000] {processor.py:161} INFO - Started process (PID=21967) to work on /opt/airflow/dags/etl_dag.py
[2026-02-13T11:32:30.463+0000] {processor.py:830} INFO - Processing file /opt/airflow/dags/etl_dag.py for tasks to queue
[2026-02-13T11:32:30.464+0000] {logging_mixin.py:188} INFO - [2026-02-13T11:32:30.463+0000] {dagbag.py:538} INFO - Filling up the DagBag from /opt/airflow/dags/etl_dag.py
[2026-02-13T11:32:30.608+0000] {logging_mixin.py:188} INFO - Warning: Your Kaggle API key is readable by other users on this system! To fix this, you can run 'chmod 600 /home/airflow/.kaggle/kaggle.json'
[2026-02-13T11:32:30.666+0000] {logging_mixin.py:188} WARNING - /home/airflow/.local/lib/python3.8/site-packages/airflow/models/baseoperator.py:437 AirflowProviderDeprecationWarning: `exists_ok` parameter is deprecated, please use `if_exists`
[2026-02-13T11:32:30.674+0000] {processor.py:840} INFO - DAG(s) 'ecommerce_etl_v2' retrieved from /opt/airflow/dags/etl_dag.py
[2026-02-13T11:32:30.691+0000] {logging_mixin.py:188} INFO - [2026-02-13T11:32:30.691+0000] {dag.py:3036} INFO - Sync 1 DAGs
[2026-02-13T11:32:30.701+0000] {logging_mixin.py:188} INFO - [2026-02-13T11:32:30.700+0000] {dag.py:3823} INFO - Setting next_dagrun for ecommerce_etl_v2 to 2026-02-12 13:00:00+00:00, run_after=2026-02-13 13:00:00+00:00
[2026-02-13T11:32:30.709+0000] {processor.py:183} INFO - Processing /opt/airflow/dags/etl_dag.py took 0.251 seconds
[2026-02-13T11:33:00.747+0000] {processor.py:161} INFO - Started process (PID=21998) to work on /opt/airflow/dags/etl_dag.py
[2026-02-13T11:33:00.749+0000] {processor.py:830} INFO - Processing file /opt/airflow/dags/etl_dag.py for tasks to queue
[2026-02-13T11:33:00.750+0000] {logging_mixin.py:188} INFO - [2026-02-13T11:33:00.749+0000] {dagbag.py:538} INFO - Filling up the DagBag from /opt/airflow/dags/etl_dag.py
[2026-02-13T11:33:00.797+0000] {logging_mixin.py:188} INFO - Warning: Your Kaggle API key is readable by other users on this system! To fix this, you can run 'chmod 600 /home/airflow/.kaggle/kaggle.json'
[2026-02-13T11:33:00.957+0000] {logging_mixin.py:188} WARNING - /home/airflow/.local/lib/python3.8/site-packages/airflow/models/baseoperator.py:437 AirflowProviderDeprecationWarning: `exists_ok` parameter is deprecated, please use `if_exists`
[2026-02-13T11:33:00.967+0000] {processor.py:840} INFO - DAG(s) 'ecommerce_etl_v2' retrieved from /opt/airflow/dags/etl_dag.py
[2026-02-13T11:33:00.985+0000] {logging_mixin.py:188} INFO - [2026-02-13T11:33:00.985+0000] {dag.py:3036} INFO - Sync 1 DAGs
[2026-02-13T11:33:00.996+0000] {logging_mixin.py:188} INFO - [2026-02-13T11:33:00.996+0000] {dag.py:3823} INFO - Setting next_dagrun for ecommerce_etl_v2 to 2026-02-12 13:00:00+00:00, run_after=2026-02-13 13:00:00+00:00
[2026-02-13T11:33:01.004+0000] {processor.py:183} INFO - Processing /opt/airflow/dags/etl_dag.py took 0.262 seconds
[2026-02-13T11:33:31.305+0000] {processor.py:161} INFO - Started process (PID=22029) to work on /opt/airflow/dags/etl_dag.py
[2026-02-13T11:33:31.306+0000] {processor.py:830} INFO - Processing file /opt/airflow/dags/etl_dag.py for tasks to queue
[2026-02-13T11:33:31.307+0000] {logging_mixin.py:188} INFO - [2026-02-13T11:33:31.307+0000] {dagbag.py:538} INFO - Filling up the DagBag from /opt/airflow/dags/etl_dag.py
[2026-02-13T11:33:31.455+0000] {logging_mixin.py:188} INFO - Warning: Your Kaggle API key is readable by other users on this system! To fix this, you can run 'chmod 600 /home/airflow/.kaggle/kaggle.json'
[2026-02-13T11:33:31.514+0000] {logging_mixin.py:188} WARNING - /home/airflow/.local/lib/python3.8/site-packages/airflow/models/baseoperator.py:437 AirflowProviderDeprecationWarning: `exists_ok` parameter is deprecated, please use `if_exists`
[2026-02-13T11:33:31.526+0000] {processor.py:840} INFO - DAG(s) 'ecommerce_etl_v2' retrieved from /opt/airflow/dags/etl_dag.py
[2026-02-13T11:33:31.545+0000] {logging_mixin.py:188} INFO - [2026-02-13T11:33:31.545+0000] {dag.py:3036} INFO - Sync 1 DAGs
[2026-02-13T11:33:31.554+0000] {logging_mixin.py:188} INFO - [2026-02-13T11:33:31.554+0000] {dag.py:3823} INFO - Setting next_dagrun for ecommerce_etl_v2 to 2026-02-12 13:00:00+00:00, run_after=2026-02-13 13:00:00+00:00
[2026-02-13T11:33:31.562+0000] {processor.py:183} INFO - Processing /opt/airflow/dags/etl_dag.py took 0.261 seconds
[2026-02-13T11:34:01.638+0000] {processor.py:161} INFO - Started process (PID=22060) to work on /opt/airflow/dags/etl_dag.py
[2026-02-13T11:34:01.639+0000] {processor.py:830} INFO - Processing file /opt/airflow/dags/etl_dag.py for tasks to queue
[2026-02-13T11:34:01.639+0000] {logging_mixin.py:188} INFO - [2026-02-13T11:34:01.639+0000] {dagbag.py:538} INFO - Filling up the DagBag from /opt/airflow/dags/etl_dag.py
[2026-02-13T11:34:01.680+0000] {logging_mixin.py:188} INFO - Warning: Your Kaggle API key is readable by other users on this system! To fix this, you can run 'chmod 600 /home/airflow/.kaggle/kaggle.json'
[2026-02-13T11:34:01.841+0000] {logging_mixin.py:188} WARNING - /home/airflow/.local/lib/python3.8/site-packages/airflow/models/baseoperator.py:437 AirflowProviderDeprecationWarning: `exists_ok` parameter is deprecated, please use `if_exists`
[2026-02-13T11:34:01.849+0000] {processor.py:840} INFO - DAG(s) 'ecommerce_etl_v2' retrieved from /opt/airflow/dags/etl_dag.py
[2026-02-13T11:34:01.866+0000] {logging_mixin.py:188} INFO - [2026-02-13T11:34:01.866+0000] {dag.py:3036} INFO - Sync 1 DAGs
[2026-02-13T11:34:01.875+0000] {logging_mixin.py:188} INFO - [2026-02-13T11:34:01.875+0000] {dag.py:3823} INFO - Setting next_dagrun for ecommerce_etl_v2 to 2026-02-12 13:00:00+00:00, run_after=2026-02-13 13:00:00+00:00
[2026-02-13T11:34:01.883+0000] {processor.py:183} INFO - Processing /opt/airflow/dags/etl_dag.py took 0.248 seconds
[2026-02-13T11:34:32.233+0000] {processor.py:161} INFO - Started process (PID=22091) to work on /opt/airflow/dags/etl_dag.py
[2026-02-13T11:34:32.234+0000] {processor.py:830} INFO - Processing file /opt/airflow/dags/etl_dag.py for tasks to queue
[2026-02-13T11:34:32.235+0000] {logging_mixin.py:188} INFO - [2026-02-13T11:34:32.235+0000] {dagbag.py:538} INFO - Filling up the DagBag from /opt/airflow/dags/etl_dag.py
[2026-02-13T11:34:32.384+0000] {logging_mixin.py:188} INFO - Warning: Your Kaggle API key is readable by other users on this system! To fix this, you can run 'chmod 600 /home/airflow/.kaggle/kaggle.json'
[2026-02-13T11:34:32.444+0000] {logging_mixin.py:188} WARNING - /home/airflow/.local/lib/python3.8/site-packages/airflow/models/baseoperator.py:437 AirflowProviderDeprecationWarning: `exists_ok` parameter is deprecated, please use `if_exists`
[2026-02-13T11:34:32.452+0000] {processor.py:840} INFO - DAG(s) 'ecommerce_etl_v2' retrieved from /opt/airflow/dags/etl_dag.py
[2026-02-13T11:34:32.468+0000] {logging_mixin.py:188} INFO - [2026-02-13T11:34:32.468+0000] {dag.py:3036} INFO - Sync 1 DAGs
[2026-02-13T11:34:32.478+0000] {logging_mixin.py:188} INFO - [2026-02-13T11:34:32.477+0000] {dag.py:3823} INFO - Setting next_dagrun for ecommerce_etl_v2 to 2026-02-12 13:00:00+00:00, run_after=2026-02-13 13:00:00+00:00
[2026-02-13T11:34:32.486+0000] {processor.py:183} INFO - Processing /opt/airflow/dags/etl_dag.py took 0.256 seconds
[2026-02-13T11:35:02.583+0000] {processor.py:161} INFO - Started process (PID=22122) to work on /opt/airflow/dags/etl_dag.py
[2026-02-13T11:35:02.584+0000] {processor.py:830} INFO - Processing file /opt/airflow/dags/etl_dag.py for tasks to queue
[2026-02-13T11:35:02.585+0000] {logging_mixin.py:188} INFO - [2026-02-13T11:35:02.585+0000] {dagbag.py:538} INFO - Filling up the DagBag from /opt/airflow/dags/etl_dag.py
[2026-02-13T11:35:02.629+0000] {logging_mixin.py:188} INFO - Warning: Your Kaggle API key is readable by other users on this system! To fix this, you can run 'chmod 600 /home/airflow/.kaggle/kaggle.json'
[2026-02-13T11:35:02.795+0000] {logging_mixin.py:188} WARNING - /home/airflow/.local/lib/python3.8/site-packages/airflow/models/baseoperator.py:437 AirflowProviderDeprecationWarning: `exists_ok` parameter is deprecated, please use `if_exists`
[2026-02-13T11:35:02.804+0000] {processor.py:840} INFO - DAG(s) 'ecommerce_etl_v2' retrieved from /opt/airflow/dags/etl_dag.py
[2026-02-13T11:35:02.824+0000] {logging_mixin.py:188} INFO - [2026-02-13T11:35:02.824+0000] {dag.py:3036} INFO - Sync 1 DAGs
[2026-02-13T11:35:02.835+0000] {logging_mixin.py:188} INFO - [2026-02-13T11:35:02.835+0000] {dag.py:3823} INFO - Setting next_dagrun for ecommerce_etl_v2 to 2026-02-12 13:00:00+00:00, run_after=2026-02-13 13:00:00+00:00
[2026-02-13T11:35:02.843+0000] {processor.py:183} INFO - Processing /opt/airflow/dags/etl_dag.py took 0.265 seconds
[2026-02-13T11:35:33.086+0000] {processor.py:161} INFO - Started process (PID=22153) to work on /opt/airflow/dags/etl_dag.py
[2026-02-13T11:35:33.087+0000] {processor.py:830} INFO - Processing file /opt/airflow/dags/etl_dag.py for tasks to queue
[2026-02-13T11:35:33.088+0000] {logging_mixin.py:188} INFO - [2026-02-13T11:35:33.088+0000] {dagbag.py:538} INFO - Filling up the DagBag from /opt/airflow/dags/etl_dag.py
[2026-02-13T11:35:33.254+0000] {logging_mixin.py:188} INFO - Warning: Your Kaggle API key is readable by other users on this system! To fix this, you can run 'chmod 600 /home/airflow/.kaggle/kaggle.json'
[2026-02-13T11:35:33.314+0000] {logging_mixin.py:188} WARNING - /home/airflow/.local/lib/python3.8/site-packages/airflow/models/baseoperator.py:437 AirflowProviderDeprecationWarning: `exists_ok` parameter is deprecated, please use `if_exists`
[2026-02-13T11:35:33.324+0000] {processor.py:840} INFO - DAG(s) 'ecommerce_etl_v2' retrieved from /opt/airflow/dags/etl_dag.py
[2026-02-13T11:35:33.342+0000] {logging_mixin.py:188} INFO - [2026-02-13T11:35:33.342+0000] {dag.py:3036} INFO - Sync 1 DAGs
[2026-02-13T11:35:33.351+0000] {logging_mixin.py:188} INFO - [2026-02-13T11:35:33.351+0000] {dag.py:3823} INFO - Setting next_dagrun for ecommerce_etl_v2 to 2026-02-12 13:00:00+00:00, run_after=2026-02-13 13:00:00+00:00
[2026-02-13T11:35:33.359+0000] {processor.py:183} INFO - Processing /opt/airflow/dags/etl_dag.py took 0.278 seconds
[2026-02-13T11:36:03.414+0000] {processor.py:161} INFO - Started process (PID=22184) to work on /opt/airflow/dags/etl_dag.py
[2026-02-13T11:36:03.415+0000] {processor.py:830} INFO - Processing file /opt/airflow/dags/etl_dag.py for tasks to queue
[2026-02-13T11:36:03.416+0000] {logging_mixin.py:188} INFO - [2026-02-13T11:36:03.416+0000] {dagbag.py:538} INFO - Filling up the DagBag from /opt/airflow/dags/etl_dag.py
[2026-02-13T11:36:03.461+0000] {logging_mixin.py:188} INFO - Warning: Your Kaggle API key is readable by other users on this system! To fix this, you can run 'chmod 600 /home/airflow/.kaggle/kaggle.json'
[2026-02-13T11:36:03.614+0000] {logging_mixin.py:188} WARNING - /home/airflow/.local/lib/python3.8/site-packages/airflow/models/baseoperator.py:437 AirflowProviderDeprecationWarning: `exists_ok` parameter is deprecated, please use `if_exists`
[2026-02-13T11:36:03.623+0000] {processor.py:840} INFO - DAG(s) 'ecommerce_etl_v2' retrieved from /opt/airflow/dags/etl_dag.py
[2026-02-13T11:36:03.641+0000] {logging_mixin.py:188} INFO - [2026-02-13T11:36:03.640+0000] {dag.py:3036} INFO - Sync 1 DAGs
[2026-02-13T11:36:03.650+0000] {logging_mixin.py:188} INFO - [2026-02-13T11:36:03.650+0000] {dag.py:3823} INFO - Setting next_dagrun for ecommerce_etl_v2 to 2026-02-12 13:00:00+00:00, run_after=2026-02-13 13:00:00+00:00
[2026-02-13T11:36:03.658+0000] {processor.py:183} INFO - Processing /opt/airflow/dags/etl_dag.py took 0.248 seconds
[2026-02-13T11:36:33.991+0000] {processor.py:161} INFO - Started process (PID=22215) to work on /opt/airflow/dags/etl_dag.py
[2026-02-13T11:36:33.992+0000] {processor.py:830} INFO - Processing file /opt/airflow/dags/etl_dag.py for tasks to queue
[2026-02-13T11:36:33.993+0000] {logging_mixin.py:188} INFO - [2026-02-13T11:36:33.993+0000] {dagbag.py:538} INFO - Filling up the DagBag from /opt/airflow/dags/etl_dag.py
[2026-02-13T11:36:34.128+0000] {logging_mixin.py:188} INFO - Warning: Your Kaggle API key is readable by other users on this system! To fix this, you can run 'chmod 600 /home/airflow/.kaggle/kaggle.json'
[2026-02-13T11:36:34.186+0000] {logging_mixin.py:188} WARNING - /home/airflow/.local/lib/python3.8/site-packages/airflow/models/baseoperator.py:437 AirflowProviderDeprecationWarning: `exists_ok` parameter is deprecated, please use `if_exists`
[2026-02-13T11:36:34.194+0000] {processor.py:840} INFO - DAG(s) 'ecommerce_etl_v2' retrieved from /opt/airflow/dags/etl_dag.py
[2026-02-13T11:36:34.211+0000] {logging_mixin.py:188} INFO - [2026-02-13T11:36:34.211+0000] {dag.py:3036} INFO - Sync 1 DAGs
[2026-02-13T11:36:34.220+0000] {logging_mixin.py:188} INFO - [2026-02-13T11:36:34.220+0000] {dag.py:3823} INFO - Setting next_dagrun for ecommerce_etl_v2 to 2026-02-12 13:00:00+00:00, run_after=2026-02-13 13:00:00+00:00
[2026-02-13T11:36:34.228+0000] {processor.py:183} INFO - Processing /opt/airflow/dags/etl_dag.py took 0.240 seconds
[2026-02-13T11:37:04.343+0000] {processor.py:161} INFO - Started process (PID=22246) to work on /opt/airflow/dags/etl_dag.py
[2026-02-13T11:37:04.345+0000] {processor.py:830} INFO - Processing file /opt/airflow/dags/etl_dag.py for tasks to queue
[2026-02-13T11:37:04.346+0000] {logging_mixin.py:188} INFO - [2026-02-13T11:37:04.346+0000] {dagbag.py:538} INFO - Filling up the DagBag from /opt/airflow/dags/etl_dag.py
[2026-02-13T11:37:04.539+0000] {logging_mixin.py:188} INFO - Warning: Your Kaggle API key is readable by other users on this system! To fix this, you can run 'chmod 600 /home/airflow/.kaggle/kaggle.json'
[2026-02-13T11:37:04.598+0000] {logging_mixin.py:188} WARNING - /home/airflow/.local/lib/python3.8/site-packages/airflow/models/baseoperator.py:437 AirflowProviderDeprecationWarning: `exists_ok` parameter is deprecated, please use `if_exists`
[2026-02-13T11:37:04.606+0000] {processor.py:840} INFO - DAG(s) 'ecommerce_etl_v2' retrieved from /opt/airflow/dags/etl_dag.py
[2026-02-13T11:37:04.623+0000] {logging_mixin.py:188} INFO - [2026-02-13T11:37:04.623+0000] {dag.py:3036} INFO - Sync 1 DAGs
[2026-02-13T11:37:04.632+0000] {logging_mixin.py:188} INFO - [2026-02-13T11:37:04.632+0000] {dag.py:3823} INFO - Setting next_dagrun for ecommerce_etl_v2 to 2026-02-12 13:00:00+00:00, run_after=2026-02-13 13:00:00+00:00
[2026-02-13T11:37:04.640+0000] {processor.py:183} INFO - Processing /opt/airflow/dags/etl_dag.py took 0.302 seconds
[2026-02-13T11:37:34.845+0000] {processor.py:161} INFO - Started process (PID=22277) to work on /opt/airflow/dags/etl_dag.py
[2026-02-13T11:37:34.846+0000] {processor.py:830} INFO - Processing file /opt/airflow/dags/etl_dag.py for tasks to queue
[2026-02-13T11:37:34.847+0000] {logging_mixin.py:188} INFO - [2026-02-13T11:37:34.847+0000] {dagbag.py:538} INFO - Filling up the DagBag from /opt/airflow/dags/etl_dag.py
[2026-02-13T11:37:35.005+0000] {logging_mixin.py:188} INFO - Warning: Your Kaggle API key is readable by other users on this system! To fix this, you can run 'chmod 600 /home/airflow/.kaggle/kaggle.json'
[2026-02-13T11:37:35.066+0000] {logging_mixin.py:188} WARNING - /home/airflow/.local/lib/python3.8/site-packages/airflow/models/baseoperator.py:437 AirflowProviderDeprecationWarning: `exists_ok` parameter is deprecated, please use `if_exists`
[2026-02-13T11:37:35.076+0000] {processor.py:840} INFO - DAG(s) 'ecommerce_etl_v2' retrieved from /opt/airflow/dags/etl_dag.py
[2026-02-13T11:37:35.096+0000] {logging_mixin.py:188} INFO - [2026-02-13T11:37:35.095+0000] {dag.py:3036} INFO - Sync 1 DAGs
[2026-02-13T11:37:35.107+0000] {logging_mixin.py:188} INFO - [2026-02-13T11:37:35.107+0000] {dag.py:3823} INFO - Setting next_dagrun for ecommerce_etl_v2 to 2026-02-12 13:00:00+00:00, run_after=2026-02-13 13:00:00+00:00
[2026-02-13T11:37:35.116+0000] {processor.py:183} INFO - Processing /opt/airflow/dags/etl_dag.py took 0.273 seconds
[2026-02-13T11:38:05.221+0000] {processor.py:161} INFO - Started process (PID=22308) to work on /opt/airflow/dags/etl_dag.py
[2026-02-13T11:38:05.222+0000] {processor.py:830} INFO - Processing file /opt/airflow/dags/etl_dag.py for tasks to queue
[2026-02-13T11:38:05.223+0000] {logging_mixin.py:188} INFO - [2026-02-13T11:38:05.222+0000] {dagbag.py:538} INFO - Filling up the DagBag from /opt/airflow/dags/etl_dag.py
[2026-02-13T11:38:05.361+0000] {logging_mixin.py:188} INFO - Warning: Your Kaggle API key is readable by other users on this system! To fix this, you can run 'chmod 600 /home/airflow/.kaggle/kaggle.json'
[2026-02-13T11:38:05.420+0000] {logging_mixin.py:188} WARNING - /home/airflow/.local/lib/python3.8/site-packages/airflow/models/baseoperator.py:437 AirflowProviderDeprecationWarning: `exists_ok` parameter is deprecated, please use `if_exists`
[2026-02-13T11:38:05.429+0000] {processor.py:840} INFO - DAG(s) 'ecommerce_etl_v2' retrieved from /opt/airflow/dags/etl_dag.py
[2026-02-13T11:38:05.446+0000] {logging_mixin.py:188} INFO - [2026-02-13T11:38:05.446+0000] {dag.py:3036} INFO - Sync 1 DAGs
[2026-02-13T11:38:05.455+0000] {logging_mixin.py:188} INFO - [2026-02-13T11:38:05.455+0000] {dag.py:3823} INFO - Setting next_dagrun for ecommerce_etl_v2 to 2026-02-12 13:00:00+00:00, run_after=2026-02-13 13:00:00+00:00
[2026-02-13T11:38:05.463+0000] {processor.py:183} INFO - Processing /opt/airflow/dags/etl_dag.py took 0.244 seconds
[2026-02-13T11:38:35.597+0000] {processor.py:161} INFO - Started process (PID=22339) to work on /opt/airflow/dags/etl_dag.py
[2026-02-13T11:38:35.598+0000] {processor.py:830} INFO - Processing file /opt/airflow/dags/etl_dag.py for tasks to queue
[2026-02-13T11:38:35.599+0000] {logging_mixin.py:188} INFO - [2026-02-13T11:38:35.599+0000] {dagbag.py:538} INFO - Filling up the DagBag from /opt/airflow/dags/etl_dag.py
[2026-02-13T11:38:35.740+0000] {logging_mixin.py:188} INFO - Warning: Your Kaggle API key is readable by other users on this system! To fix this, you can run 'chmod 600 /home/airflow/.kaggle/kaggle.json'
[2026-02-13T11:38:35.799+0000] {logging_mixin.py:188} WARNING - /home/airflow/.local/lib/python3.8/site-packages/airflow/models/baseoperator.py:437 AirflowProviderDeprecationWarning: `exists_ok` parameter is deprecated, please use `if_exists`
[2026-02-13T11:38:35.807+0000] {processor.py:840} INFO - DAG(s) 'ecommerce_etl_v2' retrieved from /opt/airflow/dags/etl_dag.py
[2026-02-13T11:38:35.824+0000] {logging_mixin.py:188} INFO - [2026-02-13T11:38:35.824+0000] {dag.py:3036} INFO - Sync 1 DAGs
[2026-02-13T11:38:35.833+0000] {logging_mixin.py:188} INFO - [2026-02-13T11:38:35.833+0000] {dag.py:3823} INFO - Setting next_dagrun for ecommerce_etl_v2 to 2026-02-12 13:00:00+00:00, run_after=2026-02-13 13:00:00+00:00
[2026-02-13T11:38:35.841+0000] {processor.py:183} INFO - Processing /opt/airflow/dags/etl_dag.py took 0.247 seconds
[2026-02-13T11:39:05.992+0000] {processor.py:161} INFO - Started process (PID=22370) to work on /opt/airflow/dags/etl_dag.py
[2026-02-13T11:39:05.993+0000] {processor.py:830} INFO - Processing file /opt/airflow/dags/etl_dag.py for tasks to queue
[2026-02-13T11:39:05.993+0000] {logging_mixin.py:188} INFO - [2026-02-13T11:39:05.993+0000] {dagbag.py:538} INFO - Filling up the DagBag from /opt/airflow/dags/etl_dag.py
[2026-02-13T11:39:06.123+0000] {logging_mixin.py:188} INFO - Warning: Your Kaggle API key is readable by other users on this system! To fix this, you can run 'chmod 600 /home/airflow/.kaggle/kaggle.json'
[2026-02-13T11:39:06.181+0000] {logging_mixin.py:188} WARNING - /home/airflow/.local/lib/python3.8/site-packages/airflow/models/baseoperator.py:437 AirflowProviderDeprecationWarning: `exists_ok` parameter is deprecated, please use `if_exists`
[2026-02-13T11:39:06.190+0000] {processor.py:840} INFO - DAG(s) 'ecommerce_etl_v2' retrieved from /opt/airflow/dags/etl_dag.py
[2026-02-13T11:39:06.206+0000] {logging_mixin.py:188} INFO - [2026-02-13T11:39:06.206+0000] {dag.py:3036} INFO - Sync 1 DAGs
[2026-02-13T11:39:06.216+0000] {logging_mixin.py:188} INFO - [2026-02-13T11:39:06.215+0000] {dag.py:3823} INFO - Setting next_dagrun for ecommerce_etl_v2 to 2026-02-12 13:00:00+00:00, run_after=2026-02-13 13:00:00+00:00
[2026-02-13T11:39:06.224+0000] {processor.py:183} INFO - Processing /opt/airflow/dags/etl_dag.py took 0.234 seconds
[2026-02-13T11:39:36.467+0000] {processor.py:161} INFO - Started process (PID=22401) to work on /opt/airflow/dags/etl_dag.py
[2026-02-13T11:39:36.468+0000] {processor.py:830} INFO - Processing file /opt/airflow/dags/etl_dag.py for tasks to queue
[2026-02-13T11:39:36.469+0000] {logging_mixin.py:188} INFO - [2026-02-13T11:39:36.468+0000] {dagbag.py:538} INFO - Filling up the DagBag from /opt/airflow/dags/etl_dag.py
[2026-02-13T11:39:36.607+0000] {logging_mixin.py:188} INFO - Warning: Your Kaggle API key is readable by other users on this system! To fix this, you can run 'chmod 600 /home/airflow/.kaggle/kaggle.json'
[2026-02-13T11:39:36.666+0000] {logging_mixin.py:188} WARNING - /home/airflow/.local/lib/python3.8/site-packages/airflow/models/baseoperator.py:437 AirflowProviderDeprecationWarning: `exists_ok` parameter is deprecated, please use `if_exists`
[2026-02-13T11:39:36.674+0000] {processor.py:840} INFO - DAG(s) 'ecommerce_etl_v2' retrieved from /opt/airflow/dags/etl_dag.py
[2026-02-13T11:39:36.691+0000] {logging_mixin.py:188} INFO - [2026-02-13T11:39:36.691+0000] {dag.py:3036} INFO - Sync 1 DAGs
[2026-02-13T11:39:36.700+0000] {logging_mixin.py:188} INFO - [2026-02-13T11:39:36.700+0000] {dag.py:3823} INFO - Setting next_dagrun for ecommerce_etl_v2 to 2026-02-12 13:00:00+00:00, run_after=2026-02-13 13:00:00+00:00
[2026-02-13T11:39:36.708+0000] {processor.py:183} INFO - Processing /opt/airflow/dags/etl_dag.py took 0.245 seconds
[2026-02-13T11:40:06.796+0000] {processor.py:161} INFO - Started process (PID=22432) to work on /opt/airflow/dags/etl_dag.py
[2026-02-13T11:40:06.798+0000] {processor.py:830} INFO - Processing file /opt/airflow/dags/etl_dag.py for tasks to queue
[2026-02-13T11:40:06.799+0000] {logging_mixin.py:188} INFO - [2026-02-13T11:40:06.798+0000] {dagbag.py:538} INFO - Filling up the DagBag from /opt/airflow/dags/etl_dag.py
[2026-02-13T11:40:06.964+0000] {logging_mixin.py:188} INFO - Warning: Your Kaggle API key is readable by other users on this system! To fix this, you can run 'chmod 600 /home/airflow/.kaggle/kaggle.json'
[2026-02-13T11:40:07.022+0000] {logging_mixin.py:188} WARNING - /home/airflow/.local/lib/python3.8/site-packages/airflow/models/baseoperator.py:437 AirflowProviderDeprecationWarning: `exists_ok` parameter is deprecated, please use `if_exists`
[2026-02-13T11:40:07.030+0000] {processor.py:840} INFO - DAG(s) 'ecommerce_etl_v2' retrieved from /opt/airflow/dags/etl_dag.py
[2026-02-13T11:40:07.047+0000] {logging_mixin.py:188} INFO - [2026-02-13T11:40:07.047+0000] {dag.py:3036} INFO - Sync 1 DAGs
[2026-02-13T11:40:07.056+0000] {logging_mixin.py:188} INFO - [2026-02-13T11:40:07.056+0000] {dag.py:3823} INFO - Setting next_dagrun for ecommerce_etl_v2 to 2026-02-12 13:00:00+00:00, run_after=2026-02-13 13:00:00+00:00
[2026-02-13T11:40:07.065+0000] {processor.py:183} INFO - Processing /opt/airflow/dags/etl_dag.py took 0.273 seconds
[2026-02-13T11:40:37.308+0000] {processor.py:161} INFO - Started process (PID=22463) to work on /opt/airflow/dags/etl_dag.py
[2026-02-13T11:40:37.309+0000] {processor.py:830} INFO - Processing file /opt/airflow/dags/etl_dag.py for tasks to queue
[2026-02-13T11:40:37.310+0000] {logging_mixin.py:188} INFO - [2026-02-13T11:40:37.309+0000] {dagbag.py:538} INFO - Filling up the DagBag from /opt/airflow/dags/etl_dag.py
[2026-02-13T11:40:37.457+0000] {logging_mixin.py:188} INFO - Warning: Your Kaggle API key is readable by other users on this system! To fix this, you can run 'chmod 600 /home/airflow/.kaggle/kaggle.json'
[2026-02-13T11:40:37.515+0000] {logging_mixin.py:188} WARNING - /home/airflow/.local/lib/python3.8/site-packages/airflow/models/baseoperator.py:437 AirflowProviderDeprecationWarning: `exists_ok` parameter is deprecated, please use `if_exists`
[2026-02-13T11:40:37.524+0000] {processor.py:840} INFO - DAG(s) 'ecommerce_etl_v2' retrieved from /opt/airflow/dags/etl_dag.py
[2026-02-13T11:40:37.540+0000] {logging_mixin.py:188} INFO - [2026-02-13T11:40:37.540+0000] {dag.py:3036} INFO - Sync 1 DAGs
[2026-02-13T11:40:37.549+0000] {logging_mixin.py:188} INFO - [2026-02-13T11:40:37.549+0000] {dag.py:3823} INFO - Setting next_dagrun for ecommerce_etl_v2 to 2026-02-12 13:00:00+00:00, run_after=2026-02-13 13:00:00+00:00
[2026-02-13T11:40:37.558+0000] {processor.py:183} INFO - Processing /opt/airflow/dags/etl_dag.py took 0.254 seconds
[2026-02-13T11:59:21.395+0000] {processor.py:161} INFO - Started process (PID=22494) to work on /opt/airflow/dags/etl_dag.py
[2026-02-13T11:59:21.395+0000] {processor.py:830} INFO - Processing file /opt/airflow/dags/etl_dag.py for tasks to queue
[2026-02-13T11:59:21.396+0000] {logging_mixin.py:188} INFO - [2026-02-13T11:59:21.396+0000] {dagbag.py:538} INFO - Filling up the DagBag from /opt/airflow/dags/etl_dag.py
[2026-02-13T11:59:21.596+0000] {logging_mixin.py:188} INFO - Warning: Your Kaggle API key is readable by other users on this system! To fix this, you can run 'chmod 600 /home/airflow/.kaggle/kaggle.json'
[2026-02-13T11:59:21.662+0000] {logging_mixin.py:188} WARNING - /home/airflow/.local/lib/python3.8/site-packages/airflow/models/baseoperator.py:437 AirflowProviderDeprecationWarning: `exists_ok` parameter is deprecated, please use `if_exists`
[2026-02-13T11:59:21.673+0000] {processor.py:840} INFO - DAG(s) 'ecommerce_etl_v2' retrieved from /opt/airflow/dags/etl_dag.py
[2026-02-13T11:59:21.698+0000] {logging_mixin.py:188} INFO - [2026-02-13T11:59:21.697+0000] {dag.py:3036} INFO - Sync 1 DAGs
[2026-02-13T11:59:21.712+0000] {logging_mixin.py:188} INFO - [2026-02-13T11:59:21.712+0000] {dag.py:3823} INFO - Setting next_dagrun for ecommerce_etl_v2 to 2026-02-12 13:00:00+00:00, run_after=2026-02-13 13:00:00+00:00
[2026-02-13T11:59:21.726+0000] {processor.py:183} INFO - Processing /opt/airflow/dags/etl_dag.py took 0.334 seconds
[2026-02-13T12:00:20.396+0000] {processor.py:161} INFO - Started process (PID=22527) to work on /opt/airflow/dags/etl_dag.py
[2026-02-13T12:00:20.397+0000] {processor.py:830} INFO - Processing file /opt/airflow/dags/etl_dag.py for tasks to queue
[2026-02-13T12:00:20.397+0000] {logging_mixin.py:188} INFO - [2026-02-13T12:00:20.397+0000] {dagbag.py:538} INFO - Filling up the DagBag from /opt/airflow/dags/etl_dag.py
[2026-02-13T12:00:20.433+0000] {logging_mixin.py:188} INFO - Warning: Your Kaggle API key is readable by other users on this system! To fix this, you can run 'chmod 600 /home/airflow/.kaggle/kaggle.json'
[2026-02-13T12:00:20.492+0000] {logging_mixin.py:188} WARNING - /home/airflow/.local/lib/python3.8/site-packages/airflow/models/baseoperator.py:437 AirflowProviderDeprecationWarning: `exists_ok` parameter is deprecated, please use `if_exists`
[2026-02-13T12:00:20.501+0000] {processor.py:840} INFO - DAG(s) 'ecommerce_etl_v2' retrieved from /opt/airflow/dags/etl_dag.py
[2026-02-13T12:00:20.520+0000] {logging_mixin.py:188} INFO - [2026-02-13T12:00:20.520+0000] {dag.py:3036} INFO - Sync 1 DAGs
[2026-02-13T12:00:20.531+0000] {logging_mixin.py:188} INFO - [2026-02-13T12:00:20.531+0000] {dag.py:3823} INFO - Setting next_dagrun for ecommerce_etl_v2 to 2026-02-12 13:00:00+00:00, run_after=2026-02-13 13:00:00+00:00
[2026-02-13T12:00:20.539+0000] {processor.py:183} INFO - Processing /opt/airflow/dags/etl_dag.py took 0.145 seconds
[2026-02-13T12:16:17.985+0000] {processor.py:161} INFO - Started process (PID=22558) to work on /opt/airflow/dags/etl_dag.py
[2026-02-13T12:16:17.986+0000] {processor.py:830} INFO - Processing file /opt/airflow/dags/etl_dag.py for tasks to queue
[2026-02-13T12:16:17.987+0000] {logging_mixin.py:188} INFO - [2026-02-13T12:16:17.986+0000] {dagbag.py:538} INFO - Filling up the DagBag from /opt/airflow/dags/etl_dag.py
[2026-02-13T12:16:18.033+0000] {logging_mixin.py:188} INFO - Warning: Your Kaggle API key is readable by other users on this system! To fix this, you can run 'chmod 600 /home/airflow/.kaggle/kaggle.json'
[2026-02-13T12:16:18.101+0000] {logging_mixin.py:188} WARNING - /home/airflow/.local/lib/python3.8/site-packages/airflow/models/baseoperator.py:437 AirflowProviderDeprecationWarning: `exists_ok` parameter is deprecated, please use `if_exists`
[2026-02-13T12:16:18.112+0000] {processor.py:840} INFO - DAG(s) 'ecommerce_etl_v2' retrieved from /opt/airflow/dags/etl_dag.py
[2026-02-13T12:16:18.139+0000] {logging_mixin.py:188} INFO - [2026-02-13T12:16:18.139+0000] {dag.py:3036} INFO - Sync 1 DAGs
[2026-02-13T12:16:18.156+0000] {logging_mixin.py:188} INFO - [2026-02-13T12:16:18.156+0000] {dag.py:3823} INFO - Setting next_dagrun for ecommerce_etl_v2 to 2026-02-12 13:00:00+00:00, run_after=2026-02-13 13:00:00+00:00
[2026-02-13T12:16:18.170+0000] {processor.py:183} INFO - Processing /opt/airflow/dags/etl_dag.py took 0.187 seconds
[2026-02-13T12:19:59.792+0000] {processor.py:161} INFO - Started process (PID=22591) to work on /opt/airflow/dags/etl_dag.py
[2026-02-13T12:19:59.793+0000] {processor.py:830} INFO - Processing file /opt/airflow/dags/etl_dag.py for tasks to queue
[2026-02-13T12:19:59.795+0000] {logging_mixin.py:188} INFO - [2026-02-13T12:19:59.794+0000] {dagbag.py:538} INFO - Filling up the DagBag from /opt/airflow/dags/etl_dag.py
[2026-02-13T12:19:59.850+0000] {logging_mixin.py:188} INFO - Warning: Your Kaggle API key is readable by other users on this system! To fix this, you can run 'chmod 600 /home/airflow/.kaggle/kaggle.json'
[2026-02-13T12:19:59.922+0000] {logging_mixin.py:188} WARNING - /home/airflow/.local/lib/python3.8/site-packages/airflow/models/baseoperator.py:437 AirflowProviderDeprecationWarning: `exists_ok` parameter is deprecated, please use `if_exists`
[2026-02-13T12:19:59.935+0000] {processor.py:840} INFO - DAG(s) 'ecommerce_etl_v2' retrieved from /opt/airflow/dags/etl_dag.py
[2026-02-13T12:19:59.960+0000] {logging_mixin.py:188} INFO - [2026-02-13T12:19:59.960+0000] {dag.py:3036} INFO - Sync 1 DAGs
[2026-02-13T12:19:59.974+0000] {logging_mixin.py:188} INFO - [2026-02-13T12:19:59.974+0000] {dag.py:3823} INFO - Setting next_dagrun for ecommerce_etl_v2 to 2026-02-12 13:00:00+00:00, run_after=2026-02-13 13:00:00+00:00
[2026-02-13T12:19:59.988+0000] {processor.py:183} INFO - Processing /opt/airflow/dags/etl_dag.py took 0.201 seconds
[2026-02-13T12:20:30.264+0000] {processor.py:161} INFO - Started process (PID=22622) to work on /opt/airflow/dags/etl_dag.py
[2026-02-13T12:20:30.265+0000] {processor.py:830} INFO - Processing file /opt/airflow/dags/etl_dag.py for tasks to queue
[2026-02-13T12:20:30.265+0000] {logging_mixin.py:188} INFO - [2026-02-13T12:20:30.265+0000] {dagbag.py:538} INFO - Filling up the DagBag from /opt/airflow/dags/etl_dag.py
[2026-02-13T12:20:30.304+0000] {logging_mixin.py:188} INFO - Warning: Your Kaggle API key is readable by other users on this system! To fix this, you can run 'chmod 600 /home/airflow/.kaggle/kaggle.json'
[2026-02-13T12:20:30.365+0000] {logging_mixin.py:188} WARNING - /home/airflow/.local/lib/python3.8/site-packages/airflow/models/baseoperator.py:437 AirflowProviderDeprecationWarning: `exists_ok` parameter is deprecated, please use `if_exists`
[2026-02-13T12:20:30.374+0000] {processor.py:840} INFO - DAG(s) 'ecommerce_etl_v2' retrieved from /opt/airflow/dags/etl_dag.py
[2026-02-13T12:20:30.395+0000] {logging_mixin.py:188} INFO - [2026-02-13T12:20:30.395+0000] {dag.py:3036} INFO - Sync 1 DAGs
[2026-02-13T12:20:30.406+0000] {logging_mixin.py:188} INFO - [2026-02-13T12:20:30.406+0000] {dag.py:3823} INFO - Setting next_dagrun for ecommerce_etl_v2 to 2026-02-12 13:00:00+00:00, run_after=2026-02-13 13:00:00+00:00
[2026-02-13T12:20:30.414+0000] {processor.py:183} INFO - Processing /opt/airflow/dags/etl_dag.py took 0.152 seconds
[2026-02-13T12:21:00.582+0000] {processor.py:161} INFO - Started process (PID=22653) to work on /opt/airflow/dags/etl_dag.py
[2026-02-13T12:21:00.583+0000] {processor.py:830} INFO - Processing file /opt/airflow/dags/etl_dag.py for tasks to queue
[2026-02-13T12:21:00.583+0000] {logging_mixin.py:188} INFO - [2026-02-13T12:21:00.583+0000] {dagbag.py:538} INFO - Filling up the DagBag from /opt/airflow/dags/etl_dag.py
[2026-02-13T12:21:00.627+0000] {logging_mixin.py:188} INFO - Warning: Your Kaggle API key is readable by other users on this system! To fix this, you can run 'chmod 600 /home/airflow/.kaggle/kaggle.json'
[2026-02-13T12:21:00.686+0000] {logging_mixin.py:188} WARNING - /home/airflow/.local/lib/python3.8/site-packages/airflow/models/baseoperator.py:437 AirflowProviderDeprecationWarning: `exists_ok` parameter is deprecated, please use `if_exists`
[2026-02-13T12:21:00.698+0000] {processor.py:840} INFO - DAG(s) 'ecommerce_etl_v2' retrieved from /opt/airflow/dags/etl_dag.py
[2026-02-13T12:21:00.716+0000] {logging_mixin.py:188} INFO - [2026-02-13T12:21:00.716+0000] {dag.py:3036} INFO - Sync 1 DAGs
[2026-02-13T12:21:00.726+0000] {logging_mixin.py:188} INFO - [2026-02-13T12:21:00.726+0000] {dag.py:3823} INFO - Setting next_dagrun for ecommerce_etl_v2 to 2026-02-12 13:00:00+00:00, run_after=2026-02-13 13:00:00+00:00
[2026-02-13T12:21:00.734+0000] {processor.py:183} INFO - Processing /opt/airflow/dags/etl_dag.py took 0.155 seconds
[2026-02-13T12:21:30.996+0000] {processor.py:161} INFO - Started process (PID=22684) to work on /opt/airflow/dags/etl_dag.py
[2026-02-13T12:21:30.997+0000] {processor.py:830} INFO - Processing file /opt/airflow/dags/etl_dag.py for tasks to queue
[2026-02-13T12:21:30.998+0000] {logging_mixin.py:188} INFO - [2026-02-13T12:21:30.997+0000] {dagbag.py:538} INFO - Filling up the DagBag from /opt/airflow/dags/etl_dag.py
[2026-02-13T12:21:31.046+0000] {logging_mixin.py:188} INFO - Warning: Your Kaggle API key is readable by other users on this system! To fix this, you can run 'chmod 600 /home/airflow/.kaggle/kaggle.json'
[2026-02-13T12:21:31.106+0000] {logging_mixin.py:188} WARNING - /home/airflow/.local/lib/python3.8/site-packages/airflow/models/baseoperator.py:437 AirflowProviderDeprecationWarning: `exists_ok` parameter is deprecated, please use `if_exists`
[2026-02-13T12:21:31.115+0000] {processor.py:840} INFO - DAG(s) 'ecommerce_etl_v2' retrieved from /opt/airflow/dags/etl_dag.py
[2026-02-13T12:21:31.133+0000] {logging_mixin.py:188} INFO - [2026-02-13T12:21:31.133+0000] {dag.py:3036} INFO - Sync 1 DAGs
[2026-02-13T12:21:31.143+0000] {logging_mixin.py:188} INFO - [2026-02-13T12:21:31.143+0000] {dag.py:3823} INFO - Setting next_dagrun for ecommerce_etl_v2 to 2026-02-12 13:00:00+00:00, run_after=2026-02-13 13:00:00+00:00
[2026-02-13T12:21:31.151+0000] {processor.py:183} INFO - Processing /opt/airflow/dags/etl_dag.py took 0.159 seconds
[2026-02-13T12:22:01.303+0000] {processor.py:161} INFO - Started process (PID=22715) to work on /opt/airflow/dags/etl_dag.py
[2026-02-13T12:22:01.304+0000] {processor.py:830} INFO - Processing file /opt/airflow/dags/etl_dag.py for tasks to queue
[2026-02-13T12:22:01.305+0000] {logging_mixin.py:188} INFO - [2026-02-13T12:22:01.304+0000] {dagbag.py:538} INFO - Filling up the DagBag from /opt/airflow/dags/etl_dag.py
[2026-02-13T12:22:01.350+0000] {logging_mixin.py:188} INFO - Warning: Your Kaggle API key is readable by other users on this system! To fix this, you can run 'chmod 600 /home/airflow/.kaggle/kaggle.json'
[2026-02-13T12:22:01.413+0000] {logging_mixin.py:188} WARNING - /home/airflow/.local/lib/python3.8/site-packages/airflow/models/baseoperator.py:437 AirflowProviderDeprecationWarning: `exists_ok` parameter is deprecated, please use `if_exists`
[2026-02-13T12:22:01.424+0000] {processor.py:840} INFO - DAG(s) 'ecommerce_etl_v2' retrieved from /opt/airflow/dags/etl_dag.py
[2026-02-13T12:22:01.446+0000] {logging_mixin.py:188} INFO - [2026-02-13T12:22:01.445+0000] {dag.py:3036} INFO - Sync 1 DAGs
[2026-02-13T12:22:01.456+0000] {logging_mixin.py:188} INFO - [2026-02-13T12:22:01.456+0000] {dag.py:3823} INFO - Setting next_dagrun for ecommerce_etl_v2 to 2026-02-12 13:00:00+00:00, run_after=2026-02-13 13:00:00+00:00
[2026-02-13T12:22:01.468+0000] {processor.py:183} INFO - Processing /opt/airflow/dags/etl_dag.py took 0.167 seconds
[2026-02-13T12:22:31.676+0000] {processor.py:161} INFO - Started process (PID=22746) to work on /opt/airflow/dags/etl_dag.py
[2026-02-13T12:22:31.677+0000] {processor.py:830} INFO - Processing file /opt/airflow/dags/etl_dag.py for tasks to queue
[2026-02-13T12:22:31.678+0000] {logging_mixin.py:188} INFO - [2026-02-13T12:22:31.678+0000] {dagbag.py:538} INFO - Filling up the DagBag from /opt/airflow/dags/etl_dag.py
[2026-02-13T12:22:31.723+0000] {logging_mixin.py:188} INFO - Warning: Your Kaggle API key is readable by other users on this system! To fix this, you can run 'chmod 600 /home/airflow/.kaggle/kaggle.json'
[2026-02-13T12:22:31.786+0000] {logging_mixin.py:188} WARNING - /home/airflow/.local/lib/python3.8/site-packages/airflow/models/baseoperator.py:437 AirflowProviderDeprecationWarning: `exists_ok` parameter is deprecated, please use `if_exists`
[2026-02-13T12:22:31.796+0000] {processor.py:840} INFO - DAG(s) 'ecommerce_etl_v2' retrieved from /opt/airflow/dags/etl_dag.py
[2026-02-13T12:22:31.816+0000] {logging_mixin.py:188} INFO - [2026-02-13T12:22:31.816+0000] {dag.py:3036} INFO - Sync 1 DAGs
[2026-02-13T12:22:31.827+0000] {logging_mixin.py:188} INFO - [2026-02-13T12:22:31.827+0000] {dag.py:3823} INFO - Setting next_dagrun for ecommerce_etl_v2 to 2026-02-12 13:00:00+00:00, run_after=2026-02-13 13:00:00+00:00
[2026-02-13T12:22:31.836+0000] {processor.py:183} INFO - Processing /opt/airflow/dags/etl_dag.py took 0.162 seconds
[2026-02-13T12:23:01.995+0000] {processor.py:161} INFO - Started process (PID=22777) to work on /opt/airflow/dags/etl_dag.py
[2026-02-13T12:23:01.996+0000] {processor.py:830} INFO - Processing file /opt/airflow/dags/etl_dag.py for tasks to queue
[2026-02-13T12:23:01.997+0000] {logging_mixin.py:188} INFO - [2026-02-13T12:23:01.996+0000] {dagbag.py:538} INFO - Filling up the DagBag from /opt/airflow/dags/etl_dag.py
[2026-02-13T12:23:02.047+0000] {logging_mixin.py:188} INFO - Warning: Your Kaggle API key is readable by other users on this system! To fix this, you can run 'chmod 600 /home/airflow/.kaggle/kaggle.json'
[2026-02-13T12:23:02.110+0000] {logging_mixin.py:188} WARNING - /home/airflow/.local/lib/python3.8/site-packages/airflow/models/baseoperator.py:437 AirflowProviderDeprecationWarning: `exists_ok` parameter is deprecated, please use `if_exists`
[2026-02-13T12:23:02.120+0000] {processor.py:840} INFO - DAG(s) 'ecommerce_etl_v2' retrieved from /opt/airflow/dags/etl_dag.py
[2026-02-13T12:23:02.141+0000] {logging_mixin.py:188} INFO - [2026-02-13T12:23:02.141+0000] {dag.py:3036} INFO - Sync 1 DAGs
[2026-02-13T12:23:02.153+0000] {logging_mixin.py:188} INFO - [2026-02-13T12:23:02.153+0000] {dag.py:3823} INFO - Setting next_dagrun for ecommerce_etl_v2 to 2026-02-12 13:00:00+00:00, run_after=2026-02-13 13:00:00+00:00
[2026-02-13T12:23:02.163+0000] {processor.py:183} INFO - Processing /opt/airflow/dags/etl_dag.py took 0.172 seconds
[2026-02-13T12:23:32.434+0000] {processor.py:161} INFO - Started process (PID=22808) to work on /opt/airflow/dags/etl_dag.py
[2026-02-13T12:23:32.435+0000] {processor.py:830} INFO - Processing file /opt/airflow/dags/etl_dag.py for tasks to queue
[2026-02-13T12:23:32.436+0000] {logging_mixin.py:188} INFO - [2026-02-13T12:23:32.436+0000] {dagbag.py:538} INFO - Filling up the DagBag from /opt/airflow/dags/etl_dag.py
[2026-02-13T12:23:32.482+0000] {logging_mixin.py:188} INFO - Warning: Your Kaggle API key is readable by other users on this system! To fix this, you can run 'chmod 600 /home/airflow/.kaggle/kaggle.json'
[2026-02-13T12:23:32.541+0000] {logging_mixin.py:188} WARNING - /home/airflow/.local/lib/python3.8/site-packages/airflow/models/baseoperator.py:437 AirflowProviderDeprecationWarning: `exists_ok` parameter is deprecated, please use `if_exists`
[2026-02-13T12:23:32.552+0000] {processor.py:840} INFO - DAG(s) 'ecommerce_etl_v2' retrieved from /opt/airflow/dags/etl_dag.py
[2026-02-13T12:23:32.572+0000] {logging_mixin.py:188} INFO - [2026-02-13T12:23:32.572+0000] {dag.py:3036} INFO - Sync 1 DAGs
[2026-02-13T12:23:32.583+0000] {logging_mixin.py:188} INFO - [2026-02-13T12:23:32.583+0000] {dag.py:3823} INFO - Setting next_dagrun for ecommerce_etl_v2 to 2026-02-12 13:00:00+00:00, run_after=2026-02-13 13:00:00+00:00
[2026-02-13T12:23:32.593+0000] {processor.py:183} INFO - Processing /opt/airflow/dags/etl_dag.py took 0.161 seconds
[2026-02-13T12:24:02.787+0000] {processor.py:161} INFO - Started process (PID=22839) to work on /opt/airflow/dags/etl_dag.py
[2026-02-13T12:24:02.788+0000] {processor.py:830} INFO - Processing file /opt/airflow/dags/etl_dag.py for tasks to queue
[2026-02-13T12:24:02.789+0000] {logging_mixin.py:188} INFO - [2026-02-13T12:24:02.789+0000] {dagbag.py:538} INFO - Filling up the DagBag from /opt/airflow/dags/etl_dag.py
[2026-02-13T12:24:02.830+0000] {logging_mixin.py:188} INFO - Warning: Your Kaggle API key is readable by other users on this system! To fix this, you can run 'chmod 600 /home/airflow/.kaggle/kaggle.json'
[2026-02-13T12:24:02.890+0000] {logging_mixin.py:188} WARNING - /home/airflow/.local/lib/python3.8/site-packages/airflow/models/baseoperator.py:437 AirflowProviderDeprecationWarning: `exists_ok` parameter is deprecated, please use `if_exists`
[2026-02-13T12:24:02.898+0000] {processor.py:840} INFO - DAG(s) 'ecommerce_etl_v2' retrieved from /opt/airflow/dags/etl_dag.py
[2026-02-13T12:24:02.917+0000] {logging_mixin.py:188} INFO - [2026-02-13T12:24:02.917+0000] {dag.py:3036} INFO - Sync 1 DAGs
[2026-02-13T12:24:02.927+0000] {logging_mixin.py:188} INFO - [2026-02-13T12:24:02.927+0000] {dag.py:3823} INFO - Setting next_dagrun for ecommerce_etl_v2 to 2026-02-12 13:00:00+00:00, run_after=2026-02-13 13:00:00+00:00
[2026-02-13T12:24:02.936+0000] {processor.py:183} INFO - Processing /opt/airflow/dags/etl_dag.py took 0.151 seconds
[2026-02-13T12:24:33.199+0000] {processor.py:161} INFO - Started process (PID=22870) to work on /opt/airflow/dags/etl_dag.py
[2026-02-13T12:24:33.201+0000] {processor.py:830} INFO - Processing file /opt/airflow/dags/etl_dag.py for tasks to queue
[2026-02-13T12:24:33.202+0000] {logging_mixin.py:188} INFO - [2026-02-13T12:24:33.201+0000] {dagbag.py:538} INFO - Filling up the DagBag from /opt/airflow/dags/etl_dag.py
[2026-02-13T12:24:33.245+0000] {logging_mixin.py:188} INFO - Warning: Your Kaggle API key is readable by other users on this system! To fix this, you can run 'chmod 600 /home/airflow/.kaggle/kaggle.json'
[2026-02-13T12:24:33.306+0000] {logging_mixin.py:188} WARNING - /home/airflow/.local/lib/python3.8/site-packages/airflow/models/baseoperator.py:437 AirflowProviderDeprecationWarning: `exists_ok` parameter is deprecated, please use `if_exists`
[2026-02-13T12:24:33.315+0000] {processor.py:840} INFO - DAG(s) 'ecommerce_etl_v2' retrieved from /opt/airflow/dags/etl_dag.py
[2026-02-13T12:24:33.333+0000] {logging_mixin.py:188} INFO - [2026-02-13T12:24:33.333+0000] {dag.py:3036} INFO - Sync 1 DAGs
[2026-02-13T12:24:33.344+0000] {logging_mixin.py:188} INFO - [2026-02-13T12:24:33.344+0000] {dag.py:3823} INFO - Setting next_dagrun for ecommerce_etl_v2 to 2026-02-12 13:00:00+00:00, run_after=2026-02-13 13:00:00+00:00
[2026-02-13T12:24:33.357+0000] {processor.py:183} INFO - Processing /opt/airflow/dags/etl_dag.py took 0.162 seconds
[2026-02-13T12:25:03.529+0000] {processor.py:161} INFO - Started process (PID=22901) to work on /opt/airflow/dags/etl_dag.py
[2026-02-13T12:25:03.530+0000] {processor.py:830} INFO - Processing file /opt/airflow/dags/etl_dag.py for tasks to queue
[2026-02-13T12:25:03.531+0000] {logging_mixin.py:188} INFO - [2026-02-13T12:25:03.530+0000] {dagbag.py:538} INFO - Filling up the DagBag from /opt/airflow/dags/etl_dag.py
[2026-02-13T12:25:03.576+0000] {logging_mixin.py:188} INFO - Warning: Your Kaggle API key is readable by other users on this system! To fix this, you can run 'chmod 600 /home/airflow/.kaggle/kaggle.json'
[2026-02-13T12:25:03.636+0000] {logging_mixin.py:188} WARNING - /home/airflow/.local/lib/python3.8/site-packages/airflow/models/baseoperator.py:437 AirflowProviderDeprecationWarning: `exists_ok` parameter is deprecated, please use `if_exists`
[2026-02-13T12:25:03.645+0000] {processor.py:840} INFO - DAG(s) 'ecommerce_etl_v2' retrieved from /opt/airflow/dags/etl_dag.py
[2026-02-13T12:25:03.664+0000] {logging_mixin.py:188} INFO - [2026-02-13T12:25:03.663+0000] {dag.py:3036} INFO - Sync 1 DAGs
[2026-02-13T12:25:03.674+0000] {logging_mixin.py:188} INFO - [2026-02-13T12:25:03.674+0000] {dag.py:3823} INFO - Setting next_dagrun for ecommerce_etl_v2 to 2026-02-12 13:00:00+00:00, run_after=2026-02-13 13:00:00+00:00
[2026-02-13T12:25:03.682+0000] {processor.py:183} INFO - Processing /opt/airflow/dags/etl_dag.py took 0.158 seconds
[2026-02-13T12:25:33.974+0000] {processor.py:161} INFO - Started process (PID=22932) to work on /opt/airflow/dags/etl_dag.py
[2026-02-13T12:25:33.975+0000] {processor.py:830} INFO - Processing file /opt/airflow/dags/etl_dag.py for tasks to queue
[2026-02-13T12:25:33.977+0000] {logging_mixin.py:188} INFO - [2026-02-13T12:25:33.976+0000] {dagbag.py:538} INFO - Filling up the DagBag from /opt/airflow/dags/etl_dag.py
[2026-02-13T12:25:34.029+0000] {logging_mixin.py:188} INFO - Warning: Your Kaggle API key is readable by other users on this system! To fix this, you can run 'chmod 600 /home/airflow/.kaggle/kaggle.json'
[2026-02-13T12:25:34.090+0000] {logging_mixin.py:188} WARNING - /home/airflow/.local/lib/python3.8/site-packages/airflow/models/baseoperator.py:437 AirflowProviderDeprecationWarning: `exists_ok` parameter is deprecated, please use `if_exists`
[2026-02-13T12:25:34.100+0000] {processor.py:840} INFO - DAG(s) 'ecommerce_etl_v2' retrieved from /opt/airflow/dags/etl_dag.py
[2026-02-13T12:25:34.119+0000] {logging_mixin.py:188} INFO - [2026-02-13T12:25:34.119+0000] {dag.py:3036} INFO - Sync 1 DAGs
[2026-02-13T12:25:34.129+0000] {logging_mixin.py:188} INFO - [2026-02-13T12:25:34.129+0000] {dag.py:3823} INFO - Setting next_dagrun for ecommerce_etl_v2 to 2026-02-12 13:00:00+00:00, run_after=2026-02-13 13:00:00+00:00
[2026-02-13T12:25:34.138+0000] {processor.py:183} INFO - Processing /opt/airflow/dags/etl_dag.py took 0.169 seconds
[2026-02-13T12:26:04.338+0000] {processor.py:161} INFO - Started process (PID=22963) to work on /opt/airflow/dags/etl_dag.py
[2026-02-13T12:26:04.339+0000] {processor.py:830} INFO - Processing file /opt/airflow/dags/etl_dag.py for tasks to queue
[2026-02-13T12:26:04.340+0000] {logging_mixin.py:188} INFO - [2026-02-13T12:26:04.339+0000] {dagbag.py:538} INFO - Filling up the DagBag from /opt/airflow/dags/etl_dag.py
[2026-02-13T12:26:04.384+0000] {logging_mixin.py:188} INFO - Warning: Your Kaggle API key is readable by other users on this system! To fix this, you can run 'chmod 600 /home/airflow/.kaggle/kaggle.json'
[2026-02-13T12:26:04.443+0000] {logging_mixin.py:188} WARNING - /home/airflow/.local/lib/python3.8/site-packages/airflow/models/baseoperator.py:437 AirflowProviderDeprecationWarning: `exists_ok` parameter is deprecated, please use `if_exists`
[2026-02-13T12:26:04.453+0000] {processor.py:840} INFO - DAG(s) 'ecommerce_etl_v2' retrieved from /opt/airflow/dags/etl_dag.py
[2026-02-13T12:26:04.471+0000] {logging_mixin.py:188} INFO - [2026-02-13T12:26:04.471+0000] {dag.py:3036} INFO - Sync 1 DAGs
[2026-02-13T12:26:04.481+0000] {logging_mixin.py:188} INFO - [2026-02-13T12:26:04.481+0000] {dag.py:3823} INFO - Setting next_dagrun for ecommerce_etl_v2 to 2026-02-12 13:00:00+00:00, run_after=2026-02-13 13:00:00+00:00
[2026-02-13T12:26:04.489+0000] {processor.py:183} INFO - Processing /opt/airflow/dags/etl_dag.py took 0.156 seconds
[2026-02-13T12:26:34.684+0000] {processor.py:161} INFO - Started process (PID=22994) to work on /opt/airflow/dags/etl_dag.py
[2026-02-13T12:26:34.685+0000] {processor.py:830} INFO - Processing file /opt/airflow/dags/etl_dag.py for tasks to queue
[2026-02-13T12:26:34.686+0000] {logging_mixin.py:188} INFO - [2026-02-13T12:26:34.686+0000] {dagbag.py:538} INFO - Filling up the DagBag from /opt/airflow/dags/etl_dag.py
[2026-02-13T12:26:34.730+0000] {logging_mixin.py:188} INFO - Warning: Your Kaggle API key is readable by other users on this system! To fix this, you can run 'chmod 600 /home/airflow/.kaggle/kaggle.json'
[2026-02-13T12:26:34.795+0000] {logging_mixin.py:188} WARNING - /home/airflow/.local/lib/python3.8/site-packages/airflow/models/baseoperator.py:437 AirflowProviderDeprecationWarning: `exists_ok` parameter is deprecated, please use `if_exists`
[2026-02-13T12:26:34.806+0000] {processor.py:840} INFO - DAG(s) 'ecommerce_etl_v2' retrieved from /opt/airflow/dags/etl_dag.py
[2026-02-13T12:26:34.829+0000] {logging_mixin.py:188} INFO - [2026-02-13T12:26:34.829+0000] {dag.py:3036} INFO - Sync 1 DAGs
[2026-02-13T12:26:34.842+0000] {logging_mixin.py:188} INFO - [2026-02-13T12:26:34.842+0000] {dag.py:3823} INFO - Setting next_dagrun for ecommerce_etl_v2 to 2026-02-12 13:00:00+00:00, run_after=2026-02-13 13:00:00+00:00
[2026-02-13T12:26:34.853+0000] {processor.py:183} INFO - Processing /opt/airflow/dags/etl_dag.py took 0.172 seconds
[2026-02-13T12:27:04.988+0000] {processor.py:161} INFO - Started process (PID=23025) to work on /opt/airflow/dags/etl_dag.py
[2026-02-13T12:27:04.990+0000] {processor.py:830} INFO - Processing file /opt/airflow/dags/etl_dag.py for tasks to queue
[2026-02-13T12:27:04.992+0000] {logging_mixin.py:188} INFO - [2026-02-13T12:27:04.991+0000] {dagbag.py:538} INFO - Filling up the DagBag from /opt/airflow/dags/etl_dag.py
[2026-02-13T12:27:05.034+0000] {logging_mixin.py:188} INFO - Warning: Your Kaggle API key is readable by other users on this system! To fix this, you can run 'chmod 600 /home/airflow/.kaggle/kaggle.json'
[2026-02-13T12:27:05.095+0000] {logging_mixin.py:188} WARNING - /home/airflow/.local/lib/python3.8/site-packages/airflow/models/baseoperator.py:437 AirflowProviderDeprecationWarning: `exists_ok` parameter is deprecated, please use `if_exists`
[2026-02-13T12:27:05.104+0000] {processor.py:840} INFO - DAG(s) 'ecommerce_etl_v2' retrieved from /opt/airflow/dags/etl_dag.py
[2026-02-13T12:27:05.123+0000] {logging_mixin.py:188} INFO - [2026-02-13T12:27:05.123+0000] {dag.py:3036} INFO - Sync 1 DAGs
[2026-02-13T12:27:05.133+0000] {logging_mixin.py:188} INFO - [2026-02-13T12:27:05.133+0000] {dag.py:3823} INFO - Setting next_dagrun for ecommerce_etl_v2 to 2026-02-12 13:00:00+00:00, run_after=2026-02-13 13:00:00+00:00
[2026-02-13T12:27:05.143+0000] {processor.py:183} INFO - Processing /opt/airflow/dags/etl_dag.py took 0.159 seconds
[2026-02-13T12:27:35.398+0000] {processor.py:161} INFO - Started process (PID=23056) to work on /opt/airflow/dags/etl_dag.py
[2026-02-13T12:27:35.399+0000] {processor.py:830} INFO - Processing file /opt/airflow/dags/etl_dag.py for tasks to queue
[2026-02-13T12:27:35.400+0000] {logging_mixin.py:188} INFO - [2026-02-13T12:27:35.400+0000] {dagbag.py:538} INFO - Filling up the DagBag from /opt/airflow/dags/etl_dag.py
[2026-02-13T12:27:35.442+0000] {logging_mixin.py:188} INFO - Warning: Your Kaggle API key is readable by other users on this system! To fix this, you can run 'chmod 600 /home/airflow/.kaggle/kaggle.json'
[2026-02-13T12:27:35.502+0000] {logging_mixin.py:188} WARNING - /home/airflow/.local/lib/python3.8/site-packages/airflow/models/baseoperator.py:437 AirflowProviderDeprecationWarning: `exists_ok` parameter is deprecated, please use `if_exists`
[2026-02-13T12:27:35.512+0000] {processor.py:840} INFO - DAG(s) 'ecommerce_etl_v2' retrieved from /opt/airflow/dags/etl_dag.py
[2026-02-13T12:27:35.532+0000] {logging_mixin.py:188} INFO - [2026-02-13T12:27:35.532+0000] {dag.py:3036} INFO - Sync 1 DAGs
[2026-02-13T12:27:35.542+0000] {logging_mixin.py:188} INFO - [2026-02-13T12:27:35.542+0000] {dag.py:3823} INFO - Setting next_dagrun for ecommerce_etl_v2 to 2026-02-12 13:00:00+00:00, run_after=2026-02-13 13:00:00+00:00
[2026-02-13T12:27:35.551+0000] {processor.py:183} INFO - Processing /opt/airflow/dags/etl_dag.py took 0.155 seconds
[2026-02-13T12:28:05.671+0000] {processor.py:161} INFO - Started process (PID=23087) to work on /opt/airflow/dags/etl_dag.py
[2026-02-13T12:28:05.672+0000] {processor.py:830} INFO - Processing file /opt/airflow/dags/etl_dag.py for tasks to queue
[2026-02-13T12:28:05.673+0000] {logging_mixin.py:188} INFO - [2026-02-13T12:28:05.673+0000] {dagbag.py:538} INFO - Filling up the DagBag from /opt/airflow/dags/etl_dag.py
[2026-02-13T12:28:05.719+0000] {logging_mixin.py:188} INFO - Warning: Your Kaggle API key is readable by other users on this system! To fix this, you can run 'chmod 600 /home/airflow/.kaggle/kaggle.json'
[2026-02-13T12:28:05.782+0000] {logging_mixin.py:188} WARNING - /home/airflow/.local/lib/python3.8/site-packages/airflow/models/baseoperator.py:437 AirflowProviderDeprecationWarning: `exists_ok` parameter is deprecated, please use `if_exists`
[2026-02-13T12:28:05.792+0000] {processor.py:840} INFO - DAG(s) 'ecommerce_etl_v2' retrieved from /opt/airflow/dags/etl_dag.py
[2026-02-13T12:28:05.813+0000] {logging_mixin.py:188} INFO - [2026-02-13T12:28:05.813+0000] {dag.py:3036} INFO - Sync 1 DAGs
[2026-02-13T12:28:05.824+0000] {logging_mixin.py:188} INFO - [2026-02-13T12:28:05.824+0000] {dag.py:3823} INFO - Setting next_dagrun for ecommerce_etl_v2 to 2026-02-12 13:00:00+00:00, run_after=2026-02-13 13:00:00+00:00
[2026-02-13T12:28:05.834+0000] {processor.py:183} INFO - Processing /opt/airflow/dags/etl_dag.py took 0.166 seconds
[2026-02-13T12:28:36.070+0000] {processor.py:161} INFO - Started process (PID=23118) to work on /opt/airflow/dags/etl_dag.py
[2026-02-13T12:28:36.071+0000] {processor.py:830} INFO - Processing file /opt/airflow/dags/etl_dag.py for tasks to queue
[2026-02-13T12:28:36.072+0000] {logging_mixin.py:188} INFO - [2026-02-13T12:28:36.071+0000] {dagbag.py:538} INFO - Filling up the DagBag from /opt/airflow/dags/etl_dag.py
[2026-02-13T12:28:36.127+0000] {logging_mixin.py:188} INFO - Warning: Your Kaggle API key is readable by other users on this system! To fix this, you can run 'chmod 600 /home/airflow/.kaggle/kaggle.json'
[2026-02-13T12:28:36.197+0000] {logging_mixin.py:188} WARNING - /home/airflow/.local/lib/python3.8/site-packages/airflow/models/baseoperator.py:437 AirflowProviderDeprecationWarning: `exists_ok` parameter is deprecated, please use `if_exists`
[2026-02-13T12:28:36.208+0000] {processor.py:840} INFO - DAG(s) 'ecommerce_etl_v2' retrieved from /opt/airflow/dags/etl_dag.py
[2026-02-13T12:28:36.232+0000] {logging_mixin.py:188} INFO - [2026-02-13T12:28:36.232+0000] {dag.py:3036} INFO - Sync 1 DAGs
[2026-02-13T12:28:36.247+0000] {logging_mixin.py:188} INFO - [2026-02-13T12:28:36.247+0000] {dag.py:3823} INFO - Setting next_dagrun for ecommerce_etl_v2 to 2026-02-12 13:00:00+00:00, run_after=2026-02-13 13:00:00+00:00
[2026-02-13T12:28:36.259+0000] {processor.py:183} INFO - Processing /opt/airflow/dags/etl_dag.py took 0.192 seconds
[2026-02-13T12:29:06.343+0000] {processor.py:161} INFO - Started process (PID=23149) to work on /opt/airflow/dags/etl_dag.py
[2026-02-13T12:29:06.344+0000] {processor.py:830} INFO - Processing file /opt/airflow/dags/etl_dag.py for tasks to queue
[2026-02-13T12:29:06.345+0000] {logging_mixin.py:188} INFO - [2026-02-13T12:29:06.344+0000] {dagbag.py:538} INFO - Filling up the DagBag from /opt/airflow/dags/etl_dag.py
[2026-02-13T12:29:06.398+0000] {logging_mixin.py:188} INFO - Warning: Your Kaggle API key is readable by other users on this system! To fix this, you can run 'chmod 600 /home/airflow/.kaggle/kaggle.json'
[2026-02-13T12:29:06.463+0000] {logging_mixin.py:188} WARNING - /home/airflow/.local/lib/python3.8/site-packages/airflow/models/baseoperator.py:437 AirflowProviderDeprecationWarning: `exists_ok` parameter is deprecated, please use `if_exists`
[2026-02-13T12:29:06.475+0000] {processor.py:840} INFO - DAG(s) 'ecommerce_etl_v2' retrieved from /opt/airflow/dags/etl_dag.py
[2026-02-13T12:29:06.500+0000] {logging_mixin.py:188} INFO - [2026-02-13T12:29:06.499+0000] {dag.py:3036} INFO - Sync 1 DAGs
[2026-02-13T12:29:06.514+0000] {logging_mixin.py:188} INFO - [2026-02-13T12:29:06.514+0000] {dag.py:3823} INFO - Setting next_dagrun for ecommerce_etl_v2 to 2026-02-12 13:00:00+00:00, run_after=2026-02-13 13:00:00+00:00
[2026-02-13T12:29:06.526+0000] {processor.py:183} INFO - Processing /opt/airflow/dags/etl_dag.py took 0.187 seconds
[2026-02-13T12:29:36.796+0000] {processor.py:161} INFO - Started process (PID=23180) to work on /opt/airflow/dags/etl_dag.py
[2026-02-13T12:29:36.798+0000] {processor.py:830} INFO - Processing file /opt/airflow/dags/etl_dag.py for tasks to queue
[2026-02-13T12:29:36.799+0000] {logging_mixin.py:188} INFO - [2026-02-13T12:29:36.798+0000] {dagbag.py:538} INFO - Filling up the DagBag from /opt/airflow/dags/etl_dag.py
[2026-02-13T12:29:36.848+0000] {logging_mixin.py:188} INFO - Warning: Your Kaggle API key is readable by other users on this system! To fix this, you can run 'chmod 600 /home/airflow/.kaggle/kaggle.json'
[2026-02-13T12:29:36.918+0000] {logging_mixin.py:188} WARNING - /home/airflow/.local/lib/python3.8/site-packages/airflow/models/baseoperator.py:437 AirflowProviderDeprecationWarning: `exists_ok` parameter is deprecated, please use `if_exists`
[2026-02-13T12:29:36.928+0000] {processor.py:840} INFO - DAG(s) 'ecommerce_etl_v2' retrieved from /opt/airflow/dags/etl_dag.py
[2026-02-13T12:29:36.950+0000] {logging_mixin.py:188} INFO - [2026-02-13T12:29:36.949+0000] {dag.py:3036} INFO - Sync 1 DAGs
[2026-02-13T12:29:36.962+0000] {logging_mixin.py:188} INFO - [2026-02-13T12:29:36.962+0000] {dag.py:3823} INFO - Setting next_dagrun for ecommerce_etl_v2 to 2026-02-12 13:00:00+00:00, run_after=2026-02-13 13:00:00+00:00
[2026-02-13T12:29:36.972+0000] {processor.py:183} INFO - Processing /opt/airflow/dags/etl_dag.py took 0.180 seconds
[2026-02-13T12:30:07.166+0000] {processor.py:161} INFO - Started process (PID=23211) to work on /opt/airflow/dags/etl_dag.py
[2026-02-13T12:30:07.167+0000] {processor.py:830} INFO - Processing file /opt/airflow/dags/etl_dag.py for tasks to queue
[2026-02-13T12:30:07.168+0000] {logging_mixin.py:188} INFO - [2026-02-13T12:30:07.168+0000] {dagbag.py:538} INFO - Filling up the DagBag from /opt/airflow/dags/etl_dag.py
[2026-02-13T12:30:07.215+0000] {logging_mixin.py:188} INFO - Warning: Your Kaggle API key is readable by other users on this system! To fix this, you can run 'chmod 600 /home/airflow/.kaggle/kaggle.json'
[2026-02-13T12:30:07.275+0000] {logging_mixin.py:188} WARNING - /home/airflow/.local/lib/python3.8/site-packages/airflow/models/baseoperator.py:437 AirflowProviderDeprecationWarning: `exists_ok` parameter is deprecated, please use `if_exists`
[2026-02-13T12:30:07.284+0000] {processor.py:840} INFO - DAG(s) 'ecommerce_etl_v2' retrieved from /opt/airflow/dags/etl_dag.py
[2026-02-13T12:30:07.304+0000] {logging_mixin.py:188} INFO - [2026-02-13T12:30:07.304+0000] {dag.py:3036} INFO - Sync 1 DAGs
[2026-02-13T12:30:07.316+0000] {logging_mixin.py:188} INFO - [2026-02-13T12:30:07.315+0000] {dag.py:3823} INFO - Setting next_dagrun for ecommerce_etl_v2 to 2026-02-12 13:00:00+00:00, run_after=2026-02-13 13:00:00+00:00
[2026-02-13T12:30:07.325+0000] {processor.py:183} INFO - Processing /opt/airflow/dags/etl_dag.py took 0.163 seconds
[2026-02-13T12:30:37.544+0000] {processor.py:161} INFO - Started process (PID=23242) to work on /opt/airflow/dags/etl_dag.py
[2026-02-13T12:30:37.545+0000] {processor.py:830} INFO - Processing file /opt/airflow/dags/etl_dag.py for tasks to queue
[2026-02-13T12:30:37.546+0000] {logging_mixin.py:188} INFO - [2026-02-13T12:30:37.546+0000] {dagbag.py:538} INFO - Filling up the DagBag from /opt/airflow/dags/etl_dag.py
[2026-02-13T12:30:37.593+0000] {logging_mixin.py:188} INFO - Warning: Your Kaggle API key is readable by other users on this system! To fix this, you can run 'chmod 600 /home/airflow/.kaggle/kaggle.json'
[2026-02-13T12:30:37.654+0000] {logging_mixin.py:188} WARNING - /home/airflow/.local/lib/python3.8/site-packages/airflow/models/baseoperator.py:437 AirflowProviderDeprecationWarning: `exists_ok` parameter is deprecated, please use `if_exists`
[2026-02-13T12:30:37.662+0000] {processor.py:840} INFO - DAG(s) 'ecommerce_etl_v2' retrieved from /opt/airflow/dags/etl_dag.py
[2026-02-13T12:30:37.682+0000] {logging_mixin.py:188} INFO - [2026-02-13T12:30:37.681+0000] {dag.py:3036} INFO - Sync 1 DAGs
[2026-02-13T12:30:37.692+0000] {logging_mixin.py:188} INFO - [2026-02-13T12:30:37.692+0000] {dag.py:3823} INFO - Setting next_dagrun for ecommerce_etl_v2 to 2026-02-12 13:00:00+00:00, run_after=2026-02-13 13:00:00+00:00
[2026-02-13T12:30:37.701+0000] {processor.py:183} INFO - Processing /opt/airflow/dags/etl_dag.py took 0.161 seconds
[2026-02-13T12:31:07.864+0000] {processor.py:161} INFO - Started process (PID=23273) to work on /opt/airflow/dags/etl_dag.py
[2026-02-13T12:31:07.865+0000] {processor.py:830} INFO - Processing file /opt/airflow/dags/etl_dag.py for tasks to queue
[2026-02-13T12:31:07.866+0000] {logging_mixin.py:188} INFO - [2026-02-13T12:31:07.866+0000] {dagbag.py:538} INFO - Filling up the DagBag from /opt/airflow/dags/etl_dag.py
[2026-02-13T12:31:07.913+0000] {logging_mixin.py:188} INFO - Warning: Your Kaggle API key is readable by other users on this system! To fix this, you can run 'chmod 600 /home/airflow/.kaggle/kaggle.json'
[2026-02-13T12:31:07.973+0000] {logging_mixin.py:188} WARNING - /home/airflow/.local/lib/python3.8/site-packages/airflow/models/baseoperator.py:437 AirflowProviderDeprecationWarning: `exists_ok` parameter is deprecated, please use `if_exists`
[2026-02-13T12:31:07.985+0000] {processor.py:840} INFO - DAG(s) 'ecommerce_etl_v2' retrieved from /opt/airflow/dags/etl_dag.py
[2026-02-13T12:31:08.003+0000] {logging_mixin.py:188} INFO - [2026-02-13T12:31:08.003+0000] {dag.py:3036} INFO - Sync 1 DAGs
[2026-02-13T12:31:08.013+0000] {logging_mixin.py:188} INFO - [2026-02-13T12:31:08.013+0000] {dag.py:3823} INFO - Setting next_dagrun for ecommerce_etl_v2 to 2026-02-12 13:00:00+00:00, run_after=2026-02-13 13:00:00+00:00
[2026-02-13T12:31:08.021+0000] {processor.py:183} INFO - Processing /opt/airflow/dags/etl_dag.py took 0.163 seconds
[2026-02-13T12:31:38.239+0000] {processor.py:161} INFO - Started process (PID=23304) to work on /opt/airflow/dags/etl_dag.py
[2026-02-13T12:31:38.241+0000] {processor.py:830} INFO - Processing file /opt/airflow/dags/etl_dag.py for tasks to queue
[2026-02-13T12:31:38.242+0000] {logging_mixin.py:188} INFO - [2026-02-13T12:31:38.241+0000] {dagbag.py:538} INFO - Filling up the DagBag from /opt/airflow/dags/etl_dag.py
[2026-02-13T12:31:38.294+0000] {logging_mixin.py:188} INFO - Warning: Your Kaggle API key is readable by other users on this system! To fix this, you can run 'chmod 600 /home/airflow/.kaggle/kaggle.json'
[2026-02-13T12:31:38.357+0000] {logging_mixin.py:188} WARNING - /home/airflow/.local/lib/python3.8/site-packages/airflow/models/baseoperator.py:437 AirflowProviderDeprecationWarning: `exists_ok` parameter is deprecated, please use `if_exists`
[2026-02-13T12:31:38.366+0000] {processor.py:840} INFO - DAG(s) 'ecommerce_etl_v2' retrieved from /opt/airflow/dags/etl_dag.py
[2026-02-13T12:31:38.387+0000] {logging_mixin.py:188} INFO - [2026-02-13T12:31:38.387+0000] {dag.py:3036} INFO - Sync 1 DAGs
[2026-02-13T12:31:38.398+0000] {logging_mixin.py:188} INFO - [2026-02-13T12:31:38.398+0000] {dag.py:3823} INFO - Setting next_dagrun for ecommerce_etl_v2 to 2026-02-12 13:00:00+00:00, run_after=2026-02-13 13:00:00+00:00
[2026-02-13T12:31:38.408+0000] {processor.py:183} INFO - Processing /opt/airflow/dags/etl_dag.py took 0.173 seconds
[2026-02-13T12:32:08.563+0000] {processor.py:161} INFO - Started process (PID=23335) to work on /opt/airflow/dags/etl_dag.py
[2026-02-13T12:32:08.564+0000] {processor.py:830} INFO - Processing file /opt/airflow/dags/etl_dag.py for tasks to queue
[2026-02-13T12:32:08.566+0000] {logging_mixin.py:188} INFO - [2026-02-13T12:32:08.565+0000] {dagbag.py:538} INFO - Filling up the DagBag from /opt/airflow/dags/etl_dag.py
[2026-02-13T12:32:08.610+0000] {logging_mixin.py:188} INFO - Warning: Your Kaggle API key is readable by other users on this system! To fix this, you can run 'chmod 600 /home/airflow/.kaggle/kaggle.json'
[2026-02-13T12:32:08.669+0000] {logging_mixin.py:188} WARNING - /home/airflow/.local/lib/python3.8/site-packages/airflow/models/baseoperator.py:437 AirflowProviderDeprecationWarning: `exists_ok` parameter is deprecated, please use `if_exists`
[2026-02-13T12:32:08.678+0000] {processor.py:840} INFO - DAG(s) 'ecommerce_etl_v2' retrieved from /opt/airflow/dags/etl_dag.py
[2026-02-13T12:32:08.696+0000] {logging_mixin.py:188} INFO - [2026-02-13T12:32:08.696+0000] {dag.py:3036} INFO - Sync 1 DAGs
[2026-02-13T12:32:08.706+0000] {logging_mixin.py:188} INFO - [2026-02-13T12:32:08.706+0000] {dag.py:3823} INFO - Setting next_dagrun for ecommerce_etl_v2 to 2026-02-12 13:00:00+00:00, run_after=2026-02-13 13:00:00+00:00
[2026-02-13T12:32:08.715+0000] {processor.py:183} INFO - Processing /opt/airflow/dags/etl_dag.py took 0.157 seconds
[2026-02-13T12:32:38.977+0000] {processor.py:161} INFO - Started process (PID=23366) to work on /opt/airflow/dags/etl_dag.py
[2026-02-13T12:32:38.978+0000] {processor.py:830} INFO - Processing file /opt/airflow/dags/etl_dag.py for tasks to queue
[2026-02-13T12:32:38.978+0000] {logging_mixin.py:188} INFO - [2026-02-13T12:32:38.978+0000] {dagbag.py:538} INFO - Filling up the DagBag from /opt/airflow/dags/etl_dag.py
[2026-02-13T12:32:39.019+0000] {logging_mixin.py:188} INFO - Warning: Your Kaggle API key is readable by other users on this system! To fix this, you can run 'chmod 600 /home/airflow/.kaggle/kaggle.json'
[2026-02-13T12:32:39.082+0000] {logging_mixin.py:188} WARNING - /home/airflow/.local/lib/python3.8/site-packages/airflow/models/baseoperator.py:437 AirflowProviderDeprecationWarning: `exists_ok` parameter is deprecated, please use `if_exists`
[2026-02-13T12:32:39.092+0000] {processor.py:840} INFO - DAG(s) 'ecommerce_etl_v2' retrieved from /opt/airflow/dags/etl_dag.py
[2026-02-13T12:32:39.112+0000] {logging_mixin.py:188} INFO - [2026-02-13T12:32:39.112+0000] {dag.py:3036} INFO - Sync 1 DAGs
[2026-02-13T12:32:39.125+0000] {logging_mixin.py:188} INFO - [2026-02-13T12:32:39.125+0000] {dag.py:3823} INFO - Setting next_dagrun for ecommerce_etl_v2 to 2026-02-12 13:00:00+00:00, run_after=2026-02-13 13:00:00+00:00
[2026-02-13T12:32:39.135+0000] {processor.py:183} INFO - Processing /opt/airflow/dags/etl_dag.py took 0.161 seconds
[2026-02-13T12:33:09.355+0000] {processor.py:161} INFO - Started process (PID=23397) to work on /opt/airflow/dags/etl_dag.py
[2026-02-13T12:33:09.356+0000] {processor.py:830} INFO - Processing file /opt/airflow/dags/etl_dag.py for tasks to queue
[2026-02-13T12:33:09.357+0000] {logging_mixin.py:188} INFO - [2026-02-13T12:33:09.356+0000] {dagbag.py:538} INFO - Filling up the DagBag from /opt/airflow/dags/etl_dag.py
[2026-02-13T12:33:09.400+0000] {logging_mixin.py:188} INFO - Warning: Your Kaggle API key is readable by other users on this system! To fix this, you can run 'chmod 600 /home/airflow/.kaggle/kaggle.json'
[2026-02-13T12:33:09.460+0000] {logging_mixin.py:188} WARNING - /home/airflow/.local/lib/python3.8/site-packages/airflow/models/baseoperator.py:437 AirflowProviderDeprecationWarning: `exists_ok` parameter is deprecated, please use `if_exists`
[2026-02-13T12:33:09.470+0000] {processor.py:840} INFO - DAG(s) 'ecommerce_etl_v2' retrieved from /opt/airflow/dags/etl_dag.py
[2026-02-13T12:33:09.489+0000] {logging_mixin.py:188} INFO - [2026-02-13T12:33:09.489+0000] {dag.py:3036} INFO - Sync 1 DAGs
[2026-02-13T12:33:09.499+0000] {logging_mixin.py:188} INFO - [2026-02-13T12:33:09.499+0000] {dag.py:3823} INFO - Setting next_dagrun for ecommerce_etl_v2 to 2026-02-12 13:00:00+00:00, run_after=2026-02-13 13:00:00+00:00
[2026-02-13T12:33:09.507+0000] {processor.py:183} INFO - Processing /opt/airflow/dags/etl_dag.py took 0.157 seconds
[2026-02-13T12:33:39.778+0000] {processor.py:161} INFO - Started process (PID=23428) to work on /opt/airflow/dags/etl_dag.py
[2026-02-13T12:33:39.779+0000] {processor.py:830} INFO - Processing file /opt/airflow/dags/etl_dag.py for tasks to queue
[2026-02-13T12:33:39.780+0000] {logging_mixin.py:188} INFO - [2026-02-13T12:33:39.780+0000] {dagbag.py:538} INFO - Filling up the DagBag from /opt/airflow/dags/etl_dag.py
[2026-02-13T12:33:39.828+0000] {logging_mixin.py:188} INFO - Warning: Your Kaggle API key is readable by other users on this system! To fix this, you can run 'chmod 600 /home/airflow/.kaggle/kaggle.json'
[2026-02-13T12:33:39.887+0000] {logging_mixin.py:188} WARNING - /home/airflow/.local/lib/python3.8/site-packages/airflow/models/baseoperator.py:437 AirflowProviderDeprecationWarning: `exists_ok` parameter is deprecated, please use `if_exists`
[2026-02-13T12:33:39.896+0000] {processor.py:840} INFO - DAG(s) 'ecommerce_etl_v2' retrieved from /opt/airflow/dags/etl_dag.py
[2026-02-13T12:33:39.915+0000] {logging_mixin.py:188} INFO - [2026-02-13T12:33:39.914+0000] {dag.py:3036} INFO - Sync 1 DAGs
[2026-02-13T12:33:39.925+0000] {logging_mixin.py:188} INFO - [2026-02-13T12:33:39.924+0000] {dag.py:3823} INFO - Setting next_dagrun for ecommerce_etl_v2 to 2026-02-12 13:00:00+00:00, run_after=2026-02-13 13:00:00+00:00
[2026-02-13T12:33:39.933+0000] {processor.py:183} INFO - Processing /opt/airflow/dags/etl_dag.py took 0.159 seconds
[2026-02-13T12:34:10.137+0000] {processor.py:161} INFO - Started process (PID=23459) to work on /opt/airflow/dags/etl_dag.py
[2026-02-13T12:34:10.139+0000] {processor.py:830} INFO - Processing file /opt/airflow/dags/etl_dag.py for tasks to queue
[2026-02-13T12:34:10.140+0000] {logging_mixin.py:188} INFO - [2026-02-13T12:34:10.139+0000] {dagbag.py:538} INFO - Filling up the DagBag from /opt/airflow/dags/etl_dag.py
[2026-02-13T12:34:10.185+0000] {logging_mixin.py:188} INFO - Warning: Your Kaggle API key is readable by other users on this system! To fix this, you can run 'chmod 600 /home/airflow/.kaggle/kaggle.json'
[2026-02-13T12:34:10.244+0000] {logging_mixin.py:188} WARNING - /home/airflow/.local/lib/python3.8/site-packages/airflow/models/baseoperator.py:437 AirflowProviderDeprecationWarning: `exists_ok` parameter is deprecated, please use `if_exists`
[2026-02-13T12:34:10.252+0000] {processor.py:840} INFO - DAG(s) 'ecommerce_etl_v2' retrieved from /opt/airflow/dags/etl_dag.py
[2026-02-13T12:34:10.271+0000] {logging_mixin.py:188} INFO - [2026-02-13T12:34:10.270+0000] {dag.py:3036} INFO - Sync 1 DAGs
[2026-02-13T12:34:10.281+0000] {logging_mixin.py:188} INFO - [2026-02-13T12:34:10.280+0000] {dag.py:3823} INFO - Setting next_dagrun for ecommerce_etl_v2 to 2026-02-12 13:00:00+00:00, run_after=2026-02-13 13:00:00+00:00
[2026-02-13T12:34:10.289+0000] {processor.py:183} INFO - Processing /opt/airflow/dags/etl_dag.py took 0.156 seconds
[2026-02-13T12:34:40.565+0000] {processor.py:161} INFO - Started process (PID=23490) to work on /opt/airflow/dags/etl_dag.py
[2026-02-13T12:34:40.566+0000] {processor.py:830} INFO - Processing file /opt/airflow/dags/etl_dag.py for tasks to queue
[2026-02-13T12:34:40.566+0000] {logging_mixin.py:188} INFO - [2026-02-13T12:34:40.566+0000] {dagbag.py:538} INFO - Filling up the DagBag from /opt/airflow/dags/etl_dag.py
[2026-02-13T12:34:40.602+0000] {logging_mixin.py:188} INFO - Warning: Your Kaggle API key is readable by other users on this system! To fix this, you can run 'chmod 600 /home/airflow/.kaggle/kaggle.json'
[2026-02-13T12:34:40.662+0000] {logging_mixin.py:188} WARNING - /home/airflow/.local/lib/python3.8/site-packages/airflow/models/baseoperator.py:437 AirflowProviderDeprecationWarning: `exists_ok` parameter is deprecated, please use `if_exists`
[2026-02-13T12:34:40.671+0000] {processor.py:840} INFO - DAG(s) 'ecommerce_etl_v2' retrieved from /opt/airflow/dags/etl_dag.py
[2026-02-13T12:34:40.691+0000] {logging_mixin.py:188} INFO - [2026-02-13T12:34:40.691+0000] {dag.py:3036} INFO - Sync 1 DAGs
[2026-02-13T12:34:40.701+0000] {logging_mixin.py:188} INFO - [2026-02-13T12:34:40.701+0000] {dag.py:3823} INFO - Setting next_dagrun for ecommerce_etl_v2 to 2026-02-12 13:00:00+00:00, run_after=2026-02-13 13:00:00+00:00
[2026-02-13T12:34:40.710+0000] {processor.py:183} INFO - Processing /opt/airflow/dags/etl_dag.py took 0.147 seconds
[2026-02-13T12:35:10.820+0000] {processor.py:161} INFO - Started process (PID=23521) to work on /opt/airflow/dags/etl_dag.py
[2026-02-13T12:35:10.821+0000] {processor.py:830} INFO - Processing file /opt/airflow/dags/etl_dag.py for tasks to queue
[2026-02-13T12:35:10.822+0000] {logging_mixin.py:188} INFO - [2026-02-13T12:35:10.821+0000] {dagbag.py:538} INFO - Filling up the DagBag from /opt/airflow/dags/etl_dag.py
[2026-02-13T12:35:10.859+0000] {logging_mixin.py:188} INFO - Warning: Your Kaggle API key is readable by other users on this system! To fix this, you can run 'chmod 600 /home/airflow/.kaggle/kaggle.json'
[2026-02-13T12:35:10.919+0000] {logging_mixin.py:188} WARNING - /home/airflow/.local/lib/python3.8/site-packages/airflow/models/baseoperator.py:437 AirflowProviderDeprecationWarning: `exists_ok` parameter is deprecated, please use `if_exists`
[2026-02-13T12:35:10.928+0000] {processor.py:840} INFO - DAG(s) 'ecommerce_etl_v2' retrieved from /opt/airflow/dags/etl_dag.py
[2026-02-13T12:35:10.946+0000] {logging_mixin.py:188} INFO - [2026-02-13T12:35:10.946+0000] {dag.py:3036} INFO - Sync 1 DAGs
[2026-02-13T12:35:10.956+0000] {logging_mixin.py:188} INFO - [2026-02-13T12:35:10.956+0000] {dag.py:3823} INFO - Setting next_dagrun for ecommerce_etl_v2 to 2026-02-12 13:00:00+00:00, run_after=2026-02-13 13:00:00+00:00
[2026-02-13T12:35:10.965+0000] {processor.py:183} INFO - Processing /opt/airflow/dags/etl_dag.py took 0.147 seconds
[2026-02-13T12:35:41.217+0000] {processor.py:161} INFO - Started process (PID=23552) to work on /opt/airflow/dags/etl_dag.py
[2026-02-13T12:35:41.218+0000] {processor.py:830} INFO - Processing file /opt/airflow/dags/etl_dag.py for tasks to queue
[2026-02-13T12:35:41.219+0000] {logging_mixin.py:188} INFO - [2026-02-13T12:35:41.219+0000] {dagbag.py:538} INFO - Filling up the DagBag from /opt/airflow/dags/etl_dag.py
[2026-02-13T12:35:41.263+0000] {logging_mixin.py:188} INFO - Warning: Your Kaggle API key is readable by other users on this system! To fix this, you can run 'chmod 600 /home/airflow/.kaggle/kaggle.json'
[2026-02-13T12:35:41.323+0000] {logging_mixin.py:188} WARNING - /home/airflow/.local/lib/python3.8/site-packages/airflow/models/baseoperator.py:437 AirflowProviderDeprecationWarning: `exists_ok` parameter is deprecated, please use `if_exists`
[2026-02-13T12:35:41.332+0000] {processor.py:840} INFO - DAG(s) 'ecommerce_etl_v2' retrieved from /opt/airflow/dags/etl_dag.py
[2026-02-13T12:35:41.350+0000] {logging_mixin.py:188} INFO - [2026-02-13T12:35:41.350+0000] {dag.py:3036} INFO - Sync 1 DAGs
[2026-02-13T12:35:41.360+0000] {logging_mixin.py:188} INFO - [2026-02-13T12:35:41.360+0000] {dag.py:3823} INFO - Setting next_dagrun for ecommerce_etl_v2 to 2026-02-12 13:00:00+00:00, run_after=2026-02-13 13:00:00+00:00
[2026-02-13T12:35:41.369+0000] {processor.py:183} INFO - Processing /opt/airflow/dags/etl_dag.py took 0.155 seconds
[2026-02-13T12:36:11.539+0000] {processor.py:161} INFO - Started process (PID=23583) to work on /opt/airflow/dags/etl_dag.py
[2026-02-13T12:36:11.540+0000] {processor.py:830} INFO - Processing file /opt/airflow/dags/etl_dag.py for tasks to queue
[2026-02-13T12:36:11.541+0000] {logging_mixin.py:188} INFO - [2026-02-13T12:36:11.541+0000] {dagbag.py:538} INFO - Filling up the DagBag from /opt/airflow/dags/etl_dag.py
[2026-02-13T12:36:11.586+0000] {logging_mixin.py:188} INFO - Warning: Your Kaggle API key is readable by other users on this system! To fix this, you can run 'chmod 600 /home/airflow/.kaggle/kaggle.json'
[2026-02-13T12:36:11.646+0000] {logging_mixin.py:188} WARNING - /home/airflow/.local/lib/python3.8/site-packages/airflow/models/baseoperator.py:437 AirflowProviderDeprecationWarning: `exists_ok` parameter is deprecated, please use `if_exists`
[2026-02-13T12:36:11.656+0000] {processor.py:840} INFO - DAG(s) 'ecommerce_etl_v2' retrieved from /opt/airflow/dags/etl_dag.py
[2026-02-13T12:36:11.675+0000] {logging_mixin.py:188} INFO - [2026-02-13T12:36:11.675+0000] {dag.py:3036} INFO - Sync 1 DAGs
[2026-02-13T12:36:11.685+0000] {logging_mixin.py:188} INFO - [2026-02-13T12:36:11.685+0000] {dag.py:3823} INFO - Setting next_dagrun for ecommerce_etl_v2 to 2026-02-12 13:00:00+00:00, run_after=2026-02-13 13:00:00+00:00
[2026-02-13T12:36:11.694+0000] {processor.py:183} INFO - Processing /opt/airflow/dags/etl_dag.py took 0.158 seconds
[2026-02-13T13:09:05.126+0000] {processor.py:161} INFO - Started process (PID=23614) to work on /opt/airflow/dags/etl_dag.py
[2026-02-13T13:09:05.126+0000] {processor.py:830} INFO - Processing file /opt/airflow/dags/etl_dag.py for tasks to queue
[2026-02-13T13:09:05.127+0000] {logging_mixin.py:188} INFO - [2026-02-13T13:09:05.127+0000] {dagbag.py:538} INFO - Filling up the DagBag from /opt/airflow/dags/etl_dag.py
[2026-02-13T13:09:05.404+0000] {logging_mixin.py:188} INFO - Warning: Your Kaggle API key is readable by other users on this system! To fix this, you can run 'chmod 600 /home/airflow/.kaggle/kaggle.json'
[2026-02-13T13:09:05.546+0000] {logging_mixin.py:188} WARNING - /home/airflow/.local/lib/python3.8/site-packages/airflow/models/baseoperator.py:437 AirflowProviderDeprecationWarning: `exists_ok` parameter is deprecated, please use `if_exists`
[2026-02-13T13:09:05.571+0000] {processor.py:840} INFO - DAG(s) 'ecommerce_etl_v2' retrieved from /opt/airflow/dags/etl_dag.py
[2026-02-13T13:09:05.616+0000] {logging_mixin.py:188} INFO - [2026-02-13T13:09:05.615+0000] {dag.py:3036} INFO - Sync 1 DAGs
[2026-02-13T13:09:05.645+0000] {logging_mixin.py:188} INFO - [2026-02-13T13:09:05.645+0000] {dag.py:3823} INFO - Setting next_dagrun for ecommerce_etl_v2 to 2026-02-12 13:00:00+00:00, run_after=2026-02-13 13:00:00+00:00
[2026-02-13T13:09:05.667+0000] {processor.py:183} INFO - Processing /opt/airflow/dags/etl_dag.py took 0.544 seconds
[2026-02-13T14:04:02.939+0000] {processor.py:161} INFO - Started process (PID=23850) to work on /opt/airflow/dags/etl_dag.py
[2026-02-13T14:04:02.939+0000] {processor.py:830} INFO - Processing file /opt/airflow/dags/etl_dag.py for tasks to queue
[2026-02-13T14:04:02.940+0000] {logging_mixin.py:188} INFO - [2026-02-13T14:04:02.940+0000] {dagbag.py:538} INFO - Filling up the DagBag from /opt/airflow/dags/etl_dag.py
[2026-02-13T14:04:02.976+0000] {logging_mixin.py:188} INFO - Warning: Your Kaggle API key is readable by other users on this system! To fix this, you can run 'chmod 600 /home/airflow/.kaggle/kaggle.json'
[2026-02-13T14:04:03.047+0000] {logging_mixin.py:188} WARNING - /home/airflow/.local/lib/python3.8/site-packages/airflow/models/baseoperator.py:437 AirflowProviderDeprecationWarning: `exists_ok` parameter is deprecated, please use `if_exists`
[2026-02-13T14:04:03.059+0000] {processor.py:840} INFO - DAG(s) 'ecommerce_etl_v2' retrieved from /opt/airflow/dags/etl_dag.py
[2026-02-13T14:04:03.083+0000] {logging_mixin.py:188} INFO - [2026-02-13T14:04:03.083+0000] {dag.py:3036} INFO - Sync 1 DAGs
[2026-02-13T14:04:03.107+0000] {processor.py:183} INFO - Processing /opt/airflow/dags/etl_dag.py took 0.171 seconds
[2026-02-13T15:23:52.298+0000] {processor.py:161} INFO - Started process (PID=23937) to work on /opt/airflow/dags/etl_dag.py
[2026-02-13T15:23:52.299+0000] {processor.py:830} INFO - Processing file /opt/airflow/dags/etl_dag.py for tasks to queue
[2026-02-13T15:23:52.300+0000] {logging_mixin.py:188} INFO - [2026-02-13T15:23:52.300+0000] {dagbag.py:538} INFO - Filling up the DagBag from /opt/airflow/dags/etl_dag.py
[2026-02-13T15:23:52.347+0000] {logging_mixin.py:188} INFO - Warning: Your Kaggle API key is readable by other users on this system! To fix this, you can run 'chmod 600 /home/airflow/.kaggle/kaggle.json'
[2026-02-13T15:23:52.412+0000] {logging_mixin.py:188} WARNING - /home/airflow/.local/lib/python3.8/site-packages/airflow/models/baseoperator.py:437 AirflowProviderDeprecationWarning: `exists_ok` parameter is deprecated, please use `if_exists`
[2026-02-13T15:23:52.423+0000] {processor.py:840} INFO - DAG(s) 'ecommerce_etl_v2' retrieved from /opt/airflow/dags/etl_dag.py
[2026-02-13T15:23:52.448+0000] {logging_mixin.py:188} INFO - [2026-02-13T15:23:52.447+0000] {dag.py:3036} INFO - Sync 1 DAGs
[2026-02-13T15:23:52.473+0000] {processor.py:183} INFO - Processing /opt/airflow/dags/etl_dag.py took 0.179 seconds
[2026-02-13T15:55:25.492+0000] {processor.py:161} INFO - Started process (PID=24024) to work on /opt/airflow/dags/etl_dag.py
[2026-02-13T15:55:25.492+0000] {processor.py:830} INFO - Processing file /opt/airflow/dags/etl_dag.py for tasks to queue
[2026-02-13T15:55:25.493+0000] {logging_mixin.py:188} INFO - [2026-02-13T15:55:25.493+0000] {dagbag.py:538} INFO - Filling up the DagBag from /opt/airflow/dags/etl_dag.py
[2026-02-13T15:55:25.541+0000] {logging_mixin.py:188} INFO - Warning: Your Kaggle API key is readable by other users on this system! To fix this, you can run 'chmod 600 /home/airflow/.kaggle/kaggle.json'
[2026-02-13T15:55:25.610+0000] {logging_mixin.py:188} WARNING - /home/airflow/.local/lib/python3.8/site-packages/airflow/models/baseoperator.py:437 AirflowProviderDeprecationWarning: `exists_ok` parameter is deprecated, please use `if_exists`
[2026-02-13T15:55:25.622+0000] {processor.py:840} INFO - DAG(s) 'ecommerce_etl_v2' retrieved from /opt/airflow/dags/etl_dag.py
[2026-02-13T15:55:25.643+0000] {logging_mixin.py:188} INFO - [2026-02-13T15:55:25.643+0000] {dag.py:3036} INFO - Sync 1 DAGs
[2026-02-13T15:55:25.653+0000] {logging_mixin.py:188} INFO - [2026-02-13T15:55:25.653+0000] {dag.py:3823} INFO - Setting next_dagrun for ecommerce_etl_v2 to 2026-02-13 13:00:00+00:00, run_after=2026-02-14 13:00:00+00:00
[2026-02-13T15:55:25.664+0000] {processor.py:183} INFO - Processing /opt/airflow/dags/etl_dag.py took 0.175 seconds
[2026-02-13T16:28:21.843+0000] {processor.py:161} INFO - Started process (PID=24055) to work on /opt/airflow/dags/etl_dag.py
[2026-02-13T16:28:21.843+0000] {processor.py:830} INFO - Processing file /opt/airflow/dags/etl_dag.py for tasks to queue
[2026-02-13T16:28:21.844+0000] {logging_mixin.py:188} INFO - [2026-02-13T16:28:21.844+0000] {dagbag.py:538} INFO - Filling up the DagBag from /opt/airflow/dags/etl_dag.py
[2026-02-13T16:28:21.881+0000] {logging_mixin.py:188} INFO - Warning: Your Kaggle API key is readable by other users on this system! To fix this, you can run 'chmod 600 /home/airflow/.kaggle/kaggle.json'
[2026-02-13T16:28:21.942+0000] {logging_mixin.py:188} WARNING - /home/airflow/.local/lib/python3.8/site-packages/airflow/models/baseoperator.py:437 AirflowProviderDeprecationWarning: `exists_ok` parameter is deprecated, please use `if_exists`
[2026-02-13T16:28:21.951+0000] {processor.py:840} INFO - DAG(s) 'ecommerce_etl_v2' retrieved from /opt/airflow/dags/etl_dag.py
[2026-02-13T16:28:21.969+0000] {logging_mixin.py:188} INFO - [2026-02-13T16:28:21.969+0000] {dag.py:3036} INFO - Sync 1 DAGs
[2026-02-13T16:28:21.979+0000] {logging_mixin.py:188} INFO - [2026-02-13T16:28:21.979+0000] {dag.py:3823} INFO - Setting next_dagrun for ecommerce_etl_v2 to 2026-02-13 13:00:00+00:00, run_after=2026-02-14 13:00:00+00:00
[2026-02-13T16:28:21.987+0000] {processor.py:183} INFO - Processing /opt/airflow/dags/etl_dag.py took 0.146 seconds
[2026-02-13T16:56:56.284+0000] {processor.py:161} INFO - Started process (PID=24086) to work on /opt/airflow/dags/etl_dag.py
[2026-02-13T16:56:56.284+0000] {processor.py:830} INFO - Processing file /opt/airflow/dags/etl_dag.py for tasks to queue
[2026-02-13T16:56:56.285+0000] {logging_mixin.py:188} INFO - [2026-02-13T16:56:56.285+0000] {dagbag.py:538} INFO - Filling up the DagBag from /opt/airflow/dags/etl_dag.py
[2026-02-13T16:56:56.331+0000] {logging_mixin.py:188} INFO - Warning: Your Kaggle API key is readable by other users on this system! To fix this, you can run 'chmod 600 /home/airflow/.kaggle/kaggle.json'
[2026-02-13T16:56:56.401+0000] {logging_mixin.py:188} WARNING - /home/airflow/.local/lib/python3.8/site-packages/airflow/models/baseoperator.py:437 AirflowProviderDeprecationWarning: `exists_ok` parameter is deprecated, please use `if_exists`
[2026-02-13T16:56:56.412+0000] {processor.py:840} INFO - DAG(s) 'ecommerce_etl_v2' retrieved from /opt/airflow/dags/etl_dag.py
[2026-02-13T16:56:56.437+0000] {logging_mixin.py:188} INFO - [2026-02-13T16:56:56.437+0000] {dag.py:3036} INFO - Sync 1 DAGs
[2026-02-13T16:56:56.450+0000] {logging_mixin.py:188} INFO - [2026-02-13T16:56:56.450+0000] {dag.py:3823} INFO - Setting next_dagrun for ecommerce_etl_v2 to 2026-02-13 13:00:00+00:00, run_after=2026-02-14 13:00:00+00:00
[2026-02-13T16:56:56.462+0000] {processor.py:183} INFO - Processing /opt/airflow/dags/etl_dag.py took 0.180 seconds
[2026-02-13T17:28:41.274+0000] {processor.py:161} INFO - Started process (PID=24117) to work on /opt/airflow/dags/etl_dag.py
[2026-02-13T17:28:41.275+0000] {processor.py:830} INFO - Processing file /opt/airflow/dags/etl_dag.py for tasks to queue
[2026-02-13T17:28:41.275+0000] {logging_mixin.py:188} INFO - [2026-02-13T17:28:41.275+0000] {dagbag.py:538} INFO - Filling up the DagBag from /opt/airflow/dags/etl_dag.py
[2026-02-13T17:28:41.319+0000] {logging_mixin.py:188} INFO - Warning: Your Kaggle API key is readable by other users on this system! To fix this, you can run 'chmod 600 /home/airflow/.kaggle/kaggle.json'
[2026-02-13T17:28:41.387+0000] {logging_mixin.py:188} WARNING - /home/airflow/.local/lib/python3.8/site-packages/airflow/models/baseoperator.py:437 AirflowProviderDeprecationWarning: `exists_ok` parameter is deprecated, please use `if_exists`
[2026-02-13T17:28:41.397+0000] {processor.py:840} INFO - DAG(s) 'ecommerce_etl_v2' retrieved from /opt/airflow/dags/etl_dag.py
[2026-02-13T17:28:41.423+0000] {logging_mixin.py:188} INFO - [2026-02-13T17:28:41.423+0000] {dag.py:3036} INFO - Sync 1 DAGs
[2026-02-13T17:28:41.439+0000] {logging_mixin.py:188} INFO - [2026-02-13T17:28:41.439+0000] {dag.py:3823} INFO - Setting next_dagrun for ecommerce_etl_v2 to 2026-02-13 13:00:00+00:00, run_after=2026-02-14 13:00:00+00:00
[2026-02-13T17:28:41.452+0000] {processor.py:183} INFO - Processing /opt/airflow/dags/etl_dag.py took 0.182 seconds
[2026-02-13T18:29:29.168+0000] {processor.py:161} INFO - Started process (PID=24150) to work on /opt/airflow/dags/etl_dag.py
[2026-02-13T18:29:29.168+0000] {processor.py:830} INFO - Processing file /opt/airflow/dags/etl_dag.py for tasks to queue
[2026-02-13T18:29:29.169+0000] {logging_mixin.py:188} INFO - [2026-02-13T18:29:29.169+0000] {dagbag.py:538} INFO - Filling up the DagBag from /opt/airflow/dags/etl_dag.py
[2026-02-13T18:29:29.215+0000] {logging_mixin.py:188} INFO - Warning: Your Kaggle API key is readable by other users on this system! To fix this, you can run 'chmod 600 /home/airflow/.kaggle/kaggle.json'
[2026-02-13T18:29:29.293+0000] {logging_mixin.py:188} WARNING - /home/airflow/.local/lib/python3.8/site-packages/airflow/models/baseoperator.py:437 AirflowProviderDeprecationWarning: `exists_ok` parameter is deprecated, please use `if_exists`
[2026-02-13T18:29:29.304+0000] {processor.py:840} INFO - DAG(s) 'ecommerce_etl_v2' retrieved from /opt/airflow/dags/etl_dag.py
[2026-02-13T18:29:29.327+0000] {logging_mixin.py:188} INFO - [2026-02-13T18:29:29.327+0000] {dag.py:3036} INFO - Sync 1 DAGs
[2026-02-13T18:29:29.342+0000] {logging_mixin.py:188} INFO - [2026-02-13T18:29:29.341+0000] {dag.py:3823} INFO - Setting next_dagrun for ecommerce_etl_v2 to 2026-02-13 13:00:00+00:00, run_after=2026-02-14 13:00:00+00:00
[2026-02-13T18:29:29.356+0000] {processor.py:183} INFO - Processing /opt/airflow/dags/etl_dag.py took 0.191 seconds
[2026-02-13T19:18:31.128+0000] {processor.py:161} INFO - Started process (PID=24181) to work on /opt/airflow/dags/etl_dag.py
[2026-02-13T19:18:31.129+0000] {processor.py:830} INFO - Processing file /opt/airflow/dags/etl_dag.py for tasks to queue
[2026-02-13T19:18:31.130+0000] {logging_mixin.py:188} INFO - [2026-02-13T19:18:31.130+0000] {dagbag.py:538} INFO - Filling up the DagBag from /opt/airflow/dags/etl_dag.py
[2026-02-13T19:18:31.172+0000] {logging_mixin.py:188} INFO - Warning: Your Kaggle API key is readable by other users on this system! To fix this, you can run 'chmod 600 /home/airflow/.kaggle/kaggle.json'
[2026-02-13T19:18:31.232+0000] {logging_mixin.py:188} WARNING - /home/airflow/.local/lib/python3.8/site-packages/airflow/models/baseoperator.py:437 AirflowProviderDeprecationWarning: `exists_ok` parameter is deprecated, please use `if_exists`
[2026-02-13T19:18:31.240+0000] {processor.py:840} INFO - DAG(s) 'ecommerce_etl_v2' retrieved from /opt/airflow/dags/etl_dag.py
[2026-02-13T19:18:31.259+0000] {logging_mixin.py:188} INFO - [2026-02-13T19:18:31.259+0000] {dag.py:3036} INFO - Sync 1 DAGs
[2026-02-13T19:18:31.269+0000] {logging_mixin.py:188} INFO - [2026-02-13T19:18:31.269+0000] {dag.py:3823} INFO - Setting next_dagrun for ecommerce_etl_v2 to 2026-02-13 13:00:00+00:00, run_after=2026-02-14 13:00:00+00:00
[2026-02-13T19:18:31.278+0000] {processor.py:183} INFO - Processing /opt/airflow/dags/etl_dag.py took 0.154 seconds
[2026-02-13T20:31:35.282+0000] {processor.py:161} INFO - Started process (PID=24212) to work on /opt/airflow/dags/etl_dag.py
[2026-02-13T20:31:35.284+0000] {processor.py:830} INFO - Processing file /opt/airflow/dags/etl_dag.py for tasks to queue
[2026-02-13T20:31:35.285+0000] {logging_mixin.py:188} INFO - [2026-02-13T20:31:35.284+0000] {dagbag.py:538} INFO - Filling up the DagBag from /opt/airflow/dags/etl_dag.py
[2026-02-13T20:31:35.328+0000] {logging_mixin.py:188} INFO - Warning: Your Kaggle API key is readable by other users on this system! To fix this, you can run 'chmod 600 /home/airflow/.kaggle/kaggle.json'
[2026-02-13T20:31:35.391+0000] {logging_mixin.py:188} WARNING - /home/airflow/.local/lib/python3.8/site-packages/airflow/models/baseoperator.py:437 AirflowProviderDeprecationWarning: `exists_ok` parameter is deprecated, please use `if_exists`
[2026-02-13T20:31:35.401+0000] {processor.py:840} INFO - DAG(s) 'ecommerce_etl_v2' retrieved from /opt/airflow/dags/etl_dag.py
[2026-02-13T20:31:35.421+0000] {logging_mixin.py:188} INFO - [2026-02-13T20:31:35.421+0000] {dag.py:3036} INFO - Sync 1 DAGs
[2026-02-13T20:31:35.431+0000] {logging_mixin.py:188} INFO - [2026-02-13T20:31:35.431+0000] {dag.py:3823} INFO - Setting next_dagrun for ecommerce_etl_v2 to 2026-02-13 13:00:00+00:00, run_after=2026-02-14 13:00:00+00:00
[2026-02-13T20:31:35.439+0000] {processor.py:183} INFO - Processing /opt/airflow/dags/etl_dag.py took 0.160 seconds
[2026-02-13T21:19:06.440+0000] {processor.py:161} INFO - Started process (PID=24243) to work on /opt/airflow/dags/etl_dag.py
[2026-02-13T21:19:06.440+0000] {processor.py:830} INFO - Processing file /opt/airflow/dags/etl_dag.py for tasks to queue
[2026-02-13T21:19:06.441+0000] {logging_mixin.py:188} INFO - [2026-02-13T21:19:06.441+0000] {dagbag.py:538} INFO - Filling up the DagBag from /opt/airflow/dags/etl_dag.py
[2026-02-13T21:19:06.477+0000] {logging_mixin.py:188} INFO - Warning: Your Kaggle API key is readable by other users on this system! To fix this, you can run 'chmod 600 /home/airflow/.kaggle/kaggle.json'
[2026-02-13T21:19:06.538+0000] {logging_mixin.py:188} WARNING - /home/airflow/.local/lib/python3.8/site-packages/airflow/models/baseoperator.py:437 AirflowProviderDeprecationWarning: `exists_ok` parameter is deprecated, please use `if_exists`
[2026-02-13T21:19:06.548+0000] {processor.py:840} INFO - DAG(s) 'ecommerce_etl_v2' retrieved from /opt/airflow/dags/etl_dag.py
[2026-02-13T21:19:06.567+0000] {logging_mixin.py:188} INFO - [2026-02-13T21:19:06.566+0000] {dag.py:3036} INFO - Sync 1 DAGs
[2026-02-13T21:19:06.577+0000] {logging_mixin.py:188} INFO - [2026-02-13T21:19:06.576+0000] {dag.py:3823} INFO - Setting next_dagrun for ecommerce_etl_v2 to 2026-02-13 13:00:00+00:00, run_after=2026-02-14 13:00:00+00:00
[2026-02-13T21:19:06.585+0000] {processor.py:183} INFO - Processing /opt/airflow/dags/etl_dag.py took 0.147 seconds
[2026-02-13T21:36:28.201+0000] {processor.py:161} INFO - Started process (PID=24276) to work on /opt/airflow/dags/etl_dag.py
[2026-02-13T21:36:28.202+0000] {processor.py:830} INFO - Processing file /opt/airflow/dags/etl_dag.py for tasks to queue
[2026-02-13T21:36:28.202+0000] {logging_mixin.py:188} INFO - [2026-02-13T21:36:28.202+0000] {dagbag.py:538} INFO - Filling up the DagBag from /opt/airflow/dags/etl_dag.py
[2026-02-13T21:36:28.238+0000] {logging_mixin.py:188} INFO - Warning: Your Kaggle API key is readable by other users on this system! To fix this, you can run 'chmod 600 /home/airflow/.kaggle/kaggle.json'
[2026-02-13T21:36:28.307+0000] {logging_mixin.py:188} WARNING - /home/airflow/.local/lib/python3.8/site-packages/airflow/models/baseoperator.py:437 AirflowProviderDeprecationWarning: `exists_ok` parameter is deprecated, please use `if_exists`
[2026-02-13T21:36:28.319+0000] {processor.py:840} INFO - DAG(s) 'ecommerce_etl_v2' retrieved from /opt/airflow/dags/etl_dag.py
[2026-02-13T21:36:28.353+0000] {logging_mixin.py:188} INFO - [2026-02-13T21:36:28.353+0000] {dag.py:3036} INFO - Sync 1 DAGs
[2026-02-13T21:36:28.372+0000] {logging_mixin.py:188} INFO - [2026-02-13T21:36:28.371+0000] {dag.py:3823} INFO - Setting next_dagrun for ecommerce_etl_v2 to 2026-02-13 13:00:00+00:00, run_after=2026-02-14 13:00:00+00:00
[2026-02-13T21:36:28.385+0000] {processor.py:183} INFO - Processing /opt/airflow/dags/etl_dag.py took 0.186 seconds
[2026-02-13T22:04:32.915+0000] {processor.py:161} INFO - Started process (PID=24307) to work on /opt/airflow/dags/etl_dag.py
[2026-02-13T22:04:32.916+0000] {processor.py:830} INFO - Processing file /opt/airflow/dags/etl_dag.py for tasks to queue
[2026-02-13T22:04:32.917+0000] {logging_mixin.py:188} INFO - [2026-02-13T22:04:32.916+0000] {dagbag.py:538} INFO - Filling up the DagBag from /opt/airflow/dags/etl_dag.py
[2026-02-13T22:04:32.962+0000] {logging_mixin.py:188} INFO - Warning: Your Kaggle API key is readable by other users on this system! To fix this, you can run 'chmod 600 /home/airflow/.kaggle/kaggle.json'
[2026-02-13T22:04:33.029+0000] {logging_mixin.py:188} WARNING - /home/airflow/.local/lib/python3.8/site-packages/airflow/models/baseoperator.py:437 AirflowProviderDeprecationWarning: `exists_ok` parameter is deprecated, please use `if_exists`
[2026-02-13T22:04:33.042+0000] {processor.py:840} INFO - DAG(s) 'ecommerce_etl_v2' retrieved from /opt/airflow/dags/etl_dag.py
[2026-02-13T22:04:33.065+0000] {logging_mixin.py:188} INFO - [2026-02-13T22:04:33.065+0000] {dag.py:3036} INFO - Sync 1 DAGs
[2026-02-13T22:04:33.080+0000] {logging_mixin.py:188} INFO - [2026-02-13T22:04:33.080+0000] {dag.py:3823} INFO - Setting next_dagrun for ecommerce_etl_v2 to 2026-02-13 13:00:00+00:00, run_after=2026-02-14 13:00:00+00:00
[2026-02-13T22:04:33.096+0000] {processor.py:183} INFO - Processing /opt/airflow/dags/etl_dag.py took 0.183 seconds
[2026-02-13T22:37:32.418+0000] {processor.py:161} INFO - Started process (PID=24339) to work on /opt/airflow/dags/etl_dag.py
[2026-02-13T22:37:32.419+0000] {processor.py:830} INFO - Processing file /opt/airflow/dags/etl_dag.py for tasks to queue
[2026-02-13T22:37:32.419+0000] {logging_mixin.py:188} INFO - [2026-02-13T22:37:32.419+0000] {dagbag.py:538} INFO - Filling up the DagBag from /opt/airflow/dags/etl_dag.py
[2026-02-13T22:37:32.465+0000] {logging_mixin.py:188} INFO - Warning: Your Kaggle API key is readable by other users on this system! To fix this, you can run 'chmod 600 /home/airflow/.kaggle/kaggle.json'
[2026-02-13T22:37:32.532+0000] {logging_mixin.py:188} WARNING - /home/airflow/.local/lib/python3.8/site-packages/airflow/models/baseoperator.py:437 AirflowProviderDeprecationWarning: `exists_ok` parameter is deprecated, please use `if_exists`
[2026-02-13T22:37:32.545+0000] {processor.py:840} INFO - DAG(s) 'ecommerce_etl_v2' retrieved from /opt/airflow/dags/etl_dag.py
[2026-02-13T22:37:32.569+0000] {logging_mixin.py:188} INFO - [2026-02-13T22:37:32.569+0000] {dag.py:3036} INFO - Sync 1 DAGs
[2026-02-13T22:37:32.584+0000] {logging_mixin.py:188} INFO - [2026-02-13T22:37:32.584+0000] {dag.py:3823} INFO - Setting next_dagrun for ecommerce_etl_v2 to 2026-02-13 13:00:00+00:00, run_after=2026-02-14 13:00:00+00:00
[2026-02-13T22:37:32.596+0000] {processor.py:183} INFO - Processing /opt/airflow/dags/etl_dag.py took 0.181 seconds
[2026-02-13T23:33:25.091+0000] {processor.py:161} INFO - Started process (PID=24370) to work on /opt/airflow/dags/etl_dag.py
[2026-02-13T23:33:25.091+0000] {processor.py:830} INFO - Processing file /opt/airflow/dags/etl_dag.py for tasks to queue
[2026-02-13T23:33:25.092+0000] {logging_mixin.py:188} INFO - [2026-02-13T23:33:25.092+0000] {dagbag.py:538} INFO - Filling up the DagBag from /opt/airflow/dags/etl_dag.py
[2026-02-13T23:33:25.127+0000] {logging_mixin.py:188} INFO - Warning: Your Kaggle API key is readable by other users on this system! To fix this, you can run 'chmod 600 /home/airflow/.kaggle/kaggle.json'
[2026-02-13T23:33:25.187+0000] {logging_mixin.py:188} WARNING - /home/airflow/.local/lib/python3.8/site-packages/airflow/models/baseoperator.py:437 AirflowProviderDeprecationWarning: `exists_ok` parameter is deprecated, please use `if_exists`
[2026-02-13T23:33:25.196+0000] {processor.py:840} INFO - DAG(s) 'ecommerce_etl_v2' retrieved from /opt/airflow/dags/etl_dag.py
[2026-02-13T23:33:25.215+0000] {logging_mixin.py:188} INFO - [2026-02-13T23:33:25.214+0000] {dag.py:3036} INFO - Sync 1 DAGs
[2026-02-13T23:33:25.224+0000] {logging_mixin.py:188} INFO - [2026-02-13T23:33:25.224+0000] {dag.py:3823} INFO - Setting next_dagrun for ecommerce_etl_v2 to 2026-02-13 13:00:00+00:00, run_after=2026-02-14 13:00:00+00:00
[2026-02-13T23:33:25.233+0000] {processor.py:183} INFO - Processing /opt/airflow/dags/etl_dag.py took 0.144 seconds
[2026-02-13T23:45:24.892+0000] {processor.py:161} INFO - Started process (PID=24403) to work on /opt/airflow/dags/etl_dag.py
[2026-02-13T23:45:24.892+0000] {processor.py:830} INFO - Processing file /opt/airflow/dags/etl_dag.py for tasks to queue
[2026-02-13T23:45:24.893+0000] {logging_mixin.py:188} INFO - [2026-02-13T23:45:24.893+0000] {dagbag.py:538} INFO - Filling up the DagBag from /opt/airflow/dags/etl_dag.py
[2026-02-13T23:45:24.931+0000] {logging_mixin.py:188} INFO - Warning: Your Kaggle API key is readable by other users on this system! To fix this, you can run 'chmod 600 /home/airflow/.kaggle/kaggle.json'
[2026-02-13T23:45:24.993+0000] {logging_mixin.py:188} WARNING - /home/airflow/.local/lib/python3.8/site-packages/airflow/models/baseoperator.py:437 AirflowProviderDeprecationWarning: `exists_ok` parameter is deprecated, please use `if_exists`
[2026-02-13T23:45:25.006+0000] {processor.py:840} INFO - DAG(s) 'ecommerce_etl_v2' retrieved from /opt/airflow/dags/etl_dag.py
[2026-02-13T23:45:25.032+0000] {logging_mixin.py:188} INFO - [2026-02-13T23:45:25.031+0000] {dag.py:3036} INFO - Sync 1 DAGs
[2026-02-13T23:45:25.048+0000] {logging_mixin.py:188} INFO - [2026-02-13T23:45:25.047+0000] {dag.py:3823} INFO - Setting next_dagrun for ecommerce_etl_v2 to 2026-02-13 13:00:00+00:00, run_after=2026-02-14 13:00:00+00:00
[2026-02-13T23:45:25.061+0000] {processor.py:183} INFO - Processing /opt/airflow/dags/etl_dag.py took 0.171 seconds
